episode_index,frame_index,task,source_kind,row_label,valid,gt_x,ours_multi_ridge_x,ours_single_ridge_x,ours_multi_mlp_x,ours_single_mlp_x,gt_y,ours_multi_ridge_y,ours_single_ridge_y,ours_multi_mlp_y,ours_single_mlp_y,gt_z,ours_multi_ridge_z,ours_single_ridge_z,ours_multi_mlp_z,ours_single_mlp_z,gt_wx,ours_multi_ridge_wx,ours_single_ridge_wx,ours_multi_mlp_wx,ours_single_mlp_wx,gt_wy,ours_multi_ridge_wy,ours_single_ridge_wy,ours_multi_mlp_wy,ours_single_mlp_wy,gt_wz,ours_multi_ridge_wz,ours_single_ridge_wz,ours_multi_mlp_wz,ours_single_mlp_wz,gt_grip,ours_multi_ridge_grip,ours_single_ridge_grip,ours_multi_mlp_grip,ours_single_mlp_grip,gt_dx,ours_multi_ridge_dx,ours_single_ridge_dx,ours_multi_mlp_dx,ours_single_mlp_dx,gt_dy,ours_multi_ridge_dy,ours_single_ridge_dy,ours_multi_mlp_dy,ours_single_mlp_dy,gt_dz,ours_multi_ridge_dz,ours_single_ridge_dz,ours_multi_mlp_dz,ours_single_mlp_dz,gt_dwx,ours_multi_ridge_dwx,ours_single_ridge_dwx,ours_multi_mlp_dwx,ours_single_mlp_dwx,gt_dwy,ours_multi_ridge_dwy,ours_single_ridge_dwy,ours_multi_mlp_dwy,ours_single_mlp_dwy,gt_dwz,ours_multi_ridge_dwz,ours_single_ridge_dwz,ours_multi_mlp_dwz,ours_single_mlp_dwz,gt_dgrip,ours_multi_ridge_dgrip,ours_single_ridge_dgrip,ours_multi_mlp_dgrip,ours_single_mlp_dgrip
271,0,push pink cup,robot_3cam,"robot demo
push cup right",True,0.25032,0.29539,0.26836,0.24472,0.25584,0.00533,-0.02574,-0.03118,0.00422,-0.01121,0.16664,0.09279,0.10908,0.15643,0.15593,-1.24960,-1.55611,-1.46504,-1.48088,-1.28779,1.16054,1.52562,1.42780,1.26052,1.19379,-1.31838,-0.81652,-0.95051,-1.24193,-1.31532,0.05410,0.26970,0.20301,0.07398,0.04051,-0.00000,-0.00060,0.00066,0.00095,0.00031,-0.00007,0.00324,-0.00130,0.00124,-0.00069,-0.00000,0.00551,-0.00158,0.00171,0.00075,0.00017,0.01023,0.00022,-0.01409,-0.00486,0.00030,-0.01870,0.00419,0.00431,-0.00587,-0.00027,-0.01815,-0.00186,-0.00150,-0.00266,-0.00016,0.00342,0.00225,0.01949,0.00030
271,1,push pink cup,robot_3cam,"robot demo
push cup right",True,0.25023,0.29551,0.26803,0.24530,0.25458,0.00454,-0.02403,-0.03296,0.01409,-0.00968,0.16699,0.09152,0.10963,0.15985,0.15614,-1.24577,-1.56255,-1.46233,-1.49368,-1.26664,1.16271,1.52415,1.42930,1.24231,1.19217,-1.32005,-0.81024,-0.95097,-1.24661,-1.30566,0.05410,0.27133,0.20345,0.05946,0.03793,-0.00000,-0.00090,-0.00015,0.00082,0.00008,-0.00007,0.00355,-0.00110,0.00139,0.00021,-0.00000,0.00515,-0.00196,0.00129,0.00055,0.00017,0.00978,0.00115,-0.01607,-0.00398,0.00030,-0.01947,0.00208,0.00551,-0.01094,-0.00027,-0.01771,-0.00275,0.00052,0.00013,-0.00016,0.00349,0.00190,0.01985,-0.00192
271,2,push pink cup,robot_3cam,"robot demo
push cup right",True,0.25023,0.29478,0.26703,0.25094,0.25163,0.00454,-0.02457,-0.03039,0.00633,-0.00450,0.16699,0.09386,0.10807,0.16055,0.15408,-1.24577,-1.55347,-1.46509,-1.45899,-1.27934,1.16271,1.51805,1.42369,1.26626,1.18005,-1.32005,-0.82182,-0.95151,-1.26087,-1.27866,0.05246,0.26349,0.20352,0.06908,0.03928,0.00000,-0.00082,0.00032,0.00072,0.00013,0.00000,0.00412,-0.00148,0.00179,-0.00049,0.00000,0.00466,-0.00175,0.00084,0.00082,0.00028,0.00775,0.00095,-0.01327,-0.00251,0.00018,-0.01973,0.00384,0.00154,-0.00724,0.00028,-0.01596,-0.00299,0.00324,-0.00289,-0.00008,0.00336,0.00210,0.02028,-0.00000
271,3,push pink cup,robot_3cam,"robot demo
push cup right",True,0.25023,0.29510,0.26805,0.25055,0.25379,0.00454,-0.02575,-0.02886,0.00714,-0.00844,0.16699,0.09214,0.10748,0.15744,0.15535,-1.24577,-1.55337,-1.47216,-1.49999,-1.29406,1.16271,1.52224,1.42631,1.28359,1.17513,-1.32005,-0.81900,-0.94791,-1.24703,-1.30688,0.05246,0.26638,0.20546,0.07338,0.03595,0.00000,-0.00041,0.00102,0.00087,0.00035,0.00000,0.00339,-0.00134,0.00122,-0.00123,0.00000,0.00534,-0.00168,0.00141,0.00076,0.00000,0.00944,-0.00077,-0.01114,-0.00459,0.00000,-0.01843,0.00540,0.00375,-0.00341,0.00000,-0.01747,-0.00128,-0.00019,-0.00377,-0.00008,0.00360,0.00197,0.01812,-0.00090
271,4,push pink cup,robot_3cam,"robot demo
push cup right",True,0.25033,0.29586,0.26921,0.25068,0.25402,0.00456,-0.02567,-0.02837,0.01688,-0.00445,0.16664,0.09052,0.10669,0.16060,0.15493,-1.24715,-1.55950,-1.48150,-1.52493,-1.28125,1.16363,1.52703,1.43048,1.27498,1.15987,-1.31951,-0.81190,-0.93733,-1.24931,-1.28800,0.05246,0.26908,0.21098,0.04588,0.03718,0.00000,-0.00032,0.00047,0.00086,0.00025,0.00000,0.00364,-0.00126,0.00116,-0.00044,0.00000,0.00479,-0.00152,0.00092,0.00077,0.00000,0.00788,0.00051,-0.00922,-0.00299,0.00000,-0.01805,0.00376,0.00292,-0.00832,0.00000,-0.01575,-0.00278,0.00275,-0.00253,-0.00016,0.00371,0.00178,0.01962,-0.00332
271,5,push pink cup,robot_3cam,"robot demo
push cup right",True,0.25023,0.29585,0.26876,0.24509,0.25260,0.00454,-0.02786,-0.02975,0.01237,-0.00362,0.16699,0.09220,0.10455,0.16326,0.15110,-1.24577,-1.55119,-1.47679,-1.45686,-1.28492,1.16271,1.52824,1.43083,1.23381,1.17035,-1.32005,-0.81881,-0.93775,-1.27474,-1.27709,0.05246,0.26457,0.21309,0.05104,0.04717,0.00000,-0.00037,-0.00001,0.00071,0.00022,0.00000,0.00387,-0.00131,0.00136,-0.00057,0.00000,0.00406,-0.00096,0.00056,0.00092,0.00000,0.00664,0.00244,-0.00520,-0.00173,0.00000,-0.01787,0.00200,-0.00217,-0.01038,0.00000,-0.01420,-0.00509,0.00410,-0.00390,-0.00008,0.00372,0.00174,0.02199,-0.00209
271,6,push pink cup,robot_3cam,"robot demo
push cup right",True,0.25023,0.29645,0.26854,0.25482,0.25222,0.00454,-0.02857,-0.03026,0.00772,-0.00723,0.16699,0.09207,0.10652,0.15689,0.15422,-1.24577,-1.55349,-1.47317,-1.52365,-1.27463,1.16271,1.53054,1.43114,1.31783,1.16990,-1.32005,-0.81865,-0.94488,-1.24689,-1.29214,0.05246,0.26578,0.20876,0.05332,0.03723,0.00000,-0.00012,0.00072,0.00078,0.00043,0.00000,0.00358,-0.00134,0.00120,-0.00073,0.00000,0.00428,-0.00162,0.00064,0.00081,0.00000,0.00661,-0.00009,-0.00538,-0.00228,0.00000,-0.01700,0.00442,0.00094,-0.00707,0.00000,-0.01409,-0.00203,0.00368,-0.00344,0.00000,0.00353,0.00170,0.02170,-0.00103
271,7,push pink cup,robot_3cam,"robot demo
push cup right",True,0.25023,0.29695,0.26993,0.25347,0.25366,0.00454,-0.02862,-0.03088,0.01195,-0.00575,0.16699,0.09020,0.10623,0.15535,0.15517,-1.24577,-1.55844,-1.48078,-1.55348,-1.26117,1.16271,1.53544,1.43754,1.32557,1.16163,-1.32005,-0.81166,-0.93555,-1.23054,-1.28461,0.05246,0.26992,0.21359,0.04147,0.03652,0.00000,0.00009,0.00053,0.00091,0.00022,0.00000,0.00327,-0.00138,0.00088,-0.00060,0.00000,0.00439,-0.00127,0.00067,0.00083,-0.00028,0.00699,0.00079,-0.00438,-0.00217,-0.00018,-0.01616,0.00360,0.00265,-0.00889,-0.00028,-0.01426,-0.00298,0.00350,-0.00284,0.00000,0.00372,0.00158,0.02215,-0.00363
271,8,push pink cup,robot_3cam,"robot demo
push cup right",True,0.25023,0.29629,0.26939,0.24946,0.25362,0.00454,-0.02817,-0.03133,0.01330,-0.00621,0.16699,0.09070,0.10406,0.16012,0.15207,-1.24577,-1.55563,-1.47800,-1.52221,-1.27639,1.16271,1.53283,1.43669,1.29004,1.17835,-1.32005,-0.81384,-0.93508,-1.25439,-1.28206,0.05246,0.27008,0.21383,0.05052,0.04038,0.00000,-0.00032,0.00055,0.00080,0.00021,0.00000,0.00339,-0.00149,0.00093,-0.00120,0.00000,0.00473,-0.00114,0.00084,0.00074,0.00000,0.00825,0.00115,-0.00725,-0.00362,0.00000,-0.01767,0.00368,0.00270,-0.00692,0.00000,-0.01577,-0.00339,0.00206,-0.00407,0.00000,0.00362,0.00190,0.01996,-0.00117
271,9,push pink cup,robot_3cam,"robot demo
push cup right",True,0.25023,0.29542,0.26994,0.24866,0.25589,0.00454,-0.02642,-0.02990,0.00563,-0.00777,0.16699,0.09293,0.10636,0.15773,0.15461,-1.24577,-1.55288,-1.48072,-1.45338,-1.28260,1.16271,1.52390,1.43482,1.27637,1.17208,-1.32005,-0.82004,-0.93540,-1.24423,-1.30273,0.05410,0.26827,0.21263,0.08216,0.04190,0.00000,-0.00094,0.00032,0.00055,0.00032,0.00000,0.00367,-0.00111,0.00162,-0.00033,0.00000,0.00559,-0.00130,0.00164,0.00074,0.00000,0.01011,0.00093,-0.01221,-0.00369,0.00000,-0.02031,0.00282,0.00214,-0.01004,0.00000,-0.01835,-0.00312,-0.00069,-0.00208,0.00008,0.00321,0.00169,0.01869,-0.00342
271,10,push pink cup,robot_3cam,"robot demo
push cup right",True,0.25023,0.29386,0.26989,0.25287,0.25278,0.00454,-0.02542,-0.02895,0.01393,-0.00280,0.16699,0.09129,0.10475,0.16222,0.15213,-1.24577,-1.54772,-1.48410,-1.48321,-1.28084,1.16271,1.51667,1.43472,1.26440,1.15364,-1.32005,-0.82382,-0.93229,-1.26702,-1.27477,0.05410,0.26352,0.21543,0.07297,0.03853,0.00000,-0.00052,0.00002,0.00054,0.00040,0.00000,0.00350,-0.00113,0.00118,0.00002,0.00000,0.00536,-0.00141,0.00115,0.00079,0.00000,0.00974,0.00143,-0.00973,-0.00246,0.00000,-0.01905,0.00224,0.00477,-0.01154,0.00000,-0.01801,-0.00389,0.00038,-0.00235,0.00008,0.00371,0.00153,0.01793,-0.00291
271,11,push pink cup,robot_3cam,"robot demo
push cup right",True,0.25023,0.29494,0.26934,0.25027,0.25034,0.00454,-0.02541,-0.02959,0.01664,0.00002,0.16699,0.09129,0.10361,0.16304,0.15062,-1.24577,-1.55418,-1.48240,-1.45915,-1.27243,1.16271,1.52042,1.43440,1.25190,1.15359,-1.32005,-0.81769,-0.93285,-1.26260,-1.25283,0.05410,0.26793,0.21721,0.07614,0.05041,0.00000,-0.00120,-0.00010,0.00026,0.00028,0.00000,0.00376,-0.00140,0.00163,-0.00032,0.00000,0.00528,-0.00081,0.00117,0.00099,0.00000,0.01031,0.00286,-0.01342,-0.00126,0.00000,-0.02084,0.00174,0.00445,-0.01131,0.00000,-0.01848,-0.00575,0.00108,-0.00427,0.00000,0.00338,0.00143,0.01924,-0.00298
271,12,push pink cup,robot_3cam,"robot demo
push cup right",True,0.25023,0.29723,0.26973,0.25683,0.25340,0.00454,-0.02445,-0.02888,0.01010,-0.00517,0.16699,0.09165,0.10707,0.15293,0.15559,-1.24577,-1.56743,-1.48291,-1.51152,-1.27676,1.16271,1.52568,1.43309,1.33142,1.15710,-1.32005,-0.80793,-0.93658,-1.19446,-1.28916,0.05246,0.27138,0.21343,0.06905,0.03564,0.00000,-0.00099,0.00026,0.00057,0.00031,0.00000,0.00435,-0.00117,0.00191,-0.00005,0.00000,0.00521,-0.00111,0.00131,0.00091,0.00000,0.00800,0.00136,-0.01162,-0.00187,0.00000,-0.02093,0.00262,-0.00035,-0.01111,0.00000,-0.01642,-0.00392,0.00217,-0.00255,0.00000,0.00315,0.00134,0.01774,-0.00544
271,13,push pink cup,robot_3cam,"robot demo
push cup right",True,0.25023,0.29657,0.26905,0.25389,0.25177,0.00454,-0.02365,-0.02794,0.01893,-0.00207,0.16699,0.09024,0.10315,0.15684,0.15190,-1.24577,-1.56837,-1.48707,-1.50764,-1.27295,1.16271,1.52444,1.43228,1.29032,1.15051,-1.32005,-0.80547,-0.93083,-1.20830,-1.27206,0.05410,0.27294,0.21691,0.06150,0.04890,0.00000,-0.00117,0.00030,0.00046,0.00028,0.00000,0.00416,-0.00132,0.00179,-0.00090,0.00000,0.00519,-0.00107,0.00118,0.00084,0.00000,0.00895,0.00154,-0.01359,-0.00348,0.00000,-0.02111,0.00301,0.00253,-0.00762,0.00000,-0.01727,-0.00446,0.00209,-0.00442,0.00000,0.00330,0.00149,0.01688,-0.00482
271,14,push pink cup,robot_3cam,"robot demo
push cup right",True,0.25023,0.29656,0.26886,0.25012,0.25073,0.00454,-0.02477,-0.02985,0.01764,-0.00045,0.16699,0.09225,0.10330,0.16285,0.15038,-1.24577,-1.56026,-1.47965,-1.44567,-1.26988,1.16271,1.52222,1.43313,1.25415,1.15858,-1.32005,-0.81324,-0.93448,-1.23885,-1.25421,0.05246,0.26708,0.21481,0.07291,0.05010,0.00000,-0.00124,0.00023,0.00051,0.00021,0.00000,0.00499,-0.00157,0.00206,-0.00084,0.00000,0.00481,-0.00110,0.00090,0.00092,0.00028,0.00698,0.00203,-0.01260,-0.00184,0.00018,-0.02227,0.00307,-0.00258,-0.00848,0.00028,-0.01568,-0.00463,0.00423,-0.00463,0.00000,0.00326,0.00185,0.01754,-0.00078
271,15,push pink cup,robot_3cam,"robot demo
push cup right",True,0.25024,0.29742,0.26819,0.25119,0.25236,0.00416,-0.02402,-0.03172,0.01771,-0.00839,0.16699,0.09128,0.10996,0.15570,0.15641,-1.24511,-1.56940,-1.46584,-1.47443,-1.27450,1.16388,1.52670,1.42908,1.27905,1.18437,-1.32118,-0.80503,-0.95192,-1.18846,-1.29780,0.05410,0.27373,0.20532,0.07339,0.03149,0.00000,-0.00145,-0.00007,0.00051,0.00025,0.00000,0.00488,-0.00105,0.00212,0.00041,0.00000,0.00531,-0.00174,0.00147,0.00073,0.00055,0.00802,0.00112,-0.01332,-0.00169,0.00037,-0.02293,0.00203,-0.00153,-0.01186,0.00057,-0.01679,-0.00312,0.00235,-0.00069,0.00008,0.00301,0.00136,0.01563,-0.00400
271,16,push pink cup,robot_3cam,"robot demo
push cup right",True,0.25024,0.29560,0.26961,0.24761,0.25445,0.00416,-0.02550,-0.03044,0.01670,-0.00455,0.16699,0.09217,0.10720,0.16554,0.15432,-1.24511,-1.55315,-1.47826,-1.42309,-1.28229,1.16388,1.52032,1.43347,1.24441,1.16745,-1.32118,-0.81838,-0.93675,-1.25895,-1.29040,0.05246,0.26601,0.21296,0.07458,0.03908,0.00000,-0.00122,-0.00073,0.00041,0.00020,0.00000,0.00463,-0.00079,0.00195,0.00084,0.00000,0.00532,-0.00151,0.00132,0.00060,0.00220,0.00867,0.00249,-0.01367,-0.00319,0.00148,-0.02230,-0.00012,-0.00057,-0.01531,0.00226,-0.01744,-0.00485,0.00217,0.00001,0.00000,0.00335,0.00127,0.01756,-0.00594
271,17,push pink cup,robot_3cam,"robot demo
push cup right",True,0.25024,0.29568,0.26888,0.24920,0.25281,0.00416,-0.02744,-0.03088,0.01554,-0.00358,0.16699,0.09146,0.10260,0.16488,0.14833,-1.24398,-1.55211,-1.47653,-1.45720,-1.28786,1.16462,1.52566,1.43395,1.26762,1.17522,-1.32005,-0.81749,-0.93466,-1.27324,-1.27179,0.05246,0.26802,0.21524,0.07131,0.05189,-0.00000,-0.00132,-0.00019,0.00022,0.00019,-0.00000,0.00388,-0.00128,0.00145,-0.00066,0.00009,0.00479,-0.00104,0.00073,0.00094,0.00310,0.00968,0.00266,-0.01238,-0.00094,0.00162,-0.02086,0.00150,0.00343,-0.01162,0.00270,-0.01750,-0.00526,0.00241,-0.00397,0.00008,0.00339,0.00177,0.01929,-0.00089
271,18,push pink cup,robot_3cam,"robot demo
push cup right",True,0.25024,0.29744,0.26711,0.25345,0.25170,0.00416,-0.02689,-0.03035,0.01081,-0.00635,0.16699,0.09046,0.10896,0.15508,0.15480,-1.24398,-1.56636,-1.46197,-1.56915,-1.28607,1.16462,1.53405,1.42265,1.34610,1.18350,-1.32005,-0.80455,-0.95568,-1.22877,-1.28792,0.05410,0.27380,0.20193,0.04198,0.03450,0.00000,-0.00078,0.00056,0.00064,0.00023,-0.00029,0.00324,-0.00153,0.00113,-0.00087,0.00009,0.00445,-0.00145,0.00068,0.00086,0.00442,0.00899,0.00094,-0.01111,-0.00225,0.00304,-0.01803,0.00422,0.00474,-0.00532,0.00270,-0.01607,-0.00298,0.00243,-0.00376,0.00016,0.00352,0.00213,0.02313,0.00069
271,19,push pink cup,robot_3cam,"robot demo
push cup right",True,0.25024,0.29679,0.26697,0.25402,0.25033,0.00416,-0.02370,-0.03115,0.00941,-0.00594,0.16699,0.09048,0.10984,0.15172,0.15477,-1.24174,-1.56956,-1.45937,-1.53890,-1.28508,1.16610,1.52548,1.42206,1.35041,1.18881,-1.31779,-0.80317,-0.95763,-1.19679,-1.28459,0.05246,0.27422,0.20362,0.06089,0.03827,0.00002,-0.00102,-0.00046,0.00070,0.00012,-0.00102,0.00343,-0.00121,0.00158,0.00012,0.00009,0.00554,-0.00104,0.00175,0.00086,0.00738,0.01078,0.00328,-0.01748,-0.00116,0.00646,-0.01992,0.00076,0.00593,-0.01132,0.00215,-0.01870,-0.00581,-0.00050,-0.00247,0.00024,0.00349,0.00149,0.01892,-0.00348
271,20,push pink cup,robot_3cam,"robot demo
push cup right",True,0.25025,0.29745,0.26585,0.25550,0.24962,0.00378,-0.02733,-0.02839,0.01090,0.00327,0.16699,0.08874,0.10343,0.15013,0.14929,-1.23883,-1.56717,-1.46390,-1.59099,-1.29772,1.16874,1.53660,1.41664,1.38380,1.17851,-1.31666,-0.80177,-0.95065,-1.19353,-1.23795,0.05410,0.27847,0.20856,0.05612,0.05509,0.00004,-0.00066,0.00034,0.00077,-0.00025,-0.00169,0.00255,-0.00232,0.00074,-0.00321,0.00009,0.00563,0.00060,0.00156,0.00116,0.00908,0.01181,0.00548,-0.01506,0.00593,0.00884,-0.01791,0.00311,0.01020,-0.00157,0.00074,-0.01902,-0.00907,-0.00214,-0.01246,0.00016,0.00355,0.00246,0.01938,-0.00056
271,21,push pink cup,robot_3cam,"robot demo
push cup right",True,0.25025,0.29765,0.26605,0.25563,0.25054,0.00301,-0.02745,-0.02822,0.00220,-0.00091,0.16737,0.08764,0.10674,0.14117,0.15387,-1.23386,-1.57766,-1.46301,-1.60383,-1.27059,1.17160,1.54532,1.41495,1.33272,1.17957,-1.31720,-0.79171,-0.95477,-1.14778,-1.26122,0.05410,0.28928,0.20601,0.11090,0.05198,0.00004,-0.00077,0.00058,0.00053,-0.00042,-0.00178,0.00046,-0.00232,-0.00048,-0.00360,0.00009,0.00597,0.00107,0.00225,0.00104,0.00897,0.01645,0.00562,-0.02001,0.00235,0.00893,-0.01499,0.00331,0.02441,0.00201,0.00017,-0.02217,-0.00926,-0.00771,-0.01228,0.00041,0.00342,0.00233,0.02336,-0.00313
271,22,push pink cup,robot_3cam,"robot demo
push cup right",True,0.25025,0.29572,0.26720,0.25965,0.25012,0.00262,-0.02611,-0.02713,0.01438,-0.00056,0.16737,0.08640,0.10589,0.15283,0.15362,-1.23206,-1.57025,-1.47231,-1.57408,-1.27753,1.17349,1.53502,1.41901,1.29166,1.16375,-1.31720,-0.79673,-0.94782,-1.20000,-1.26234,0.05410,0.28573,0.21099,0.09877,0.05279,0.00006,-0.00072,0.00071,0.00027,-0.00031,-0.00237,-0.00007,-0.00219,-0.00086,-0.00363,0.00000,0.00675,0.00141,0.00323,0.00103,0.00905,0.01921,0.00554,-0.02388,-0.00021,0.01050,-0.01508,0.00315,0.02970,0.00226,-0.00198,-0.02520,-0.00952,-0.01057,-0.01223,0.00057,0.00386,0.00192,0.02016,-0.00471
271,23,push pink cup,robot_3cam,"robot demo
push cup right",True,0.25025,0.29611,0.26846,0.25790,0.25006,0.00262,-0.02853,-0.02927,0.01186,0.00183,0.16737,0.08718,0.10153,0.15459,0.14891,-1.22981,-1.56729,-1.47820,-1.55824,-1.28686,1.17495,1.54176,1.43064,1.25668,1.16211,-1.31493,-0.79893,-0.93700,-1.21970,-1.23644,0.05246,0.28673,0.21795,0.09625,0.05619,0.00006,-0.00059,0.00099,0.00036,-0.00019,-0.00247,-0.00046,-0.00237,-0.00129,-0.00424,0.00000,0.00645,0.00126,0.00296,0.00091,0.00839,0.01912,0.00478,-0.02003,0.00142,0.01023,-0.01383,0.00402,0.02997,0.00283,-0.00311,-0.02455,-0.00855,-0.01219,-0.01338,0.00057,0.00373,0.00195,0.02200,-0.00329
271,24,push pink cup,robot_3cam,"robot demo
push cup right",True,0.25025,0.29658,0.26844,0.25681,0.25136,0.00262,-0.02895,-0.02664,0.01199,-0.00210,0.16737,0.08594,0.10308,0.15136,0.15177,-1.22981,-1.56996,-1.48094,-1.55520,-1.28719,1.17495,1.54631,1.42628,1.24859,1.15014,-1.31493,-0.79433,-0.94024,-1.19307,-1.26590,0.05410,0.28878,0.21431,0.11390,0.05578,0.00005,-0.00029,0.00202,0.00057,-0.00009,-0.00192,-0.00059,-0.00243,-0.00143,-0.00576,0.00000,0.00630,0.00121,0.00271,0.00057,0.00548,0.01858,0.00257,-0.02274,-0.00284,0.00720,-0.01282,0.00693,0.03247,0.01286,-0.00341,-0.02381,-0.00622,-0.01115,-0.01525,0.00049,0.00395,0.00219,0.02587,-0.00439
271,25,push pink cup,robot_3cam,"robot demo
push cup right",True,0.25025,0.29444,0.27061,0.25056,0.25504,0.00262,-0.02629,-0.02589,0.01123,-0.00157,0.16737,0.08945,0.10252,0.15668,0.15215,-1.22869,-1.55705,-1.49556,-1.51773,-1.29143,1.17568,1.52630,1.43464,1.27630,1.13799,-1.31380,-0.81047,-0.92350,-1.24707,-1.27660,0.05410,0.27661,0.21841,0.08302,0.04262,0.00004,-0.00123,0.00122,0.00008,0.00021,-0.00156,0.00115,-0.00161,0.00011,-0.00246,0.00000,0.00617,-0.00075,0.00237,0.00074,0.00399,0.01729,0.00039,-0.02345,-0.00503,0.00549,-0.01770,0.00556,0.02233,0.00005,-0.00314,-0.02391,-0.00311,-0.00794,-0.00680,0.00049,0.00370,0.00211,0.01895,-0.00364
271,26,push pink cup,robot_3cam,"robot demo
push cup right",True,0.25025,0.29414,0.27027,0.25348,0.25384,0.00262,-0.02645,-0.02866,0.00377,-0.00034,0.16737,0.09217,0.10195,0.15766,0.15043,-1.22869,-1.54536,-1.48900,-1.44098,-1.27575,1.17568,1.51532,1.43744,1.31006,1.14981,-1.31380,-0.82451,-0.92519,-1.26165,-1.25638,0.05410,0.26497,0.21757,0.08443,0.04626,0.00004,-0.00123,0.00107,-0.00001,0.00007,-0.00147,0.00263,-0.00185,0.00116,-0.00252,0.00000,0.00611,-0.00088,0.00214,0.00067,0.00245,0.01432,0.00085,-0.01520,-0.00387,0.00429,-0.02005,0.00547,0.00955,-0.00077,-0.00427,-0.02211,-0.00325,-0.00447,-0.00649,0.00032,0.00360,0.00236,0.01639,-0.00095
271,27,push pink cup,robot_3cam,"robot demo
push cup right",True,0.25025,0.29565,0.27077,0.25461,0.25700,0.00262,-0.02716,-0.03048,0.00458,-0.00627,0.16737,0.09168,0.10784,0.15612,0.15538,-1.22869,-1.55112,-1.48227,-1.45041,-1.27469,1.17568,1.52160,1.43795,1.34645,1.16231,-1.31380,-0.81826,-0.93242,-1.23952,-1.29054,0.05410,0.26840,0.21101,0.08454,0.03453,0.00002,-0.00147,0.00023,-0.00002,0.00021,-0.00088,0.00319,-0.00110,0.00155,0.00038,0.00000,0.00589,-0.00222,0.00192,0.00051,0.00147,0.01315,-0.00020,-0.01348,-0.00348,0.00258,-0.02123,0.00339,0.00485,-0.01134,-0.00256,-0.02101,-0.00122,-0.00241,0.00069,0.00008,0.00341,0.00203,0.01703,-0.00203
271,28,push pink cup,robot_3cam,"robot demo
push cup right",True,0.25025,0.29297,0.27047,0.25352,0.25493,0.00262,-0.02480,-0.02778,-0.00696,-0.00201,0.16737,0.09338,0.10633,0.14807,0.15373,-1.22869,-1.53953,-1.48619,-1.39014,-1.28806,1.17568,1.50519,1.43281,1.33850,1.15575,-1.31380,-0.83047,-0.93084,-1.21160,-1.27691,0.05410,0.26123,0.21421,0.10781,0.03876,0.00001,-0.00213,0.00018,-0.00063,0.00022,-0.00050,0.00357,-0.00130,0.00189,-0.00038,0.00000,0.00639,-0.00099,0.00221,0.00080,0.00081,0.01507,0.00196,-0.02342,-0.00215,0.00143,-0.02399,0.00262,0.01034,-0.00968,-0.00143,-0.02371,-0.00437,-0.00175,-0.00272,0.00008,0.00342,0.00193,0.01706,-0.00343
271,29,push pink cup,robot_3cam,"robot demo
push cup right",True,0.25025,0.29505,0.27240,0.25040,0.25878,0.00262,-0.02708,-0.03073,-0.00456,-0.00791,0.16737,0.09571,0.10536,0.15852,0.15346,-1.22869,-1.53967,-1.48840,-1.35862,-1.28042,1.17568,1.51278,1.44487,1.30624,1.16103,-1.31380,-0.83211,-0.92329,-1.26067,-1.29061,0.05410,0.25870,0.21578,0.08917,0.04395,0.00001,-0.00176,0.00074,-0.00012,0.00031,-0.00024,0.00466,-0.00136,0.00222,-0.00044,0.00010,0.00567,-0.00163,0.00167,0.00065,0.00066,0.01053,-0.00016,-0.01434,-0.00409,0.00033,-0.02400,0.00441,-0.00168,-0.00843,-0.00072,-0.01942,-0.00122,0.00081,-0.00278,0.00000,0.00314,0.00240,0.01556,-0.00028
271,30,push pink cup,robot_3cam,"robot demo
push cup right",True,0.25025,0.29584,0.27237,0.25754,0.25787,0.00262,-0.02737,-0.02943,-0.01058,-0.00607,0.16737,0.09579,0.10723,0.15085,0.15516,-1.22869,-1.54212,-1.48863,-1.44597,-1.28852,1.17568,1.51380,1.44064,1.38598,1.15848,-1.31380,-0.83213,-0.92547,-1.22853,-1.28943,0.05246,0.25625,0.21561,0.10556,0.04422,-0.00001,-0.00088,0.00030,0.00026,0.00022,0.00021,0.00451,-0.00123,0.00198,-0.00021,0.00028,0.00548,-0.00097,0.00154,0.00066,0.00052,0.00843,0.00160,-0.00881,-0.00393,-0.00157,-0.02147,0.00262,-0.00428,-0.00951,0.00043,-0.01722,-0.00348,0.00146,-0.00242,0.00008,0.00328,0.00211,0.01375,-0.00271
271,31,push pink cup,robot_3cam,"robot demo
push cup right",True,0.25024,0.29609,0.27169,0.25599,0.25719,0.00262,-0.02523,-0.02858,-0.00908,-0.00212,0.16775,0.09679,0.10634,0.15383,0.15408,-1.22731,-1.54652,-1.49025,-1.43000,-1.28206,1.17474,1.50973,1.43798,1.35591,1.14982,-1.31434,-0.83029,-0.92353,-1.22202,-1.27619,0.05410,0.25480,0.21510,0.11720,0.04349,-0.00001,-0.00112,0.00021,0.00041,0.00010,0.00065,0.00542,-0.00127,0.00250,-0.00019,0.00067,0.00523,-0.00141,0.00129,0.00073,0.00115,0.00665,0.00129,-0.01199,-0.00279,-0.00408,-0.02307,0.00297,-0.00693,-0.01033,0.00182,-0.01599,-0.00313,0.00364,-0.00160,0.00008,0.00317,0.00233,0.01440,-0.00245
271,32,push pink cup,robot_3cam,"robot demo
push cup right",True,0.25025,0.29626,0.27209,0.25096,0.25606,0.00291,-0.02434,-0.02893,-0.02375,-0.00166,0.16775,0.09972,0.10231,0.14936,0.14988,-1.22802,-1.54084,-1.49511,-1.37784,-1.29386,1.17355,1.50168,1.44251,1.38942,1.15270,-1.31325,-0.83786,-0.91705,-1.19386,-1.27075,0.05410,0.24630,0.22378,0.13304,0.04940,-0.00002,-0.00071,-0.00011,0.00104,0.00015,0.00072,0.00630,-0.00124,0.00282,-0.00070,0.00095,0.00553,-0.00022,0.00181,0.00098,0.00202,0.00461,0.00349,-0.01433,-0.00111,-0.00506,-0.02377,0.00093,-0.01144,-0.01215,0.00171,-0.01485,-0.00635,0.00309,-0.00426,0.00016,0.00330,0.00168,0.01036,-0.00448
271,33,push pink cup,robot_3cam,"robot demo
push cup right",True,0.25013,0.29613,0.27329,0.25065,0.25802,0.00318,-0.02451,-0.03559,-0.02706,-0.00874,0.16886,0.10286,0.10868,0.15137,0.15666,-1.22350,-1.53471,-1.48279,-1.33250,-1.25547,1.17026,1.49643,1.45218,1.35972,1.16065,-1.31263,-0.84664,-0.92417,-1.21265,-1.29711,0.05410,0.24191,0.21979,0.14891,0.04195,-0.00005,-0.00123,-0.00139,0.00086,-0.00007,0.00078,0.00701,-0.00062,0.00330,0.00152,0.00161,0.00571,-0.00105,0.00192,0.00036,0.00428,0.00438,0.00421,-0.01644,-0.00323,-0.00694,-0.02619,-0.00295,-0.01308,-0.02053,0.00110,-0.01517,-0.00598,0.00326,0.00271,0.00008,0.00287,0.00102,0.00961,-0.00870
271,34,push pink cup,robot_3cam,"robot demo
push cup right",True,0.25011,0.29539,0.27066,0.25240,0.25383,0.00347,-0.02690,-0.03236,-0.02621,-0.00026,0.16963,0.10047,0.10698,0.14755,0.15433,-1.22147,-1.52930,-1.48098,-1.36636,-1.25002,1.16719,1.50140,1.43870,1.39610,1.15539,-1.31261,-0.84817,-0.92874,-1.21255,-1.26493,0.05410,0.24422,0.21932,0.13146,0.05177,-0.00005,-0.00089,-0.00184,0.00044,-0.00038,0.00150,0.00595,-0.00090,0.00275,0.00121,0.00199,0.00587,-0.00035,0.00184,0.00094,0.00365,0.00622,0.00670,-0.01044,0.00068,-0.01101,-0.02414,-0.00398,-0.01264,-0.02119,0.00298,-0.01638,-0.00963,0.00252,-0.00008,0.00024,0.00310,0.00099,0.00975,-0.00865
271,35,push pink cup,robot_3cam,"robot demo
push cup right",True,0.25006,0.29357,0.27292,0.25021,0.25356,0.00346,-0.02581,-0.03705,-0.03616,-0.00511,0.17077,0.10305,0.10650,0.14120,0.15339,-1.21625,-1.51777,-1.48073,-1.31307,-1.21660,1.16508,1.48946,1.45292,1.37651,1.18745,-1.31306,-0.86188,-0.92171,-1.19256,-1.25281,0.05410,0.23896,0.22417,0.15503,0.04450,-0.00011,-0.00112,-0.00144,0.00056,-0.00073,0.00279,0.00614,-0.00145,0.00331,0.00014,0.00361,0.00728,0.00081,0.00297,0.00106,0.00614,0.00845,0.00809,-0.01495,0.00230,-0.02043,-0.02643,-0.00369,-0.01287,-0.01963,0.00535,-0.01971,-0.01073,0.00015,-0.00120,0.00032,0.00285,0.00127,0.00761,-0.00770
271,36,push pink cup,robot_3cam,"robot demo
push cup right",True,0.24997,0.29407,0.27206,0.25043,0.25540,0.00374,-0.02207,-0.03416,-0.04084,-0.01122,0.17267,0.10577,0.11069,0.14309,0.15924,-1.21013,-1.51527,-1.47714,-1.25068,-1.22138,1.15917,1.47277,1.44129,1.35552,1.17921,-1.31463,-0.86827,-0.93271,-1.16780,-1.30611,0.05410,0.23069,0.22086,0.16614,0.06000,-0.00025,-0.00089,-0.00203,0.00181,-0.00066,0.00313,0.00796,-0.00092,0.00431,0.00045,0.00560,0.00950,0.00191,0.00483,0.00143,0.01199,0.00754,0.01032,-0.02398,0.00272,-0.02707,-0.03095,-0.00669,-0.01839,-0.02093,0.00343,-0.02149,-0.01396,0.00205,-0.00384,0.00081,0.00280,0.00049,0.00363,-0.00981
271,37,push pink cup,robot_3cam,"robot demo
push cup right",True,0.24987,0.29428,0.27077,0.25779,0.25416,0.00459,-0.01643,-0.03961,-0.04049,-0.02904,0.17496,0.10835,0.12046,0.13813,0.17142,-1.20409,-1.52118,-1.44475,-1.19555,-1.18227,1.14992,1.45931,1.43111,1.32484,1.22508,-1.31457,-0.86860,-0.96468,-1.09771,-1.37084,0.05410,0.23856,0.21738,0.16351,0.09831,-0.00053,-0.00208,-0.00427,0.00139,-0.00140,0.00343,0.00952,-0.00092,0.00542,0.00025,0.00938,0.01472,0.00701,0.00868,0.00516,0.02289,0.01367,0.02256,-0.04603,0.01552,-0.03950,-0.04110,-0.01746,-0.00592,-0.03378,-0.00300,-0.03151,-0.02863,0.00558,-0.01090,0.00073,0.00158,-0.00130,0.00078,-0.00749
271,38,push pink cup,robot_3cam,"robot demo
push cup right",True,0.24976,0.29294,0.26601,0.24628,0.25671,0.00660,-0.02061,-0.03522,-0.02723,-0.00972,0.17727,0.10662,0.11876,0.15032,0.17259,-1.20312,-1.50596,-1.43039,-1.05352,-1.16783,1.13444,1.46446,1.40413,1.20818,1.14571,-1.31256,-0.87902,-0.98294,-1.16342,-1.33720,0.05410,0.24369,0.21708,0.10830,0.05603,-0.00081,-0.00125,-0.00509,0.00070,-0.00221,0.00331,0.00734,-0.00202,0.00336,-0.00061,0.01211,0.01786,0.01106,0.01204,0.00831,0.03045,0.02082,0.03182,-0.03812,0.02529,-0.04757,-0.03924,-0.02119,0.00052,-0.04077,-0.00976,-0.03891,-0.04110,-0.00769,-0.01498,0.00089,0.00158,-0.00147,0.00216,0.00061
271,39,push pink cup,robot_3cam,"robot demo
push cup right",True,0.24950,0.28776,0.26426,0.24274,0.25815,0.00714,-0.01509,-0.04181,-0.02091,-0.02263,0.18070,0.11090,0.13131,0.16297,0.18796,-1.19986,-1.48344,-1.39307,-0.92281,-0.99448,1.11851,1.42758,1.39289,1.06872,1.14274,-1.32333,-0.90645,-1.02124,-1.21562,-1.35458,0.05410,0.23349,0.20827,0.10048,0.04178,-0.00118,-0.00270,-0.00599,-0.00081,-0.00304,0.00244,0.00770,-0.00304,0.00340,0.00139,0.01511,0.02166,0.01675,0.01572,0.01340,0.04112,0.02925,0.04339,-0.03082,0.02204,-0.05311,-0.04714,-0.02768,-0.00406,-0.05460,-0.01926,-0.05009,-0.05475,-0.01453,-0.01210,0.00138,0.00101,-0.00246,0.00653,-0.00661
271,40,push pink cup,robot_3cam,"robot demo
push cup right",True,0.24929,0.28640,0.26057,0.23877,0.26120,0.00712,-0.01398,-0.03431,-0.01379,-0.01747,0.18456,0.11172,0.13495,0.16949,0.19157,-1.19359,-1.47363,-1.38389,-0.85457,-1.02521,1.10332,1.41726,1.36270,1.01995,1.09082,-1.33494,-0.91572,-1.04642,-1.22459,-1.36931,0.05574,0.23199,0.20465,0.08075,0.03808,-0.00145,-0.00288,-0.00596,-0.00056,-0.00298,0.00095,0.00779,-0.00341,0.00387,0.00132,0.01612,0.02425,0.02123,0.01829,0.01795,0.04583,0.03340,0.05034,-0.03945,0.02484,-0.05135,-0.05045,-0.03054,-0.00081,-0.06593,-0.02880,-0.05584,-0.06511,-0.01768,-0.02357,0.00138,0.00086,-0.00348,0.00909,-0.00478
271,41,push pink cup,robot_3cam,"robot demo
push cup right",True,0.24886,0.28570,0.25877,0.23366,0.26127,0.00657,-0.01663,-0.03322,-0.01022,-0.01487,0.18874,0.11082,0.13573,0.17168,0.19201,-1.18649,-1.46797,-1.37399,-0.84170,-1.02396,1.08829,1.42331,1.35224,1.02681,1.08878,-1.35151,-0.91822,-1.05959,-1.22939,-1.36210,0.05574,0.23910,0.20093,0.06598,0.02418,-0.00148,-0.00313,-0.00512,-0.00112,-0.00244,0.00022,0.00619,-0.00421,0.00243,0.00036,0.01497,0.02574,0.02335,0.01928,0.02021,0.04075,0.03924,0.05271,-0.03916,0.03494,-0.04696,-0.05011,-0.02910,0.00650,-0.06903,-0.03241,-0.06120,-0.06851,-0.02168,-0.03125,0.00122,0.00062,-0.00319,0.00949,-0.00517
271,42,push pink cup,robot_3cam,"robot demo
push cup right",True,0.24848,0.28178,0.26101,0.23870,0.25866,0.00651,-0.02450,-0.02945,-0.01749,-0.01245,0.19178,0.11222,0.13275,0.17527,0.19020,-1.18390,-1.43087,-1.39774,-0.89127,-1.09994,1.07514,1.42241,1.36154,1.01473,1.08935,-1.36521,-0.94802,-1.04079,-1.33656,-1.37102,0.05738,0.22032,0.20349,0.07935,0.03369,-0.00129,-0.00209,-0.00355,-0.00100,-0.00089,-0.00017,0.00408,-0.00378,-0.00055,-0.00102,0.01175,0.02220,0.02051,0.01456,0.01741,0.02961,0.03753,0.04453,-0.01161,0.04091,-0.03772,-0.04143,-0.02294,-0.00002,-0.06298,-0.03032,-0.05636,-0.05884,-0.02803,-0.03676,0.00162,0.00168,-0.00271,0.00333,-0.00479
271,43,push pink cup,robot_3cam,"robot demo
push cup right",True,0.24823,0.28304,0.26505,0.23366,0.25768,0.00647,-0.02038,-0.03342,-0.02076,-0.02304,0.19367,0.11470,0.13367,0.17279,0.19397,-1.18012,-1.44667,-1.40959,-0.92909,-1.08255,1.06836,1.41830,1.38369,1.02510,1.12920,-1.37142,-0.93896,-1.02494,-1.31873,-1.39904,0.05738,0.21646,0.20851,0.09285,0.05517,-0.00107,-0.00245,-0.00344,-0.00083,-0.00054,-0.00006,0.00549,-0.00307,0.00102,0.00085,0.00902,0.01970,0.01882,0.01299,0.01617,0.01937,0.03160,0.04068,-0.01089,0.03607,-0.03100,-0.04152,-0.02259,-0.00583,-0.06611,-0.02607,-0.05006,-0.05340,-0.02094,-0.03481,0.00170,0.00162,-0.00304,0.00148,-0.00264
271,44,push pink cup,robot_3cam,"robot demo
push cup right",True,0.24803,0.28702,0.26540,0.24067,0.25432,0.00644,-0.02401,-0.02728,-0.02134,-0.01614,0.19480,0.10960,0.12197,0.16997,0.18153,-1.18048,-1.46961,-1.43753,-1.00499,-1.21137,1.06439,1.44801,1.39023,1.08530,1.14622,-1.37604,-0.91302,-1.00000,-1.32805,-1.40021,0.05738,0.22711,0.21302,0.07837,0.06042,-0.00088,-0.00105,-0.00115,-0.00005,0.00053,0.00034,0.00461,-0.00266,0.00037,-0.00164,0.00686,0.01676,0.01442,0.01030,0.01131,0.01058,0.02557,0.02876,-0.00566,0.03393,-0.02727,-0.03381,-0.01293,-0.00676,-0.04404,-0.02199,-0.04155,-0.03983,-0.01796,-0.04107,0.00187,0.00216,-0.00194,-0.00109,-0.00278
271,45,push pink cup,robot_3cam,"robot demo
push cup right",True,0.24782,0.28802,0.26880,0.24528,0.25442,0.00641,-0.02541,-0.03124,-0.02502,-0.02619,0.19634,0.10910,0.11796,0.16950,0.17560,-1.17771,-1.47972,-1.45502,-1.16211,-1.23822,1.06252,1.46054,1.41603,1.16257,1.20882,-1.37711,-0.90245,-0.97427,-1.35154,-1.39992,0.05738,0.22634,0.21844,0.09338,0.07261,-0.00066,-0.00025,-0.00057,0.00041,0.00040,0.00067,0.00356,-0.00218,0.00075,-0.00197,0.00578,0.01286,0.01049,0.00848,0.00668,0.00553,0.02051,0.02102,0.00460,0.02169,-0.02592,-0.02621,-0.00892,-0.01047,-0.02890,-0.01985,-0.03356,-0.02943,-0.01832,-0.02954,0.00373,0.00283,-0.00139,-0.00196,-0.00348
271,46,push pink cup,robot_3cam,"robot demo
push cup right",True,0.24735,0.29048,0.27159,0.24155,0.25692,0.00710,-0.02333,-0.03278,-0.02822,-0.03738,0.19899,0.10890,0.11827,0.16831,0.17441,-1.17576,-1.49722,-1.46515,-1.10245,-1.27135,1.05683,1.46774,1.43058,1.13341,1.25913,-1.37751,-0.88834,-0.96287,-1.32520,-1.42247,0.05738,0.23105,0.21989,0.09296,0.08120,-0.00052,0.00036,-0.00021,0.00142,0.00024,0.00065,0.00444,-0.00147,0.00196,-0.00110,0.00701,0.01270,0.00824,0.00897,0.00530,0.01062,0.01657,0.01593,-0.00115,0.01725,-0.02852,-0.02570,-0.00722,-0.01408,-0.02800,-0.02096,-0.03012,-0.02272,-0.01665,-0.02323,0.00860,0.00277,-0.00143,-0.00288,-0.00596
271,47,push pink cup,robot_3cam,"robot demo
push cup right",True,0.24681,0.29152,0.26870,0.23533,0.25570,0.00739,-0.01800,-0.03247,-0.02300,-0.02883,0.20243,0.10907,0.12146,0.16646,0.17642,-1.17181,-1.51449,-1.44812,-1.09651,-1.20257,1.05132,1.46175,1.41395,1.11250,1.21209,-1.37962,-0.87487,-0.97873,-1.27317,-1.40440,0.05902,0.24343,0.21316,0.10196,0.08136,-0.00009,-0.00094,-0.00150,0.00040,-0.00012,0.00041,0.00470,-0.00183,0.00188,-0.00065,0.00943,0.01606,0.00952,0.01189,0.00687,0.01693,0.02317,0.02132,-0.00891,0.02159,-0.03305,-0.03211,-0.01091,-0.00720,-0.03389,-0.02440,-0.03848,-0.02903,-0.01485,-0.02422,0.01672,0.00202,-0.00124,-0.00011,-0.00364
271,48,push pink cup,robot_3cam,"robot demo
push cup right",True,0.24617,0.29160,0.26143,0.23817,0.25380,0.00767,-0.02176,-0.02704,-0.00998,-0.01725,0.20744,0.11049,0.12869,0.17947,0.18658,-1.16470,-1.50151,-1.42175,-1.03571,-1.17969,1.04236,1.46592,1.37418,1.05358,1.17239,-1.38448,-0.88994,-1.02352,-1.34689,-1.35732,0.06066,0.24057,0.19509,0.04481,0.04176,0.00108,0.00124,0.00092,0.00181,-0.00041,0.00050,0.00348,-0.00420,-0.00022,-0.00516,0.01070,0.01858,0.01403,0.01380,0.00984,0.01596,0.02399,0.02598,0.01200,0.02369,-0.03432,-0.02776,-0.00490,-0.01803,-0.02519,-0.02488,-0.04011,-0.03633,-0.02842,-0.03713,0.02386,0.00199,-0.00062,-0.00140,-0.00518
271,49,push pink cup,robot_3cam,"robot demo
push cup right",True,0.24638,0.29221,0.25908,0.23625,0.25349,0.00770,-0.02704,-0.01944,-0.00961,-0.01625,0.21351,0.11429,0.12830,0.18300,0.18699,-1.16409,-1.48898,-1.42438,-1.09727,-1.21304,1.02967,1.47553,1.35532,1.10552,1.17764,-1.39891,-0.90087,-1.03465,-1.39082,-1.37385,0.08033,0.23913,0.19014,0.04374,0.03850,0.00290,0.00215,0.00294,0.00258,0.00086,0.00065,0.00175,-0.00489,-0.00125,-0.00754,0.01164,0.01931,0.01546,0.01598,0.01098,0.01011,0.02651,0.02462,0.03316,0.03062,-0.03297,-0.02361,0.00052,-0.02842,-0.01942,-0.02420,-0.04163,-0.03619,-0.04125,-0.05012,0.02922,0.00197,-0.00021,-0.00426,-0.00856
271,50,push pink cup,robot_3cam,"robot demo
push cup right",True,0.24783,0.29682,0.25530,0.23963,0.25339,0.00756,-0.02134,-0.01374,0.00329,-0.02107,0.21714,0.11686,0.13020,0.18930,0.18886,-1.17117,-1.52361,-1.41620,-1.14011,-1.21677,1.03303,1.48270,1.33404,1.07599,1.20604,-1.40041,-0.88113,-1.05640,-1.36320,-1.40211,0.10656,0.24461,0.17506,0.01980,0.04293,0.00542,0.00472,0.00569,0.00644,0.00269,0.00006,0.00249,-0.00559,-0.00062,-0.00928,0.01313,0.02063,0.01512,0.01824,0.01068,0.00351,0.01960,0.01929,0.02733,0.02574,-0.02726,-0.01923,0.00930,-0.03201,-0.00641,-0.02618,-0.03621,-0.03077,-0.03731,-0.05136,0.03271,0.00173,0.00081,0.00208,-0.00446
271,51,push pink cup,robot_3cam,"robot demo
push cup right",True,0.25017,0.29755,0.25098,0.24430,0.25276,0.00755,-0.02039,-0.00923,0.01363,-0.01881,0.22287,0.12063,0.13303,0.19380,0.19319,-1.17621,-1.52018,-1.40498,-1.16661,-1.21165,1.03780,1.47557,1.31136,1.07875,1.19260,-1.39949,-0.89248,-1.07929,-1.37247,-1.40245,0.11803,0.22675,0.16150,0.01505,0.03604,0.00791,0.00882,0.00751,0.01009,0.00429,-0.00005,0.00165,-0.00640,-0.00083,-0.01006,0.01544,0.02065,0.01552,0.01881,0.01146,-0.00128,0.01244,0.01719,0.00921,0.02386,-0.02138,-0.00824,0.01522,-0.01738,0.00143,-0.02322,-0.02925,-0.02913,-0.02592,-0.05285,0.03133,0.00289,0.00149,0.00798,-0.00314
271,52,push pink cup,robot_3cam,"robot demo
push cup right",True,0.25220,0.29747,0.25177,0.24857,0.25347,0.00787,-0.02184,-0.01078,0.01079,-0.02059,0.22877,0.12845,0.14009,0.19874,0.19744,-1.18042,-1.50542,-1.40006,-1.24854,-1.19240,1.04055,1.47112,1.31173,1.15898,1.19498,-1.39789,-0.91490,-1.09047,-1.36499,-1.37991,0.11803,0.21247,0.15869,0.04319,0.05062,0.01096,0.01164,0.00860,0.01413,0.00586,-0.00048,0.00065,-0.00733,-0.00270,-0.00811,0.01845,0.02186,0.01811,0.01960,0.01371,-0.00831,0.00980,0.01966,-0.00476,0.02124,-0.01139,-0.00105,0.01676,0.00405,0.00089,-0.02114,-0.02700,-0.03221,-0.02576,-0.04381,0.02678,0.00315,0.00124,0.01078,-0.00786
271,53,push pink cup,robot_3cam,"robot demo
push cup right",True,0.25439,0.30201,0.25084,0.23928,0.25011,0.00822,-0.01673,-0.01510,0.00182,-0.03091,0.23768,0.14068,0.15574,0.20875,0.21361,-1.17341,-1.52803,-1.36697,-1.29814,-1.14869,1.03597,1.46959,1.30028,1.20987,1.21095,-1.40055,-0.90966,-1.13065,-1.33232,-1.41125,0.11639,0.21682,0.14106,0.07041,0.05845,0.01323,0.01160,0.00891,0.01849,0.00713,-0.00145,0.00149,-0.00768,-0.00038,-0.00707,0.02336,0.02492,0.02108,0.02370,0.01527,-0.00403,0.01077,0.02383,-0.00312,0.00399,-0.00453,-0.00418,0.01500,-0.00305,0.00892,-0.02234,-0.02983,-0.03667,-0.02165,-0.02935,0.02183,0.00166,0.00075,0.00606,-0.01228
271,54,push pink cup,robot_3cam,"robot demo
push cup right",True,0.25808,0.30374,0.25037,0.24136,0.25913,0.00812,-0.00284,-0.01294,0.01089,-0.03274,0.24544,0.15135,0.17252,0.23140,0.23318,-1.17417,-1.56405,-1.35169,-1.25719,-1.10554,1.03693,1.44887,1.28283,1.15613,1.21438,-1.40512,-0.89665,-1.17030,-1.33507,-1.42957,0.11639,0.22419,0.12954,0.08965,0.06141,0.01553,0.01146,0.01074,0.01827,0.01035,-0.00249,0.00131,-0.00809,-0.00023,-0.00741,0.02990,0.02933,0.02677,0.02752,0.02122,0.00267,0.01626,0.02845,-0.02733,-0.00562,0.00236,-0.00711,0.01509,0.02078,0.01030,-0.02326,-0.03764,-0.04367,0.00444,-0.01935,0.01680,0.00044,-0.00099,0.00656,-0.00210
271,55,push pink cup,robot_3cam,"robot demo
push cup right",True,0.26169,0.30063,0.24756,0.25871,0.27157,0.00759,-0.00278,-0.00162,0.00748,-0.02255,0.25377,0.16917,0.18989,0.24355,0.24483,-1.17373,-1.52667,-1.33613,-1.20708,-1.12197,1.04132,1.42273,1.23845,1.14458,1.18348,-1.40797,-0.94234,-1.22656,-1.38462,-1.43865,0.11639,0.20309,0.12202,0.05296,0.04335,0.01685,0.01254,0.01290,0.01877,0.01763,-0.00171,-0.00131,-0.00907,-0.00594,-0.00277,0.03503,0.03352,0.03847,0.03435,0.03606,0.00514,0.02582,0.04172,-0.03865,-0.02561,0.00309,-0.00412,0.01199,0.05384,-0.01341,-0.01609,-0.04780,-0.06361,-0.00540,-0.02580,0.00722,0.00027,-0.00388,0.00829,-0.01544
271,56,push pink cup,robot_3cam,"robot demo
push cup right",True,0.26582,0.29916,0.24388,0.27272,0.27071,0.00560,0.00197,-0.00377,0.00882,-0.02803,0.26307,0.18919,0.21549,0.24802,0.25514,-1.16803,-1.51034,-1.27759,-1.19457,-1.07739,1.04844,1.39456,1.20259,1.15778,1.21900,-1.41645,-0.97744,-1.30112,-1.32166,-1.43888,0.11639,0.19032,0.08837,0.03758,0.01843,0.01862,0.01113,0.01316,0.01909,0.01862,-0.00050,-0.00096,-0.00975,-0.00444,-0.00256,0.04074,0.03722,0.04366,0.04177,0.04164,0.00074,0.03257,0.04994,-0.01843,-0.03070,0.00166,-0.01052,0.00883,0.03618,-0.00979,-0.01139,-0.05668,-0.07301,-0.01383,-0.01125,-0.00552,-0.00161,-0.00429,0.00421,-0.01680
271,57,push pink cup,robot_3cam,"robot demo
push cup right",True,0.26976,0.30427,0.24214,0.29333,0.26763,0.00535,-0.00713,-0.00667,0.00444,-0.02791,0.27297,0.21351,0.24356,0.24705,0.26632,-1.16548,-1.47843,-1.22988,-1.27517,-1.11732,1.04971,1.39398,1.17755,1.28439,1.24271,-1.41937,-1.02552,-1.36783,-1.20607,-1.41033,0.11148,0.16970,0.05178,0.03923,-0.00699,0.01923,0.01035,0.01488,0.01711,0.02075,0.00140,0.00112,-0.01032,0.00260,0.00164,0.04421,0.03940,0.04667,0.05097,0.04498,-0.00077,0.03128,0.05158,0.01584,-0.07545,-0.00247,-0.01674,0.01113,-0.01244,0.01794,-0.00337,-0.05716,-0.07405,-0.03440,0.02565,-0.01591,-0.00424,-0.00429,-0.00511,-0.02048
271,58,push pink cup,robot_3cam,"robot demo
push cup right",True,0.27322,0.30491,0.24627,0.31569,0.27055,0.00643,-0.02015,-0.01091,-0.00257,-0.01950,0.28313,0.23443,0.25511,0.24725,0.28287,-1.16552,-1.41847,-1.21245,-1.34165,-1.10676,1.04626,1.39230,1.18254,1.34057,1.15330,-1.41793,-1.08942,-1.38826,-1.13953,-1.45129,0.09016,0.14597,0.05122,0.05881,-0.02375,0.02081,0.01003,0.01517,0.01398,0.02462,0.00328,0.00138,-0.01063,0.00436,0.01025,0.04862,0.04203,0.05285,0.05971,0.05047,-0.00741,0.03469,0.06009,0.05476,-0.09361,-0.00414,-0.02026,0.00607,-0.04588,-0.01845,0.00419,-0.06158,-0.08408,-0.06841,0.03541,-0.02386,-0.00596,-0.00529,-0.01196,-0.01163
271,59,push pink cup,robot_3cam,"robot demo
push cup right",True,0.27746,0.31378,0.25079,0.32775,0.27489,0.00818,-0.04279,-0.01787,0.00085,-0.02221,0.29312,0.24968,0.25598,0.27422,0.28842,-1.17019,-1.36728,-1.21077,-1.30756,-1.09253,1.04465,1.42847,1.20477,1.25029,1.18804,-1.41348,-1.13229,-1.37784,-1.18624,-1.47426,0.04918,0.12668,0.05270,0.06065,-0.00076,0.02206,0.01129,0.01827,0.01310,0.02757,0.00457,0.00442,-0.01294,0.00694,0.00182,0.04945,0.04326,0.05576,0.05863,0.05151,-0.01648,0.02666,0.06056,0.03194,-0.06727,-0.00172,-0.02352,0.01392,-0.03473,0.01679,0.01014,-0.05515,-0.08329,-0.04821,-0.00142,-0.03003,-0.00716,-0.00283,-0.00708,-0.00721
271,60,push pink cup,robot_3cam,"robot demo
push cup right",True,0.28181,0.32164,0.25684,0.33145,0.27738,0.00998,-0.04706,-0.02384,0.00669,-0.01896,0.30296,0.25551,0.26009,0.28468,0.29484,-1.17765,-1.37572,-1.21031,-1.31078,-1.12325,1.04486,1.44857,1.22673,1.24169,1.17752,-1.40795,-1.12854,-1.36555,-1.17353,-1.48495,0.05082,0.12870,0.05592,0.07936,0.01011,0.02437,0.01187,0.01759,0.01517,0.02788,0.00446,0.00850,-0.01259,0.01516,0.00501,0.05055,0.04530,0.05633,0.05888,0.05098,-0.02373,0.01826,0.06238,-0.00006,-0.08016,0.00851,-0.03018,0.01056,-0.03777,0.01242,0.01238,-0.05014,-0.08357,-0.02638,0.01566,-0.02963,-0.00847,-0.00225,-0.00114,-0.01039
271,61,push pink cup,robot_3cam,"robot demo
push cup right",True,0.28792,0.32728,0.27369,0.32913,0.28190,0.01178,-0.06123,-0.03219,0.00390,0.00642,0.31133,0.26883,0.27010,0.28990,0.31271,-1.19420,-1.34102,-1.24035,-1.28290,-1.31416,1.05274,1.46813,1.28257,1.23139,1.13921,-1.39961,-1.16661,-1.33084,-1.21092,-1.36093,0.05082,0.10968,0.09517,0.09388,-0.04190,0.02741,0.01427,0.01590,0.02297,0.03054,0.00229,0.00997,-0.01212,0.01525,0.02373,0.05100,0.04646,0.06661,0.05875,0.05879,-0.02461,0.01051,0.07920,-0.00839,-0.12939,0.02674,-0.02792,-0.00523,-0.02041,-0.03866,0.00666,-0.04364,-0.10334,-0.02340,0.04758,-0.02394,-0.00938,-0.00578,0.00201,-0.01033
271,62,push pink cup,robot_3cam,"robot demo
push cup right",True,0.29472,0.32570,0.29241,0.33266,0.29335,0.01299,-0.07430,-0.04032,0.00371,0.01545,0.31898,0.28219,0.26108,0.30556,0.31477,-1.21371,-1.25888,-1.30222,-1.22455,-1.36935,1.06568,1.44750,1.36278,1.19805,1.12695,-1.39173,-1.24748,-1.24700,-1.26190,-1.29184,0.04918,0.05938,0.14547,0.06267,-0.04988,0.02882,0.01698,0.01736,0.02535,0.03233,-0.00027,0.01289,-0.01327,0.01662,0.01818,0.05203,0.04748,0.07244,0.05915,0.05929,-0.01734,0.00103,0.08494,-0.00117,-0.11081,0.04031,-0.02818,-0.00665,-0.02480,-0.02007,-0.00341,-0.03739,-0.10906,-0.03411,0.01906,-0.02013,-0.00919,-0.00564,0.00090,-0.01605
271,63,push pink cup,robot_3cam,"robot demo
push cup right",True,0.30342,0.33074,0.30472,0.32487,0.29727,0.01346,-0.09115,-0.04976,-0.00143,0.00412,0.32564,0.29361,0.25741,0.31246,0.31925,-1.23302,-1.21269,-1.34118,-1.16694,-1.31824,1.08475,1.46898,1.42546,1.20606,1.13980,-1.38469,-1.28578,-1.18814,-1.31940,-1.30602,0.05082,0.03730,0.16777,0.06498,0.00053,0.03092,0.01807,0.01760,0.03052,0.03198,-0.00078,0.01529,-0.01245,0.01424,0.01413,0.04888,0.04680,0.06961,0.05444,0.05417,-0.02348,-0.00725,0.07873,-0.02899,-0.12053,0.05320,-0.02904,-0.00576,0.01167,0.00880,-0.00441,-0.02973,-0.09915,-0.00482,0.03695,-0.01713,-0.00960,-0.00521,0.00800,-0.02391
271,64,push pink cup,robot_3cam,"robot demo
push cup right",True,0.31111,0.33063,0.34744,0.34878,0.32880,0.01213,-0.08908,-0.06185,0.00033,0.04482,0.33173,0.28997,0.24611,0.30304,0.36422,-1.23968,-1.21394,-1.49342,-1.25636,-1.38933,1.11049,1.46712,1.59838,1.29985,1.04874,-1.38472,-1.28360,-1.00912,-1.20113,-1.28567,0.05082,0.03792,0.27764,0.06283,0.01315,0.03130,0.02114,0.01883,0.02537,0.02995,0.00030,0.01438,-0.01118,0.01675,0.01271,0.04433,0.05038,0.07966,0.06679,0.05342,-0.03279,-0.00680,0.08635,0.03565,-0.09422,0.06077,-0.02430,-0.01644,-0.05420,0.00750,0.00026,-0.03211,-0.10691,-0.08072,0.06179,-0.01339,-0.00864,-0.00866,-0.00058,-0.03079
271,65,push pink cup,robot_3cam,"robot demo
push cup right",True,0.31702,0.33600,0.36055,0.33428,0.35533,0.01011,-0.10830,-0.06079,-0.01755,0.04075,0.34016,0.29120,0.22774,0.29956,0.36775,-1.22891,-1.18369,-1.58431,-1.18932,-1.40148,1.13164,1.50825,1.66656,1.31393,1.14034,-1.39229,-1.29785,-0.90944,-1.23249,-1.30854,0.05082,0.02856,0.32263,0.08213,0.05509,0.03128,0.02242,0.02150,0.03196,0.03092,0.00392,0.01503,-0.01117,0.01017,0.01618,0.03966,0.04670,0.07710,0.05543,0.05117,-0.04790,-0.01598,0.07593,0.01063,-0.09231,0.06046,-0.01930,-0.00781,-0.00262,-0.00694,0.01089,-0.02059,-0.09455,-0.04318,0.06096,-0.01128,-0.00825,-0.00831,0.00692,-0.02766
271,66,push pink cup,robot_3cam,"robot demo
push cup right",True,0.32251,0.33723,0.36367,0.32792,0.36555,0.01161,-0.11875,-0.05365,-0.02755,0.02873,0.34853,0.29028,0.20764,0.30404,0.36630,-1.22924,-1.15363,-1.64703,-1.16310,-1.38719,1.13766,1.51884,1.69338,1.29164,1.20923,-1.39373,-1.31166,-0.83898,-1.21855,-1.33320,0.05082,0.00859,0.33507,0.09917,0.07728,0.02883,0.02153,0.02396,0.03690,0.03391,0.00996,0.01817,-0.01069,0.00715,0.02587,0.03347,0.04061,0.06697,0.03573,0.04546,-0.06395,-0.02760,0.05532,-0.03549,-0.12360,0.04608,-0.02109,0.00758,0.05517,-0.01389,0.02874,-0.00745,-0.06927,0.02724,0.07817,-0.00950,-0.00738,-0.00537,0.01835,-0.02907
271,67,push pink cup,robot_3cam,"robot demo
push cup right",True,0.32764,0.34198,0.35373,0.33380,0.33983,0.01563,-0.11011,-0.05209,-0.02055,0.01861,0.35462,0.27606,0.21191,0.30795,0.36159,-1.24187,-1.21575,-1.61087,-1.19649,-1.39454,1.14110,1.53630,1.65745,1.26885,1.15753,-1.38347,-1.24572,-0.87371,-1.22221,-1.34002,0.05082,0.03355,0.29222,0.07600,0.09203,0.02868,0.02048,0.02323,0.03772,0.03296,0.01778,0.02095,-0.00924,0.01341,0.02451,0.02752,0.03766,0.05613,0.02665,0.03676,-0.09254,-0.03552,0.04034,-0.06041,-0.16825,0.03482,-0.02482,0.01437,0.04917,0.00748,0.05469,0.00037,-0.04931,0.05098,0.09954,-0.00812,-0.00683,-0.00281,0.01890,-0.02383
271,68,push pink cup,robot_3cam,"robot demo
push cup right",True,0.33246,0.34438,0.37454,0.34368,0.36494,0.02181,-0.10472,-0.05213,-0.00772,0.03180,0.36126,0.26439,0.19898,0.32260,0.36127,-1.25972,-1.25371,-1.72766,-1.24363,-1.46670,1.13972,1.54940,1.74842,1.25831,1.16202,-1.36947,-1.20135,-0.74127,-1.23214,-1.30485,0.05082,0.04548,0.35003,0.04344,0.08509,0.02593,0.02043,0.02232,0.03505,0.03064,0.02289,0.02332,-0.00692,0.01653,0.04215,0.02428,0.03390,0.05222,0.01722,0.03605,-0.09752,-0.04531,0.03254,-0.07281,-0.21846,0.01665,-0.02505,0.01168,0.05883,-0.02493,0.06647,0.01049,-0.03856,0.06567,0.12533,-0.00609,-0.00575,-0.00377,0.02268,-0.01639
271,69,push pink cup,robot_3cam,"robot demo
push cup right",True,0.33682,0.34466,0.35540,0.33839,0.35033,0.02677,-0.09980,-0.04622,0.02193,0.02386,0.36565,0.27272,0.18926,0.34067,0.35126,-1.28014,-1.24062,-1.67868,-1.27590,-1.46265,1.14415,1.51723,1.68394,1.28007,1.14887,-1.35753,-1.21845,-0.77927,-1.15770,-1.30320,0.05082,0.01246,0.30080,0.01501,0.10768,0.02520,0.01787,0.01935,0.03225,0.02631,0.02717,0.03061,-0.00521,0.01861,0.03558,0.02398,0.02880,0.03658,0.00558,0.02298,-0.09710,-0.06076,0.01577,-0.06424,-0.19787,-0.00064,-0.03736,0.01757,0.10061,-0.00982,0.07392,0.02356,-0.01675,0.09431,0.11957,-0.00536,-0.00585,0.00000,0.02735,-0.00322
271,70,push pink cup,robot_3cam,"robot demo
push cup right",True,0.34162,0.33928,0.35921,0.33750,0.35826,0.03453,-0.08077,-0.04511,0.03520,0.03117,0.36977,0.28104,0.19269,0.33330,0.35806,-1.30232,-1.24156,-1.69095,-1.39620,-1.41614,1.13799,1.45001,1.69262,1.27081,1.13695,-1.33911,-1.23679,-0.76515,-1.08043,-1.30865,0.05082,-0.01283,0.30065,0.01122,0.08916,0.02371,0.01667,0.01834,0.03086,0.02563,0.02795,0.03418,-0.00402,0.02261,0.04061,0.02392,0.03050,0.03425,0.00748,0.02309,-0.07949,-0.06224,0.01305,-0.05835,-0.21723,-0.01599,-0.04701,0.01550,0.09252,-0.01032,0.06883,0.02053,-0.01237,0.08308,0.13165,-0.00471,-0.00596,0.00020,0.02319,-0.00490
271,71,push pink cup,robot_3cam,"robot demo
push cup right",True,0.34660,0.33884,0.35102,0.33420,0.35146,0.03956,-0.06968,-0.05116,0.04144,0.02034,0.37195,0.27918,0.19331,0.33006,0.36419,-1.32222,-1.26816,-1.63653,-1.42654,-1.35570,1.13963,1.43073,1.66758,1.23694,1.15406,-1.32698,-1.22159,-0.80964,-1.08957,-1.33930,0.05082,-0.00989,0.27837,0.02605,0.06138,0.02393,0.01722,0.01806,0.03005,0.02556,0.02749,0.03488,-0.00513,0.02499,0.03325,0.02260,0.03229,0.03415,0.01052,0.02185,-0.07175,-0.06276,0.01553,-0.06217,-0.18536,-0.01776,-0.04822,0.01633,0.08061,0.00169,0.06325,0.01900,-0.01460,0.07150,0.11568,-0.00357,-0.00593,0.00162,0.02067,-0.00135
271,72,push pink cup,robot_3cam,"robot demo
push cup right",True,0.35187,0.33859,0.36223,0.33766,0.36557,0.04373,-0.06167,-0.04497,0.04334,0.01642,0.37410,0.27045,0.17084,0.32823,0.35082,-1.33530,-1.29751,-1.73158,-1.40689,-1.40287,1.13749,1.42500,1.72032,1.23785,1.27936,-1.31959,-1.19036,-0.70346,-1.11038,-1.23734,0.05082,0.00006,0.33108,0.03107,0.09671,0.02324,0.01760,0.01755,0.03020,0.02274,0.02530,0.03411,-0.00463,0.02659,0.03242,0.01885,0.03231,0.03243,0.01076,0.01891,-0.06446,-0.06137,0.01275,-0.06707,-0.17681,-0.01733,-0.04617,0.01597,0.07158,-0.00097,0.05604,0.01787,-0.01195,0.06890,0.11104,-0.00276,-0.00481,0.00133,0.02172,-0.00400
271,73,push pink cup,robot_3cam,"robot demo
push cup right",True,0.35721,0.34239,0.35769,0.33487,0.36475,0.04892,-0.04381,-0.03692,0.05177,0.00240,0.37662,0.25027,0.16091,0.31931,0.32733,-1.34661,-1.39326,-1.76086,-1.39878,-1.37774,1.12518,1.43442,1.71045,1.21847,1.38163,-1.30963,-1.09744,-0.67452,-1.13784,-1.19393,0.05082,0.04287,0.32600,0.04692,0.15630,0.02370,0.01641,0.01627,0.02739,0.01975,0.02646,0.03459,-0.00284,0.03398,0.02135,0.01038,0.03166,0.02200,0.01172,0.00992,-0.08887,-0.06148,-0.00150,-0.07092,-0.15630,-0.00805,-0.04853,0.02073,0.03986,0.00299,0.06684,0.01802,0.00538,0.06724,0.11717,-0.00300,-0.00423,0.00237,0.01996,0.00477
271,74,push pink cup,robot_3cam,"robot demo
push cup right",True,0.36237,0.33829,0.36514,0.33291,0.36777,0.05351,-0.03394,-0.01867,0.04116,-0.00306,0.37690,0.22663,0.15043,0.30372,0.28610,-1.35353,-1.44715,-1.87081,-1.39544,-1.50028,1.12253,1.44243,1.73182,1.23091,1.53001,-1.30378,-1.02976,-0.57422,-1.13677,-1.05184,0.05082,0.07052,0.35357,0.07893,0.22054,0.02202,0.01539,0.01395,0.02761,0.01355,0.02961,0.03029,0.00056,0.03091,0.01450,0.00077,0.02517,0.01166,0.00579,0.00066,-0.11602,-0.05793,-0.01610,-0.09026,-0.14040,-0.00639,-0.03809,0.02092,0.04930,0.03384,0.08435,0.02075,0.02265,0.08421,0.11637,-0.00235,-0.00165,0.00195,0.02541,-0.00466
271,75,push pink cup,robot_3cam,"robot demo
push cup right",True,0.36786,0.33448,0.37291,0.33211,0.35651,0.05744,-0.01981,-0.00019,0.04322,-0.00523,0.37575,0.21029,0.14979,0.28708,0.25034,-1.37037,-1.50760,-1.98928,-1.41091,-1.68070,1.12372,1.44045,1.75231,1.24980,1.62694,-1.29599,-0.96351,-0.46785,-1.14652,-0.89098,0.05082,0.08439,0.36696,0.10214,0.20256,0.02030,0.01513,0.01206,0.03058,0.00943,0.03766,0.02626,0.00361,0.02818,-0.00259,-0.01087,0.01578,-0.00257,-0.00218,-0.00997,-0.15541,-0.06042,-0.03651,-0.11824,-0.06813,-0.00672,-0.02278,0.02653,0.05370,0.04272,0.11964,0.03074,0.04857,0.10840,0.09212,-0.00162,0.00148,0.00311,0.01795,0.00060
271,76,push pink cup,robot_3cam,"robot demo
push cup right",True,0.37381,0.33695,0.38133,0.35176,0.35889,0.06606,-0.00058,0.03644,0.05020,0.05764,0.36846,0.20640,0.14654,0.26716,0.22961,-1.41799,-1.59045,-2.14754,-1.44159,-1.81433,1.12676,1.43369,1.75019,1.35194,1.59352,-1.26429,-0.88884,-0.34773,-1.12164,-0.71857,0.04918,0.09485,0.39364,0.13168,0.12045,0.01690,0.01307,0.01072,0.02860,0.00968,0.04482,0.02674,0.00712,0.03159,0.00875,-0.02234,0.00664,-0.01336,-0.01166,-0.02046,-0.18178,-0.06915,-0.05393,-0.15199,-0.09333,-0.01212,-0.01784,0.03100,0.04806,0.02430,0.15251,0.04437,0.06765,0.13783,0.12389,-0.00146,0.00302,0.00290,0.01323,-0.00556
271,77,push pink cup,robot_3cam,"robot demo
push cup right",True,0.37691,0.33478,0.38221,0.35877,0.33687,0.08108,0.02478,0.07613,0.06969,0.11001,0.35995,0.22174,0.15040,0.27928,0.20405,-1.47287,-1.65135,-2.26602,-1.47641,-2.04658,1.11537,1.38787,1.70433,1.37460,1.62314,-1.21755,-0.85757,-0.27437,-1.05233,-0.54396,0.05082,0.08062,0.41109,0.08187,0.07707,0.01358,0.00875,0.00375,0.02101,0.00525,0.05340,0.02858,0.01244,0.03357,0.01287,-0.03347,-0.00368,-0.02150,-0.02288,-0.02603,-0.20145,-0.07786,-0.05738,-0.15605,-0.08141,-0.01321,-0.01815,0.01672,0.05361,0.02043,0.18746,0.05744,0.06888,0.15754,0.12439,-0.00146,0.00290,-0.00037,0.00889,-0.00524
271,78,push pink cup,robot_3cam,"robot demo
push cup right",True,0.37840,0.32663,0.37104,0.36604,0.31968,0.10007,0.06257,0.12783,0.10164,0.16389,0.35070,0.24739,0.15985,0.29568,0.19808,-1.52321,-1.69141,-2.33560,-1.57794,-2.24648,1.09280,1.28579,1.58886,1.36181,1.47804,-1.16318,-0.85788,-0.26628,-1.01209,-0.38315,0.05082,0.03460,0.38480,0.03386,-0.05398,0.00967,0.00567,-0.00124,0.01570,0.00178,0.05843,0.03107,0.01672,0.03313,0.01586,-0.04030,-0.01200,-0.03112,-0.03290,-0.03155,-0.19474,-0.08604,-0.06483,-0.12476,-0.09110,-0.01859,-0.01837,0.01172,0.05611,0.02208,0.20180,0.06729,0.07422,0.16700,0.12903,-0.00073,0.00388,-0.00061,-0.00162,-0.00740
271,79,push pink cup,robot_3cam,"robot demo
push cup right",True,0.37807,0.32010,0.35702,0.36270,0.30396,0.11473,0.09880,0.16824,0.13221,0.16544,0.34047,0.27304,0.15989,0.31206,0.19199,-1.54239,-1.72324,-2.38193,-1.65831,-2.29849,1.09276,1.17972,1.48568,1.35966,1.49311,-1.10600,-0.87037,-0.26377,-0.97669,-0.31649,0.05082,-0.01178,0.36777,0.07196,0.01235,0.00714,0.00244,-0.00534,0.01359,-0.00166,0.05903,0.03629,0.01824,0.03678,0.01433,-0.04528,-0.01655,-0.03700,-0.03923,-0.03867,-0.17244,-0.09513,-0.06533,-0.10751,-0.10913,-0.00399,-0.02726,0.00859,0.04450,0.02018,0.21076,0.07401,0.07118,0.17824,0.11929,-0.00081,0.00363,-0.00029,-0.01263,-0.00323
271,80,push pink cup,robot_3cam,"robot demo
push cup right",True,0.37837,0.31636,0.33684,0.35753,0.30108,0.12339,0.12813,0.19498,0.14846,0.16990,0.32908,0.29621,0.17368,0.31374,0.19558,-1.56032,-1.76249,-2.34181,-1.68377,-2.26921,1.10067,1.10001,1.36309,1.38027,1.47592,-1.06788,-0.87107,-0.33242,-0.86837,-0.32617,0.05082,-0.03918,0.30558,0.11183,0.13528,0.00603,-0.00334,-0.00958,0.00511,-0.00306,0.05156,0.04139,0.01959,0.03953,0.01539,-0.04629,-0.02184,-0.04555,-0.04738,-0.04333,-0.13102,-0.10063,-0.06834,-0.10200,-0.09562,0.02752,-0.04107,0.00709,0.04834,0.01320,0.19795,0.07859,0.07448,0.21187,0.11610,-0.00065,0.00196,0.00237,-0.01877,0.00428
271,81,push pink cup,robot_3cam,"robot demo
push cup right",True,0.37884,0.30943,0.32103,0.36099,0.30978,0.13204,0.15523,0.20641,0.16581,0.18995,0.31769,0.29955,0.18125,0.30801,0.20298,-1.58156,-1.79881,-2.28617,-1.75871,-2.27215,1.10738,1.03110,1.28439,1.33070,1.34546,-1.03875,-0.85689,-0.40119,-0.83144,-0.38140,0.05082,-0.05210,0.25092,0.09831,0.21746,0.00657,-0.00686,-0.01110,-0.00164,-0.00301,0.04240,0.04427,0.02059,0.04264,0.01620,-0.04553,-0.02492,-0.05391,-0.04874,-0.04439,-0.08176,-0.10231,-0.07707,-0.10516,-0.09154,0.07571,-0.04978,0.01116,0.02343,0.01624,0.18068,0.07898,0.08548,0.21918,0.11368,-0.00057,0.00202,0.00480,-0.02567,0.01671
271,82,push pink cup,robot_3cam,"robot demo
push cup right",True,0.38111,0.30973,0.30580,0.35914,0.32313,0.13657,0.15655,0.20892,0.16237,0.20153,0.30658,0.28238,0.19760,0.29271,0.20194,-1.59288,-1.82510,-2.19733,-1.78218,-2.33533,1.12920,1.04667,1.21299,1.30448,1.21915,-1.01187,-0.81835,-0.50159,-0.81970,-0.39668,0.05082,-0.02696,0.17748,0.10107,0.21863,0.00755,-0.00730,-0.00923,-0.00337,-0.00075,0.02957,0.04321,0.02071,0.04057,0.01955,-0.04180,-0.02445,-0.06114,-0.04613,-0.04522,-0.01849,-0.09824,-0.09034,-0.10267,-0.08284,0.13389,-0.05024,0.02330,0.01959,0.01115,0.15239,0.07545,0.10303,0.21150,0.11797,-0.00016,0.00274,0.00842,-0.02169,0.02401
271,83,push pink cup,robot_3cam,"robot demo
push cup right",True,0.38179,0.31238,0.30803,0.34891,0.32677,0.14140,0.13330,0.18245,0.14313,0.19612,0.29605,0.24656,0.20925,0.26060,0.20212,-1.59156,-1.83182,-2.12286,-1.66785,-2.36972,1.15974,1.13582,1.24538,1.30498,1.11687,-0.97267,-0.77033,-0.55106,-0.79511,-0.41014,0.05082,0.02647,0.15365,0.11500,0.14200,0.00865,-0.00563,-0.00628,-0.00278,0.00042,0.01577,0.03756,0.01909,0.03456,0.01794,-0.03558,-0.02506,-0.05934,-0.04153,-0.04437,0.04216,-0.09138,-0.09198,-0.08856,-0.07023,0.18008,-0.03904,0.02919,0.02796,0.00738,0.11866,0.07357,0.10861,0.18748,0.12486,-0.00016,0.00405,0.01013,-0.01302,0.01397
271,84,push pink cup,robot_3cam,"robot demo
push cup right",True,0.38136,0.31447,0.31712,0.31714,0.32717,0.14357,0.11522,0.14319,0.12800,0.18036,0.28979,0.21337,0.20879,0.22561,0.20312,-1.56075,-1.87098,-2.05802,-1.75780,-2.32231,1.20981,1.23326,1.32810,1.25234,1.22938,-0.93339,-0.69843,-0.57666,-0.74482,-0.41760,0.05082,0.09729,0.16891,0.11014,0.14928,0.00833,-0.00464,-0.00339,-0.00115,0.00187,0.00802,0.02752,0.01733,0.02331,0.01560,-0.02829,-0.02738,-0.05109,-0.03816,-0.03806,0.08471,-0.07719,-0.08507,-0.06660,-0.05864,0.19276,-0.01973,0.02760,0.03371,0.01039,0.09655,0.06870,0.10273,0.15932,0.11499,-0.00008,0.00514,0.00862,-0.00917,0.00563
271,85,push pink cup,robot_3cam,"robot demo
push cup right",True,0.38158,0.32337,0.32470,0.29851,0.31958,0.14158,0.09626,0.11025,0.11648,0.18256,0.28496,0.18103,0.18918,0.20678,0.18914,-1.50054,-1.91642,-2.00904,-1.72882,-2.28722,1.28201,1.33895,1.40537,1.24627,1.32846,-0.90130,-0.61942,-0.57912,-0.74727,-0.35231,0.05082,0.17279,0.20746,0.05293,0.22812,0.00586,-0.00288,-0.00211,-0.00022,0.00152,0.00717,0.02211,0.01555,0.01832,0.01329,-0.02142,-0.02398,-0.04084,-0.03155,-0.03051,0.09687,-0.06698,-0.07181,-0.05400,-0.03550,0.17085,-0.01165,0.02055,0.02375,0.01127,0.09108,0.06175,0.08735,0.13373,0.09976,-0.00008,0.00540,0.00668,-0.00393,0.00557
271,86,push pink cup,robot_3cam,"robot demo
push cup right",True,0.38276,0.33092,0.32941,0.28177,0.31422,0.13367,0.08104,0.08848,0.10593,0.15098,0.28453,0.15241,0.17949,0.19362,0.18800,-1.43033,-1.96087,-1.96353,-1.74643,-2.18381,1.34900,1.43203,1.44821,1.31051,1.44686,-0.90767,-0.54854,-0.60000,-0.72704,-0.37094,0.05082,0.24810,0.23747,0.00666,0.17577,0.00265,-0.00210,-0.00221,-0.00157,-0.00089,0.00943,0.01761,0.01462,0.01072,0.00517,-0.01456,-0.01892,-0.02909,-0.02585,-0.02468,0.08988,-0.05461,-0.05434,-0.05039,0.01071,0.12615,-0.00871,0.00845,0.03022,0.02634,0.08946,0.05100,0.06549,0.12378,0.08822,-0.00008,0.00477,0.00340,-0.00792,0.00835
271,87,push pink cup,robot_3cam,"robot demo
push cup right",True,0.38274,0.33179,0.33164,0.27378,0.32858,0.13440,0.07833,0.07342,0.09405,0.10199,0.28504,0.13511,0.16409,0.18091,0.20460,-1.41022,-1.97043,-1.94255,-1.80777,-1.87119,1.35422,1.45108,1.48044,1.41692,1.60170,-0.91052,-0.52499,-0.60043,-0.69674,-0.52460,0.05082,0.28268,0.27744,0.09882,0.19946,-0.00080,-0.00333,-0.00390,-0.00288,-0.00463,0.01384,0.01807,0.01383,0.01137,0.00051,-0.00914,-0.01240,-0.01822,-0.01770,-0.01855,0.06231,-0.04431,-0.03480,-0.06298,0.04385,0.06751,-0.01980,-0.00637,-0.00377,0.03617,0.09213,0.03707,0.04002,0.10020,0.07295,-0.00008,0.00392,-0.00044,-0.01051,0.01388
271,88,push pink cup,robot_3cam,"robot demo
push cup right",True,0.38128,0.33304,0.33136,0.28822,0.33925,0.14656,0.08603,0.07457,0.09197,0.09219,0.28537,0.12450,0.14840,0.17600,0.21290,-1.43319,-2.00132,-1.96122,-1.99074,-1.86568,1.31628,1.44738,1.48576,1.26771,1.58200,-0.87784,-0.49035,-0.57749,-0.64856,-0.64348,0.05082,0.31562,0.32037,0.22945,0.45189,-0.00394,-0.00788,-0.00945,-0.00605,-0.00563,0.02027,0.02132,0.01542,0.01405,0.01363,-0.00640,-0.00706,-0.01243,-0.01163,-0.00916,0.03088,-0.03426,-0.01715,-0.06839,0.00574,0.01977,-0.04100,-0.02818,-0.04033,-0.02567,0.10262,0.02241,0.01576,0.07310,0.05179,-0.00008,0.00214,-0.00558,-0.01256,0.00167
271,89,push pink cup,robot_3cam,"robot demo
push cup right",True,0.37900,0.34487,0.32813,0.31908,0.34503,0.15780,0.09398,0.08245,0.09377,0.10418,0.28541,0.11701,0.13694,0.19214,0.20709,-1.46169,-2.07735,-1.96947,-1.99214,-1.92886,1.28901,1.47827,1.46864,1.31253,1.47120,-0.84292,-0.41897,-0.57440,-0.61595,-0.65891,0.05082,0.36198,0.33422,0.45405,0.44624,-0.00456,-0.00938,-0.01036,-0.00795,-0.00425,0.02163,0.02614,0.01535,0.01737,0.02266,-0.00654,-0.00051,-0.00977,-0.00694,-0.00439,0.00015,-0.03438,-0.01132,-0.06680,-0.01297,-0.00391,-0.05775,-0.03225,-0.05321,-0.05461,0.09255,0.01662,0.00636,0.06320,0.05017,-0.00008,0.00014,-0.00668,-0.01136,-0.00163
271,90,push pink cup,robot_3cam,"robot demo
push cup right",True,0.37800,0.34421,0.32911,0.30910,0.34970,0.16067,0.10158,0.09693,0.10521,0.10226,0.28408,0.12047,0.13537,0.19720,0.21360,-1.47904,-2.09111,-2.00509,-2.05432,-1.89205,1.28854,1.46138,1.45077,1.19401,1.39559,-0.83189,-0.41389,-0.55343,-0.61472,-0.72356,0.05082,0.36175,0.34833,0.45242,0.47298,-0.00389,-0.01157,-0.01301,-0.00993,-0.00426,0.02007,0.02822,0.01663,0.01936,0.02723,-0.00941,-0.00111,-0.00873,-0.00678,-0.00334,-0.02127,-0.03503,-0.00582,-0.06399,-0.03282,-0.00178,-0.06502,-0.04061,-0.06128,-0.05754,0.07681,0.01617,-0.00200,0.06111,0.05464,-0.00016,-0.00069,-0.00827,-0.01045,-0.00070
271,91,push pink cup,robot_3cam,"robot demo
push cup right",True,0.37891,0.34411,0.33280,0.30353,0.34960,0.16387,0.10442,0.11003,0.11106,0.10652,0.28205,0.12201,0.12875,0.19748,0.21063,-1.48876,-2.10472,-2.07504,-2.08776,-1.88097,1.29243,1.46119,1.45910,1.14082,1.43685,-0.82731,-0.40435,-0.49072,-0.60549,-0.71159,0.05082,0.35992,0.35989,0.39402,0.53401,-0.00203,-0.01165,-0.01254,-0.01013,-0.00399,0.01692,0.02751,0.01732,0.01678,0.02480,-0.01351,-0.00443,-0.01518,-0.01038,-0.00941,-0.04019,-0.03805,-0.01703,-0.06956,-0.04013,0.01092,-0.06034,-0.03339,-0.04602,-0.04472,0.06087,0.02150,0.01144,0.06924,0.06441,-0.00008,-0.00032,-0.00682,-0.00923,-0.00923
271,92,push pink cup,robot_3cam,"robot demo
push cup right",True,0.38124,0.34151,0.32977,0.29901,0.33931,0.16395,0.10679,0.10744,0.12114,0.09861,0.28038,0.11910,0.11922,0.19039,0.19967,-1.49006,-2.11309,-2.07923,-2.09436,-1.89150,1.30485,1.46056,1.46579,1.12833,1.55804,-0.82750,-0.39473,-0.48110,-0.58541,-0.64586,0.05082,0.35614,0.35850,0.32590,0.46202,0.00086,-0.01093,-0.00918,-0.01030,-0.00342,0.01395,0.02528,0.01534,0.01421,0.02493,-0.01792,-0.00920,-0.01722,-0.01428,-0.01163,-0.05275,-0.04095,-0.02463,-0.06883,-0.04257,0.02712,-0.05036,-0.02025,-0.03267,-0.04255,0.04879,0.02824,0.02040,0.07445,0.06625,-0.00016,0.00104,-0.00472,-0.01372,-0.00430
271,93,push pink cup,robot_3cam,"robot demo
push cup right",True,0.38218,0.34634,0.33722,0.31145,0.32347,0.16598,0.10790,0.11608,0.12189,0.12176,0.27498,0.11546,0.10997,0.18800,0.17626,-1.51541,-2.16207,-2.15444,-1.87415,-1.97077,1.31557,1.49955,1.49772,1.26608,1.71894,-0.82113,-0.34851,-0.40935,-0.56762,-0.46053,0.05082,0.36317,0.36996,0.12724,0.43241,0.00372,-0.00539,-0.00359,-0.00556,-0.00139,0.01068,0.02133,0.01383,0.00982,0.01860,-0.02170,-0.01561,-0.02271,-0.02087,-0.01559,-0.06161,-0.05434,-0.04286,-0.06476,-0.04531,0.04125,-0.02403,0.00164,-0.00697,-0.01819,0.04131,0.04760,0.04278,0.08542,0.06060,-0.00016,0.00357,-0.00090,-0.01448,0.00310
271,94,push pink cup,robot_3cam,"robot demo
push cup right",True,0.38416,0.34716,0.33704,0.30895,0.32031,0.16800,0.10894,0.13591,0.12884,0.15322,0.26963,0.11380,0.10919,0.18507,0.17893,-1.53966,-2.18525,-2.20190,-1.90598,-2.03766,1.32798,1.51569,1.47547,1.28085,1.69866,-0.81762,-0.32524,-0.38595,-0.55450,-0.41339,0.05082,0.36738,0.35914,0.00123,0.34398,0.00524,-0.00300,0.00083,-0.00409,0.00099,0.00938,0.01743,0.01301,0.00694,0.01596,-0.02438,-0.01933,-0.02692,-0.02416,-0.01906,-0.06728,-0.05651,-0.05712,-0.05605,-0.05050,0.05019,-0.00819,0.01958,0.01415,-0.00062,0.04330,0.05445,0.05884,0.09280,0.06498,-0.00049,0.00516,0.00230,-0.00950,0.01558
271,95,push pink cup,robot_3cam,"robot demo
push cup right",True,0.38587,0.35016,0.33242,0.31152,0.32131,0.16903,0.11155,0.13781,0.13702,0.15848,0.26597,0.10443,0.10485,0.17970,0.16814,-1.55663,-2.23022,-2.21541,-1.90186,-2.02416,1.33909,1.54454,1.47273,1.30156,1.73078,-0.81316,-0.27697,-0.37955,-0.50946,-0.40905,0.05082,0.38796,0.34434,-0.01009,0.27713,0.00566,-0.00050,0.00726,-0.00236,0.00476,0.00871,0.01420,0.00973,0.00499,0.01269,-0.02463,-0.02171,-0.03086,-0.02551,-0.02279,-0.06676,-0.05891,-0.07224,-0.04970,-0.05397,0.05110,0.00542,0.04458,0.02769,0.01733,0.04367,0.06040,0.07680,0.09252,0.05998,-0.00049,0.00672,0.00608,0.00103,0.01938
271,96,push pink cup,robot_3cam,"robot demo
push cup right",True,0.38678,0.35187,0.33408,0.31329,0.32735,0.17056,0.11140,0.12661,0.13974,0.14199,0.26508,0.09902,0.09444,0.17891,0.15423,-1.55667,-2.24737,-2.20610,-1.90186,-1.99517,1.34577,1.55897,1.50123,1.31525,1.78492,-0.80194,-0.25669,-0.37012,-0.49811,-0.41625,0.05082,0.39792,0.35907,-0.01101,0.29315,0.00484,0.00064,0.00832,-0.00143,0.00516,0.00919,0.01303,0.00830,0.00439,0.01502,-0.02376,-0.02210,-0.02848,-0.02536,-0.01988,-0.06680,-0.05965,-0.06957,-0.04698,-0.05918,0.04587,0.01028,0.04602,0.03129,0.01071,0.04536,0.06220,0.07389,0.09026,0.05876,-0.00049,0.00734,0.00629,0.00668,0.01426
271,97,push pink cup,robot_3cam,"robot demo
push cup right",True,0.38649,0.35651,0.33336,0.32197,0.33339,0.17375,0.11864,0.13089,0.14773,0.14382,0.26376,0.09488,0.09029,0.18610,0.15115,-1.55896,-2.29656,-2.21494,-1.88745,-1.99129,1.34594,1.57252,1.49354,1.36865,1.77259,-0.78255,-0.21036,-0.35935,-0.51189,-0.42686,0.05082,0.42417,0.36325,0.04557,0.30437,0.00219,-0.00026,0.00742,-0.00192,0.00423,0.01075,0.01353,0.00821,0.00388,0.01677,-0.02125,-0.02040,-0.02852,-0.02422,-0.02020,-0.07112,-0.05731,-0.06740,-0.03743,-0.06543,0.03402,0.00641,0.04434,0.03295,0.00775,0.05186,0.05909,0.07106,0.08738,0.06337,-0.00041,0.00689,0.00679,0.00885,0.01585
271,98,push pink cup,robot_3cam,"robot demo
push cup right",True,0.38579,0.35572,0.33459,0.32468,0.34462,0.17961,0.12281,0.12590,0.15124,0.12071,0.26335,0.08693,0.08104,0.17921,0.14434,-1.56979,-2.29280,-2.21016,-1.84584,-1.91811,1.33912,1.55167,1.50453,1.33683,1.86129,-0.76848,-0.20643,-0.34808,-0.52561,-0.45629,0.05082,0.43179,0.38765,0.16740,0.43116,-0.00045,-0.00313,0.00294,-0.00501,0.00208,0.01351,0.01692,0.00942,0.00537,0.02273,-0.01826,-0.01516,-0.02494,-0.01917,-0.01708,-0.07640,-0.04998,-0.05438,-0.03110,-0.08327,0.02313,-0.01162,0.02745,0.00833,-0.00586,0.05970,0.04660,0.05493,0.08295,0.06607,-0.00041,0.00621,0.00421,0.00494,0.00978
271,99,push pink cup,robot_3cam,"robot demo
push cup right",True,0.38540,0.35873,0.33785,0.33314,0.35205,0.18200,0.12289,0.11387,0.15124,0.09076,0.26266,0.08378,0.07380,0.18611,0.13395,-1.58398,-2.29433,-2.20304,-1.82100,-1.81739,1.34046,1.55244,1.53468,1.34321,1.85608,-0.76196,-0.20185,-0.33293,-0.55836,-0.49800,0.05082,0.44127,0.41074,0.27504,0.52426,-0.00287,-0.00425,-0.00031,-0.00605,0.00112,0.01477,0.02070,0.00995,0.00739,0.02754,-0.01444,-0.01013,-0.02234,-0.01576,-0.01487,-0.07875,-0.04879,-0.04468,-0.03415,-0.08999,0.01557,-0.02552,0.01492,-0.00383,-0.02303,0.06233,0.04029,0.04391,0.07631,0.07058,-0.00008,0.00509,0.00222,-0.00068,-0.00015
271,100,push pink cup,robot_3cam,"robot demo
push cup right",True,0.38496,0.35817,0.34337,0.34428,0.34619,0.18525,0.12233,0.11095,0.14142,0.08288,0.26197,0.08837,0.07078,0.19556,0.14917,-1.60138,-2.25647,-2.20214,-1.75779,-1.84801,1.33950,1.52350,1.54813,1.45670,1.63474,-0.74847,-0.24231,-0.32991,-0.58821,-0.56957,0.05082,0.42381,0.44890,0.31788,0.56287,-0.00430,-0.00422,-0.00598,-0.00634,-0.00011,0.01531,0.02522,0.01206,0.01047,0.03647,-0.01178,-0.00305,-0.01242,-0.01241,-0.00579,-0.08278,-0.04813,-0.02158,-0.04548,-0.07410,0.01496,-0.04029,-0.01231,-0.01324,-0.07055,0.06296,0.03215,0.01415,0.07177,0.06922,0.00000,0.00398,-0.00349,-0.00216,-0.00325
271,101,push pink cup,robot_3cam,"robot demo
push cup right",True,0.38470,0.35885,0.34313,0.35527,0.34071,0.18719,0.12813,0.11674,0.14326,0.08778,0.25970,0.08828,0.07509,0.19759,0.15606,-1.62110,-2.25907,-2.20194,-1.76050,-1.95553,1.34591,1.50625,1.53021,1.49583,1.56271,-0.73674,-0.24206,-0.33974,-0.57802,-0.58495,0.05082,0.42456,0.45579,0.43414,0.57177,-0.00515,-0.00478,-0.00924,-0.00551,-0.00149,0.01601,0.02833,0.01346,0.01293,0.03890,-0.00945,0.00161,-0.00873,-0.00903,-0.00289,-0.08334,-0.04675,-0.01108,-0.04679,-0.07834,0.01713,-0.05124,-0.02556,-0.02021,-0.08144,0.06597,0.02588,0.00021,0.05494,0.06682,0.00008,0.00343,-0.00607,-0.00320,-0.01089
271,102,push pink cup,robot_3cam,"robot demo
push cup right",True,0.38391,0.36041,0.34927,0.35778,0.34256,0.19167,0.13314,0.11476,0.14727,0.08284,0.25676,0.08871,0.07752,0.19665,0.16254,-1.64391,-2.26256,-2.21842,-1.77453,-1.95323,1.35176,1.48938,1.55044,1.49973,1.54138,-0.72263,-0.24219,-0.32113,-0.57046,-0.59803,0.05082,0.42171,0.47114,0.45160,0.55684,-0.00495,-0.00426,-0.01006,-0.00419,-0.00124,0.01537,0.03051,0.01389,0.01515,0.04131,-0.00829,0.00621,-0.00570,-0.00552,-0.00118,-0.08127,-0.04586,-0.00587,-0.05370,-0.08221,0.02268,-0.05811,-0.03141,-0.02337,-0.08006,0.06370,0.02072,-0.00590,0.04326,0.06944,0.00000,0.00328,-0.00728,0.00094,-0.01406
271,103,push pink cup,robot_3cam,"robot demo
push cup right",True,0.38160,0.36321,0.34986,0.36028,0.33613,0.19529,0.13229,0.11430,0.14596,0.09720,0.25241,0.08859,0.07895,0.19681,0.16309,-1.67336,-2.27254,-2.21059,-1.72272,-2.01875,1.35973,1.50243,1.54949,1.52201,1.47680,-0.71062,-0.23263,-0.32763,-0.57628,-0.54829,0.05082,0.42645,0.46636,0.42046,0.49824,-0.00547,-0.00281,-0.00932,-0.00305,-0.00155,0.01413,0.03069,0.01366,0.01510,0.03785,-0.00901,0.00704,-0.00522,-0.00556,-0.00201,-0.07917,-0.04873,-0.00639,-0.04854,-0.08710,0.03612,-0.05568,-0.02969,-0.01694,-0.06498,0.06744,0.02305,-0.00491,0.04154,0.07179,0.00008,0.00340,-0.00655,0.00274,-0.00905
271,104,push pink cup,robot_3cam,"robot demo
push cup right",True,0.38119,0.36092,0.34894,0.35912,0.33360,0.19703,0.13434,0.11090,0.15750,0.10035,0.24841,0.08888,0.07801,0.19919,0.16056,-1.68792,-2.26848,-2.19773,-1.75970,-2.03354,1.37784,1.49321,1.55126,1.46102,1.47233,-0.69796,-0.23719,-0.33549,-0.60181,-0.52321,0.05082,0.42193,0.46086,0.32257,0.47576,-0.00538,-0.00204,-0.00817,-0.00233,-0.00201,0.01205,0.02905,0.01294,0.01405,0.03526,-0.01063,0.00708,-0.00536,-0.00565,-0.00283,-0.07759,-0.04641,-0.00803,-0.04577,-0.08382,0.04749,-0.05136,-0.02589,-0.01285,-0.05853,0.06576,0.02154,-0.00248,0.04357,0.07258,0.00008,0.00406,-0.00557,0.00733,-0.00577
271,105,push pink cup,robot_3cam,"robot demo
push cup right",True,0.38107,0.36332,0.35340,0.35406,0.34806,0.19729,0.14265,0.11045,0.16690,0.09402,0.24446,0.08808,0.08664,0.21001,0.17804,-1.69666,-2.31623,-2.21259,-1.73583,-1.90883,1.39833,1.50017,1.56413,1.47120,1.52903,-0.68459,-0.19553,-0.31908,-0.61362,-0.58202,0.05082,0.44201,0.45369,0.31249,0.43229,-0.00533,-0.00379,-0.00898,-0.00512,-0.00271,0.01113,0.02814,0.01422,0.01345,0.02829,-0.01302,0.00537,-0.01007,-0.00799,-0.00813,-0.07722,-0.04379,-0.01465,-0.06351,-0.07072,0.05353,-0.05130,-0.02543,-0.01824,-0.02964,0.07042,0.02102,0.00760,0.06169,0.07542,0.00008,0.00377,-0.00484,0.00171,-0.00956
271,106,push pink cup,robot_3cam,"robot demo
push cup right",True,0.37920,0.35790,0.35387,0.35402,0.34678,0.19863,0.14470,0.11979,0.17123,0.12372,0.23851,0.09061,0.09106,0.20528,0.18085,-1.71610,-2.29475,-2.22504,-1.87414,-1.99772,1.41729,1.47519,1.54822,1.42541,1.45415,-0.66580,-0.21641,-0.31605,-0.61181,-0.54123,0.05082,0.42815,0.44288,0.26107,0.37287,-0.00515,-0.00462,-0.00865,-0.00597,-0.00350,0.00984,0.02646,0.01484,0.01378,0.02454,-0.01566,0.00432,-0.01262,-0.00828,-0.01078,-0.07331,-0.03867,-0.01953,-0.07740,-0.05523,0.05777,-0.04975,-0.02230,-0.02488,-0.02248,0.07215,0.01733,0.01375,0.06721,0.07450,0.00016,0.00434,-0.00354,-0.00049,0.00064
271,107,push pink cup,robot_3cam,"robot demo
push cup right",True,0.37682,0.35617,0.34993,0.34290,0.34091,0.20178,0.15195,0.12133,0.18716,0.14619,0.23231,0.08547,0.10315,0.20103,0.17787,-1.73668,-2.33593,-2.19869,-1.98548,-2.02840,1.42918,1.48292,1.52460,1.37121,1.51511,-0.64101,-0.17642,-0.34710,-0.58715,-0.44940,0.05082,0.44196,0.40380,0.17094,0.28286,-0.00462,-0.00445,-0.00625,-0.00740,-0.00399,0.00853,0.02163,0.01434,0.01039,0.01724,-0.01958,-0.00113,-0.01791,-0.01307,-0.01446,-0.07510,-0.03631,-0.03096,-0.07601,-0.03218,0.06254,-0.03567,-0.01016,-0.00893,-0.00780,0.07213,0.02131,0.02950,0.08962,0.06885,0.00106,0.00585,-0.00008,0.00926,0.01281
271,108,push pink cup,robot_3cam,"robot demo
push cup right",True,0.37527,0.35697,0.35105,0.32932,0.33919,0.20299,0.15710,0.12567,0.20286,0.17477,0.22615,0.07778,0.11251,0.19442,0.17169,-1.75489,-2.38596,-2.20291,-2.05085,-2.14071,1.44141,1.50413,1.51730,1.29394,1.50910,-0.62838,-0.12409,-0.34917,-0.54029,-0.38556,0.05082,0.46555,0.38459,0.19981,0.25989,-0.00421,-0.00562,-0.00580,-0.00844,-0.00289,0.00793,0.01843,0.01535,0.00741,0.01420,-0.02268,-0.00690,-0.02294,-0.01665,-0.01679,-0.07845,-0.03531,-0.04016,-0.05943,-0.01584,0.05824,-0.02696,-0.00536,0.00592,0.00120,0.07013,0.02616,0.04207,0.09623,0.07071,0.00211,0.00671,0.00146,0.02071,0.01220
271,109,push pink cup,robot_3cam,"robot demo
push cup right",True,0.37500,0.35779,0.35416,0.33249,0.34956,0.20452,0.15717,0.13293,0.19610,0.19355,0.22079,0.08000,0.12624,0.19340,0.19149,-1.77081,-2.39893,-2.21663,-2.02412,-2.20617,1.44756,1.51322,1.50710,1.29502,1.48891,-0.61583,-0.11175,-0.34872,-0.53746,-0.42101,0.05246,0.46668,0.37496,0.20752,0.29522,-0.00350,-0.00644,-0.00745,-0.00917,-0.00310,0.00808,0.01758,0.01735,0.00639,0.01293,-0.02568,-0.01130,-0.02494,-0.01977,-0.01943,-0.07983,-0.03795,-0.04194,-0.04546,-0.01067,0.05581,-0.02268,-0.00995,0.01289,0.00601,0.07176,0.03217,0.04491,0.09827,0.07810,0.00325,0.00693,0.00089,0.01797,0.01227
271,110,push pink cup,robot_3cam,"robot demo
push cup right",True,0.37463,0.35559,0.34583,0.33489,0.34790,0.20540,0.16083,0.14383,0.19312,0.22213,0.21530,0.08018,0.14379,0.18251,0.19376,-1.78595,-2.40976,-2.18167,-2.05639,-2.27134,1.45733,1.50793,1.44976,1.30393,1.36689,-0.60808,-0.10246,-0.40567,-0.48289,-0.39862,0.05410,0.46042,0.31952,0.23240,0.27697,-0.00254,-0.00583,-0.00486,-0.00870,-0.00030,0.00783,0.01486,0.01758,0.00492,0.01598,-0.02985,-0.01603,-0.03089,-0.02236,-0.02213,-0.08090,-0.03944,-0.05538,-0.03436,-0.01617,0.06078,-0.01195,0.00317,0.02471,0.00367,0.07330,0.03793,0.06199,0.09664,0.08696,0.00625,0.00830,0.00426,0.02989,0.01876
271,111,push pink cup,robot_3cam,"robot demo
push cup right",True,0.37424,0.35641,0.33703,0.33468,0.35365,0.20820,0.16739,0.15689,0.18792,0.23319,0.20644,0.08305,0.16480,0.17938,0.20508,-1.80771,-2.44128,-2.16390,-2.02434,-2.29285,1.47192,1.50779,1.39341,1.35959,1.34392,-0.59289,-0.07967,-0.45663,-0.44408,-0.40906,0.05738,0.45599,0.26301,0.22294,0.27314,-0.00158,-0.00555,-0.00129,-0.00744,0.00322,0.00819,0.01416,0.01764,0.00499,0.01927,-0.03343,-0.02246,-0.03852,-0.02527,-0.02675,-0.08348,-0.04766,-0.07328,-0.02158,-0.03540,0.06201,-0.00290,0.02074,0.02966,0.00480,0.07645,0.05009,0.08394,0.09119,0.09393,0.01420,0.00916,0.00715,0.03428,0.01469
271,112,push pink cup,robot_3cam,"robot demo
push cup right",True,0.37381,0.35740,0.34111,0.32125,0.35774,0.21043,0.17000,0.17589,0.19082,0.22506,0.19809,0.07783,0.16628,0.16625,0.21961,-1.82858,-2.47783,-2.23222,-2.07969,-2.20095,1.48544,1.52663,1.38441,1.44465,1.40676,-0.57507,-0.04303,-0.41003,-0.36440,-0.45427,0.05902,0.46491,0.27264,0.28787,0.17161,-0.00140,-0.00549,-0.00046,-0.00667,0.00343,0.00994,0.01239,0.01786,0.00539,0.02371,-0.03694,-0.02978,-0.04014,-0.02849,-0.03012,-0.08861,-0.05449,-0.07771,-0.03060,-0.06118,0.05917,0.00780,0.02554,0.03505,0.01440,0.08235,0.06229,0.08810,0.08598,0.11491,0.02743,0.01023,0.00791,0.03640,0.01134
271,113,push pink cup,robot_3cam,"robot demo
push cup right",True,0.37342,0.35285,0.34267,0.32880,0.36061,0.21190,0.18356,0.17897,0.18720,0.22121,0.19000,0.08428,0.17988,0.16051,0.21397,-1.84562,-2.48199,-2.24179,-2.06265,-2.15112,1.50120,1.48228,1.37879,1.45529,1.36251,-0.55744,-0.04957,-0.40410,-0.35180,-0.44499,0.06066,0.42808,0.25078,0.27692,0.10263,0.00011,-0.00344,0.00071,-0.00577,0.00510,0.00998,0.01267,0.01717,0.00741,0.02632,-0.03933,-0.03598,-0.04464,-0.03268,-0.03322,-0.08864,-0.06618,-0.08533,-0.04114,-0.08462,0.05842,0.01875,0.03414,0.03277,0.01673,0.07758,0.07596,0.09970,0.09304,0.13766,0.04099,0.01276,0.01096,0.04457,-0.00039
271,114,push pink cup,robot_3cam,"robot demo
push cup right",True,0.37391,0.34500,0.33905,0.34179,0.36419,0.21467,0.19532,0.20738,0.18558,0.20862,0.18005,0.08980,0.18157,0.15336,0.20300,-1.86580,-2.47849,-2.29578,-2.09894,-2.09799,1.51320,1.44081,1.32821,1.55367,1.35764,-0.53752,-0.06038,-0.37716,-0.36135,-0.46990,0.09016,0.39452,0.23303,0.27776,0.03109,0.00107,-0.00172,0.00371,-0.00458,0.00726,0.01080,0.00997,0.01531,0.00788,0.02529,-0.04280,-0.04352,-0.04926,-0.03722,-0.03746,-0.09378,-0.07247,-0.09519,-0.04940,-0.08388,0.05825,0.03487,0.05139,0.03442,0.01605,0.07343,0.08705,0.11073,0.09755,0.13026,0.05535,0.01560,0.01583,0.05282,0.00365
271,115,push pink cup,robot_3cam,"robot demo
push cup right",True,0.37442,0.33532,0.33901,0.34498,0.35993,0.21653,0.19867,0.21126,0.18941,0.19446,0.17089,0.09359,0.17021,0.13750,0.18464,-1.88625,-2.43065,-2.33472,-2.08596,-2.05232,1.52379,1.39059,1.33616,1.51814,1.45479,-0.52740,-0.10614,-0.33364,-0.38504,-0.42939,0.12951,0.34427,0.25106,0.25850,0.01548,0.00140,0.00011,0.00413,-0.00467,0.00557,0.01134,0.00870,0.01382,0.00919,0.02042,-0.04307,-0.04965,-0.04987,-0.03967,-0.04029,-0.09165,-0.07909,-0.09512,-0.06355,-0.06741,0.05348,0.04647,0.05559,0.02615,0.00969,0.06865,0.09648,0.11002,0.10503,0.11875,0.06477,0.01852,0.01690,0.05512,0.01232
271,116,push pink cup,robot_3cam,"robot demo
push cup right",True,0.37427,0.33133,0.33960,0.33858,0.34786,0.21954,0.20350,0.23011,0.19745,0.20223,0.16298,0.09143,0.15198,0.12542,0.16931,-1.90737,-2.42831,-2.41093,-2.12809,-2.07855,1.52827,1.37207,1.33009,1.47519,1.51455,-0.51721,-0.11223,-0.26949,-0.38848,-0.35266,0.16230,0.32073,0.28161,0.25039,0.07942,0.00081,0.00277,0.00504,-0.00283,0.00424,0.01198,0.00821,0.01277,0.01044,0.01788,-0.04430,-0.05522,-0.04966,-0.04142,-0.04310,-0.09140,-0.09052,-0.09559,-0.08090,-0.06392,0.05566,0.05875,0.06068,0.02375,0.00780,0.06747,0.11015,0.10762,0.10683,0.11068,0.07102,0.02060,0.01745,0.05389,0.02371
271,117,push pink cup,robot_3cam,"robot demo
push cup right",True,0.37417,0.33031,0.33066,0.35066,0.34026,0.22226,0.21756,0.24027,0.19957,0.20418,0.15446,0.08426,0.13970,0.11867,0.16408,-1.92685,-2.47374,-2.40204,-2.14963,-2.10361,1.53689,1.35803,1.28856,1.59559,1.56619,-0.50713,-0.06919,-0.28094,-0.36757,-0.34090,0.17705,0.33221,0.28405,0.31382,0.16076,0.00047,0.00083,0.00256,-0.00396,0.00115,0.01181,0.00899,0.01263,0.01135,0.01554,-0.04471,-0.05814,-0.04878,-0.04140,-0.04455,-0.08883,-0.09140,-0.08837,-0.08373,-0.04639,0.05718,0.05633,0.05486,0.02360,0.01956,0.06225,0.11195,0.09677,0.10065,0.10324,0.08108,0.02133,0.01716,0.06728,0.04366
271,118,push pink cup,robot_3cam,"robot demo
push cup right",True,0.37427,0.32999,0.32648,0.36440,0.34249,0.22561,0.21630,0.25237,0.19468,0.21997,0.14618,0.07619,0.11555,0.10647,0.15879,-1.93910,-2.48495,-2.42009,-2.14636,-2.11258,1.55062,1.37372,1.26632,1.75903,1.62909,-0.49542,-0.04688,-0.25865,-0.36131,-0.35848,0.18033,0.34457,0.30985,0.36401,0.28168,-0.00023,0.00017,0.00101,-0.00438,-0.00077,0.01201,0.00777,0.01198,0.01093,0.01637,-0.04413,-0.06060,-0.04501,-0.04162,-0.04259,-0.08590,-0.09030,-0.07864,-0.07326,-0.04922,0.05666,0.05886,0.04937,0.02557,0.02252,0.06163,0.11331,0.08207,0.09223,0.11471,0.09772,0.02211,0.01710,0.07212,0.10021
271,119,push pink cup,robot_3cam,"robot demo
push cup right",True,0.37388,0.32747,0.32007,0.37158,0.36057,0.22803,0.21033,0.24799,0.19748,0.23966,0.13814,0.07020,0.08654,0.09844,0.13475,-1.95015,-2.45008,-2.39894,-2.07943,-2.15568,1.56574,1.36651,1.26543,1.72771,1.63517,-0.47962,-0.06847,-0.25526,-0.37203,-0.38447,0.19016,0.33211,0.32956,0.32974,0.42677,-0.00119,-0.00043,0.00018,-0.00520,-0.00207,0.01268,0.00998,0.01077,0.01184,0.01712,-0.04285,-0.06102,-0.04315,-0.04018,-0.03748,-0.08339,-0.09286,-0.07257,-0.07503,-0.05034,0.05208,0.05314,0.04694,0.01499,0.01445,0.06544,0.11430,0.07323,0.08462,0.11255,0.12451,0.02256,0.01741,0.07189,0.13327
271,120,push pink cup,robot_3cam,"robot demo
push cup right",True,0.37450,0.32365,0.31576,0.36663,0.37199,0.23002,0.20464,0.26094,0.20430,0.24699,0.13110,0.06864,0.06604,0.09313,0.11033,-1.96239,-2.41219,-2.43237,-2.07782,-2.12616,1.57826,1.35619,1.24685,1.62586,1.62241,-0.46863,-0.09882,-0.22149,-0.37156,-0.40393,0.24754,0.31506,0.34847,0.29828,0.55338,-0.00171,-0.00065,0.00000,-0.00544,-0.00332,0.01288,0.01079,0.00918,0.01236,0.02190,-0.04113,-0.06246,-0.04301,-0.03948,-0.03985,-0.08125,-0.09503,-0.06975,-0.07638,-0.08114,0.04694,0.05189,0.04978,0.00735,0.00380,0.06324,0.11635,0.06767,0.07702,0.13167,0.15373,0.02293,0.01872,0.06870,0.14725
271,121,push pink cup,robot_3cam,"robot demo
push cup right",True,0.37441,0.32327,0.31733,0.36591,0.38087,0.23269,0.20205,0.24608,0.20628,0.23956,0.12321,0.06340,0.05175,0.08259,0.07327,-1.97999,-2.39734,-2.40921,-2.04213,-2.08226,1.58442,1.35512,1.27967,1.62755,1.59643,-0.45698,-0.10367,-0.21004,-0.34335,-0.37770,0.32459,0.30850,0.35826,0.30230,0.58359,-0.00176,0.00006,-0.00033,-0.00531,-0.00322,0.01220,0.01236,0.00818,0.01324,0.02059,-0.03821,-0.06222,-0.04394,-0.03832,-0.03686,-0.07951,-0.09851,-0.06910,-0.06875,-0.05886,0.03907,0.05002,0.04993,-0.00323,-0.00710,0.05487,0.11834,0.06893,0.07384,0.12223,0.18254,0.02376,0.02030,0.06545,0.13647
271,122,push pink cup,robot_3cam,"robot demo
push cup right",True,0.37530,0.32651,0.32118,0.35871,0.37656,0.23537,0.19322,0.22532,0.20248,0.22956,0.11808,0.05406,0.05095,0.07193,0.05758,-1.99036,-2.38832,-2.37480,-2.07791,-2.13419,1.58770,1.38032,1.32084,1.61945,1.57142,-0.45083,-0.09911,-0.20772,-0.28493,-0.32456,0.40164,0.32217,0.34728,0.32019,0.53721,-0.00123,0.00100,0.00083,-0.00471,-0.00332,0.01112,0.01343,0.00763,0.01303,0.01293,-0.03387,-0.05818,-0.04763,-0.03516,-0.03524,-0.07190,-0.09743,-0.07599,-0.05750,-0.02406,0.03433,0.04557,0.05539,-0.00817,0.00001,0.04952,0.11455,0.08150,0.06885,0.10619,0.20892,0.02356,0.02337,0.06163,0.12186
271,123,push pink cup,robot_3cam,"robot demo
push cup right",True,0.37560,0.33342,0.32072,0.34150,0.36065,0.23763,0.18321,0.20142,0.20338,0.22239,0.11375,0.04144,0.05145,0.05990,0.04362,-2.00073,-2.40486,-2.32176,-2.25359,-2.22709,1.59098,1.42649,1.35439,1.58156,1.53910,-0.44471,-0.07006,-0.23463,-0.20041,-0.25909,0.46885,0.35159,0.33875,0.35156,0.49730,-0.00129,0.00177,0.00137,-0.00371,-0.00316,0.01077,0.01390,0.00710,0.01247,0.00961,-0.02962,-0.05486,-0.04870,-0.03192,-0.03370,-0.06695,-0.09680,-0.07817,-0.05104,-0.02155,0.03000,0.04272,0.05654,-0.01065,0.00603,0.04518,0.11247,0.08656,0.06157,0.09292,0.22905,0.02295,0.02340,0.05453,0.09028
271,124,push pink cup,robot_3cam,"robot demo
push cup right",True,0.37577,0.34322,0.32978,0.32411,0.35914,0.24067,0.17531,0.18095,0.20721,0.23513,0.11064,0.02560,0.04810,0.05013,0.04595,-2.01090,-2.44708,-2.31528,-2.35708,-2.33158,1.58954,1.48601,1.41826,1.50376,1.51738,-0.43929,-0.01670,-0.21913,-0.12615,-0.21890,0.51803,0.40015,0.36289,0.36611,0.46180,-0.00029,0.00236,0.00125,-0.00242,-0.00282,0.00943,0.01415,0.00768,0.01138,0.01005,-0.02387,-0.04931,-0.04606,-0.02766,-0.02992,-0.05373,-0.09313,-0.07576,-0.03778,-0.00707,0.02948,0.03793,0.05079,-0.01295,-0.00162,0.04004,0.10661,0.08493,0.05647,0.08416,0.24853,0.02182,0.02104,0.04860,0.07161
271,125,push pink cup,robot_3cam,"robot demo
push cup right",True,0.37621,0.35143,0.33358,0.29897,0.35608,0.24221,0.15943,0.14835,0.20434,0.23140,0.10743,0.01214,0.05335,0.02904,0.05961,-2.02153,-2.44505,-2.24286,-2.34518,-2.39055,1.59300,1.54179,1.47440,1.27731,1.53300,-0.43434,-0.00059,-0.27102,-0.06911,-0.20657,0.57049,0.43392,0.36041,0.31467,0.45994,0.00025,0.00409,0.00313,-0.00115,0.00013,0.00978,0.01528,0.00810,0.01004,0.00871,-0.01910,-0.04109,-0.04260,-0.02207,-0.02267,-0.04690,-0.08938,-0.07629,-0.03054,0.01255,0.02423,0.03090,0.04860,-0.01765,-0.00966,0.04259,0.09833,0.08712,0.05038,0.05295,0.28367,0.02070,0.01803,0.03551,0.04129
271,126,push pink cup,robot_3cam,"robot demo
push cup right",True,0.37666,0.35949,0.33711,0.31163,0.34703,0.24290,0.15171,0.13516,0.20627,0.22549,0.10556,-0.00074,0.05564,0.03470,0.05424,-2.03102,-2.46609,-2.20674,-2.24861,-2.40859,1.60037,1.58816,1.49617,1.28718,1.55172,-0.42901,0.03503,-0.29354,-0.10022,-0.18189,0.65410,0.47951,0.36174,0.45291,0.53827,0.00169,0.00427,0.00363,-0.00078,0.00156,0.00960,0.01597,0.00827,0.00870,0.00852,-0.01404,-0.03114,-0.03812,-0.01799,-0.01912,-0.03848,-0.07891,-0.07137,-0.03090,0.01630,0.01814,0.01978,0.04416,-0.01051,-0.01050,0.04137,0.08291,0.08200,0.04620,0.04040,0.31281,0.01930,0.01720,0.03694,0.04059
271,127,push pink cup,robot_3cam,"robot demo
push cup right",True,0.37721,0.36340,0.33987,0.32176,0.34982,0.24583,0.14309,0.12110,0.20534,0.21499,0.10363,-0.01036,0.04983,0.03661,0.06024,-2.03940,-2.45983,-2.18481,-2.06697,-2.46264,1.60045,1.61966,1.53030,1.39773,1.60293,-0.41363,0.03778,-0.31265,-0.16842,-0.21131,0.76885,0.50303,0.38038,0.48138,0.55366,0.00321,0.00753,0.00651,0.00199,0.00300,0.01013,0.01572,0.00740,0.00808,0.00861,-0.00872,-0.02177,-0.03083,-0.01295,-0.01368,-0.02820,-0.07369,-0.06690,-0.02131,0.00397,0.01048,0.01758,0.04430,0.00441,-0.01362,0.03886,0.07267,0.07484,0.03177,0.02522,0.32953,0.01872,0.01428,0.03601,0.03681
271,128,push pink cup,robot_3cam,"robot demo
push cup right",True,0.37791,0.37095,0.34505,0.33761,0.35090,0.24888,0.13615,0.11319,0.20700,0.21298,0.10284,-0.01632,0.04185,0.04361,0.06636,-2.04507,-2.46861,-2.18655,-2.14866,-2.49789,1.59660,1.65252,1.56317,1.63319,1.55315,-0.39985,0.04955,-0.30695,-0.18515,-0.22765,0.87705,0.52694,0.40545,0.36343,0.53112,0.00540,0.01040,0.00945,0.00444,0.00464,0.00998,0.01696,0.00597,0.00848,0.00860,-0.00451,-0.01239,-0.02305,-0.00853,-0.00906,-0.01698,-0.07131,-0.06097,-0.01342,-0.00563,0.00464,0.01261,0.04547,0.01792,-0.00810,0.03370,0.06453,0.06608,0.02784,0.01971,0.32709,0.01761,0.01276,0.03972,0.03346
271,129,push pink cup,robot_3cam,"robot demo
push cup right",True,0.37895,0.37129,0.34733,0.35153,0.37550,0.25008,0.12496,0.10391,0.20560,0.20519,0.10193,-0.01211,0.03440,0.04145,0.08196,-2.04951,-2.41504,-2.17342,-1.96675,-2.44148,1.59747,1.65487,1.58955,1.69411,1.49620,-0.38871,-0.00032,-0.32000,-0.19389,-0.31906,0.99836,0.52370,0.42143,0.29176,0.61415,0.00651,0.01261,0.01460,0.00775,0.00907,0.00967,0.01767,0.00317,0.00839,0.00784,-0.00113,-0.00155,-0.01487,-0.00462,-0.00506,-0.00913,-0.06310,-0.05744,0.00689,0.01332,0.00015,0.00498,0.05377,0.02056,-0.00074,0.02653,0.04973,0.05990,0.01938,0.00432,0.30680,0.01621,0.01200,0.04289,0.04021
271,130,push pink cup,robot_3cam,"robot demo
push cup right",True,0.38099,0.37096,0.34702,0.35653,0.37823,0.24971,0.12204,0.10368,0.23119,0.19662,0.09915,-0.01075,0.03079,0.05524,0.09935,-2.05576,-2.39743,-2.15857,-2.03107,-2.29193,1.60481,1.65432,1.58550,1.58927,1.46508,-0.38465,-0.01562,-0.34241,-0.25505,-0.40008,1.03770,0.53534,0.43153,0.40104,0.81871,0.00732,0.01312,0.01739,0.01173,0.01138,0.00793,0.01566,0.00131,0.00711,0.00709,0.00064,0.00715,-0.00593,-0.00145,-0.00007,-0.00119,-0.04824,-0.04853,0.01363,0.01419,0.00125,0.00043,0.05495,0.04120,0.00651,0.01624,0.03165,0.04668,-0.00309,-0.00698,0.26833,0.01532,0.01098,0.03025,0.04886
271,131,push pink cup,robot_3cam,"robot demo
push cup right",True,0.38111,0.36852,0.34592,0.34212,0.39279,0.24857,0.12129,0.10704,0.24033,0.18432,0.09552,-0.01292,0.02576,0.05571,0.11279,-2.06482,-2.39276,-2.15830,-2.13929,-2.18996,1.61370,1.65450,1.57812,1.56666,1.51649,-0.38394,-0.01965,-0.35167,-0.23045,-0.51008,1.03934,0.54113,0.44162,0.54814,1.00322,0.00662,0.01404,0.01899,0.01380,0.01330,0.00680,0.01231,0.00021,0.00479,0.00842,0.00109,0.00904,-0.00048,-0.00122,0.00438,0.00314,-0.04064,-0.04297,0.00743,0.01592,0.00271,0.00583,0.05565,0.05792,-0.00344,0.01286,0.02515,0.03769,-0.01239,-0.01389,0.22434,0.01557,0.00998,0.03538,0.05173
271,132,push pink cup,robot_3cam,"robot demo
push cup right",True,0.38157,0.36670,0.34837,0.34317,0.39352,0.24768,0.11919,0.10932,0.24220,0.18699,0.09385,-0.01619,0.01990,0.05659,0.10787,-2.06201,-2.39038,-2.17547,-2.10044,-2.18727,1.62208,1.66151,1.58500,1.52187,1.52805,-0.38403,-0.01608,-0.33051,-0.24407,-0.50614,1.03934,0.55626,0.45705,0.49637,1.09382,0.00540,0.01213,0.01784,0.01274,0.01284,0.00480,0.01038,0.00046,0.00317,0.01034,0.00044,0.01023,0.00105,-0.00029,0.00488,0.00693,-0.03085,-0.03874,0.01047,0.00981,0.00677,0.00307,0.05105,0.05411,-0.00780,0.00867,0.01647,0.03216,-0.01896,-0.00958,0.18343,0.01500,0.00950,0.00486,0.04832
271,133,push pink cup,robot_3cam,"robot demo
push cup right",True,0.38197,0.35839,0.34683,0.33338,0.39072,0.24798,0.11174,0.10606,0.23203,0.18677,0.09417,-0.01472,0.02196,0.04367,0.10705,-2.04996,-2.33818,-2.15998,-2.16056,-2.19173,1.62849,1.64881,1.58134,1.46318,1.51720,-0.38202,-0.05566,-0.34337,-0.22098,-0.49984,1.03934,0.55050,0.45575,0.55588,0.98792,0.00382,0.00966,0.01603,0.01150,0.01117,0.00269,0.00618,0.00106,0.00072,0.01119,-0.00104,0.01052,0.00157,0.00080,0.00428,0.01186,-0.01474,-0.03483,0.01934,0.00953,0.01691,0.00287,0.04491,0.04480,-0.01284,0.00884,0.00332,0.02757,-0.02821,-0.00359,0.15373,0.01498,0.00837,-0.01764,0.04437
271,134,push pink cup,robot_3cam,"robot demo
push cup right",True,0.37970,0.35577,0.34615,0.34095,0.38448,0.24933,0.11060,0.10485,0.23261,0.19688,0.09356,-0.01903,0.02284,0.04593,0.09779,-2.06046,-2.34969,-2.15655,-2.34979,-2.26350,1.61683,1.66205,1.57950,1.50649,1.48104,-0.37202,-0.03523,-0.34068,-0.22412,-0.43980,1.03934,0.57033,0.45405,0.64312,0.74418,0.00201,0.00566,0.01316,0.00681,0.00873,0.00142,0.00315,0.00259,-0.00097,0.01156,-0.00340,0.00644,-0.00111,-0.00006,0.00247,0.01689,-0.00513,-0.03434,0.02884,0.01650,0.02908,0.00254,0.03797,0.01910,-0.01676,0.02000,-0.00110,0.02781,-0.02160,0.00522,0.13027,0.01470,0.00776,-0.02346,0.04389
271,135,push pink cup,robot_3cam,"robot demo
push cup right",True,0.38018,0.35540,0.34937,0.34253,0.38026,0.24947,0.10683,0.10234,0.22339,0.21071,0.09267,-0.02319,0.02183,0.04929,0.08393,-2.04494,-2.36889,-2.17718,-2.34042,-2.46068,1.62539,1.68929,1.59949,1.43749,1.48864,-0.37463,-0.01036,-0.30983,-0.23742,-0.32428,1.03934,0.59087,0.45886,0.77211,0.63165,0.00136,0.00314,0.01069,0.00419,0.00681,-0.00046,-0.00029,0.00453,-0.00192,0.01249,-0.00584,0.00106,-0.00695,-0.00205,0.00049,0.01720,-0.00047,-0.03995,0.02015,0.01156,0.03814,0.00778,0.03416,0.01681,-0.02278,0.02509,0.00042,0.03627,-0.01674,0.01521,0.10519,0.01447,0.00757,-0.00380,0.02225
271,136,push pink cup,robot_3cam,"robot demo
push cup right",True,0.38258,0.35023,0.34921,0.33916,0.37686,0.24813,0.11125,0.10062,0.22862,0.20379,0.09150,-0.02115,0.01857,0.04571,0.07462,-2.03138,-2.36299,-2.17504,-2.38935,-2.49508,1.63246,1.66971,1.60138,1.41244,1.48867,-0.37476,-0.01693,-0.30292,-0.22532,-0.32636,1.03934,0.58940,0.46423,0.87892,0.52704,0.00098,0.00051,0.00815,0.00165,0.00525,-0.00144,-0.00184,0.00555,-0.00309,0.01206,-0.00843,-0.00053,-0.00776,-0.00342,0.00014,0.01516,0.00707,-0.03687,0.01718,0.01217,0.04448,0.00580,0.02691,0.01208,-0.02720,0.03351,-0.00513,0.03297,-0.00994,0.01754,0.08790,0.01435,0.00694,0.00653,0.00571
271,137,push pink cup,robot_3cam,"robot demo
push cup right",True,0.38553,0.34637,0.34991,0.35428,0.37665,0.24671,0.11162,0.10826,0.22996,0.20124,0.08839,-0.02341,0.01965,0.04106,0.07673,-2.01377,-2.36388,-2.20175,-2.36792,-2.51137,1.65633,1.67045,1.59565,1.55100,1.49146,-0.35869,-0.01174,-0.28342,-0.20205,-0.33250,1.03934,0.58929,0.46282,0.93476,0.66822,-0.00018,-0.00007,0.00828,-0.00009,0.00554,-0.00255,-0.00510,0.00580,-0.00420,0.01385,-0.01255,-0.00523,-0.01064,-0.00614,-0.00169,0.00621,0.00936,-0.04151,0.01391,0.00960,0.05382,0.01427,0.03025,0.01270,-0.02747,0.04707,-0.00262,0.03862,-0.00155,0.02289,0.07183,0.01537,0.00781,0.01547,0.04208
271,138,push pink cup,robot_3cam,"robot demo
push cup right",True,0.38406,0.34822,0.34778,0.38711,0.39033,0.24323,0.12033,0.11585,0.23307,0.20445,0.08092,-0.03148,0.01905,0.05216,0.08659,-2.02867,-2.43302,-2.21504,-2.28903,-2.46200,1.68422,1.69713,1.58248,1.78849,1.47672,-0.33313,0.05571,-0.28117,-0.21964,-0.39175,1.04098,0.61502,0.45248,1.02161,0.81323,-0.00131,0.00088,0.01090,-0.00137,0.00726,-0.00381,-0.00946,0.00508,-0.00610,0.01293,-0.01627,-0.01176,-0.01343,-0.00953,-0.00266,-0.00767,0.00686,-0.05006,0.00206,0.01018,0.05790,0.03088,0.04121,0.03210,-0.01892,0.05262,0.00666,0.04845,0.00543,0.01988,0.06006,0.01705,0.00957,0.01170,0.05031
271,139,push pink cup,robot_3cam,"robot demo
push cup right",True,0.38548,0.34508,0.34878,0.37986,0.40737,0.23970,0.13336,0.13494,0.24846,0.22179,0.07655,-0.04218,0.00708,0.04327,0.08075,-2.02852,-2.49471,-2.28224,-2.14879,-2.34683,1.69884,1.70626,1.57418,2.10406,1.54024,-0.32630,0.11758,-0.22197,-0.17410,-0.40583,1.04098,0.62694,0.45413,1.12479,0.99112,-0.00213,0.00435,0.01483,0.00001,0.00949,-0.00593,-0.01673,0.00334,-0.00845,0.01261,-0.01997,-0.02016,-0.01961,-0.01253,-0.00464,-0.02379,0.00388,-0.06482,0.00013,0.00793,0.06118,0.05947,0.06105,0.05153,-0.01265,0.05028,0.01855,0.06597,0.00625,0.01927,0.04862,0.02090,0.01450,0.01314,0.06046
271,140,push pink cup,robot_3cam,"robot demo
push cup right",True,0.38421,0.33786,0.34432,0.36800,0.39763,0.24130,0.14347,0.13840,0.25554,0.22652,0.07335,-0.04301,0.00841,0.02806,0.07290,-2.03473,-2.49806,-2.27153,-2.09586,-2.29269,1.69854,1.67708,1.55228,2.16265,1.56711,-0.31072,0.11957,-0.23227,-0.11232,-0.38957,1.04098,0.61820,0.43842,1.09830,0.90716,-0.00488,0.00364,0.01436,-0.00114,0.00856,-0.00592,-0.01915,0.00318,-0.00903,0.01159,-0.02351,-0.02388,-0.02266,-0.01523,-0.00703,-0.04062,0.00691,-0.06746,-0.00460,0.01089,0.06421,0.06542,0.06348,0.04679,-0.01033,0.05446,0.01859,0.06978,0.01883,0.01854,0.04115,0.02236,0.01613,0.02213,0.06322
271,141,push pink cup,robot_3cam,"robot demo
push cup right",True,0.38214,0.33361,0.34710,0.37026,0.38628,0.24156,0.15764,0.13896,0.25260,0.22403,0.06862,-0.04084,0.01152,0.02415,0.06777,-2.04809,-2.51282,-2.29615,-2.10936,-2.24975,1.70580,1.63619,1.56256,2.22378,1.63533,-0.30478,0.12712,-0.20212,-0.11851,-0.32945,1.04098,0.59777,0.44070,1.09395,0.85677,-0.00675,0.00287,0.01283,-0.00199,0.00673,-0.00717,-0.01863,0.00342,-0.00859,0.01138,-0.02635,-0.02896,-0.02621,-0.01830,-0.01103,-0.05130,0.00218,-0.06944,-0.00589,0.00021,0.07372,0.06828,0.06270,0.05361,-0.01127,0.05332,0.02507,0.07381,0.02636,0.03131,0.03458,0.02397,0.01703,0.02255,0.06477
271,142,push pink cup,robot_3cam,"robot demo
push cup right",True,0.37922,0.32929,0.34775,0.37585,0.37836,0.24124,0.17128,0.13641,0.24651,0.21987,0.06309,-0.03558,0.00943,0.02394,0.05104,-2.06780,-2.52189,-2.30712,-2.13926,-2.20740,1.71514,1.59367,1.57149,2.28696,1.66603,-0.29757,0.12543,-0.17342,-0.11904,-0.29260,1.04098,0.57537,0.44063,1.09082,0.75792,-0.00879,0.00175,0.01014,-0.00260,0.00490,-0.00615,-0.01714,0.00374,-0.00783,0.00942,-0.02859,-0.03351,-0.03152,-0.02106,-0.01742,-0.05882,-0.00351,-0.07135,-0.00966,0.00289,0.07874,0.06833,0.06039,0.06325,-0.00854,0.05894,0.03153,0.07850,0.03031,0.03657,0.02825,0.02490,0.01868,0.03222,0.05153
271,143,push pink cup,robot_3cam,"robot demo
push cup right",True,0.37605,0.32071,0.34869,0.37876,0.38095,0.24143,0.18370,0.14003,0.23600,0.21455,0.05580,-0.02356,0.00597,0.01963,0.03834,-2.08746,-2.48111,-2.32383,-2.20988,-2.20009,1.72822,1.51826,1.56954,2.33341,1.60679,-0.28449,0.07352,-0.14696,-0.07913,-0.30295,1.04262,0.52878,0.44631,1.14904,0.76274,-0.01144,0.00004,0.00759,-0.00382,0.00266,-0.00464,-0.01277,0.00402,-0.00580,0.00991,-0.03055,-0.03439,-0.03358,-0.02159,-0.02075,-0.06828,-0.00782,-0.06885,-0.02370,0.00440,0.08129,0.05820,0.05588,0.06505,-0.00901,0.07371,0.03209,0.07654,0.03070,0.04502,0.02338,0.02523,0.01976,0.03602,0.05410
271,144,push pink cup,robot_3cam,"robot demo
push cup right",True,0.37372,0.31740,0.34293,0.38434,0.35811,0.24147,0.18575,0.12649,0.22181,0.20693,0.05056,-0.01262,0.02506,0.01325,0.02540,-2.10010,-2.44248,-2.24112,-2.12481,-2.26598,1.74519,1.47838,1.54593,2.25212,1.48647,-0.27507,0.02905,-0.21724,-0.09021,-0.28177,1.04262,0.49652,0.41395,1.05681,0.45835,-0.01422,-0.00321,0.00184,-0.00550,-0.00126,-0.00340,-0.00666,0.00613,-0.00237,0.00539,-0.03232,-0.03605,-0.03451,-0.02181,-0.02039,-0.07589,-0.01489,-0.05991,-0.03842,0.02465,0.08754,0.04247,0.03844,0.06072,-0.01270,0.08550,0.03562,0.06857,0.02669,0.04409,0.01964,0.02405,0.01820,0.03057,0.04921
271,145,push pink cup,robot_3cam,"robot demo
push cup right",True,0.37208,0.31625,0.34595,0.37910,0.34863,0.24092,0.19912,0.11491,0.22192,0.18790,0.04425,-0.01354,0.03297,0.01933,0.01424,-2.10744,-2.47393,-2.23655,-2.16137,-2.42383,1.77179,1.45261,1.57025,2.29021,1.52440,-0.25671,0.05121,-0.20325,-0.08502,-0.19665,1.04262,0.48483,0.41011,1.10183,0.32211,-0.01503,-0.00209,-0.00028,-0.00490,-0.00183,-0.00292,-0.00675,0.00592,-0.00218,0.00583,-0.03167,-0.03992,-0.03793,-0.02314,-0.02554,-0.07166,-0.02164,-0.05986,-0.02482,0.00802,0.09514,0.04959,0.03576,0.07016,0.00202,0.09564,0.04383,0.07187,0.02455,0.05143,0.01583,0.02577,0.01911,0.04577,0.02023
271,146,push pink cup,robot_3cam,"robot demo
push cup right",True,0.36960,0.31433,0.35156,0.38918,0.35784,0.24003,0.19782,0.10191,0.21835,0.17475,0.03916,-0.01324,0.03031,0.01513,0.01200,-2.11748,-2.46434,-2.23496,-2.11545,-2.40553,1.79679,1.45120,1.60883,2.30617,1.57785,-0.23289,0.04454,-0.18724,-0.08833,-0.19672,1.04262,0.48322,0.43248,1.08249,0.26893,-0.01562,-0.00292,-0.00267,-0.00551,-0.00314,-0.00250,-0.00716,0.00666,-0.00218,0.00481,-0.03094,-0.04101,-0.03530,-0.02425,-0.02398,-0.06885,-0.02016,-0.05242,-0.03226,0.01294,0.10251,0.04927,0.02491,0.07058,-0.00318,0.10743,0.04329,0.06370,0.02743,0.04450,0.01331,0.02577,0.01677,0.04044,0.01526
271,147,push pink cup,robot_3cam,"robot demo
push cup right",True,0.36802,0.31544,0.35479,0.37972,0.36185,0.23931,0.19226,0.09805,0.22824,0.17961,0.03546,-0.01513,0.02823,0.01124,0.01648,-2.12799,-2.44577,-2.23843,-2.16614,-2.34472,1.81427,1.45919,1.62776,2.27596,1.64138,-0.21005,0.03058,-0.18277,-0.08339,-0.20937,1.04098,0.47981,0.44025,1.09210,0.26216,-0.01468,-0.00069,-0.00041,-0.00455,-0.00169,-0.00335,-0.00627,0.00583,-0.00156,0.00485,-0.02774,-0.03789,-0.03295,-0.02197,-0.02218,-0.06675,-0.02261,-0.05320,-0.02859,0.00452,0.10146,0.04936,0.02909,0.05741,0.00070,0.10286,0.04312,0.06433,0.02337,0.04423,0.01071,0.02591,0.01669,0.03568,0.01901
271,148,push pink cup,robot_3cam,"robot demo
push cup right",True,0.36799,0.31564,0.36073,0.37206,0.36599,0.23850,0.18445,0.08574,0.23771,0.17350,0.03326,-0.01865,0.02278,0.00248,0.01147,-2.13047,-2.42132,-2.24041,-2.32649,-2.30961,1.83192,1.47261,1.67108,2.30442,1.75728,-0.19092,0.01310,-0.16774,-0.06338,-0.19953,1.04262,0.47298,0.45811,1.10160,0.26054,-0.01055,0.00314,0.00212,-0.00265,-0.00015,-0.00474,-0.00669,0.00450,-0.00199,0.00441,-0.02415,-0.03584,-0.02941,-0.02128,-0.02054,-0.05054,-0.02709,-0.05244,-0.02381,-0.01055,0.10383,0.05609,0.03275,0.05146,0.00589,0.08549,0.04620,0.06373,0.01944,0.04243,0.00925,0.02679,0.01642,0.02722,0.01680
271,149,push pink cup,robot_3cam,"robot demo
push cup right",True,0.36643,0.32465,0.36386,0.37471,0.36077,0.23622,0.16353,0.08191,0.23597,0.18437,0.02919,-0.02568,0.01493,0.00378,0.00786,-2.13345,-2.41428,-2.25100,-2.38945,-2.28453,1.86405,1.53961,1.69706,2.33180,1.83823,-0.16492,0.01534,-0.16116,-0.09928,-0.14955,1.04262,0.49399,0.47123,1.07138,0.34041,-0.00575,0.00812,0.00837,0.00072,0.00396,-0.00431,-0.00861,0.00167,-0.00386,0.00791,-0.01903,-0.03078,-0.02452,-0.01933,-0.01626,-0.03170,-0.02930,-0.05587,-0.00849,-0.02931,0.09281,0.06506,0.04745,0.05454,0.00095,0.06920,0.04747,0.06622,0.01091,0.03553,0.00763,0.02623,0.01708,0.02635,0.01154
271,150,push pink cup,robot_3cam,"robot demo
push cup right",True,0.36530,0.32937,0.36478,0.37596,0.35469,0.23403,0.14111,0.08245,0.23040,0.20126,0.02574,-0.02309,0.00624,0.00380,0.00264,-2.13889,-2.35650,-2.24903,-2.30168,-2.38888,1.89206,1.57174,1.70306,2.36218,1.84388,-0.14581,-0.03173,-0.17187,-0.11881,-0.12900,1.04262,0.48390,0.48422,1.11529,0.34952,-0.00096,0.01209,0.01404,0.00357,0.00874,-0.00447,-0.00847,-0.00116,-0.00451,0.01121,-0.01500,-0.02487,-0.01604,-0.01644,-0.00751,-0.01568,-0.03077,-0.05272,0.00694,-0.02633,0.07955,0.06710,0.05766,0.05163,-0.00769,0.05098,0.04581,0.05958,0.00663,0.02041,0.00609,0.02565,0.01718,0.02101,0.01440
271,151,push pink cup,robot_3cam,"robot demo
push cup right",True,0.36455,0.33140,0.36786,0.37814,0.35287,0.23344,0.12557,0.08544,0.22375,0.20493,0.02290,-0.02402,0.00266,-0.00332,-0.00193,-2.14775,-2.31395,-2.26269,-2.10771,-2.42784,1.90167,1.59454,1.71059,2.39462,1.86254,-0.13717,-0.06686,-0.16255,-0.09809,-0.09681,1.04262,0.47782,0.49021,1.13144,0.36393,0.00296,0.01666,0.01828,0.00762,0.01155,-0.00363,-0.00984,-0.00336,-0.00564,0.00801,-0.01069,-0.01934,-0.01224,-0.01359,-0.00484,-0.00244,-0.03073,-0.05373,0.03409,-0.01059,0.06146,0.07341,0.06808,0.04572,0.00172,0.03108,0.04340,0.05996,-0.00288,0.01223,0.00511,0.02575,0.01887,0.00838,0.00956
271,152,push pink cup,robot_3cam,"robot demo
push cup right",True,0.36481,0.33202,0.36890,0.38841,0.36616,0.23282,0.11296,0.07889,0.21519,0.18187,0.02075,-0.02752,0.00023,-0.01385,-0.00149,-2.14861,-2.28694,-2.24816,-2.11625,-2.25663,1.90532,1.62041,1.72227,2.43075,1.95309,-0.13641,-0.08398,-0.17200,-0.06212,-0.16748,1.04262,0.48379,0.49870,1.12236,0.42985,0.00694,0.01887,0.01925,0.01090,0.01228,-0.00356,-0.01216,-0.00433,-0.00660,0.00461,-0.00728,-0.01616,-0.00753,-0.01091,-0.00270,0.01444,-0.02672,-0.04804,0.05075,-0.00218,0.04977,0.07833,0.06687,0.04005,0.00513,0.01642,0.03934,0.05256,-0.01187,0.00214,0.00422,0.02572,0.01811,0.00595,0.00866
271,153,push pink cup,robot_3cam,"robot demo
push cup right",True,0.36585,0.33593,0.36552,0.37685,0.36097,0.23349,0.09947,0.08040,0.21055,0.18370,0.01991,-0.02594,0.00039,-0.00918,-0.00110,-2.14784,-2.25913,-2.22874,-2.04688,-2.16887,1.90175,1.64315,1.70542,2.27101,2.02736,-0.13777,-0.10608,-0.19858,-0.07319,-0.18608,1.04262,0.49304,0.49412,1.10803,0.59636,0.00815,0.01851,0.01993,0.01233,0.01236,-0.00270,-0.01139,-0.00484,-0.00617,0.00102,-0.00496,-0.01013,-0.00459,-0.00791,-0.00101,0.02011,-0.02039,-0.04462,0.05513,0.00399,0.03621,0.06979,0.06673,0.03788,0.01059,0.01150,0.02992,0.04718,-0.01752,-0.00732,0.00333,0.02381,0.01753,0.00942,0.00398
271,154,push pink cup,robot_3cam,"robot demo
push cup right",True,0.36704,0.33925,0.36662,0.35177,0.36165,0.23347,0.10065,0.07632,0.21678,0.18016,0.01906,-0.02426,0.00066,0.01012,-0.00017,-2.14492,-2.27026,-2.21968,-1.98527,-2.15888,1.90504,1.64599,1.71247,2.13076,2.05185,-0.13777,-0.09994,-0.20429,-0.10473,-0.17104,1.04262,0.51509,0.50013,1.14722,0.60350,0.00894,0.01649,0.01909,0.01280,0.01232,-0.00324,-0.01016,-0.00459,-0.00595,0.00209,-0.00374,-0.00244,-0.00225,-0.00478,0.00056,0.02129,-0.00931,-0.03994,0.05810,0.00891,0.03029,0.05585,0.06164,0.03808,0.00319,0.00600,0.01443,0.04141,-0.02493,-0.00994,0.00276,0.02153,0.01631,0.01076,0.01044
271,155,push pink cup,robot_3cam,"robot demo
push cup right",True,0.36858,0.33824,0.36659,0.35013,0.36109,0.23357,0.10144,0.07895,0.21765,0.18882,0.01830,-0.02509,-0.00044,0.01018,0.00236,-2.14090,-2.26830,-2.22207,-1.96814,-2.16224,1.90653,1.64251,1.70837,2.11775,2.05188,-0.13464,-0.10249,-0.20552,-0.10913,-0.16420,1.04262,0.52012,0.50197,1.15587,0.66247,0.00950,0.01584,0.01901,0.01255,0.01208,-0.00283,-0.01021,-0.00427,-0.00583,0.00237,-0.00354,-0.00055,-0.00172,-0.00356,0.00047,0.02066,-0.00534,-0.03945,0.06356,0.00913,0.02645,0.05245,0.06065,0.03064,0.00137,0.00886,0.00945,0.04024,-0.02720,-0.00983,0.00292,0.02102,0.01591,0.00996,0.01239
271,156,push pink cup,robot_3cam,"robot demo
push cup right",True,0.37105,0.34086,0.36537,0.35495,0.36292,0.23196,0.10134,0.07990,0.21761,0.19178,0.01691,-0.02564,-0.00054,0.01176,0.00289,-2.13521,-2.28406,-2.21531,-1.98178,-2.14341,1.91325,1.65464,1.70179,2.13227,2.04650,-0.13585,-0.08914,-0.21240,-0.11627,-0.17325,1.04262,0.52389,0.49673,1.10049,0.68572,0.00952,0.01597,0.01896,0.01252,0.01169,-0.00215,-0.00908,-0.00405,-0.00532,0.00107,-0.00413,-0.00254,-0.00254,-0.00438,-0.00000,0.01957,-0.01141,-0.04068,0.05466,0.01003,0.02314,0.05323,0.06109,0.03867,0.00481,0.01499,0.01598,0.04181,-0.02447,-0.01013,0.00203,0.02084,0.01624,0.00855,0.01408
271,157,push pink cup,robot_3cam,"robot demo
push cup right",True,0.37345,0.34235,0.36488,0.35635,0.35984,0.23109,0.09986,0.08239,0.21687,0.19745,0.01478,-0.02262,-0.00002,0.01586,0.00343,-2.13319,-2.28311,-2.21816,-2.01228,-2.17349,1.92025,1.65734,1.69655,2.08235,2.03561,-0.13567,-0.09270,-0.21198,-0.13049,-0.16724,1.04262,0.51833,0.49380,1.04226,0.71601,0.00890,0.01577,0.01861,0.01257,0.01144,-0.00142,-0.00767,-0.00359,-0.00479,0.00147,-0.00524,-0.00417,-0.00389,-0.00511,-0.00066,0.01629,-0.01651,-0.04241,0.05349,0.01046,0.02230,0.05233,0.06104,0.03817,0.00703,0.01978,0.02110,0.04391,-0.02223,-0.00861,0.00179,0.02053,0.01633,0.00529,0.01607
271,158,push pink cup,robot_3cam,"robot demo
push cup right",True,0.37592,0.34250,0.36891,0.36331,0.36415,0.22935,0.09849,0.07970,0.21464,0.19171,0.01223,-0.02265,-0.00285,0.01375,-0.00296,-2.13045,-2.28283,-2.23980,-2.03008,-2.20611,1.93169,1.66139,1.71921,2.10143,2.07132,-0.13069,-0.09101,-0.18333,-0.12203,-0.14192,1.04262,0.51299,0.50587,1.04579,0.60469,0.00942,0.01653,0.01892,0.01251,0.01189,-0.00189,-0.00838,-0.00403,-0.00517,0.00203,-0.00755,-0.00668,-0.00424,-0.00656,-0.00136,0.01449,-0.01982,-0.04321,0.05159,0.00716,0.02717,0.05770,0.06246,0.04094,0.00672,0.02279,0.02624,0.04551,-0.01967,-0.00670,0.00187,0.02127,0.01669,0.00809,0.01082
271,159,push pink cup,robot_3cam,"robot demo
push cup right",True,0.37792,0.33876,0.36841,0.35578,0.36526,0.22900,0.10902,0.08518,0.21201,0.19323,0.00947,-0.02359,-0.00733,-0.00017,-0.00641,-2.12888,-2.29675,-2.25840,-2.04798,-2.24197,1.93926,1.63639,1.71645,2.14643,2.10833,-0.11525,-0.08541,-0.16940,-0.09478,-0.14132,1.04262,0.49204,0.50629,1.08756,0.70747,0.00909,0.01921,0.02030,0.01267,0.01286,-0.00148,-0.00905,-0.00435,-0.00510,0.00062,-0.00939,-0.01199,-0.00640,-0.00972,-0.00278,0.01213,-0.03057,-0.04885,0.04782,0.00448,0.02842,0.07050,0.06885,0.04956,0.01532,0.02832,0.03915,0.05184,-0.01155,-0.00784,0.00146,0.02351,0.01769,0.01014,0.00690
271,160,push pink cup,robot_3cam,"robot demo
push cup right",True,0.37930,0.34252,0.37139,0.35597,0.37257,0.22768,0.10964,0.08800,0.20855,0.19099,0.00604,-0.02647,-0.01258,0.00996,-0.00989,-2.12840,-2.33223,-2.28693,-1.94596,-2.31716,1.94958,1.66205,1.72947,2.13736,2.10917,-0.10709,-0.05290,-0.13826,-0.10677,-0.12534,1.04262,0.50853,0.51485,1.03002,0.69439,0.00769,0.01943,0.02097,0.01238,0.01364,-0.00150,-0.00958,-0.00436,-0.00533,0.00058,-0.01072,-0.01476,-0.00853,-0.01092,-0.00428,0.00685,-0.03502,-0.05345,0.04454,0.00204,0.02914,0.07521,0.07272,0.05318,0.01840,0.02896,0.04585,0.05761,-0.00871,-0.00635,0.00089,0.02337,0.01863,0.01229,0.00205
271,161,push pink cup,robot_3cam,"robot demo
push cup right",True,0.38101,0.33846,0.37370,0.36447,0.37626,0.22735,0.10879,0.08438,0.20896,0.19057,0.00465,-0.02595,-0.01264,0.00192,-0.00912,-2.12490,-2.31016,-2.29481,-2.03276,-2.34804,1.95420,1.64839,1.74446,2.19986,2.06691,-0.10094,-0.07163,-0.12336,-0.09487,-0.09950,1.04262,0.50016,0.51950,1.03771,0.54090,0.00754,0.01871,0.02027,0.01168,0.01346,-0.00252,-0.01042,-0.00404,-0.00560,0.00273,-0.01195,-0.01507,-0.00986,-0.01079,-0.00456,0.00465,-0.03126,-0.05435,0.04847,0.00002,0.03138,0.07477,0.07140,0.04672,0.01215,0.02561,0.04264,0.05959,-0.00964,-0.00154,0.00097,0.02360,0.01860,0.01006,0.00298
271,162,push pink cup,robot_3cam,"robot demo
push cup right",True,0.38143,0.33470,0.37125,0.37306,0.38011,0.22760,0.11050,0.07845,0.20819,0.17920,0.00177,-0.02387,-0.01066,-0.00384,-0.01104,-2.12817,-2.29219,-2.26972,-2.13441,-2.29248,1.95724,1.62925,1.74311,2.27166,2.03508,-0.09915,-0.08909,-0.14262,-0.09772,-0.12180,1.04262,0.48918,0.50820,1.05048,0.52034,0.00643,0.01771,0.02037,0.01040,0.01341,-0.00181,-0.01004,-0.00412,-0.00538,-0.00016,-0.01272,-0.01563,-0.01117,-0.01091,-0.00518,0.00193,-0.02979,-0.05619,0.04704,0.00641,0.02926,0.07216,0.07258,0.04075,0.01435,0.02818,0.04095,0.06264,-0.01006,-0.00299,0.00106,0.02371,0.01900,0.00491,-0.00277
271,163,push pink cup,robot_3cam,"robot demo
push cup right",True,0.38168,0.33158,0.37061,0.38422,0.37318,0.22842,0.11174,0.07598,0.21811,0.18677,-0.00046,-0.02497,-0.00881,-0.00832,-0.01276,-2.13019,-2.28617,-2.26008,-2.23981,-2.35292,1.95835,1.61987,1.74118,2.30762,2.00533,-0.09368,-0.09228,-0.14584,-0.10752,-0.09151,1.04262,0.49028,0.50686,0.95368,0.44617,0.00435,0.01472,0.01757,0.00720,0.01171,-0.00040,-0.00941,-0.00297,-0.00490,0.00243,-0.01253,-0.01752,-0.01245,-0.01145,-0.00566,-0.00190,-0.02675,-0.05334,0.03726,0.00499,0.02392,0.06595,0.06494,0.03104,0.00799,0.03394,0.03870,0.06001,-0.00855,0.00068,0.00081,0.02322,0.01825,0.00400,0.00309
271,164,push pink cup,robot_3cam,"robot demo
push cup right",True,0.38182,0.33265,0.37416,0.38154,0.38673,0.22884,0.11086,0.06594,0.22176,0.18033,-0.00343,-0.02529,-0.00672,-0.01248,-0.00963,-2.13229,-2.28793,-2.25372,-2.24831,-2.34430,1.95992,1.62330,1.76564,2.16595,1.99771,-0.09034,-0.08959,-0.13688,-0.09835,-0.07203,1.04262,0.49686,0.51538,0.77918,0.34295,0.00328,0.01201,0.01378,0.00494,0.00952,0.00097,-0.00665,-0.00102,-0.00307,0.00387,-0.01188,-0.01773,-0.01388,-0.01145,-0.00720,-0.00481,-0.02739,-0.04996,0.02099,0.00258,0.01852,0.05549,0.05300,0.02533,-0.00013,0.03482,0.03800,0.05758,-0.00592,0.00558,0.00065,0.02194,0.01634,0.00301,0.00816
271,165,push pink cup,robot_3cam,"robot demo
push cup right",True,0.38265,0.33002,0.37441,0.38058,0.39090,0.22967,0.12247,0.06060,0.21674,0.17685,-0.00493,-0.02060,-0.00471,-0.01925,-0.01429,-2.13220,-2.28706,-2.23861,-2.20474,-2.26475,1.95946,1.58181,1.76944,2.08774,2.02232,-0.08820,-0.09950,-0.13998,-0.09539,-0.06505,1.04262,0.47976,0.51410,0.71611,0.35708,0.00230,0.00997,0.01039,0.00356,0.00742,0.00193,-0.00186,0.00045,-0.00072,0.00304,-0.01172,-0.01775,-0.01551,-0.01129,-0.00893,-0.00682,-0.03216,-0.04675,0.01416,0.00470,0.01537,0.04337,0.04343,0.01888,-0.00200,0.03546,0.03892,0.05511,-0.00346,0.00770,0.00065,0.02157,0.01558,-0.00410,0.01435
271,166,push pink cup,robot_3cam,"robot demo
push cup right",True,0.38255,0.32869,0.37165,0.37053,0.38347,0.23063,0.12708,0.05675,0.22098,0.17931,-0.00814,-0.01779,0.00353,-0.01671,-0.01548,-2.13627,-2.28934,-2.20671,-2.24556,-2.23832,1.96215,1.56538,1.75470,1.95481,1.94702,-0.07936,-0.09907,-0.16476,-0.10495,-0.06458,1.04262,0.47629,0.49944,0.73936,0.34176,0.00100,0.00742,0.00637,0.00200,0.00448,0.00347,-0.00054,0.00218,-0.00057,0.00082,-0.01117,-0.01899,-0.01753,-0.01216,-0.01004,-0.00965,-0.03058,-0.04281,0.00046,0.00654,0.01048,0.03681,0.03259,0.02108,0.00103,0.03719,0.03730,0.05193,-0.00007,0.00880,0.00049,0.02119,0.01488,-0.00339,0.01336
271,167,push pink cup,robot_3cam,"robot demo
push cup right",True,0.38316,0.33034,0.37211,0.36411,0.37919,0.23099,0.12967,0.04981,0.21977,0.19015,-0.01006,-0.01809,0.01127,-0.01556,-0.01531,-2.13843,-2.30441,-2.18728,-2.17694,-2.26956,1.96419,1.56700,1.75818,1.75629,1.77207,-0.07814,-0.08715,-0.17643,-0.11350,-0.01703,1.04262,0.48347,0.49726,0.66442,0.31898,0.00054,0.00563,0.00226,0.00150,0.00122,0.00320,0.00175,0.00397,0.00034,-0.00041,-0.01059,-0.01939,-0.01814,-0.01221,-0.01101,-0.01140,-0.03261,-0.03710,-0.01207,0.00833,0.01014,0.02971,0.01968,0.02087,-0.00136,0.03293,0.03825,0.04638,0.00078,0.01103,0.00024,0.02028,0.01296,-0.00554,0.00798
271,168,push pink cup,robot_3cam,"robot demo
push cup right",True,0.38287,0.32547,0.37147,0.35242,0.38319,0.23218,0.12587,0.04113,0.21279,0.20548,-0.01176,-0.00655,0.02149,-0.02516,-0.01058,-2.14018,-2.23926,-2.15290,-2.19698,-2.25735,1.96439,1.52891,1.75911,1.55926,1.58773,-0.06834,-0.15571,-0.20411,-0.09417,0.00542,1.04262,0.44912,0.48168,0.66539,0.22030,0.00023,0.00455,0.00063,0.00059,0.00049,0.00332,0.00529,0.00475,0.00160,-0.00163,-0.00901,-0.01670,-0.01951,-0.01092,-0.01149,-0.01159,-0.03305,-0.03642,-0.00900,0.00707,0.00751,0.01833,0.01510,0.00782,-0.00046,0.02823,0.03426,0.04742,0.00320,0.01137,0.00008,0.01919,0.01261,-0.00712,0.00527
271,169,push pink cup,robot_3cam,"robot demo
push cup right",True,0.38317,0.32458,0.37029,0.36496,0.38024,0.23269,0.12111,0.03744,0.21097,0.19729,-0.01283,-0.00647,0.02099,-0.03186,-0.01362,-2.14115,-2.21322,-2.13771,-2.18312,-2.23239,1.96496,1.52439,1.75898,1.48482,1.55893,-0.06558,-0.17550,-0.21666,-0.08575,0.00431,1.04262,0.44263,0.48221,0.59840,0.22054,-0.00016,0.00324,0.00049,-0.00047,0.00048,0.00357,0.00725,0.00453,0.00322,-0.00148,-0.00745,-0.01573,-0.01765,-0.00991,-0.01032,-0.01030,-0.03248,-0.03320,-0.01282,0.00483,0.00482,0.01061,0.01303,-0.00267,-0.00067,0.02787,0.03192,0.04327,0.00605,0.00916,0.00000,0.01866,0.01201,-0.00452,0.00542
271,170,push pink cup,robot_3cam,"robot demo
push cup right",True,0.38346,0.32505,0.37085,0.36752,0.38119,0.23355,0.11507,0.03590,0.19768,0.19571,-0.01323,-0.00407,0.01717,-0.03030,-0.01528,-2.14093,-2.18569,-2.13162,-2.21777,-2.22878,1.96403,1.52256,1.76360,1.50236,1.66673,-0.06130,-0.20040,-0.22512,-0.09245,0.03189,1.04262,0.44112,0.49202,0.61965,0.19229,0.00020,0.00293,0.00087,-0.00036,0.00112,0.00370,0.00805,0.00474,0.00356,-0.00075,-0.00481,-0.01070,-0.01403,-0.00753,-0.00780,-0.00619,-0.02668,-0.02940,-0.00357,0.00762,0.00118,0.00319,0.00998,-0.00816,-0.00310,0.02508,0.02301,0.03731,0.00571,0.00273,0.00000,0.01761,0.01033,0.00616,-0.00065
271,171,push pink cup,robot_3cam,"robot demo
push cup right",True,0.38346,0.32618,0.37080,0.38222,0.39039,0.23422,0.10739,0.03552,0.18877,0.18570,-0.01342,-0.00593,0.00763,-0.03432,-0.02070,-2.14071,-2.16568,-2.13387,-2.14854,-2.12724,1.96311,1.53515,1.76988,1.58884,1.95364,-0.05701,-0.21621,-0.22494,-0.07067,0.01238,1.04262,0.44427,0.50745,0.57206,0.27245,0.00053,0.00416,0.00310,0.00046,0.00279,0.00314,0.00834,0.00334,0.00404,0.00074,-0.00252,-0.00681,-0.00896,-0.00605,-0.00449,-0.00313,-0.02514,-0.02550,0.00504,0.00312,-0.00078,0.00119,0.01270,-0.01399,-0.00253,0.01849,0.01913,0.03055,0.00443,-0.00118,0.00000,0.01701,0.00961,0.02128,-0.02373
271,172,push pink cup,robot_3cam,"robot demo
push cup right",True,0.38355,0.32663,0.37002,0.39874,0.38468,0.23508,0.09772,0.03910,0.18247,0.17211,-0.01298,-0.00652,-0.00534,-0.03805,-0.02225,-2.14113,-2.13189,-2.14497,-2.21713,-2.10716,1.96042,1.54484,1.76956,1.73258,2.25010,-0.05737,-0.24075,-0.22313,-0.04003,-0.02326,1.04262,0.45459,0.53345,0.57558,0.43594,0.00127,0.00418,0.00540,0.00305,0.00400,0.00316,0.00764,0.00163,0.00377,0.00382,-0.00034,0.00154,-0.00040,-0.00301,0.00113,0.00043,-0.01240,-0.01650,0.00087,0.00760,-0.00437,-0.00673,0.01306,-0.00855,-0.00702,0.01347,0.00267,0.01590,-0.00677,-0.00592,0.00000,0.01579,0.00771,0.05755,-0.03479
271,173,push pink cup,robot_3cam,"robot demo
push cup right",True,0.38284,0.32717,0.37013,0.38200,0.38027,0.23579,0.09315,0.04524,0.19543,0.19334,-0.01270,-0.01078,-0.01185,-0.03326,-0.01848,-2.14357,-2.13093,-2.15758,-2.28706,-2.21250,1.95933,1.56286,1.76113,1.64108,2.13533,-0.05434,-0.23396,-0.21780,-0.02998,-0.02271,1.04262,0.47688,0.55354,0.77101,0.72197,0.00238,0.00418,0.00527,0.00338,0.00220,0.00323,0.00455,0.00065,0.00198,0.00140,0.00203,0.00659,0.00644,-0.00077,0.00079,0.00522,0.00069,-0.00535,0.00525,-0.01222,-0.00743,-0.00714,0.00816,-0.00510,0.00365,0.00722,-0.01058,-0.00001,-0.01109,-0.00551,0.00000,0.01533,0.00628,0.02305,-0.01792
271,174,push pink cup,robot_3cam,"robot demo
push cup right",True,0.38373,0.32676,0.36744,0.37196,0.38718,0.23633,0.09094,0.04872,0.20579,0.19748,-0.01180,-0.01205,-0.01550,-0.02718,-0.01056,-2.14143,-2.12960,-2.15019,-2.26427,-2.19267,1.95727,1.57101,1.74669,1.58174,1.96873,-0.05557,-0.23260,-0.23273,-0.04130,-0.07176,1.04098,0.49252,0.55619,0.96767,0.83717,0.00317,0.00413,0.00682,0.00458,0.00341,0.00267,0.00146,-0.00060,-0.00052,0.00121,0.00325,0.01080,0.01079,0.00126,0.00541,0.00813,0.01272,-0.00086,0.00227,-0.02223,-0.00771,-0.00659,0.01009,0.00408,0.00232,0.00053,-0.02246,-0.00725,-0.01470,-0.00431,0.00000,0.01488,0.00606,-0.01322,-0.04332
271,175,push pink cup,robot_3cam,"robot demo
push cup right",True,0.38388,0.32629,0.36687,0.38933,0.38882,0.23641,0.09591,0.04310,0.21461,0.18225,-0.01267,-0.01658,-0.01066,-0.02552,-0.00218,-2.14250,-2.14137,-2.13133,-2.24120,-2.24231,1.95830,1.56365,1.74854,1.66064,1.94406,-0.05496,-0.22206,-0.24981,-0.04136,-0.08484,1.04262,0.49990,0.55173,1.02807,0.77558,0.00374,0.00455,0.00637,0.00510,0.00261,0.00224,0.00147,-0.00040,-0.00132,0.00035,0.00361,0.01362,0.01191,0.00242,0.00539,0.00860,0.01573,0.00144,-0.00640,-0.01164,-0.00807,-0.00853,0.00717,0.01675,0.00042,-0.00492,-0.02732,-0.00969,-0.01579,-0.00505,0.00000,0.01500,0.00523,-0.03458,-0.06846
271,176,push pink cup,robot_3cam,"robot demo
push cup right",True,0.38498,0.32855,0.36899,0.39464,0.38997,0.23627,0.09451,0.04378,0.21310,0.17488,-0.01244,-0.01642,-0.01240,-0.02283,0.00271,-2.13995,-2.14700,-2.14632,-2.21472,-2.26612,1.95893,1.57098,1.75696,1.62532,1.89570,-0.05584,-0.21452,-0.23654,-0.06487,-0.07725,1.04262,0.50681,0.56252,1.03251,0.76714,0.00381,0.00413,0.00704,0.00554,0.00340,0.00237,0.00123,-0.00108,-0.00212,0.00131,0.00373,0.01502,0.01420,0.00316,0.00816,0.00890,0.01889,0.00393,-0.00526,-0.01155,-0.00844,-0.01042,0.00770,0.02264,-0.00760,-0.00455,-0.03067,-0.01329,-0.01904,-0.00678,0.00000,0.01471,0.00493,-0.03669,-0.04929
271,177,push pink cup,robot_3cam,"robot demo
push cup right",True,0.38532,0.32941,0.36929,0.38389,0.38889,0.23566,0.09368,0.04822,0.21400,0.18799,-0.01274,-0.01723,-0.01413,-0.02410,-0.00287,-2.13953,-2.15085,-2.15588,-2.21861,-2.20211,1.96162,1.57772,1.75314,1.63678,1.98433,-0.05549,-0.21038,-0.22873,-0.04869,-0.06991,1.04262,0.50261,0.55903,0.95635,0.82346,0.00360,0.00510,0.00774,0.00565,0.00444,0.00205,0.00179,-0.00096,-0.00041,0.00198,0.00318,0.01251,0.01209,0.00186,0.00690,0.00856,0.01211,-0.00062,-0.00660,-0.01576,-0.00662,-0.00654,0.01162,0.01283,-0.00227,-0.00393,-0.02305,-0.00763,-0.01680,-0.00852,0.00000,0.01522,0.00606,-0.01592,-0.04950
271,178,push pink cup,robot_3cam,"robot demo
push cup right",True,0.38538,0.33051,0.36866,0.38983,0.38536,0.23489,0.09665,0.04981,0.21765,0.19194,-0.01406,-0.01888,-0.01322,-0.02300,-0.00558,-2.14017,-2.16399,-2.15899,-2.21489,-2.18706,1.96533,1.57675,1.75030,1.64085,2.01851,-0.05451,-0.19988,-0.22683,-0.05444,-0.07091,1.04262,0.50345,0.55250,0.87405,0.84896,0.00307,0.00489,0.00767,0.00529,0.00485,0.00155,0.00346,-0.00037,0.00073,0.00260,0.00170,0.01148,0.00901,0.00109,0.00392,0.00696,0.00741,-0.00556,-0.00853,-0.01670,-0.00411,-0.00852,0.01363,0.00920,0.00238,-0.00020,-0.01902,-0.00124,-0.01607,-0.00812,0.00000,0.01517,0.00656,0.00561,-0.06077
271,179,push pink cup,robot_3cam,"robot demo
push cup right",True,0.38523,0.32454,0.37160,0.40067,0.38411,0.23480,0.09530,0.05089,0.20649,0.19559,-0.01472,-0.01451,-0.01543,-0.03115,-0.01400,-2.14124,-2.12225,-2.18074,-2.28509,-2.23976,1.96636,1.54916,1.76185,1.75413,2.11712,-0.05389,-0.23993,-0.19939,-0.03537,-0.03707,1.04262,0.47868,0.56155,0.92511,0.74218,0.00232,0.00414,0.00566,0.00342,0.00300,0.00107,0.00394,0.00075,0.00109,0.00310,-0.00022,0.00999,0.00640,0.00012,0.00123,0.00388,0.00734,-0.00648,-0.01133,-0.01590,-0.00066,-0.01010,0.00942,0.00417,0.00033,0.00279,-0.01898,0.00062,-0.00994,-0.00532,0.00000,0.01547,0.00632,0.03096,-0.03652
271,180,push pink cup,robot_3cam,"robot demo
push cup right",True,0.38563,0.32633,0.37730,0.36994,0.38250,0.23525,0.09769,0.05276,0.19726,0.18725,-0.01518,-0.01368,-0.01942,-0.03456,-0.02719,-2.13833,-2.15637,-2.22441,-2.27032,-2.33718,1.96559,1.56649,1.78627,1.73849,2.25671,-0.04835,-0.20841,-0.14685,-0.01315,0.01317,1.04262,0.48459,0.57432,0.84912,0.55103,0.00161,0.00362,0.00498,0.00221,0.00318,0.00053,0.00218,0.00108,0.00113,0.00740,-0.00252,0.00267,0.00219,-0.00216,-0.00070,0.00024,0.00168,-0.01156,0.00649,-0.01440,0.00343,-0.00038,0.01124,-0.00361,-0.01171,0.00555,-0.00764,0.00819,-0.00493,-0.00450,0.00000,0.01617,0.00762,0.03213,0.04459
271,181,push pink cup,robot_3cam,"robot demo
push cup right",True,0.38583,0.32643,0.37765,0.37274,0.38007,0.23490,0.10269,0.05481,0.19948,0.19051,-0.01671,-0.01202,-0.01590,-0.03450,-0.02725,-2.13883,-2.16991,-2.23160,-2.25875,-2.40936,1.96883,1.55877,1.78445,1.69440,2.21447,-0.04522,-0.20093,-0.13920,-0.02157,0.03009,1.04262,0.47907,0.56509,0.72909,0.40186,0.00083,0.00294,0.00392,0.00137,0.00337,0.00003,0.00403,0.00234,0.00200,0.00909,-0.00492,-0.00050,-0.00281,-0.00393,-0.00134,-0.00337,-0.00519,-0.01786,0.00061,-0.00574,0.00739,-0.00135,0.01165,-0.00283,-0.02419,0.00886,-0.00046,0.01703,-0.00135,-0.00029,0.00000,0.01618,0.00832,0.02001,0.01463
271,182,push pink cup,robot_3cam,"robot demo
push cup right",True,0.38650,0.32801,0.37648,0.37025,0.37999,0.23449,0.11194,0.04938,0.21137,0.17904,-0.01816,-0.01499,-0.00891,-0.03245,-0.02871,-2.13840,-2.21391,-2.21882,-2.22833,-2.40725,1.97152,1.56030,1.78754,1.57921,2.10815,-0.04485,-0.16345,-0.14403,-0.03851,0.00922,1.04098,0.48180,0.54528,0.61183,0.40001,0.00031,0.00317,0.00331,0.00041,0.00287,-0.00046,0.00484,0.00288,0.00247,0.00624,-0.00723,-0.00620,-0.00933,-0.00610,-0.00394,-0.00615,-0.01544,-0.02630,-0.00279,-0.00329,0.01184,0.00425,0.01518,-0.00363,-0.02023,0.01363,0.01214,0.02976,0.00330,0.00681,0.00000,0.01713,0.00988,0.01822,0.02404
271,183,push pink cup,robot_3cam,"robot demo
push cup right",True,0.38716,0.32277,0.38035,0.36148,0.39770,0.23408,0.11901,0.04559,0.21327,0.17528,-0.01961,-0.01157,-0.00397,-0.03526,-0.01820,-2.13795,-2.21017,-2.22378,-2.36309,-2.32432,1.97421,1.53512,1.80334,1.64166,2.04130,-0.04447,-0.17161,-0.12914,-0.02561,-0.00563,1.04262,0.46388,0.53954,0.68532,0.33054,0.00009,0.00338,0.00282,0.00018,0.00192,-0.00073,0.00375,0.00338,0.00222,0.00172,-0.00922,-0.01063,-0.01293,-0.00786,-0.00767,-0.00979,-0.01853,-0.03090,-0.00313,0.00334,0.01495,0.01107,0.01625,-0.00331,-0.00493,0.01348,0.01776,0.03765,0.00475,0.00458,0.00000,0.01842,0.01129,0.00783,0.00827
271,184,push pink cup,robot_3cam,"robot demo
push cup right",True,0.38720,0.32567,0.37951,0.36217,0.40583,0.23397,0.12313,0.04855,0.21995,0.17103,-0.02114,-0.01607,-0.00626,-0.03137,-0.01793,-2.13830,-2.25764,-2.23355,-2.29810,-2.31383,1.97699,1.55738,1.80060,1.72738,2.03198,-0.03917,-0.12814,-0.11807,-0.04740,-0.04150,1.04262,0.47595,0.53265,0.59825,0.36068,0.00059,0.00497,0.00410,0.00109,0.00303,-0.00120,0.00146,0.00286,0.00075,0.00067,-0.01032,-0.01611,-0.01636,-0.01077,-0.00967,-0.01005,-0.02555,-0.03768,-0.00770,0.00808,0.01770,0.02459,0.02379,0.01288,0.00154,0.01303,0.02941,0.04644,0.00138,0.00538,0.00000,0.01959,0.01333,-0.01080,0.01053
271,185,push pink cup,robot_3cam,"robot demo
push cup right",True,0.38819,0.32610,0.37550,0.37098,0.39552,0.23395,0.12597,0.05339,0.22174,0.19463,-0.02243,-0.01981,0.00006,-0.03543,-0.02239,-2.13593,-2.26415,-2.21269,-2.23824,-2.27106,1.97992,1.55233,1.77200,1.78779,2.00389,-0.03261,-0.12017,-0.14793,-0.03871,-0.01935,1.04262,0.47709,0.51507,0.60838,0.36274,0.00152,0.00533,0.00338,0.00135,0.00263,-0.00165,0.00249,0.00350,0.00178,-0.00058,-0.01100,-0.01491,-0.01709,-0.00968,-0.00992,-0.00845,-0.02650,-0.03767,-0.00526,0.01306,0.02004,0.02241,0.02228,0.00781,0.00055,0.01290,0.02879,0.04626,0.00062,0.00281,0.00000,0.01993,0.01341,-0.00542,0.01249
271,186,push pink cup,robot_3cam,"robot demo
push cup right",True,0.38973,0.32424,0.37228,0.38356,0.39647,0.23356,0.12333,0.04798,0.22131,0.18029,-0.02304,-0.01926,0.00228,-0.03406,-0.02258,-2.13534,-2.25423,-2.18663,-2.34638,-2.14190,1.98215,1.55486,1.76805,2.03931,1.92886,-0.03059,-0.12721,-0.17196,-0.04277,-0.07803,1.04098,0.46927,0.50143,0.66144,0.32696,0.00216,0.00702,0.00558,0.00188,0.00439,-0.00172,-0.00043,0.00196,0.00027,-0.00052,-0.01018,-0.01713,-0.01684,-0.01130,-0.00951,-0.00681,-0.02655,-0.03990,0.00074,0.00438,0.01955,0.03307,0.02949,0.01242,0.00652,0.01050,0.03187,0.04938,0.00031,0.00303,0.00000,0.02112,0.01465,-0.00776,0.01783
271,187,push pink cup,robot_3cam,"robot demo
push cup right",True,0.39047,0.32611,0.37271,0.39005,0.39415,0.23318,0.11434,0.05332,0.21283,0.18453,-0.02447,-0.01752,-0.00168,-0.03112,-0.02770,-2.13591,-2.23144,-2.19681,-2.29181,-2.15217,1.98588,1.56864,1.76285,1.99844,2.04093,-0.02954,-0.14530,-0.16725,-0.06005,-0.07130,1.04262,0.46782,0.50569,0.65945,0.32443,0.00292,0.00778,0.00756,0.00290,0.00568,-0.00169,-0.00011,0.00093,0.00070,0.00120,-0.00911,-0.01476,-0.01446,-0.00974,-0.00823,-0.00478,-0.02597,-0.03942,0.00991,0.00082,0.01812,0.03159,0.03412,0.00471,0.00515,0.00664,0.03001,0.04771,-0.00193,0.00399,0.00001,0.02057,0.01544,-0.00354,0.02827
271,188,push pink cup,robot_3cam,"robot demo
push cup right",True,0.39201,0.33045,0.37231,0.38983,0.38003,0.23406,0.11195,0.05847,0.21126,0.19915,-0.02373,-0.02224,-0.00962,-0.02919,-0.03637,-2.13279,-2.24611,-2.20974,-2.17667,-2.21279,1.98275,1.58878,1.75805,1.91158,2.11755,-0.03150,-0.12951,-0.16091,-0.05477,-0.02296,1.04098,0.48619,0.52184,0.62697,0.35955,0.00334,0.00848,0.00845,0.00420,0.00652,-0.00133,0.00078,-0.00011,0.00150,0.00583,-0.00739,-0.01055,-0.00970,-0.00727,-0.00453,-0.00223,-0.02466,-0.03341,0.01608,0.00034,0.01504,0.02755,0.03374,-0.00056,-0.01240,0.00446,0.02605,0.03823,-0.00662,0.00354,0.00000,0.01975,0.01460,0.00319,0.05713
271,189,push pink cup,robot_3cam,"robot demo
push cup right",True,0.39213,0.32745,0.37236,0.39682,0.38836,0.23413,0.10795,0.05398,0.20820,0.19483,-0.02463,-0.02345,-0.01061,-0.03431,-0.03337,-2.13383,-2.20879,-2.19159,-2.23560,-2.06811,1.98380,1.57395,1.76068,2.05252,2.21363,-0.03085,-0.15811,-0.17799,-0.01935,-0.04065,1.04262,0.47840,0.52977,0.75189,0.41520,0.00379,0.00840,0.00854,0.00463,0.00667,-0.00108,0.00072,-0.00059,0.00137,0.00505,-0.00552,-0.00608,-0.00412,-0.00573,-0.00281,0.00071,-0.01704,-0.02520,0.01270,-0.00147,0.01225,0.02209,0.02897,0.00020,-0.00776,0.00274,0.01582,0.02729,-0.00730,-0.00084,0.00001,0.01981,0.01307,0.02013,0.07020
271,190,push pink cup,robot_3cam,"robot demo
push cup right",True,0.39255,0.32485,0.37469,0.39993,0.37974,0.23437,0.10312,0.05796,0.20224,0.20174,-0.02450,-0.01783,-0.01921,-0.02955,-0.03544,-2.13383,-2.17157,-2.22224,-2.26052,-2.14993,1.98380,1.56066,1.76993,2.13433,2.14941,-0.03085,-0.19730,-0.14849,-0.04244,-0.01887,1.04262,0.46016,0.55148,0.80991,0.55229,0.00348,0.00946,0.00947,0.00549,0.00648,0.00001,0.00027,-0.00189,0.00076,0.00332,-0.00302,-0.00449,-0.00064,-0.00487,-0.00384,0.00225,-0.01592,-0.02080,0.02048,0.00112,0.00609,0.02333,0.03015,-0.00166,-0.00243,0.00145,0.01378,0.02059,-0.00935,-0.00169,0.00000,0.01967,0.01295,0.01889,0.09833
271,191,push pink cup,robot_3cam,"robot demo
push cup right",True,0.39284,0.32527,0.37592,0.39174,0.38509,0.23453,0.09551,0.05690,0.19598,0.21256,-0.02473,-0.01674,-0.02338,-0.02927,-0.03395,-2.13383,-2.14811,-2.22288,-2.25853,-2.26980,1.98380,1.56969,1.77412,2.02487,2.18344,-0.03085,-0.21435,-0.14909,-0.03347,0.01966,1.04262,0.46760,0.57526,0.82211,0.72712,0.00362,0.00822,0.00646,0.00527,0.00418,0.00040,0.00030,-0.00071,0.00038,0.00631,-0.00127,-0.00033,0.00523,-0.00341,-0.00151,0.00387,-0.00781,-0.00787,0.01992,-0.03057,0.00310,0.01586,0.01510,-0.00644,-0.00647,-0.00039,0.00389,0.00305,-0.00943,-0.00411,0.00000,0.01843,0.00907,0.04579,0.11722
271,192,push pink cup,robot_3cam,"robot demo
push cup right",True,0.39313,0.32289,0.37363,0.38311,0.38819,0.23470,0.09644,0.05538,0.19924,0.20894,-0.02496,-0.01655,-0.02530,-0.02865,-0.02886,-2.13383,-2.14033,-2.20841,-2.30713,-2.26840,1.98380,1.56186,1.76727,1.98223,2.08256,-0.03085,-0.22138,-0.16528,-0.03465,-0.00724,1.04262,0.47137,0.58049,0.93886,0.84460,0.00301,0.00758,0.00560,0.00477,0.00284,0.00073,-0.00109,-0.00065,-0.00025,0.00426,0.00033,0.00204,0.00863,-0.00204,0.00226,0.00360,-0.00003,-0.00133,0.02699,-0.03860,0.00097,0.01412,0.00955,-0.01398,-0.00396,-0.00013,-0.00424,-0.00606,-0.00976,-0.00175,0.00000,0.01818,0.00737,0.06652,0.07507
271,193,push pink cup,robot_3cam,"robot demo
push cup right",True,0.39282,0.31854,0.37296,0.38134,0.39071,0.23486,0.09029,0.05200,0.19179,0.20552,-0.02562,-0.00979,-0.02189,-0.02819,-0.02727,-2.13473,-2.08715,-2.18930,-2.23015,-2.24380,1.98436,1.54137,1.76461,1.85900,2.12522,-0.02805,-0.26969,-0.18238,-0.07374,-0.01843,1.04098,0.46309,0.57502,1.09112,0.83861,0.00253,0.00464,0.00513,0.00349,0.00188,-0.00024,-0.00082,-0.00043,-0.00072,0.00170,0.00133,0.00703,0.00959,-0.00045,0.00243,0.00388,0.01340,0.00084,0.01812,-0.03558,0.00310,0.00130,0.00689,-0.01625,0.00098,-0.00038,-0.02027,-0.00836,-0.01034,0.00068,0.00001,0.01662,0.00700,0.04846,0.05752
271,194,push pink cup,robot_3cam,"robot demo
push cup right",True,0.39294,0.32059,0.37200,0.38430,0.38316,0.23492,0.09275,0.04780,0.19707,0.20363,-0.02652,-0.01036,-0.01739,-0.03244,-0.02370,-2.13577,-2.10194,-2.17020,-2.23346,-2.28337,1.98540,1.54233,1.76307,1.71262,2.11942,-0.02740,-0.25686,-0.20043,-0.05064,0.00175,1.04262,0.47870,0.56911,1.11160,0.77885,0.00143,0.00228,0.00407,0.00244,0.00066,-0.00048,0.00065,0.00030,-0.00134,-0.00029,0.00183,0.01011,0.00963,0.00035,0.00201,0.00182,0.01902,0.00224,-0.00068,-0.02588,0.00354,-0.00935,0.00282,-0.00130,0.00321,0.00055,-0.02807,-0.00969,-0.00796,-0.00020,0.00000,0.01522,0.00604,-0.01930,0.02860
271,195,push pink cup,robot_3cam,"robot demo
push cup right",True,0.39247,0.32283,0.36938,0.39283,0.38323,0.23385,0.09247,0.04459,0.20195,0.20454,-0.02736,-0.01590,-0.01713,-0.03586,-0.02727,-2.13890,-2.12450,-2.15119,-2.23143,-2.21245,1.98854,1.55992,1.75833,1.74359,2.06881,-0.02592,-0.22993,-0.21749,-0.02893,-0.01622,1.04262,0.50012,0.56226,1.08999,0.78123,0.00086,0.00111,0.00411,0.00207,0.00084,-0.00158,-0.00043,0.00020,-0.00239,-0.00055,0.00195,0.01081,0.00929,0.00021,0.00232,0.00038,0.02429,0.00187,-0.01279,-0.02433,0.00665,-0.01093,0.00317,0.00772,0.00358,0.00052,-0.03239,-0.00914,-0.00626,0.00065,0.00001,0.01488,0.00598,-0.03551,0.01987
271,196,push pink cup,robot_3cam,"robot demo
push cup right",True,0.39269,0.32002,0.36729,0.39978,0.37700,0.23237,0.08862,0.04606,0.19236,0.21188,-0.02811,-0.01119,-0.01589,-0.03533,-0.03031,-2.13794,-2.09397,-2.14447,-2.22549,-2.22651,1.99392,1.55081,1.74726,1.75505,1.95406,-0.02509,-0.25919,-0.22690,-0.05580,-0.00910,1.04262,0.48818,0.55764,1.12288,0.83371,0.00029,0.00105,0.00435,0.00177,0.00044,-0.00234,-0.00096,-0.00042,-0.00296,-0.00141,0.00127,0.01142,0.01008,0.00068,0.00300,-0.00030,0.02682,0.00345,-0.00470,-0.02462,0.00943,-0.01110,0.00414,0.00523,0.00230,0.00251,-0.03502,-0.01128,-0.00725,0.00310,0.00001,0.01473,0.00634,-0.04098,0.05797
271,197,push pink cup,robot_3cam,"robot demo
push cup right",True,0.39311,0.32035,0.36686,0.39846,0.37359,0.23100,0.08542,0.04423,0.19274,0.20793,-0.02788,-0.01177,-0.01555,-0.03638,-0.02744,-2.13643,-2.09841,-2.13751,-2.20119,-2.28967,1.99558,1.56546,1.74627,1.76593,1.90180,-0.02582,-0.25220,-0.23132,-0.04751,-0.00992,1.04262,0.50253,0.56156,1.08925,0.79723,0.00065,-0.00004,0.00241,0.00104,-0.00014,-0.00322,-0.00324,0.00026,-0.00427,-0.00243,0.00076,0.01185,0.01105,0.00078,0.00329,0.00179,0.03405,0.00810,-0.00060,-0.01410,0.01136,-0.01033,-0.00278,0.00387,-0.00080,0.00150,-0.04035,-0.01698,-0.00525,0.00016,0.00000,0.01416,0.00509,-0.03910,0.02946
271,198,push pink cup,robot_3cam,"robot demo
push cup right",True,0.39259,0.32081,0.36629,0.38949,0.37273,0.22944,0.08275,0.04600,0.19801,0.21316,-0.02815,-0.01396,-0.01476,-0.03057,-0.02790,-2.13683,-2.10715,-2.13532,-2.21734,-2.25088,1.99885,1.58199,1.74073,1.84116,1.87396,-0.02307,-0.24196,-0.23765,-0.06791,-0.00788,1.04262,0.50891,0.55761,1.14347,0.83170,0.00072,0.00158,0.00394,0.00216,0.00044,-0.00310,-0.00656,-0.00059,-0.00531,-0.00298,0.00050,0.01042,0.01207,0.00035,0.00483,0.00398,0.03519,0.00740,0.02015,-0.00436,0.01089,0.00023,0.00152,-0.01132,-0.00810,0.00508,-0.03837,-0.01646,-0.01084,-0.00188,0.00000,0.01487,0.00582,-0.01014,0.03566
271,199,push pink cup,robot_3cam,"robot demo
push cup right",True,0.39236,0.32010,0.36562,0.39659,0.37407,0.22852,0.08036,0.05144,0.19602,0.21233,-0.02769,-0.01403,-0.01827,-0.02963,-0.02928,-2.13530,-2.09967,-2.14852,-2.19870,-2.23960,2.00050,1.58587,1.73399,1.90300,1.84766,-0.02331,-0.24626,-0.22951,-0.07977,-0.02097,1.04262,0.51052,0.55883,1.17107,0.88809,0.00060,0.00212,0.00556,0.00242,0.00208,-0.00320,-0.00831,-0.00150,-0.00620,-0.00307,0.00016,0.01131,0.01243,0.00111,0.00539,0.00443,0.03907,0.00567,0.02658,-0.00243,0.01106,0.00325,0.00705,-0.01190,-0.00865,0.00610,-0.04148,-0.01512,-0.01252,-0.00326,0.00000,0.01512,0.00685,-0.00435,0.03570
271,200,push pink cup,robot_3cam,"robot demo
push cup right",True,0.39191,0.32094,0.36571,0.39150,0.37552,0.22827,0.07774,0.04734,0.19408,0.20718,-0.02688,-0.01277,-0.01620,-0.02948,-0.02633,-2.13684,-2.09530,-2.13854,-2.15980,-2.25752,1.99887,1.59360,1.73795,1.81026,1.79004,-0.02355,-0.24939,-0.23700,-0.08531,-0.01911,1.04262,0.51155,0.55978,1.13448,0.88950,0.00043,0.00238,0.00524,0.00296,0.00209,-0.00321,-0.00812,-0.00177,-0.00633,-0.00402,-0.00019,0.01165,0.01400,0.00163,0.00682,0.00448,0.03837,0.00889,0.02173,0.01970,0.01094,0.00320,0.00483,-0.00602,-0.02302,0.00664,-0.04097,-0.01884,-0.01534,-0.00750,0.00000,0.01492,0.00630,-0.00091,0.01992
271,201,push pink cup,robot_3cam,"robot demo
push cup right",True,0.39139,0.32326,0.36567,0.38145,0.38193,0.22739,0.08024,0.05025,0.19967,0.19968,-0.02734,-0.01593,-0.02052,-0.02877,-0.02337,-2.13534,-2.12523,-2.14725,-2.17323,-2.21822,2.00281,1.60685,1.73679,1.85491,1.82571,-0.01624,-0.22098,-0.23145,-0.06729,-0.05994,1.04262,0.52917,0.56624,1.16751,0.84655,0.00050,0.00190,0.00575,0.00282,0.00299,-0.00407,-0.00941,-0.00190,-0.00693,-0.00339,-0.00027,0.01151,0.01504,0.00122,0.00863,0.00536,0.04121,0.00936,0.02276,0.01641,0.01391,0.00470,0.00549,-0.00613,-0.02184,0.00754,-0.04245,-0.02036,-0.01347,-0.00862,0.00000,0.01474,0.00602,0.00013,-0.01611
271,202,push pink cup,robot_3cam,"robot demo
push cup right",True,0.39047,0.32171,0.36811,0.39038,0.38108,0.22610,0.07663,0.04950,0.19848,0.20426,-0.02829,-0.01562,-0.01864,-0.03173,-0.02298,-2.13842,-2.10364,-2.15783,-2.23023,-2.21617,2.00596,1.60309,1.74759,1.92651,1.86173,-0.01465,-0.23733,-0.22038,-0.07151,-0.02121,1.04262,0.51723,0.56465,1.17287,0.89807,0.00007,0.00252,0.00718,0.00252,0.00366,-0.00397,-0.00942,-0.00233,-0.00661,-0.00167,-0.00041,0.01054,0.01377,0.00056,0.00702,0.00437,0.03932,0.00495,0.02288,-0.00001,0.01379,0.00668,0.01082,-0.00874,-0.01854,0.01011,-0.04022,-0.01433,-0.01347,-0.00420,0.00000,0.01536,0.00704,0.00455,0.03170
271,203,push pink cup,robot_3cam,"robot demo
push cup right",True,0.38954,0.32148,0.37026,0.40958,0.38616,0.22558,0.07504,0.05375,0.19347,0.19971,-0.02915,-0.01636,-0.02704,-0.03518,-0.02132,-2.14201,-2.09162,-2.18694,-2.24869,-2.23071,2.00641,1.59806,1.75584,1.93467,1.90103,-0.01350,-0.24506,-0.19101,-0.06456,-0.04423,1.04262,0.51446,0.58353,1.12176,0.94606,-0.00028,0.00145,0.00658,0.00140,0.00348,-0.00347,-0.00789,-0.00212,-0.00576,-0.00060,-0.00051,0.01146,0.01454,0.00066,0.00806,0.00195,0.04016,0.00684,0.01567,-0.01040,0.01203,0.00050,0.00853,-0.00745,-0.01921,0.00732,-0.04252,-0.01762,-0.00809,-0.00413,0.00000,0.01508,0.00639,0.00003,0.01309
271,204,push pink cup,robot_3cam,"robot demo
push cup right",True,0.38913,0.32135,0.37237,0.40089,0.39675,0.22457,0.07675,0.05067,0.19556,0.18962,-0.02935,-0.01540,-0.02926,-0.03427,-0.01715,-2.14304,-2.09606,-2.19242,-2.25742,-2.23260,2.00746,1.59451,1.76880,1.91261,1.93975,-0.01327,-0.24378,-0.18079,-0.06335,-0.06628,1.04262,0.51222,0.59601,1.12091,0.82260,0.00058,0.00124,0.00497,0.00141,0.00235,-0.00414,-0.00755,-0.00138,-0.00553,-0.00108,-0.00034,0.01037,0.01560,0.00001,0.00916,0.00481,0.03830,0.01065,0.01499,-0.01025,0.01329,0.00073,0.00202,-0.01030,-0.01664,0.00529,-0.04035,-0.02232,-0.00800,-0.00462,0.00000,0.01504,0.00487,-0.00264,-0.00888
271,205,push pink cup,robot_3cam,"robot demo
push cup right",True,0.38968,0.32318,0.37318,0.39388,0.40550,0.22330,0.07614,0.05014,0.19839,0.18933,-0.02970,-0.01734,-0.02790,-0.03496,-0.01212,-2.14306,-2.10981,-2.19280,-2.26306,-2.24803,2.00748,1.60762,1.77281,1.90052,2.00888,-0.01420,-0.22887,-0.18132,-0.05211,-0.07391,1.04262,0.52283,0.59244,1.11014,0.78338,0.00058,0.00115,0.00499,0.00154,0.00156,-0.00441,-0.00815,-0.00041,-0.00574,0.00055,-0.00045,0.01032,0.01360,-0.00007,0.00749,0.00529,0.03921,0.00642,0.01150,-0.03340,0.01448,0.00169,0.00247,-0.00737,-0.00284,0.00495,-0.04054,-0.01691,-0.00778,0.00205,0.00000,0.01491,0.00466,0.00170,-0.03565
271,206,push pink cup,robot_3cam,"robot demo
push cup right",True,0.38926,0.32423,0.37352,0.40339,0.40577,0.22229,0.06908,0.04427,0.19344,0.18498,-0.02990,-0.01686,-0.02336,-0.03758,-0.01329,-2.14254,-2.09170,-2.17792,-2.29119,-2.22621,2.01017,1.61741,1.78025,1.88457,2.09520,-0.01372,-0.24160,-0.19167,-0.05925,-0.05720,1.04262,0.51703,0.58264,1.05204,0.80011,0.00079,0.00155,0.00565,0.00158,0.00219,-0.00367,-0.00752,-0.00047,-0.00504,0.00071,-0.00033,0.00981,0.01208,-0.00034,0.00548,0.00493,0.03638,0.00294,0.00327,-0.02258,0.01113,0.00177,0.00517,-0.00168,-0.00405,0.00310,-0.03771,-0.01151,-0.00714,-0.00156,0.00000,0.01489,0.00525,0.00710,-0.03268
271,207,push pink cup,robot_3cam,"robot demo
push cup right",True,0.38915,0.32418,0.37233,0.40077,0.40038,0.22112,0.07200,0.04536,0.19559,0.19111,-0.02946,-0.01737,-0.02188,-0.03630,-0.01323,-2.14119,-2.09975,-2.17144,-2.28798,-2.23316,2.01230,1.61358,1.77236,1.88927,2.05346,-0.01609,-0.23483,-0.20075,-0.05678,-0.05138,1.04262,0.51990,0.57943,1.07738,0.79499,0.00025,0.00139,0.00530,0.00161,0.00164,-0.00323,-0.00766,-0.00036,-0.00537,0.00009,-0.00031,0.01036,0.01246,-0.00010,0.00599,0.00218,0.03785,0.00415,0.00748,-0.02347,0.01021,0.00119,0.00389,-0.00384,-0.00387,0.00234,-0.03941,-0.01317,-0.00771,0.00004,0.00000,0.01495,0.00503,0.00466,-0.03308
271,208,push pink cup,robot_3cam,"robot demo
push cup right",True,0.38858,0.32534,0.37263,0.39079,0.39702,0.22037,0.07609,0.04078,0.19809,0.18435,-0.02965,-0.01692,-0.01722,-0.03165,-0.00994,-2.14358,-2.11629,-2.15700,-2.26146,-2.28591,2.01123,1.61251,1.77497,1.83436,2.07238,-0.01393,-0.22386,-0.21155,-0.06805,-0.04237,1.04262,0.52318,0.57607,1.10149,0.75233,0.00024,0.00208,0.00435,0.00287,0.00081,-0.00398,-0.00760,-0.00010,-0.00584,-0.00110,-0.00040,0.01091,0.01308,0.00062,0.00515,0.00182,0.03657,0.00677,0.01425,-0.01676,0.01230,0.00251,0.00019,-0.00299,-0.00345,0.00172,-0.03859,-0.01564,-0.01294,0.00233,0.00000,0.01498,0.00453,0.00394,-0.02762
271,209,push pink cup,robot_3cam,"robot demo
push cup right",True,0.38753,0.32266,0.37279,0.39716,0.38910,0.21870,0.07548,0.04215,0.19537,0.19113,-0.03006,-0.01509,-0.01615,-0.03428,-0.01339,-2.14428,-2.09752,-2.16001,-2.25989,-2.30614,2.01545,1.60134,1.77267,1.86815,2.08880,-0.01487,-0.24031,-0.20873,-0.06357,-0.01525,1.04098,0.51396,0.57400,1.09166,0.78952,-0.00050,0.00138,0.00417,0.00172,0.00044,-0.00418,-0.00718,-0.00003,-0.00547,-0.00100,-0.00072,0.01038,0.01234,0.00024,0.00424,-0.00304,0.03719,0.00610,0.01213,-0.01805,0.01086,0.00049,0.00049,-0.00862,-0.00296,0.00257,-0.03935,-0.01455,-0.00981,0.00299,0.00000,0.01506,0.00493,-0.00350,-0.00103
271,210,push pink cup,robot_3cam,"robot demo
push cup right",True,0.38652,0.32272,0.37058,0.39980,0.37584,0.21772,0.07630,0.04224,0.19098,0.20457,-0.03037,-0.01246,-0.01134,-0.03368,-0.01880,-2.14975,-2.09625,-2.14339,-2.27722,-2.34846,2.01109,1.59577,1.75894,1.86919,1.97104,-0.01313,-0.24365,-0.22659,-0.06721,0.01976,1.04262,0.51201,0.56426,1.05982,0.82452,-0.00001,0.00027,0.00360,0.00109,-0.00044,-0.00430,-0.00639,-0.00025,-0.00553,-0.00247,-0.00063,0.01028,0.01280,0.00015,0.00404,-0.00162,0.03780,0.00852,0.00958,-0.01458,0.01025,-0.00310,-0.00095,-0.00733,-0.00449,0.00173,-0.04029,-0.01714,-0.00788,0.00434,0.00000,0.01460,0.00519,-0.01734,0.03967
271,211,push pink cup,robot_3cam,"robot demo
push cup right",True,0.38531,0.32278,0.37183,0.39586,0.37572,0.21707,0.07989,0.04335,0.19317,0.20214,-0.03070,-0.01200,-0.01302,-0.02998,-0.01513,-2.15232,-2.10711,-2.15216,-2.28032,-2.44115,2.01048,1.59119,1.76109,1.88344,1.92731,-0.01263,-0.23606,-0.21682,-0.06760,0.02226,1.04262,0.51611,0.57494,1.07863,0.76065,0.00012,-0.00006,0.00198,0.00122,-0.00045,-0.00461,-0.00677,0.00020,-0.00624,-0.00342,-0.00072,0.01103,0.01438,0.00061,0.00495,-0.00085,0.04021,0.01360,0.01732,-0.01025,0.01107,-0.00374,-0.00711,-0.01032,-0.00305,0.00163,-0.04282,-0.02368,-0.00946,0.00040,0.00000,0.01448,0.00412,-0.02201,0.00616
271,212,push pink cup,robot_3cam,"robot demo
push cup right",True,0.38494,0.32450,0.37089,0.39538,0.37440,0.21425,0.07462,0.04163,0.19184,0.20204,-0.03174,-0.01420,-0.01205,-0.03167,-0.01759,-2.15202,-2.10670,-2.14391,-2.29096,-2.43431,2.01367,1.60727,1.75932,1.87674,1.88452,-0.01514,-0.23276,-0.22338,-0.06721,0.02316,1.04262,0.52050,0.57192,1.07925,0.75802,0.00124,0.00041,0.00171,0.00129,-0.00055,-0.00582,-0.00765,0.00017,-0.00613,-0.00386,-0.00079,0.01042,0.01427,-0.00010,0.00452,0.00343,0.03982,0.01411,0.01637,-0.00511,0.01319,-0.00079,-0.00774,-0.00915,-0.00388,-0.00034,-0.04124,-0.02407,-0.00827,0.00021,0.00000,0.01450,0.00411,-0.00261,0.00322
271,213,push pink cup,robot_3cam,"robot demo
push cup right",True,0.38437,0.32525,0.37107,0.38156,0.38913,0.21243,0.07140,0.03769,0.20287,0.19222,-0.03207,-0.02305,-0.01252,-0.03944,-0.02459,-2.15461,-2.12511,-2.14265,-2.27705,-2.23150,2.01308,1.63539,1.77157,2.00008,2.03581,-0.01550,-0.20651,-0.22131,-0.01550,-0.00643,1.04262,0.53763,0.56065,1.11926,0.82980,0.00144,0.00166,0.00525,0.00140,0.00108,-0.00667,-0.01089,-0.00102,-0.00591,-0.00123,-0.00132,0.00827,0.01081,-0.00162,0.00304,0.00264,0.04065,0.00309,0.00294,-0.01053,0.01241,0.00925,0.00582,-0.00334,-0.00912,-0.00102,-0.03850,-0.00971,-0.00407,-0.00017,0.00000,0.01544,0.00646,0.01740,0.07571
271,214,push pink cup,robot_3cam,"robot demo
push cup right",True,0.38461,0.32619,0.37189,0.37653,0.39015,0.20985,0.06748,0.03915,0.20020,0.19204,-0.03260,-0.02144,-0.01482,-0.03684,-0.02006,-2.15235,-2.12224,-2.14990,-2.25967,-2.27191,2.01696,1.64688,1.77238,2.02354,1.94444,-0.01393,-0.20828,-0.21534,-0.03008,-0.00831,1.04098,0.54004,0.56923,1.15433,0.87099,0.00144,0.00246,0.00583,0.00175,0.00186,-0.00773,-0.01274,-0.00194,-0.00737,-0.00257,-0.00205,0.00842,0.01394,-0.00140,0.00593,0.00253,0.04269,0.00743,0.01046,0.00812,0.01325,0.01397,0.00576,-0.00213,-0.02324,-0.00071,-0.03913,-0.01569,-0.00822,-0.00340,0.00000,0.01550,0.00638,0.01640,0.04588
271,215,push pink cup,robot_3cam,"robot demo
push cup right",True,0.38451,0.32784,0.37344,0.36218,0.39724,0.20754,0.06433,0.03928,0.21500,0.19452,-0.03229,-0.02575,-0.01827,-0.03550,-0.02019,-2.15082,-2.14352,-2.15963,-2.30501,-2.22168,2.01863,1.67492,1.78005,2.00504,1.93742,-0.01502,-0.18643,-0.20317,-0.01754,-0.01706,1.04262,0.55341,0.57696,1.22688,0.86603,0.00092,0.00406,0.00612,0.00224,0.00225,-0.00932,-0.01613,-0.00234,-0.00819,-0.00313,-0.00301,0.00559,0.01464,-0.00274,0.00667,-0.00329,0.04149,0.00822,-0.00412,0.01569,0.01196,0.02614,0.00636,0.01034,-0.03092,-0.00039,-0.03387,-0.01677,-0.00875,-0.00563,0.00000,0.01606,0.00653,0.03483,0.04677
271,216,push pink cup,robot_3cam,"robot demo
push cup right",True,0.38423,0.32772,0.37069,0.35569,0.38860,0.20514,0.06543,0.03966,0.21946,0.19703,-0.03262,-0.02944,-0.01787,-0.03602,-0.02295,-2.15031,-2.15836,-2.15065,-2.14463,-2.24128,2.02134,1.68345,1.76971,1.95018,1.78245,-0.01533,-0.17014,-0.21481,-0.02386,-0.00927,1.04262,0.56779,0.57336,1.22007,0.90021,0.00032,0.00440,0.00629,0.00274,0.00316,-0.01133,-0.01905,-0.00289,-0.00999,-0.00392,-0.00411,0.00672,0.01556,-0.00252,0.00772,-0.00628,0.04820,0.00998,-0.02230,0.03919,0.01418,0.03054,0.00686,0.02623,-0.04609,0.00041,-0.03904,-0.01936,-0.01083,-0.01077,0.00000,0.01632,0.00649,0.02781,0.03086
271,217,push pink cup,robot_3cam,"robot demo
push cup right",True,0.38413,0.32518,0.37369,0.36549,0.39633,0.20244,0.06001,0.04224,0.20709,0.19297,-0.03265,-0.02819,-0.02449,-0.04263,-0.02151,-2.14545,-2.13653,-2.17999,-2.12941,-2.23759,2.02580,1.68645,1.78434,1.98990,1.86491,-0.01429,-0.18767,-0.18509,-0.02405,-0.02225,1.04262,0.56790,0.58692,1.15501,0.90763,-0.00160,0.00282,0.00713,0.00117,0.00378,-0.01256,-0.01986,-0.00300,-0.00958,-0.00185,-0.00582,0.00610,0.01496,-0.00296,0.00747,-0.01326,0.05253,0.00719,-0.05168,0.01610,0.01559,0.02848,0.00976,0.03940,-0.03791,0.00358,-0.04221,-0.01643,-0.00456,-0.00747,0.00000,0.01568,0.00666,0.03254,0.04284
271,218,push pink cup,robot_3cam,"robot demo
push cup right",True,0.38309,0.32304,0.37336,0.35710,0.39357,0.20077,0.06221,0.04688,0.20306,0.19288,-0.03246,-0.02523,-0.03027,-0.04027,-0.02248,-2.14835,-2.13232,-2.19497,-2.02810,-2.25769,2.02203,1.67407,1.77968,1.97536,1.84230,-0.01346,-0.19692,-0.17173,-0.03316,-0.03717,1.04262,0.56420,0.59926,1.12948,0.94123,-0.00227,0.00220,0.00575,0.00065,0.00322,-0.01416,-0.02066,-0.00262,-0.00995,-0.00168,-0.00639,0.00621,0.01615,-0.00255,0.00860,-0.01221,0.05566,0.01133,-0.03335,0.01370,0.02092,0.02839,0.00498,0.02763,-0.04073,0.00495,-0.04496,-0.02253,-0.00383,-0.00773,0.00000,0.01540,0.00573,0.02211,0.01106
271,219,push pink cup,robot_3cam,"robot demo
push cup right",True,0.38271,0.32212,0.37356,0.35494,0.39759,0.19943,0.06368,0.04296,0.20269,0.19614,-0.03123,-0.02809,-0.02879,-0.04382,-0.02879,-2.14768,-2.14177,-2.18895,-2.02160,-2.24693,2.01782,1.67456,1.78653,2.08521,1.90973,-0.01402,-0.18652,-0.17098,0.00055,-0.03286,1.04098,0.56789,0.59367,1.06828,0.94571,-0.00310,0.00122,0.00492,-0.00066,0.00133,-0.01494,-0.02133,-0.00197,-0.00873,-0.00145,-0.00667,0.00381,0.01295,-0.00365,0.00516,-0.00841,0.05601,0.00774,-0.03508,-0.00078,0.02760,0.02958,0.00466,0.02034,-0.03026,0.00614,-0.04345,-0.01695,0.00510,-0.00131,0.00000,0.01559,0.00606,0.02078,0.06018
271,220,push pink cup,robot_3cam,"robot demo
push cup right",True,0.38262,0.32382,0.37406,0.35444,0.39123,0.19751,0.07029,0.04338,0.20242,0.18607,-0.03002,-0.03209,-0.02820,-0.04388,-0.02414,-2.14701,-2.17662,-2.19406,-2.04050,-2.31524,2.01362,1.67843,1.78661,2.20782,1.88743,-0.01506,-0.15405,-0.16723,-0.00096,-0.03347,1.04262,0.59282,0.60087,1.09661,0.95241,-0.00390,-0.00033,0.00364,-0.00117,0.00065,-0.01597,-0.02211,-0.00162,-0.00934,-0.00108,-0.00628,0.00680,0.01458,-0.00275,0.00636,-0.00368,0.06447,0.01228,0.01382,-0.00109,0.03406,0.02472,-0.00058,-0.01630,-0.03144,0.00737,-0.05258,-0.02288,0.00840,-0.00361,0.00000,0.01491,0.00489,0.01371,0.04495
271,221,push pink cup,robot_3cam,"robot demo
push cup right",True,0.38208,0.32423,0.37618,0.35746,0.39314,0.19433,0.06369,0.04222,0.18379,0.18506,-0.02960,-0.02766,-0.02876,-0.04754,-0.02539,-2.14805,-2.16016,-2.20094,-2.05902,-2.34959,2.01469,1.68849,1.79492,2.20731,1.89281,-0.01603,-0.16900,-0.15729,0.00059,-0.01585,1.04098,0.59737,0.61093,1.08234,0.90466,-0.00425,-0.00227,0.00208,-0.00213,-0.00012,-0.01620,-0.02197,-0.00116,-0.00964,-0.00195,-0.00558,0.00767,0.01567,-0.00273,0.00716,-0.00362,0.06895,0.01648,0.02217,-0.00498,0.03247,0.01916,-0.00638,-0.02434,-0.02593,0.00692,-0.05701,-0.02789,0.01307,-0.00853,0.00000,0.01347,0.00384,0.01546,0.02340
271,222,push pink cup,robot_3cam,"robot demo
push cup right",True,0.38263,0.32305,0.37199,0.35944,0.38400,0.19023,0.06586,0.04282,0.18601,0.18309,-0.02732,-0.02996,-0.02533,-0.04377,-0.02837,-2.13992,-2.17034,-2.17609,-2.00802,-2.33830,2.01925,1.69136,1.77331,2.25434,1.79557,-0.01948,-0.15818,-0.18463,-0.01053,-0.02300,1.04262,0.60893,0.60027,1.11149,0.87076,-0.00363,-0.00182,0.00114,-0.00219,-0.00046,-0.01712,-0.02494,-0.00114,-0.01128,-0.00482,-0.00380,0.00928,0.01682,-0.00192,0.00823,-0.00307,0.07640,0.02041,0.07382,0.01957,0.02802,0.02342,-0.00965,-0.05633,-0.03259,0.00386,-0.06328,-0.03289,0.00719,-0.00881,0.00000,0.01378,0.00361,0.00198,-0.00572
271,223,push pink cup,robot_3cam,"robot demo
push cup right",True,0.38279,0.32369,0.37447,0.36498,0.38357,0.18599,0.06766,0.04685,0.17262,0.17695,-0.02603,-0.02827,-0.02829,-0.03875,-0.02436,-2.13122,-2.18205,-2.19875,-2.00997,-2.33986,2.02645,1.69536,1.77705,2.33031,1.76723,-0.02190,-0.14798,-0.16435,-0.02628,-0.00860,1.04262,0.62473,0.61475,1.13389,0.91403,-0.00360,-0.00325,0.00169,-0.00316,-0.00090,-0.01698,-0.02629,-0.00231,-0.01289,-0.00485,-0.00220,0.01204,0.02034,-0.00110,0.01111,-0.00139,0.08564,0.02566,0.11899,0.03175,0.02465,0.01989,-0.00957,-0.08556,-0.05398,0.00320,-0.07260,-0.04004,0.00470,-0.01160,0.00000,0.01292,0.00373,0.00060,-0.01890
271,224,push pink cup,robot_3cam,"robot demo
push cup right",True,0.38205,0.32429,0.37788,0.36998,0.39261,0.18273,0.07438,0.05142,0.17017,0.15213,-0.02570,-0.02970,-0.03623,-0.03182,-0.02116,-2.13078,-2.20911,-2.23430,-2.16741,-2.25931,2.02543,1.69578,1.78601,2.35772,1.88317,-0.01998,-0.12578,-0.12662,-0.05236,-0.04450,1.04098,0.64645,0.64368,1.17370,0.94790,-0.00314,-0.00398,0.00045,-0.00348,-0.00400,-0.01770,-0.02754,-0.00336,-0.01458,-0.00725,-0.00049,0.01617,0.02501,0.00076,0.01422,-0.00172,0.09483,0.03615,0.14131,0.01515,0.01861,0.01658,-0.01528,-0.09980,-0.04525,0.00023,-0.08298,-0.05387,0.00416,-0.00531,0.00000,0.01220,0.00300,0.00256,-0.03006
271,225,push pink cup,robot_3cam,"robot demo
push cup right",True,0.38026,0.32589,0.37591,0.37897,0.39487,0.17982,0.06987,0.05769,0.15501,0.15856,-0.02555,-0.02565,-0.04145,-0.02778,-0.02064,-2.13277,-2.20291,-2.24433,-2.14089,-2.21284,2.02753,1.70888,1.77398,2.29193,1.90772,-0.01962,-0.13217,-0.12242,-0.08354,-0.08081,1.04098,0.65198,0.64743,1.13340,0.95513,-0.00295,-0.00367,0.00125,-0.00264,-0.00311,-0.01772,-0.02844,-0.00417,-0.01642,-0.01024,0.00078,0.01822,0.02602,0.00186,0.01458,-0.00132,0.09822,0.03700,0.11207,0.01268,0.01415,0.01686,-0.01251,-0.06979,-0.03891,-0.00127,-0.08651,-0.05612,-0.00242,-0.00826,0.00000,0.01152,0.00342,0.00712,-0.04309
271,226,push pink cup,robot_3cam,"robot demo
push cup right",True,0.38007,0.32657,0.37539,0.37287,0.39623,0.17655,0.07563,0.06052,0.15372,0.14954,-0.02484,-0.02855,-0.04326,-0.02868,-0.01783,-2.13159,-2.22878,-2.24992,-2.18819,-2.19814,2.02601,1.70841,1.76833,2.27836,1.95813,-0.02067,-0.10896,-0.12004,-0.06842,-0.10201,1.04098,0.67036,0.65193,1.13453,0.90942,-0.00311,-0.00470,0.00189,-0.00327,-0.00282,-0.01819,-0.02959,-0.00507,-0.01716,-0.01231,0.00193,0.02085,0.02844,0.00338,0.01672,0.00323,0.10608,0.04024,0.14641,0.00924,0.01587,0.01404,-0.01159,-0.09270,-0.03290,-0.00106,-0.09476,-0.06084,-0.00032,-0.00937,0.00000,0.01110,0.00358,0.00867,-0.04143
271,227,push pink cup,robot_3cam,"robot demo
push cup right",True,0.37880,0.32703,0.38016,0.36939,0.41038,0.17424,0.07596,0.05819,0.14990,0.13937,-0.02456,-0.02631,-0.04955,-0.02587,-0.00980,-2.13291,-2.23223,-2.27801,-2.17507,-2.18823,2.02386,1.71003,1.79455,2.19978,1.97957,-0.02018,-0.10905,-0.08574,-0.07891,-0.12021,1.04098,0.67580,0.67494,1.12419,0.88357,-0.00349,-0.00474,0.00245,-0.00309,-0.00398,-0.01848,-0.03051,-0.00611,-0.01854,-0.01329,0.00255,0.02264,0.03113,0.00483,0.01931,0.00751,0.11006,0.04385,0.15492,-0.00695,0.01772,0.01388,-0.01154,-0.09027,-0.02383,0.00115,-0.09895,-0.06550,-0.00426,-0.00831,0.00000,0.01059,0.00329,0.00985,-0.03905
271,228,push pink cup,robot_3cam,"robot demo
push cup right",True,0.37771,0.33051,0.37852,0.37243,0.41339,0.16926,0.07677,0.05515,0.14933,0.13082,-0.02478,-0.02862,-0.04812,-0.02495,-0.00936,-2.12684,-2.25739,-2.26477,-2.23406,-2.13435,2.03357,1.72930,1.79242,2.04451,2.02655,-0.01835,-0.08648,-0.09777,-0.08001,-0.15015,1.04098,0.69572,0.67208,1.15575,0.85382,-0.00363,-0.00471,0.00172,-0.00300,-0.00493,-0.01933,-0.03016,-0.00596,-0.01905,-0.01397,0.00305,0.02466,0.03115,0.00609,0.01963,0.00756,0.11075,0.04526,0.08869,0.00276,0.01694,0.01176,-0.01384,-0.03848,-0.02425,-0.00022,-0.10066,-0.06712,-0.00217,-0.01014,0.00000,0.00975,0.00265,0.01442,-0.04354
271,229,push pink cup,robot_3cam,"robot demo
push cup right",True,0.37740,0.33005,0.37636,0.37510,0.40899,0.16604,0.07360,0.05387,0.14761,0.12968,-0.02297,-0.02384,-0.04630,-0.02158,-0.01000,-2.12469,-2.23610,-2.25386,-2.30216,-2.10727,2.03100,1.72433,1.78665,1.99377,2.04743,-0.02038,-0.10930,-0.11076,-0.08769,-0.15557,1.04262,0.68361,0.66639,1.16490,0.86009,-0.00412,-0.00456,0.00172,-0.00296,-0.00492,-0.02011,-0.02867,-0.00600,-0.01911,-0.01459,0.00302,0.02480,0.03082,0.00629,0.01919,0.00970,0.10752,0.04487,0.07200,0.00883,0.02042,0.00949,-0.01352,-0.02144,-0.02573,0.00096,-0.09866,-0.06673,-0.00317,-0.01009,0.00000,0.00935,0.00238,0.01289,-0.04292
271,230,push pink cup,robot_3cam,"robot demo
push cup right",True,0.37693,0.32899,0.37956,0.37315,0.41466,0.16074,0.07165,0.05129,0.14659,0.13194,-0.02306,-0.02414,-0.05098,-0.02461,-0.00733,-2.12014,-2.22772,-2.27201,-2.28197,-2.12006,2.03906,1.72529,1.80769,2.01435,2.00693,-0.01919,-0.11556,-0.08760,-0.07349,-0.14331,1.04098,0.68324,0.67946,1.15830,0.87664,-0.00401,-0.00457,0.00227,-0.00327,-0.00532,-0.02064,-0.02941,-0.00628,-0.01919,-0.01481,0.00351,0.02493,0.03095,0.00634,0.01907,0.01302,0.10937,0.04393,0.06947,0.00105,0.02197,0.01036,-0.01219,-0.01811,-0.01955,-0.00045,-0.10007,-0.06557,-0.00418,-0.00868,0.00000,0.00937,0.00223,0.01238,-0.04055
271,231,push pink cup,robot_3cam,"robot demo
push cup right",True,0.37687,0.32434,0.37901,0.38651,0.40312,0.15669,0.06533,0.04925,0.13843,0.13722,-0.02156,-0.01530,-0.04466,-0.01992,-0.00981,-2.11612,-2.16875,-2.25849,-2.15632,-2.16504,2.04134,1.69968,1.80416,2.04409,1.97724,-0.02241,-0.17441,-0.10197,-0.09403,-0.09863,1.04098,0.64895,0.66795,1.10041,0.91410,-0.00417,-0.00418,0.00227,-0.00343,-0.00469,-0.02132,-0.02860,-0.00602,-0.01962,-0.01399,0.00332,0.02452,0.02973,0.00652,0.01762,0.01164,0.10738,0.04198,0.10439,0.00802,0.02192,0.00975,-0.01156,-0.03215,-0.02965,-0.00136,-0.09893,-0.06241,-0.00926,-0.00813,0.00000,0.00944,0.00250,0.00716,-0.02298
271,232,push pink cup,robot_3cam,"robot demo
push cup right",True,0.37601,0.32280,0.37608,0.38633,0.39496,0.15304,0.06688,0.04310,0.13437,0.13082,-0.02051,-0.01156,-0.03623,-0.01582,-0.00983,-2.11463,-2.16251,-2.22334,-2.18717,-2.15753,2.04303,1.69074,1.79625,2.01540,1.97873,-0.02446,-0.18528,-0.13766,-0.10066,-0.09626,1.04262,0.64698,0.65161,1.07992,0.87919,-0.00416,-0.00465,0.00197,-0.00417,-0.00391,-0.02196,-0.02867,-0.00590,-0.02068,-0.01431,0.00389,0.02570,0.02958,0.00716,0.01742,0.01291,0.10998,0.04239,0.09549,0.02717,0.02173,0.00777,-0.01274,-0.02289,-0.03571,-0.00521,-0.10221,-0.06220,-0.00788,-0.01047,0.00000,0.00890,0.00204,0.00552,-0.02415
271,233,push pink cup,robot_3cam,"robot demo
push cup right",True,0.37499,0.31766,0.37717,0.38791,0.40776,0.14771,0.06324,0.03807,0.12391,0.11471,-0.02046,-0.01152,-0.03552,-0.02174,-0.00583,-2.11000,-2.12809,-2.21790,-2.06227,-2.12730,2.05105,1.67992,1.80560,2.17547,2.01425,-0.02318,-0.21205,-0.13516,-0.08122,-0.12120,1.04262,0.63635,0.65458,1.11076,0.86958,-0.00446,-0.00476,0.00145,-0.00509,-0.00502,-0.02222,-0.03021,-0.00627,-0.02038,-0.01496,0.00365,0.02560,0.03058,0.00707,0.01820,0.01453,0.11453,0.04539,0.09968,0.03664,0.02208,0.00938,-0.01485,-0.02484,-0.03409,-0.00116,-0.10591,-0.06513,-0.00979,-0.00814,0.00000,0.00946,0.00206,0.00313,-0.02439
271,234,push pink cup,robot_3cam,"robot demo
push cup right",True,0.37339,0.31639,0.37591,0.39153,0.41424,0.14324,0.06542,0.04249,0.12497,0.11647,-0.02078,-0.01051,-0.03531,-0.01614,0.00737,-2.11353,-2.12348,-2.22499,-2.01279,-2.09223,2.05156,1.66959,1.79430,2.15408,1.95700,-0.02408,-0.21943,-0.13340,-0.10031,-0.16436,1.04098,0.63071,0.65521,1.09328,0.93432,-0.00505,-0.00348,0.00252,-0.00448,-0.00397,-0.02173,-0.03090,-0.00787,-0.02181,-0.02007,0.00373,0.02709,0.03287,0.00874,0.01955,0.01377,0.11549,0.04859,0.13073,0.04431,0.01648,0.01193,-0.01151,-0.03828,-0.01121,0.00356,-0.10761,-0.06962,-0.01372,-0.01450,0.00000,0.00987,0.00296,0.00502,-0.02365
271,235,push pink cup,robot_3cam,"robot demo
push cup right",True,0.37225,0.31676,0.37612,0.40358,0.41172,0.13898,0.05960,0.04352,0.11487,0.12129,-0.02070,-0.00965,-0.03532,-0.01695,0.01094,-2.11297,-2.10549,-2.23320,-1.90085,-2.11034,2.05429,1.67505,1.79453,2.17231,1.94939,-0.02550,-0.23521,-0.12465,-0.12163,-0.17065,1.04262,0.62552,0.65851,1.07461,0.98604,-0.00558,-0.00278,0.00185,-0.00455,-0.00437,-0.02108,-0.03075,-0.00817,-0.02214,-0.02328,0.00291,0.02775,0.03267,0.00927,0.01788,0.00954,0.11442,0.05013,0.10589,0.04846,0.00977,0.01238,-0.01247,-0.01440,0.00889,0.00680,-0.10701,-0.07133,-0.01224,-0.01395,0.00000,0.00968,0.00304,0.00786,-0.02365
271,236,push pink cup,robot_3cam,"robot demo
push cup right",True,0.37148,0.31701,0.37408,0.39068,0.40402,0.13423,0.05477,0.04814,0.10625,0.12639,-0.02086,-0.00652,-0.03605,-0.02329,0.00590,-2.10606,-2.09955,-2.23412,-1.85369,-2.09254,2.05960,1.68643,1.78132,2.17753,2.02809,-0.02413,-0.24091,-0.13132,-0.11289,-0.17333,1.04262,0.62990,0.65928,1.05305,0.95095,-0.00574,-0.00366,0.00063,-0.00469,-0.00555,-0.02129,-0.03225,-0.00733,-0.02300,-0.02055,0.00219,0.02707,0.03255,0.00871,0.01858,0.01023,0.11799,0.05151,0.10177,0.03594,0.00723,0.01356,-0.01628,-0.01046,0.00736,0.00670,-0.10870,-0.07398,-0.01754,-0.01018,0.00000,0.00902,0.00185,0.00652,-0.02488
271,237,push pink cup,robot_3cam,"robot demo
push cup right",True,0.36958,0.31730,0.37466,0.38596,0.41840,0.13138,0.04603,0.04431,0.09039,0.11579,-0.02108,-0.00301,-0.03812,-0.03283,0.00561,-2.10914,-2.07181,-2.23062,-1.81289,-2.05325,2.05556,1.69305,1.78959,2.30081,2.04966,-0.01972,-0.26210,-0.12677,-0.09281,-0.20121,1.04098,0.62104,0.66198,1.08299,0.94904,-0.00534,-0.00492,-0.00004,-0.00535,-0.00687,-0.02044,-0.03137,-0.00698,-0.02134,-0.01955,0.00113,0.02551,0.03213,0.00765,0.01858,0.01152,0.11701,0.05186,0.08857,0.04255,0.00553,0.01045,-0.01837,-0.00568,-0.00213,0.00892,-0.10702,-0.07391,-0.01421,-0.00802,0.00000,0.00855,0.00177,0.00604,-0.02234
271,238,push pink cup,robot_3cam,"robot demo
push cup right",True,0.36877,0.31741,0.37062,0.39019,0.40143,0.12704,0.04431,0.04429,0.09398,0.11709,-0.02156,0.00104,-0.03440,-0.03003,-0.00391,-2.10796,-2.06068,-2.20859,-1.84236,-2.07673,2.05400,1.69129,1.77365,2.24484,2.07758,-0.02194,-0.27564,-0.15403,-0.10701,-0.16648,1.04262,0.60854,0.64453,1.03997,0.95976,-0.00515,-0.00429,0.00079,-0.00395,-0.00578,-0.02013,-0.02991,-0.00671,-0.02091,-0.01943,0.00071,0.02377,0.03042,0.00678,0.01652,0.00961,0.11017,0.04751,0.09017,0.04786,0.00091,0.01135,-0.01495,-0.00423,-0.01755,0.00711,-0.10043,-0.06869,-0.02032,-0.00867,0.00000,0.00857,0.00212,0.00225,-0.01690
271,239,push pink cup,robot_3cam,"robot demo
push cup right",True,0.36761,0.32549,0.36813,0.37153,0.38652,0.12297,0.04219,0.04494,0.09471,0.11578,-0.02158,-0.00495,-0.03092,-0.03124,-0.01875,-2.10240,-2.11898,-2.19130,-2.12564,-2.09907,2.05790,1.74075,1.76044,2.30474,2.20766,-0.02506,-0.21611,-0.17412,-0.06940,-0.13044,1.04262,0.64697,0.63434,1.04045,0.93803,-0.00455,-0.00687,-0.00123,-0.00505,-0.00742,-0.01975,-0.02964,-0.00500,-0.01924,-0.01655,0.00027,0.02045,0.02809,0.00260,0.01462,0.00810,0.10847,0.04643,0.02420,0.04055,0.00221,0.00912,-0.02025,0.02261,-0.02126,0.00329,-0.09567,-0.06721,-0.00328,-0.00418,0.00000,0.00726,0.00109,0.00833,-0.01879
271,240,push pink cup,robot_3cam,"robot demo
push cup right",True,0.36677,0.32837,0.36656,0.36467,0.38847,0.11841,0.04008,0.03887,0.08904,0.10398,-0.02272,-0.00507,-0.02722,-0.02576,-0.02110,-2.10670,-2.14068,-2.16679,-2.28421,-2.01092,2.05549,1.76409,1.76152,2.29389,2.20812,-0.02294,-0.19709,-0.19644,-0.08784,-0.16826,1.04098,0.66421,0.62658,1.03123,0.89275,-0.00368,-0.00872,-0.00239,-0.00620,-0.00765,-0.02067,-0.02943,-0.00395,-0.01904,-0.01525,0.00033,0.01835,0.02682,0.00043,0.01449,0.01221,0.10769,0.04569,-0.01791,0.04661,0.00726,0.00711,-0.02400,0.04421,-0.01688,-0.00019,-0.09318,-0.06581,0.00765,-0.00465,0.00000,0.00600,-0.00012,0.01067,-0.02557
271,241,push pink cup,robot_3cam,"robot demo
push cup right",True,0.36588,0.32700,0.36565,0.35962,0.38695,0.11450,0.02791,0.03249,0.08523,0.10609,-0.02368,-0.00330,-0.02651,-0.03520,-0.02131,-2.10308,-2.10124,-2.15401,-2.12961,-2.09360,2.06072,1.77663,1.76892,2.31742,2.22830,-0.01460,-0.22952,-0.20290,-0.07006,-0.12666,1.04262,0.64734,0.62165,0.99131,0.99088,-0.00346,-0.00679,-0.00112,-0.00494,-0.00762,-0.02015,-0.03064,-0.00512,-0.01909,-0.01758,0.00002,0.01575,0.02672,-0.00107,0.01257,0.00850,0.10272,0.04437,-0.03142,0.05704,0.00361,0.01545,-0.01949,0.05574,-0.02260,0.00136,-0.08613,-0.06349,0.00120,-0.00070,0.00000,0.00660,0.00076,0.00975,-0.01261
271,242,push pink cup,robot_3cam,"robot demo
push cup right",True,0.36531,0.32311,0.36387,0.36934,0.37461,0.11131,0.03240,0.03978,0.09289,0.11263,-0.02407,0.00213,-0.02880,-0.02819,-0.02100,-2.10000,-2.07561,-2.16576,-2.16462,-2.08080,2.06363,1.74139,1.75512,2.28463,2.23788,-0.01178,-0.26157,-0.20143,-0.08109,-0.11387,1.04098,0.62012,0.62100,0.96672,0.99610,-0.00305,-0.00623,0.00014,-0.00444,-0.00622,-0.01963,-0.02814,-0.00544,-0.01842,-0.01807,0.00012,0.01579,0.02704,-0.00033,0.01304,0.00607,0.09729,0.04258,-0.00350,0.05110,0.00136,0.01252,-0.01552,0.04107,-0.02406,-0.00057,-0.08332,-0.06262,-0.00251,-0.00624,0.00000,0.00692,0.00108,0.00536,-0.02210
271,243,push pink cup,robot_3cam,"robot demo
push cup right",True,0.36463,0.32295,0.36684,0.36592,0.38193,0.10634,0.02663,0.03338,0.08771,0.10691,-0.02512,0.00297,-0.02821,-0.03198,-0.01802,-2.10423,-2.05965,-2.16872,-2.03037,-2.10544,2.06506,1.74806,1.77589,2.32616,2.18858,-0.01201,-0.27333,-0.19099,-0.08937,-0.10693,1.04262,0.61469,0.62738,0.95209,1.02636,-0.00144,-0.00575,-0.00008,-0.00407,-0.00646,-0.01972,-0.02905,-0.00541,-0.01853,-0.01834,0.00007,0.01485,0.02702,-0.00083,0.01266,0.00682,0.09703,0.04275,0.00145,0.05386,-0.00168,0.01578,-0.01670,0.03990,-0.02086,-0.00795,-0.08182,-0.06202,-0.00578,-0.00588,0.00000,0.00715,0.00069,0.00500,-0.01491
271,244,push pink cup,robot_3cam,"robot demo
push cup right",True,0.36362,0.32127,0.36664,0.36897,0.38511,0.10311,0.02540,0.02040,0.09456,0.09928,-0.02557,0.00511,-0.02238,-0.02476,-0.01771,-2.10192,-2.03967,-2.13727,-1.90735,-2.16358,2.06891,1.73753,1.79275,2.20393,2.11649,-0.00794,-0.29522,-0.21366,-0.11325,-0.08980,1.04098,0.59525,0.61260,0.94587,1.01276,-0.00029,-0.00349,0.00142,-0.00215,-0.00340,-0.01928,-0.02869,-0.00565,-0.01878,-0.01848,-0.00001,0.01403,0.02499,-0.00057,0.01105,0.00863,0.09070,0.03686,-0.00780,0.07955,-0.00457,0.02099,-0.01173,0.05020,-0.03483,-0.01102,-0.07597,-0.05320,-0.01461,-0.01386,0.00000,0.00796,0.00117,0.00201,-0.01434
271,245,push pink cup,robot_3cam,"robot demo
push cup right",True,0.36291,0.32179,0.36789,0.37255,0.38785,0.09999,0.02669,0.01920,0.10364,0.10137,-0.02682,0.00468,-0.02426,-0.02460,-0.01561,-2.10755,-2.03814,-2.14452,-1.97193,-2.16043,2.06509,1.73025,1.80264,2.14577,2.04973,-0.00954,-0.29887,-0.20601,-0.11391,-0.09212,1.04098,0.58884,0.61556,0.95514,1.01468,0.00040,-0.00287,0.00236,-0.00196,-0.00207,-0.01817,-0.02707,-0.00565,-0.01798,-0.01736,-0.00052,0.01460,0.02433,0.00027,0.01123,0.00634,0.08684,0.03374,-0.01284,0.07969,-0.00803,0.01916,-0.00892,0.05525,-0.03819,-0.01119,-0.07383,-0.04949,-0.01472,-0.01906,-0.00001,0.00804,0.00121,0.00261,-0.01361
271,246,push pink cup,robot_3cam,"robot demo
push cup right",True,0.36409,0.32485,0.36794,0.37070,0.38245,0.09641,0.02679,0.01800,0.10518,0.10073,-0.02664,0.00373,-0.02115,-0.02332,-0.01551,-2.10780,-2.05431,-2.14008,-2.05954,-2.18678,2.05826,1.74100,1.80312,2.08368,2.02036,-0.01487,-0.28530,-0.21141,-0.10981,-0.07806,1.04098,0.59782,0.61036,0.96219,1.01179,0.00194,-0.00296,0.00252,-0.00194,-0.00135,-0.01822,-0.02623,-0.00539,-0.01784,-0.01591,-0.00011,0.01523,0.02348,0.00069,0.01081,0.00629,0.08529,0.03185,-0.02970,0.08130,-0.00944,0.01725,-0.00817,0.06535,-0.04354,-0.01580,-0.07296,-0.04684,-0.01103,-0.01953,0.00000,0.00748,0.00124,0.00533,-0.00774
271,247,push pink cup,robot_3cam,"robot demo
push cup right",True,0.36436,0.32926,0.36475,0.35816,0.37222,0.09235,0.01637,0.01044,0.12070,0.09833,-0.02695,-0.00340,-0.01384,-0.01883,-0.01882,-2.10069,-2.06748,-2.10097,-1.96704,-2.22986,2.06380,1.78917,1.79882,1.86285,1.97006,-0.01834,-0.26271,-0.24743,-0.15814,-0.04806,1.04098,0.61049,0.58440,0.95938,1.01405,0.00264,-0.00013,0.00379,0.00136,0.00034,-0.01704,-0.02877,-0.00520,-0.01780,-0.01485,-0.00004,0.01172,0.02016,-0.00053,0.00819,0.00525,0.07878,0.02435,-0.12286,0.08674,-0.01278,0.03117,-0.00266,0.12909,-0.04589,-0.01415,-0.06243,-0.03632,-0.02217,-0.01195,0.00000,0.00847,0.00227,0.01135,-0.00501
271,248,push pink cup,robot_3cam,"robot demo
push cup right",True,0.36539,0.33220,0.36304,0.37602,0.36494,0.08903,0.01347,0.00760,0.12465,0.09783,-0.02619,-0.00209,-0.01120,-0.00537,-0.01940,-2.10229,-2.06278,-2.08275,-2.04953,-2.25999,2.05872,1.79534,1.79608,1.77409,1.94651,-0.02402,-0.26821,-0.26809,-0.20858,-0.03141,1.04262,0.60196,0.57343,0.96309,0.97289,0.00236,0.00141,0.00534,0.00215,0.00201,-0.01589,-0.02635,-0.00545,-0.01713,-0.01345,0.00011,0.01166,0.01975,-0.00028,0.00885,0.00411,0.07001,0.02076,-0.14495,0.07737,-0.01118,0.03090,0.00177,0.14763,-0.04125,-0.00582,-0.05545,-0.03192,-0.02331,-0.01030,0.00000,0.00853,0.00255,0.02234,-0.01975
271,249,push pink cup,robot_3cam,"robot demo
push cup right",True,0.36557,0.33347,0.36285,0.39048,0.36300,0.08584,0.01099,0.01053,0.10995,0.10371,-0.02656,-0.00048,-0.01155,-0.00288,-0.01852,-2.10432,-2.05774,-2.08756,-2.04156,-2.23900,2.05743,1.80036,1.79124,1.84694,1.94699,-0.02380,-0.27199,-0.26715,-0.22064,-0.02553,1.04262,0.60349,0.57342,0.94677,0.99684,0.00301,0.00076,0.00609,0.00145,0.00270,-0.01499,-0.02523,-0.00592,-0.01690,-0.01451,0.00039,0.01246,0.02047,0.00017,0.00899,0.00172,0.06997,0.02080,-0.14119,0.08237,-0.01372,0.02679,0.00394,0.14905,-0.04494,-0.00479,-0.05636,-0.03238,-0.02351,-0.01476,0.00000,0.00793,0.00294,0.03037,-0.02468
271,250,push pink cup,robot_3cam,"robot demo
push cup right",True,0.36622,0.33564,0.36083,0.36475,0.35386,0.08304,0.00389,0.00737,0.12355,0.11423,-0.02656,-0.00363,-0.00881,-0.00461,-0.02490,-2.10440,-2.06162,-2.07201,-2.02977,-2.28895,2.05751,1.82868,1.79049,1.64251,1.92409,-0.02605,-0.26519,-0.28147,-0.21515,0.00219,1.04098,0.60896,0.55453,0.93776,1.05938,0.00353,0.00240,0.00851,0.00297,0.00478,-0.01407,-0.02655,-0.00663,-0.01700,-0.01340,0.00069,0.00998,0.01673,-0.00135,0.00417,0.00150,0.06489,0.01133,-0.17680,0.06992,-0.01545,0.03509,0.01440,0.17170,-0.03668,-0.00252,-0.04888,-0.01982,-0.02233,-0.01048,0.00001,0.00819,0.00495,0.02659,0.01285
271,251,push pink cup,robot_3cam,"robot demo
push cup right",True,0.36705,0.33563,0.36219,0.37901,0.37042,0.08201,0.00581,0.00830,0.12809,0.10465,-0.02611,-0.00056,-0.01247,0.00687,-0.02243,-2.11056,-2.05546,-2.08490,-2.10239,-2.19088,2.04706,1.81617,1.79942,1.65640,1.94411,-0.02617,-0.27441,-0.27047,-0.25697,-0.05501,1.04262,0.59370,0.55852,0.94040,1.00344,0.00348,0.00320,0.00984,0.00388,0.00623,-0.01163,-0.02486,-0.00643,-0.01666,-0.00856,0.00093,0.00894,0.01569,-0.00174,0.00534,-0.00002,0.05863,0.00652,-0.17165,0.02901,-0.01821,0.03534,0.01839,0.17300,-0.01880,0.00106,-0.04358,-0.01442,-0.02582,-0.00726,0.00000,0.00865,0.00502,0.02074,0.01821
271,252,push pink cup,robot_3cam,"robot demo
push cup right",True,0.36711,0.33698,0.36418,0.39921,0.37305,0.07911,0.01002,0.00685,0.12245,0.09533,-0.02651,-0.00203,-0.01585,0.00682,-0.02086,-2.11146,-2.06874,-2.09789,-2.20043,-2.18131,2.04809,1.81139,1.81165,1.74599,1.96293,-0.02711,-0.26161,-0.25225,-0.24857,-0.04591,1.04262,0.59946,0.56855,0.95801,1.00710,0.00369,0.00203,0.00958,0.00263,0.00591,-0.01219,-0.02285,-0.00654,-0.01518,-0.00907,0.00080,0.01020,0.01606,-0.00068,0.00469,-0.00016,0.05876,0.00763,-0.14227,0.02674,-0.01424,0.02826,0.01737,0.15006,-0.01087,-0.00144,-0.04565,-0.01567,-0.02253,-0.00575,0.00000,0.00828,0.00493,0.03117,0.01578
271,253,push pink cup,robot_3cam,"robot demo
push cup right",True,0.36791,0.34063,0.36219,0.38381,0.36926,0.07720,0.00542,0.00526,0.11444,0.09376,-0.02662,0.00023,-0.01511,0.01113,-0.02481,-2.11102,-2.07705,-2.08602,-2.14533,-2.21523,2.04740,1.83131,1.80700,1.67142,1.92658,-0.02710,-0.25631,-0.26401,-0.23411,-0.05290,1.04262,0.60501,0.56353,0.90574,1.01772,0.00347,0.00163,0.00911,0.00286,0.00508,-0.01097,-0.02213,-0.00622,-0.01453,-0.00940,0.00049,0.00869,0.01523,-0.00083,0.00428,-0.00269,0.05478,0.00708,-0.13395,0.02351,-0.01346,0.02806,0.01644,0.14204,-0.00883,-0.00398,-0.04085,-0.01496,-0.01949,-0.00323,0.00000,0.00736,0.00457,0.02049,0.02514
271,254,push pink cup,robot_3cam,"robot demo
push cup right",True,0.36840,0.34056,0.36179,0.36385,0.37206,0.07494,0.00652,-0.00348,0.12750,0.07780,-0.02656,-0.00265,-0.01102,0.00622,-0.02782,-2.11166,-2.08331,-2.06236,-2.17208,-2.31739,2.04433,1.83305,1.81524,1.51310,1.90168,-0.02598,-0.25055,-0.28021,-0.21589,-0.04500,1.04262,0.60346,0.55778,0.88177,0.99357,0.00288,0.00243,0.00821,0.00338,0.00393,-0.01013,-0.02165,-0.00585,-0.01369,-0.00978,0.00025,0.00712,0.01470,-0.00157,0.00375,-0.00354,0.04983,0.00777,-0.12998,0.01795,-0.01253,0.03067,0.01341,0.13521,-0.00114,-0.00145,-0.03566,-0.01473,-0.01826,0.00049,0.00000,0.00780,0.00393,0.02334,0.02354
271,255,push pink cup,robot_3cam,"robot demo
push cup right",True,0.36919,0.34149,0.36400,0.38684,0.37797,0.07389,0.00491,-0.00564,0.10652,0.07221,-0.02616,0.00152,-0.01295,0.00877,-0.02293,-2.11405,-2.06573,-2.06935,-2.29157,-2.32580,2.04020,1.82411,1.82558,1.67814,1.87818,-0.02873,-0.26865,-0.26834,-0.23464,-0.04317,1.04262,0.59364,0.57189,0.83256,1.01629,0.00251,0.00164,0.00630,0.00261,0.00261,-0.00961,-0.01833,-0.00528,-0.01262,-0.01048,0.00020,0.00882,0.01676,0.00002,0.00615,-0.00833,0.04707,0.01390,-0.09812,0.02280,-0.01537,0.02170,0.00560,0.11827,0.00334,-0.00271,-0.03608,-0.02232,-0.02055,-0.00104,0.00000,0.00703,0.00246,0.03262,-0.00136
271,256,push pink cup,robot_3cam,"robot demo
push cup right",True,0.36929,0.34019,0.36526,0.39143,0.38365,0.07245,0.00444,-0.00798,0.09632,0.06770,-0.02667,0.00133,-0.01053,-0.00240,-0.02148,-2.11437,-2.05322,-2.06542,-2.34097,-2.31551,2.04041,1.81599,1.82946,1.74913,1.88831,-0.02693,-0.27852,-0.26794,-0.20888,-0.05676,1.04098,0.59056,0.57399,0.82591,0.94527,0.00260,0.00069,0.00455,0.00114,0.00158,-0.00931,-0.01733,-0.00455,-0.01184,-0.01016,0.00024,0.00980,0.01700,0.00040,0.00665,-0.00390,0.04880,0.01707,-0.08890,0.02693,-0.01189,0.01664,-0.00031,0.11021,-0.00010,-0.00277,-0.03906,-0.02557,-0.01658,-0.00003,0.00000,0.00677,0.00175,0.04583,-0.00602
271,257,push pink cup,robot_3cam,"robot demo
push cup right",True,0.37010,0.33835,0.36669,0.38924,0.38683,0.07024,0.00291,-0.00827,0.09009,0.06218,-0.02682,0.00228,-0.01076,-0.00615,-0.01859,-2.11602,-2.03654,-2.07329,-2.35305,-2.33128,2.03887,1.80897,1.83603,1.76411,1.85321,-0.02900,-0.29318,-0.26113,-0.21409,-0.07243,1.04262,0.58199,0.58047,0.80735,0.90962,0.00291,0.00062,0.00392,0.00081,0.00167,-0.00876,-0.01698,-0.00398,-0.01132,-0.00820,0.00033,0.00939,0.01727,0.00018,0.00731,-0.00118,0.04815,0.01789,-0.09571,0.01196,-0.01166,0.01604,-0.00307,0.11421,0.00893,-0.00355,-0.03860,-0.02682,-0.01581,0.00191,0.00000,0.00692,0.00076,0.05799,-0.01302
271,258,push pink cup,robot_3cam,"robot demo
push cup right",True,0.37096,0.33881,0.36632,0.39154,0.38343,0.06773,0.00024,-0.01283,0.08640,0.06024,-0.02694,0.00260,-0.00784,-0.01041,-0.02112,-2.11243,-2.02322,-2.06145,-2.34890,-2.38210,2.04140,1.80655,1.84183,1.76756,1.78657,-0.02906,-0.30533,-0.27078,-0.20339,-0.05943,1.04262,0.57385,0.57042,0.80596,0.94757,0.00314,0.00109,0.00498,0.00118,0.00205,-0.00919,-0.01549,-0.00401,-0.01067,-0.00612,0.00038,0.00987,0.01507,0.00098,0.00476,0.00263,0.04481,0.01248,-0.08342,-0.00335,-0.00930,0.01400,0.00136,0.10768,0.01792,-0.00343,-0.03669,-0.01941,-0.01782,0.00753,0.00000,0.00687,0.00136,0.06639,0.01391
271,259,push pink cup,robot_3cam,"robot demo
push cup right",True,0.37229,0.34164,0.36549,0.37963,0.38054,0.06585,-0.00568,-0.01397,0.08418,0.05750,-0.02659,0.00166,-0.00690,-0.00747,-0.02529,-2.11013,-2.02604,-2.05685,-2.29269,-2.37994,2.03818,1.82877,1.84132,1.71679,1.79999,-0.02749,-0.29931,-0.27415,-0.21119,-0.05368,1.04262,0.57687,0.56402,0.74330,0.97169,0.00306,0.00180,0.00546,0.00219,0.00237,-0.00899,-0.01564,-0.00409,-0.01051,-0.00560,0.00037,0.00785,0.01343,0.00030,0.00281,0.00096,0.04025,0.00930,-0.09508,-0.00765,-0.01076,0.01791,0.00415,0.11370,0.02083,-0.00402,-0.03062,-0.01510,-0.01957,0.00800,0.00000,0.00692,0.00200,0.06373,0.03557
271,260,push pink cup,robot_3cam,"robot demo
push cup right",True,0.37250,0.34147,0.36371,0.38699,0.37633,0.06471,-0.00136,-0.00767,0.09769,0.06255,-0.02659,-0.00016,-0.00930,-0.00391,-0.02563,-2.11330,-2.03857,-2.06304,-2.34887,-2.30620,2.03499,1.82492,1.82768,1.79104,1.88513,-0.02890,-0.28744,-0.27518,-0.22268,-0.05220,1.04098,0.58161,0.56047,0.79724,0.97551,0.00295,0.00256,0.00734,0.00277,0.00356,-0.00910,-0.01673,-0.00501,-0.01173,-0.00702,0.00040,0.00918,0.01396,0.00061,0.00355,0.00497,0.04293,0.00734,-0.09758,-0.00076,-0.00790,0.02019,0.01031,0.12106,0.01423,-0.00145,-0.03343,-0.01362,-0.02304,0.00331,0.00000,0.00747,0.00319,0.05240,0.02571
271,261,push pink cup,robot_3cam,"robot demo
push cup right",True,0.37294,0.33727,0.36279,0.37983,0.36941,0.06214,-0.00135,-0.00618,0.08774,0.06147,-0.02655,0.00209,-0.00798,-0.00973,-0.02631,-2.10970,-2.01661,-2.06322,-2.38043,-2.29510,2.03750,1.80994,1.82245,1.77116,1.89456,-0.02903,-0.30794,-0.27817,-0.22971,-0.05381,1.04098,0.57207,0.55644,0.77826,0.99079,0.00258,0.00151,0.00765,0.00124,0.00360,-0.00938,-0.01680,-0.00510,-0.01100,-0.00674,0.00034,0.00847,0.01334,-0.00021,0.00290,0.00628,0.04512,0.00596,-0.10932,-0.00263,-0.00520,0.01831,0.01198,0.12614,0.01384,0.00028,-0.03539,-0.01202,-0.01815,0.00339,0.00000,0.00745,0.00344,0.07853,0.03736
271,262,push pink cup,robot_3cam,"robot demo
push cup right",True,0.37231,0.33542,0.36229,0.39682,0.36521,0.06033,-0.00196,-0.00426,0.07477,0.07585,-0.02674,0.00628,-0.00784,-0.00877,-0.02456,-2.10942,-1.99708,-2.06206,-2.27371,-2.34364,2.03687,1.79676,1.81574,1.87200,1.84145,-0.02599,-0.32915,-0.28204,-0.24101,-0.03736,1.04098,0.56585,0.56027,0.85484,1.03540,0.00192,0.00146,0.00645,0.00104,0.00293,-0.00978,-0.01737,-0.00480,-0.01250,-0.00847,0.00024,0.01141,0.01491,0.00113,0.00443,0.00909,0.05074,0.01041,-0.12019,0.01463,0.00001,0.01606,0.00719,0.14376,0.00375,0.00371,-0.04233,-0.01795,-0.02289,0.00161,0.00000,0.00709,0.00249,0.06392,0.01989
271,263,push pink cup,robot_3cam,"robot demo
push cup right",True,0.37264,0.33855,0.36279,0.38334,0.37049,0.05833,-0.00194,-0.00350,0.08766,0.08023,-0.02670,0.00116,-0.01055,-0.01142,-0.02484,-2.10736,-2.02457,-2.06907,-2.30640,-2.36887,2.03773,1.81752,1.81910,1.80035,1.78283,-0.02591,-0.30036,-0.27573,-0.20516,-0.05319,1.04262,0.58159,0.56622,0.86070,1.05731,0.00178,0.00154,0.00619,0.00131,0.00276,-0.01053,-0.01777,-0.00452,-0.01205,-0.00797,0.00018,0.01014,0.01500,0.00044,0.00495,0.00856,0.04890,0.01060,-0.11681,0.00595,0.00165,0.01837,0.00603,0.13626,0.01016,0.00227,-0.03920,-0.01862,-0.02031,0.00229,0.00000,0.00712,0.00191,0.06560,0.01757
271,264,push pink cup,robot_3cam,"robot demo
push cup right",True,0.37249,0.33894,0.36494,0.41152,0.38087,0.05687,0.00935,-0.00262,0.08826,0.07933,-0.02673,0.00207,-0.01326,-0.00319,-0.02170,-2.10916,-2.05452,-2.08224,-2.35064,-2.32532,2.03627,1.80080,1.82703,1.89704,1.77032,-0.02438,-0.27812,-0.26035,-0.21865,-0.07244,1.04262,0.59226,0.57369,0.86785,1.00196,0.00173,-0.00015,0.00602,0.00035,0.00282,-0.01186,-0.01708,-0.00421,-0.01251,-0.00664,0.00037,0.01243,0.01502,0.00148,0.00541,0.00914,0.05423,0.01049,-0.08017,0.00078,0.00469,0.01172,0.00515,0.10556,0.01183,-0.00053,-0.04615,-0.01852,-0.01524,0.00245,0.00000,0.00664,0.00186,0.04845,0.01458
271,265,push pink cup,robot_3cam,"robot demo
push cup right",True,0.37262,0.34131,0.36088,0.37477,0.37404,0.05341,-0.00051,-0.00546,0.08670,0.07579,-0.02658,-0.00650,-0.00839,-0.02156,-0.02833,-2.10611,-2.06196,-2.04864,-2.26184,-2.27920,2.03958,1.84157,1.80913,1.84663,1.88061,-0.02675,-0.25664,-0.28957,-0.14924,-0.06559,1.04262,0.60971,0.55831,0.84857,0.99833,0.00136,-0.00026,0.00449,-0.00006,0.00165,-0.01365,-0.01913,-0.00400,-0.01136,-0.00912,0.00013,0.00894,0.01469,-0.00107,0.00485,0.01158,0.05360,0.01347,-0.12625,0.03145,0.01261,0.01781,0.00127,0.13511,-0.00556,-0.00328,-0.04151,-0.02130,-0.01101,0.00078,0.00000,0.00704,0.00213,0.06921,0.01212
271,266,push pink cup,robot_3cam,"robot demo
push cup right",True,0.37301,0.34467,0.36129,0.36763,0.36871,0.04940,-0.00178,-0.01021,0.09681,0.06340,-0.02582,-0.00780,-0.00679,-0.01616,-0.02711,-2.09491,-2.08084,-2.04043,-2.16523,-2.35111,2.04676,1.86068,1.81764,1.74494,1.88353,-0.02721,-0.24147,-0.29523,-0.13637,-0.03253,1.04262,0.62480,0.55521,0.95942,0.98738,0.00128,0.00103,0.00626,0.00135,0.00254,-0.01548,-0.02043,-0.00529,-0.01326,-0.01047,0.00001,0.01117,0.01548,0.00051,0.00464,0.01160,0.05528,0.01238,-0.11395,0.02458,0.01548,0.02101,0.00644,0.13283,0.00069,-0.00684,-0.04331,-0.01952,-0.01788,0.00029,0.00000,0.00657,0.00290,0.05678,0.00837
271,267,push pink cup,robot_3cam,"robot demo
push cup right",True,0.37251,0.34378,0.36065,0.35398,0.36781,0.04591,-0.00258,-0.01543,0.10228,0.04257,-0.02526,-0.01093,-0.00763,-0.01913,-0.02769,-2.09574,-2.10110,-2.03234,-2.12294,-2.35594,2.04778,1.88037,1.82433,1.77227,1.86853,-0.02858,-0.21769,-0.29552,-0.12300,-0.05185,1.04098,0.64786,0.55580,0.95989,1.03339,0.00107,-0.00029,0.00589,0.00055,0.00148,-0.01674,-0.02534,-0.00581,-0.01474,-0.01270,0.00024,0.00958,0.01532,-0.00112,0.00291,0.01016,0.06578,0.01364,-0.15720,0.02729,0.01471,0.02766,0.00606,0.15316,0.00809,-0.00945,-0.04890,-0.02041,-0.01122,0.00198,0.00000,0.00656,0.00307,0.04006,0.03026
271,268,push pink cup,robot_3cam,"robot demo
push cup right",True,0.37261,0.34383,0.36101,0.35957,0.37336,0.04189,0.00201,-0.01017,0.10172,0.03231,-0.02410,-0.01396,-0.01116,-0.01792,-0.02451,-2.09358,-2.12258,-2.04522,-2.11589,-2.25411,2.04860,1.88342,1.81586,1.88735,2.01670,-0.03320,-0.19476,-0.28289,-0.13625,-0.07277,1.04098,0.66600,0.56848,1.01584,1.04098,0.00050,-0.00057,0.00474,0.00014,-0.00042,-0.01787,-0.02788,-0.00653,-0.01656,-0.02042,0.00043,0.01217,0.01913,-0.00002,0.00436,0.01123,0.07530,0.02259,-0.14914,0.06652,0.01599,0.02871,0.00110,0.14599,0.00334,-0.00936,-0.05785,-0.03210,-0.01481,-0.00556,0.00000,0.00675,0.00292,0.03154,0.01119
271,269,push pink cup,robot_3cam,"robot demo
push cup right",True,0.37285,0.34581,0.36068,0.35634,0.38195,0.03787,-0.00363,-0.00717,0.08382,0.02330,-0.02341,-0.01225,-0.01246,-0.00893,-0.02153,-2.08828,-2.12876,-2.05162,-2.09551,-2.15286,2.05264,1.90977,1.80845,1.95723,2.14112,-0.03736,-0.18659,-0.27765,-0.14377,-0.11314,1.04262,0.68164,0.57931,1.00518,1.04440,-0.00064,-0.00133,0.00204,-0.00013,-0.00267,-0.01972,-0.02992,-0.00584,-0.01834,-0.02047,0.00015,0.01177,0.02131,-0.00065,0.00734,0.01511,0.07970,0.03062,-0.14533,0.05486,0.02364,0.03093,-0.00847,0.14091,0.00736,-0.00726,-0.05987,-0.04259,-0.01180,-0.00867,0.00000,0.00596,0.00130,0.01741,-0.00383
271,270,push pink cup,robot_3cam,"robot demo
push cup right",True,0.37267,0.34427,0.36417,0.36002,0.39138,0.03385,0.00356,-0.00815,0.08382,0.02863,-0.02300,-0.00842,-0.01447,-0.00029,-0.01841,-2.08597,-2.14016,-2.07071,-2.18012,-2.19308,2.05687,1.89411,1.82518,1.97517,2.10344,-0.03870,-0.18489,-0.25542,-0.17223,-0.11577,1.04098,0.68466,0.59133,1.01207,1.05820,-0.00143,-0.00222,0.00163,-0.00068,-0.00312,-0.02095,-0.03030,-0.00568,-0.02001,-0.01948,-0.00014,0.01326,0.02134,-0.00042,0.00684,0.01635,0.08415,0.03110,-0.11530,0.04277,0.02656,0.02853,-0.00997,0.11589,0.01740,-0.00551,-0.06498,-0.04299,-0.00824,-0.00671,0.00000,0.00536,0.00086,0.00584,0.00293
271,271,push pink cup,robot_3cam,"robot demo
push cup right",True,0.37247,0.33825,0.36449,0.34889,0.39766,0.02956,-0.00343,-0.01119,0.07856,0.02017,-0.02214,-0.00484,-0.01320,-0.00943,-0.01690,-2.08011,-2.09785,-2.06604,-2.00766,-2.23462,2.06007,1.88763,1.82777,1.87121,2.13424,-0.04174,-0.22179,-0.25274,-0.14618,-0.13869,1.04098,0.67031,0.59488,0.94048,1.03168,-0.00237,-0.00287,-0.00022,-0.00062,-0.00536,-0.02238,-0.03283,-0.00591,-0.02075,-0.02019,-0.00001,0.01066,0.02215,-0.00176,0.00601,0.01518,0.08807,0.03662,-0.11507,0.06200,0.02713,0.03313,-0.01526,0.12046,0.01480,-0.00501,-0.06586,-0.04891,-0.01117,-0.00546,0.00000,0.00557,0.00066,0.00429,0.01458
271,272,push pink cup,robot_3cam,"robot demo
push cup right",True,0.37257,0.34013,0.36206,0.36259,0.38489,0.02556,-0.00649,-0.00903,0.05994,0.01875,-0.02146,-0.00069,-0.01241,-0.00673,-0.01876,-2.07642,-2.08012,-2.06025,-1.93825,-2.21497,2.06254,1.88163,1.81608,1.97557,2.16147,-0.04620,-0.23952,-0.26326,-0.16096,-0.13000,1.04262,0.65770,0.58808,0.94300,1.08856,-0.00327,-0.00298,0.00021,-0.00107,-0.00540,-0.02291,-0.02983,-0.00590,-0.01915,-0.02079,-0.00036,0.01184,0.02171,-0.00096,0.00557,0.01291,0.08381,0.03517,-0.12782,0.05285,0.02730,0.02676,-0.01352,0.13094,0.01883,-0.00316,-0.06426,-0.04757,-0.01035,-0.00534,0.00000,0.00511,0.00082,0.01446,0.01884
271,273,push pink cup,robot_3cam,"robot demo
push cup right",True,0.37207,0.33724,0.36199,0.36603,0.38789,0.02156,-0.00677,-0.01185,0.05102,0.00446,-0.02119,0.00344,-0.00875,-0.00797,-0.01628,-2.07503,-2.05972,-2.04835,-1.87527,-2.17999,2.06432,1.86588,1.81591,1.97444,2.17283,-0.04935,-0.26030,-0.27253,-0.16836,-0.14223,1.04098,0.64480,0.58181,0.87984,0.99187,-0.00381,-0.00413,-0.00016,-0.00151,-0.00441,-0.02370,-0.02933,-0.00551,-0.01866,-0.01894,-0.00064,0.01067,0.02134,-0.00216,0.00643,0.01256,0.08430,0.03504,-0.12695,0.05097,0.02777,0.02433,-0.01487,0.13134,0.01295,-0.00288,-0.06455,-0.04676,-0.00600,-0.00620,0.00000,0.00499,0.00085,0.01729,0.01315
271,274,push pink cup,robot_3cam,"robot demo
push cup right",True,0.37078,0.33652,0.36068,0.35835,0.38054,0.01702,-0.00874,-0.00991,0.05551,0.01085,-0.02084,0.00200,-0.00929,-0.01336,-0.01788,-2.07596,-2.05218,-2.04690,-1.82324,-2.18576,2.06545,1.86807,1.80914,1.92681,2.18008,-0.05161,-0.26567,-0.27829,-0.15528,-0.12790,1.04262,0.64356,0.58094,0.89644,1.04986,-0.00341,-0.00328,0.00033,-0.00089,-0.00455,-0.02287,-0.02998,-0.00589,-0.01901,-0.02040,0.00003,0.01111,0.02208,-0.00162,0.00685,0.00913,0.08452,0.03553,-0.13709,0.05443,0.02042,0.02666,-0.01359,0.14256,0.01284,-0.00518,-0.06472,-0.04795,-0.01213,-0.00803,0.00000,0.00526,0.00081,0.02139,0.01040
271,275,push pink cup,robot_3cam,"robot demo
push cup right",True,0.37037,0.33761,0.36029,0.33325,0.37837,0.01335,-0.01440,-0.01251,0.05573,0.00473,-0.02020,0.00004,-0.00786,-0.02035,-0.01850,-2.07396,-2.04694,-2.03744,-1.93386,-2.18911,2.06636,1.88564,1.81060,1.85434,2.17380,-0.05316,-0.26863,-0.28709,-0.11570,-0.11709,1.04098,0.64962,0.57752,0.92458,1.05782,-0.00337,-0.00285,0.00092,-0.00073,-0.00388,-0.02277,-0.02981,-0.00624,-0.01881,-0.02036,0.00095,0.01140,0.02245,-0.00073,0.00739,0.00814,0.08285,0.03523,-0.13919,0.05597,0.01628,0.02690,-0.01218,0.14734,0.01337,-0.00693,-0.06323,-0.04741,-0.01415,-0.00852,0.00000,0.00474,0.00090,0.03209,0.00482
271,276,push pink cup,robot_3cam,"robot demo
push cup right",True,0.36956,0.34259,0.35889,0.35142,0.38074,0.00828,-0.01322,-0.00944,0.04300,0.00487,-0.01946,0.00134,-0.00895,-0.00563,-0.01769,-2.07107,-2.06657,-2.03594,-1.95874,-2.13072,2.06981,1.89513,1.80093,1.99727,2.21162,-0.05701,-0.25164,-0.29269,-0.14281,-0.14418,1.04262,0.65703,0.57678,0.98596,1.01641,-0.00305,-0.00260,0.00066,-0.00091,-0.00327,-0.02225,-0.02823,-0.00583,-0.01871,-0.01913,0.00175,0.01321,0.02283,0.00067,0.00948,0.01196,0.08088,0.03584,-0.13053,0.05080,0.01686,0.02358,-0.01350,0.14148,0.00922,-0.00786,-0.06297,-0.04885,-0.01399,-0.01341,0.00000,0.00431,0.00050,0.02299,-0.01052
271,277,push pink cup,robot_3cam,"robot demo
push cup right",True,0.37019,0.34357,0.35976,0.34565,0.37756,0.00343,-0.01523,-0.00667,0.03785,0.00737,-0.01782,0.00293,-0.00897,-0.00256,-0.01557,-2.06723,-2.07051,-2.04796,-1.99264,-2.22111,2.06824,1.90605,1.79878,2.02115,2.28002,-0.06454,-0.24866,-0.28248,-0.14381,-0.12739,1.04098,0.66685,0.58567,1.00773,1.03137,-0.00237,-0.00306,-0.00022,-0.00142,-0.00443,-0.02293,-0.02938,-0.00634,-0.02057,-0.01973,0.00300,0.01429,0.02510,0.00091,0.01060,0.01315,0.08509,0.04164,-0.11248,0.05979,0.01251,0.02351,-0.01688,0.13145,0.00658,-0.01158,-0.06659,-0.05626,-0.01060,-0.01479,0.00000,0.00363,0.00012,0.01248,-0.00831
271,278,push pink cup,robot_3cam,"robot demo
push cup right",True,0.37041,0.34509,0.35729,0.36416,0.36805,-0.00083,-0.01946,0.00105,0.02364,0.01014,-0.01636,0.00853,-0.00991,0.01287,-0.01494,-2.06023,-2.06157,-2.05276,-1.83346,-2.16848,2.06966,1.91248,1.77844,2.06038,2.35058,-0.06534,-0.25753,-0.28852,-0.20208,-0.13722,1.04098,0.66504,0.58453,0.97879,1.02867,-0.00170,-0.00289,0.00029,-0.00136,-0.00413,-0.02342,-0.03055,-0.00659,-0.02269,-0.02012,0.00466,0.01513,0.02677,0.00082,0.01304,0.01826,0.08816,0.04337,-0.10308,0.05947,0.01416,0.02516,-0.01606,0.13194,0.00287,-0.01593,-0.06891,-0.05979,-0.01174,-0.02190,0.00000,0.00337,0.00007,0.00141,-0.02297
271,279,push pink cup,robot_3cam,"robot demo
push cup right",True,0.37127,0.34821,0.35806,0.35057,0.37018,-0.00659,-0.02654,-0.00419,0.03186,-0.00244,-0.01488,0.00760,-0.00843,0.01227,-0.01342,-2.05396,-2.06630,-2.04273,-1.94201,-2.14937,2.07223,1.94049,1.78776,1.99784,2.34452,-0.07463,-0.25117,-0.29450,-0.16731,-0.13773,1.04098,0.67585,0.58321,1.02204,0.98176,-0.00093,-0.00194,0.00074,-0.00070,-0.00283,-0.02359,-0.03204,-0.00674,-0.02410,-0.01919,0.00591,0.01506,0.02714,0.00107,0.01453,0.02287,0.08801,0.04305,-0.09943,0.05480,0.01359,0.02988,-0.01553,0.13392,0.00296,-0.02014,-0.06728,-0.05894,-0.01481,-0.02532,0.00000,0.00298,-0.00004,-0.00009,-0.03223
271,280,push pink cup,robot_3cam,"robot demo
push cup right",True,0.37096,0.34516,0.35831,0.35940,0.36542,-0.01112,-0.02290,-0.00007,0.03079,0.00638,-0.01441,0.01266,-0.00890,0.01621,-0.01148,-2.05273,-2.05322,-2.05312,-1.86988,-2.15432,2.07416,1.91738,1.78330,1.96249,2.33782,-0.07839,-0.26956,-0.29110,-0.20600,-0.12607,1.04098,0.66393,0.58762,1.00505,0.99549,-0.00054,-0.00230,0.00118,-0.00103,-0.00257,-0.02215,-0.03203,-0.00705,-0.02483,-0.01876,0.00735,0.01576,0.02862,0.00114,0.01694,0.02018,0.09024,0.04453,-0.08446,0.06525,0.00692,0.02842,-0.01507,0.12483,-0.00341,-0.02290,-0.07023,-0.06160,-0.01454,-0.03191,-0.00001,0.00292,-0.00036,0.00113,-0.04004
271,281,push pink cup,robot_3cam,"robot demo
push cup right",True,0.37002,0.34612,0.35559,0.36401,0.35867,-0.01502,-0.02471,0.00202,0.02116,0.00825,-0.01274,0.01916,-0.00709,0.02616,-0.01325,-2.05206,-2.04281,-2.04508,-1.90873,-2.12975,2.07689,1.91398,1.77067,1.92572,2.36405,-0.07993,-0.28609,-0.30700,-0.24134,-0.13373,1.04262,0.65820,0.58111,1.01368,1.03652,-0.00052,-0.00294,0.00146,-0.00187,-0.00217,-0.02121,-0.03044,-0.00691,-0.02525,-0.01847,0.00879,0.01677,0.02853,0.00164,0.01748,0.01954,0.08904,0.04365,-0.05954,0.05892,0.00301,0.02366,-0.01427,0.11341,0.00102,-0.02424,-0.07053,-0.06124,-0.00913,-0.03461,0.00000,0.00180,-0.00083,0.00425,-0.04603
271,282,push pink cup,robot_3cam,"robot demo
push cup right",True,0.36998,0.34424,0.35569,0.37468,0.35551,-0.01901,-0.02432,0.00350,0.01111,0.00826,-0.01121,0.02266,-0.00581,0.02762,-0.01194,-2.04474,-2.01800,-2.04717,-1.75155,-2.04609,2.08178,1.89301,1.76900,1.93451,2.32833,-0.08588,-0.31309,-0.31094,-0.25898,-0.12546,1.04262,0.63792,0.57943,0.97876,0.97197,-0.00069,-0.00191,0.00234,-0.00085,-0.00005,-0.01839,-0.02867,-0.00669,-0.02466,-0.01707,0.01033,0.01787,0.02877,0.00326,0.01946,0.02179,0.08533,0.04174,-0.05135,0.05625,-0.00025,0.02182,-0.01250,0.11836,-0.00439,-0.02176,-0.06924,-0.05945,-0.01739,-0.04143,0.00000,0.00208,-0.00112,0.00512,-0.05531
271,283,push pink cup,robot_3cam,"robot demo
push cup right",True,0.36888,0.34228,0.35542,0.38272,0.36447,-0.02058,-0.02347,0.00549,-0.01606,0.01273,-0.00969,0.03107,-0.00617,0.02457,-0.01110,-2.05138,-1.97982,-2.04915,-1.62268,-2.00000,2.07577,1.85731,1.76510,1.92968,2.29239,-0.08839,-0.35737,-0.31124,-0.26457,-0.16401,1.04098,0.60746,0.58008,0.86472,0.89609,-0.00126,-0.00290,0.00149,-0.00179,-0.00002,-0.01358,-0.02331,-0.00584,-0.02229,-0.01463,0.01140,0.01916,0.02819,0.00518,0.02068,0.01722,0.07873,0.04163,-0.03194,0.04688,-0.01524,0.00940,-0.01518,0.12079,-0.00263,-0.01349,-0.06755,-0.05962,-0.01493,-0.04064,0.00000,0.00124,-0.00175,0.00677,-0.06206
271,284,push pink cup,robot_3cam,"robot demo
push cup right",True,0.36818,0.33913,0.35403,0.38869,0.36047,-0.02191,-0.01796,0.01232,-0.03643,0.01655,-0.00807,0.04090,-0.00530,0.02416,-0.01140,-2.05030,-1.94414,-2.05563,-1.52017,-1.96530,2.07415,1.80727,1.74799,1.86214,2.32283,-0.09021,-0.40216,-0.31255,-0.30738,-0.18516,1.04098,0.57591,0.57987,0.73714,0.84624,-0.00284,-0.00467,0.00062,-0.00231,-0.00051,-0.00863,-0.01753,-0.00548,-0.01775,-0.01358,0.01203,0.02161,0.02896,0.01035,0.02221,0.01656,0.07482,0.04429,0.02402,0.05170,-0.02430,-0.00649,-0.01799,0.05923,-0.00530,-0.00024,-0.06959,-0.06365,-0.00374,-0.04289,-0.00001,0.00025,-0.00209,0.00132,-0.06246
271,285,push pink cup,robot_3cam,"robot demo
push cup right",True,0.36751,0.34144,0.35425,0.37153,0.36482,-0.02210,-0.01445,0.01006,-0.02016,0.01143,-0.00608,0.04380,-0.00127,0.01767,-0.00741,-2.04955,-1.95269,-2.04939,-1.67416,-2.02361,2.06924,1.79889,1.74826,1.78851,2.21737,-0.09477,-0.40183,-0.31785,-0.28617,-0.21392,1.04098,0.57602,0.58236,0.70006,0.71940,-0.00395,-0.00604,-0.00237,-0.00498,-0.00256,-0.00422,-0.01372,-0.00407,-0.01373,-0.01150,0.01266,0.02330,0.02888,0.01442,0.02242,0.01706,0.07136,0.04872,0.00735,0.02094,-0.03284,-0.01708,-0.02768,0.06399,0.01762,0.00673,-0.06962,-0.06872,-0.01054,-0.03604,0.00001,-0.00109,-0.00400,-0.00484,-0.05314
271,286,push pink cup,robot_3cam,"robot demo
push cup right",True,0.36637,0.33498,0.35649,0.36958,0.36762,-0.02049,-0.00690,0.00831,-0.02748,-0.00117,-0.00318,0.05088,0.00043,0.00842,-0.00025,-2.04392,-1.91400,-2.05886,-1.66455,-2.01462,2.06109,1.74036,1.75699,1.82444,2.16715,-0.09462,-0.44619,-0.30520,-0.29639,-0.22843,1.04098,0.53899,0.59276,0.71282,0.69612,-0.00589,-0.00730,-0.00469,-0.00618,-0.00523,0.00260,-0.00986,-0.00328,-0.00926,-0.00876,0.01399,0.02356,0.02981,0.01720,0.02308,0.01593,0.06832,0.05389,0.00254,-0.00924,-0.05175,-0.02680,-0.03570,0.03277,0.03360,0.01985,-0.07034,-0.07474,0.00234,-0.02468,0.00000,-0.00086,-0.00542,-0.00898,-0.03544
271,287,push pink cup,robot_3cam,"robot demo
push cup right",True,0.36443,0.33226,0.35324,0.33720,0.34930,-0.01878,-0.00030,0.00833,-0.01890,-0.00039,-0.00010,0.06415,0.00247,0.01291,-0.00536,-2.03994,-1.88383,-2.04717,-1.71922,-2.01898,2.05137,1.68982,1.74378,1.85469,2.17224,-0.09475,-0.48800,-0.31517,-0.34260,-0.21398,1.04098,0.50390,0.58533,0.71017,0.77757,-0.00734,-0.01002,-0.00712,-0.00743,-0.00761,0.00804,-0.00349,-0.00208,-0.00303,-0.00780,0.01464,0.02320,0.02758,0.02031,0.02048,0.01323,0.06134,0.05464,-0.01361,-0.02251,-0.06828,-0.04270,-0.04131,0.01915,0.03675,0.02869,-0.06797,-0.07527,0.00206,-0.01755,0.00000,-0.00196,-0.00598,-0.03968,-0.02097
271,288,push pink cup,robot_3cam,"robot demo
push cup right",True,0.36237,0.33170,0.35412,0.34360,0.33008,-0.01764,0.00952,0.00942,-0.00537,-0.01839,0.00302,0.06958,0.00938,0.02260,-0.00203,-2.03831,-1.89237,-2.05169,-1.80224,-1.91685,2.04122,1.65964,1.73872,1.81679,2.10239,-0.09974,-0.49072,-0.31082,-0.42753,-0.21696,1.04098,0.49770,0.58770,0.65425,0.83998,-0.00935,-0.01222,-0.01097,-0.01051,-0.01163,0.01289,-0.00005,-0.00067,0.00010,-0.00250,0.01718,0.02474,0.02730,0.02080,0.02117,0.01570,0.06103,0.06081,-0.05071,-0.04309,-0.08463,-0.05430,-0.05263,0.03879,0.02385,0.03376,-0.07102,-0.08209,-0.00079,0.00665,0.00000,-0.00297,-0.00745,-0.05224,-0.01685
271,289,push pink cup,robot_3cam,"robot demo
push cup right",True,0.36153,0.33111,0.35319,0.33419,0.31676,-0.01549,0.01155,0.01854,-0.00761,-0.00628,0.00816,0.07429,0.01130,0.02950,0.00371,-2.03070,-1.88447,-2.07008,-1.87926,-2.00840,2.02209,1.64620,1.72089,1.74631,1.98896,-0.10945,-0.50303,-0.30444,-0.46268,-0.20997,1.04098,0.49080,0.59352,0.68511,0.86041,-0.01037,-0.01361,-0.01331,-0.01203,-0.01412,0.01508,0.00230,0.00030,0.00298,-0.00105,0.02004,0.02525,0.02796,0.02186,0.02227,0.01752,0.05986,0.06557,-0.04869,-0.04120,-0.09637,-0.06162,-0.05976,0.02442,0.01401,0.02664,-0.07176,-0.08902,0.00045,0.01132,0.00001,-0.00377,-0.00895,-0.05424,-0.04116
271,290,push pink cup,robot_3cam,"robot demo
push cup right",True,0.36024,0.32824,0.35390,0.33074,0.31796,-0.01156,0.01369,0.02132,-0.03322,-0.01229,0.01459,0.08667,0.01336,0.03308,0.00978,-2.01890,-1.84879,-2.08615,-1.86556,-2.15259,1.99600,1.60984,1.71847,1.70285,1.98553,-0.11248,-0.54528,-0.29038,-0.48779,-0.21774,1.04098,0.46172,0.60131,0.71769,0.93213,-0.01122,-0.01501,-0.01567,-0.01299,-0.01804,0.01745,0.00563,0.00095,0.00929,0.00229,0.02723,0.02581,0.02826,0.02444,0.02289,0.02683,0.05764,0.07023,-0.05599,-0.03267,-0.11356,-0.07067,-0.06661,0.00253,-0.00818,0.00964,-0.07242,-0.09477,-0.00082,0.01607,0.00000,-0.00440,-0.01002,-0.04384,-0.04925
271,291,push pink cup,robot_3cam,"robot demo
push cup right",True,0.35804,0.33081,0.35564,0.34580,0.33335,-0.00724,0.02633,0.03214,-0.03226,-0.00775,0.02115,0.09555,0.01435,0.05189,0.02433,-2.00675,-1.88131,-2.12623,-2.04082,-2.38544,1.96868,1.58956,1.70941,1.67304,1.96038,-0.11419,-0.53046,-0.26539,-0.51817,-0.24887,1.04098,0.46994,0.61802,0.81187,1.06134,-0.01166,-0.01732,-0.01646,-0.01651,-0.02123,0.01702,0.00834,0.00074,0.01456,0.00763,0.03028,0.02949,0.03181,0.02723,0.02656,0.02965,0.06103,0.07715,-0.03906,-0.01328,-0.11905,-0.08273,-0.07074,-0.01750,-0.04972,-0.00779,-0.07941,-0.10495,-0.01578,0.01425,0.00000,-0.00615,-0.01128,-0.03095,-0.05084
271,292,push pink cup,robot_3cam,"robot demo
push cup right",True,0.35526,0.33793,0.36005,0.35761,0.36102,-0.00374,0.03195,0.04152,-0.02767,-0.00075,0.02928,0.09458,0.02004,0.05915,0.04165,-1.99772,-1.93494,-2.16906,-2.04894,-2.46926,1.94201,1.60790,1.70599,1.71297,1.85890,-0.12749,-0.48268,-0.23464,-0.51022,-0.30895,1.04098,0.50514,0.63807,0.89716,1.06463,-0.01233,-0.01907,-0.01825,-0.02178,-0.02777,0.01600,0.00811,0.00021,0.01632,0.01098,0.03775,0.03423,0.03691,0.03157,0.02962,0.03772,0.07024,0.08887,-0.02911,-0.00140,-0.13080,-0.09014,-0.07849,-0.03565,-0.08353,-0.04487,-0.08999,-0.12013,-0.01785,0.00896,0.00000,-0.00764,-0.01254,-0.02530,-0.02055
271,293,push pink cup,robot_3cam,"robot demo
push cup right",True,0.35283,0.34078,0.35580,0.35674,0.35411,-0.00062,0.03180,0.05145,-0.02571,0.00858,0.03752,0.10548,0.03351,0.07759,0.05370,-1.98678,-1.94461,-2.15795,-2.08606,-2.45560,1.91610,1.61498,1.66472,1.70636,1.88135,-0.15021,-0.48374,-0.27048,-0.54128,-0.35093,1.04098,0.51602,0.62339,0.86795,0.92661,-0.01074,-0.01965,-0.01875,-0.02472,-0.02877,0.01299,0.00605,0.00019,0.01540,0.01029,0.04343,0.03781,0.04032,0.03649,0.03400,0.04771,0.07934,0.09514,0.00719,0.00608,-0.13586,-0.09074,-0.08191,-0.05855,-0.09887,-0.08984,-0.09891,-0.12922,-0.03067,-0.00804,0.00000,-0.00917,-0.01367,-0.02805,-0.02004
271,294,push pink cup,robot_3cam,"robot demo
push cup right",True,0.35040,0.34103,0.34811,0.34996,0.35250,0.00248,0.02711,0.05381,-0.02389,-0.01410,0.04780,0.12502,0.05918,0.10007,0.06389,-1.97250,-1.91877,-2.11106,-2.00689,-2.31298,1.88452,1.60944,1.61519,1.72777,1.98131,-0.18233,-0.52072,-0.34307,-0.58636,-0.44365,1.04098,0.50457,0.58562,0.76930,0.79083,-0.00866,-0.01999,-0.01810,-0.02514,-0.02692,0.01033,0.00340,-0.00076,0.01411,0.00851,0.05131,0.03999,0.04352,0.04180,0.04101,0.06344,0.08792,0.10010,0.04111,0.01619,-0.14875,-0.08857,-0.08127,-0.07909,-0.11209,-0.13770,-0.10625,-0.13554,-0.05777,-0.04235,0.00000,-0.01051,-0.01410,-0.03053,-0.02531
271,295,push pink cup,robot_3cam,"robot demo
push cup right",True,0.34884,0.34653,0.34320,0.34968,0.37030,0.00434,0.02601,0.07118,0.00697,-0.00483,0.06083,0.14111,0.07800,0.13226,0.07438,-1.95202,-1.93733,-2.10505,-1.96781,-2.09863,1.84702,1.62855,1.55715,1.73100,1.98579,-0.23309,-0.51609,-0.39245,-0.63513,-0.51447,1.04098,0.51702,0.56507,0.58915,0.55807,-0.00700,-0.01972,-0.01632,-0.02396,-0.02172,0.00638,0.00071,-0.00134,0.01078,0.00812,0.05851,0.04301,0.04957,0.04684,0.05290,0.08208,0.09521,0.10592,0.04783,0.01612,-0.15658,-0.08509,-0.07996,-0.08078,-0.11869,-0.18242,-0.11233,-0.14559,-0.08309,-0.08227,0.00000,-0.01208,-0.01528,-0.02132,-0.02888
271,296,push pink cup,robot_3cam,"robot demo
push cup right",True,0.34962,0.34898,0.34027,0.34445,0.37713,0.00482,0.02922,0.07177,0.02175,-0.02179,0.07552,0.14921,0.10378,0.13737,0.08495,-1.92284,-1.95476,-2.07042,-1.98176,-1.96001,1.80780,1.62953,1.52717,1.68726,1.93040,-0.29751,-0.51085,-0.45072,-0.64069,-0.57856,1.04098,0.52611,0.53462,0.53453,0.53628,-0.00526,-0.01967,-0.01591,-0.02303,-0.02077,0.00387,-0.00093,-0.00114,0.00904,0.00569,0.06893,0.04619,0.05188,0.05237,0.05621,0.10653,0.10171,0.10832,0.06940,0.01012,-0.17161,-0.08454,-0.08113,-0.08942,-0.11324,-0.22268,-0.11905,-0.14839,-0.09864,-0.09373,0.00000,-0.01314,-0.01644,-0.01978,-0.03307
271,297,push pink cup,robot_3cam,"robot demo
push cup right",True,0.35068,0.34982,0.33549,0.34619,0.37205,0.00364,0.03407,0.07391,0.03368,-0.04926,0.09110,0.16641,0.14203,0.14672,0.09359,-1.88752,-1.96000,-2.00972,-1.93318,-1.88032,1.77351,1.61756,1.47657,1.56305,1.93835,-0.36128,-0.52289,-0.54322,-0.65573,-0.62608,1.04098,0.52240,0.47849,0.47957,0.48327,-0.00317,-0.01985,-0.01418,-0.02175,-0.01739,-0.00073,-0.00259,-0.00126,0.00461,0.00281,0.07935,0.04856,0.05379,0.05841,0.06445,0.14159,0.10793,0.10811,0.08483,0.04438,-0.18144,-0.08329,-0.07786,-0.09417,-0.11773,-0.25836,-0.12510,-0.14718,-0.12731,-0.13364,0.00000,-0.01425,-0.01618,-0.01330,-0.02969
271,298,push pink cup,robot_3cam,"robot demo
push cup right",True,0.35030,0.34596,0.33340,0.34840,0.37207,0.00243,0.02707,0.07300,0.02601,-0.05231,0.10830,0.19029,0.17743,0.14222,0.11115,-1.85113,-1.90378,-1.95742,-1.91375,-1.87390,1.73848,1.60040,1.44108,1.52269,1.89587,-0.41816,-0.59094,-0.61927,-0.72164,-0.68155,1.04098,0.48842,0.43219,0.45394,0.42808,-0.00244,-0.01806,-0.01273,-0.01567,-0.01359,-0.00420,-0.00626,-0.00168,-0.00385,0.00477,0.08935,0.04868,0.05653,0.06819,0.08155,0.17012,0.11198,0.10996,0.15724,0.12049,-0.19446,-0.07282,-0.07595,-0.10594,-0.15892,-0.28529,-0.12679,-0.14801,-0.19256,-0.19394,0.00000,-0.01459,-0.01583,-0.00908,-0.03332
271,299,push pink cup,robot_3cam,"robot demo
push cup right",True,0.34923,0.34510,0.32901,0.34106,0.35355,0.00028,0.02578,0.07100,0.01998,-0.04793,0.12657,0.21411,0.22822,0.14320,0.12658,-1.80721,-1.87947,-1.87082,-1.85534,-1.88099,1.70946,1.58331,1.38482,1.51454,1.76862,-0.46972,-0.63531,-0.73476,-0.74624,-0.70637,1.04098,0.47143,0.35828,0.37512,0.28429,-0.00302,-0.01723,-0.01229,-0.01230,-0.01210,-0.00921,-0.01039,-0.00105,-0.00758,0.00609,0.10014,0.05180,0.05746,0.08141,0.09671,0.20321,0.12215,0.11044,0.22254,0.17814,-0.20639,-0.06614,-0.07631,-0.12482,-0.19373,-0.31687,-0.13556,-0.14577,-0.24797,-0.24041,0.00000,-0.01584,-0.01521,-0.00148,-0.03954
271,300,push pink cup,robot_3cam,"robot demo
push cup right",True,0.34778,0.34950,0.32834,0.33108,0.33981,-0.00192,0.01220,0.05051,0.01517,-0.07787,0.14654,0.24288,0.27364,0.15933,0.14631,-1.75024,-1.85950,-1.77184,-1.82283,-1.82079,1.67572,1.61636,1.37315,1.51598,1.80433,-0.51523,-0.67085,-0.82673,-0.75812,-0.74374,1.04098,0.47523,0.29063,0.29515,0.11799,-0.00398,-0.01635,-0.01425,-0.01196,-0.01669,-0.01261,-0.01730,0.00031,-0.01674,0.00536,0.10552,0.05466,0.05357,0.08883,0.09971,0.22945,0.13606,0.10818,0.26139,0.16304,-0.21465,-0.05413,-0.08082,-0.12050,-0.18471,-0.33011,-0.14475,-0.13670,-0.27731,-0.23580,0.00000,-0.01817,-0.01390,0.00095,-0.03622
271,301,push pink cup,robot_3cam,"robot demo
push cup right",True,0.34562,0.35769,0.33030,0.32850,0.34267,-0.00688,-0.02540,0.04488,-0.00465,-0.05100,0.16562,0.29177,0.31160,0.18141,0.16824,-1.69234,-1.75583,-1.70873,-1.75179,-1.76148,1.64447,1.65830,1.35332,1.59555,1.83879,-0.56789,-0.78345,-0.89831,-0.79164,-0.71783,1.04098,0.44028,0.23467,0.33383,0.06767,-0.00688,-0.01739,-0.01513,-0.01836,-0.01630,-0.01740,-0.02030,0.00236,-0.02334,0.00605,0.11272,0.05584,0.04998,0.09568,0.10393,0.25550,0.14377,0.10293,0.28095,0.17557,-0.22680,-0.05150,-0.08299,-0.10263,-0.20419,-0.36388,-0.14835,-0.12605,-0.30630,-0.23845,0.00000,-0.02238,-0.01277,0.01299,-0.02520
271,302,push pink cup,robot_3cam,"robot demo
push cup right",True,0.34270,0.36034,0.32262,0.33131,0.34465,-0.01145,-0.06198,0.03710,-0.02869,-0.03020,0.18607,0.31945,0.34631,0.19513,0.18952,-1.64048,-1.64366,-1.59965,-1.67455,-1.69426,1.60452,1.69310,1.30322,1.67691,1.87045,-0.63628,-0.88838,-1.00855,-0.80203,-0.65939,1.04098,0.41094,0.15232,0.25799,0.08837,-0.01121,-0.01730,-0.01518,-0.02536,-0.02018,-0.01802,-0.02365,0.00344,-0.02382,0.00658,0.11200,0.05790,0.04365,0.10187,0.10745,0.25979,0.15243,0.09391,0.27909,0.21627,-0.23231,-0.04827,-0.07886,-0.09192,-0.24383,-0.36690,-0.15418,-0.11035,-0.33436,-0.27029,0.00000,-0.02490,-0.00925,0.01897,-0.02489
271,303,push pink cup,robot_3cam,"robot demo
push cup right",True,0.33926,0.34097,0.28936,0.33972,0.32833,-0.01470,-0.10209,0.02759,-0.03489,-0.01330,0.20529,0.35295,0.38238,0.21657,0.21578,-1.58367,-1.39147,-1.37594,-1.58703,-1.59593,1.56632,1.63301,1.16342,1.66904,1.78323,-0.69397,-1.12365,-1.24418,-0.82343,-0.69791,1.04098,0.28970,0.01176,0.14959,0.10623,-0.01864,-0.01833,-0.01240,-0.02835,-0.02244,-0.01722,-0.02396,0.00129,-0.02132,0.00524,0.11238,0.05110,0.03810,0.10591,0.11259,0.26781,0.15007,0.08526,0.35610,0.24220,-0.24190,-0.04613,-0.06300,-0.15228,-0.29290,-0.36864,-0.14871,-0.09706,-0.38668,-0.30113,0.00000,-0.02510,-0.00369,0.00191,-0.03955
271,304,push pink cup,robot_3cam,"robot demo
push cup right",True,0.33445,0.33771,0.27537,0.33397,0.33590,-0.01648,-0.13378,0.02097,-0.03357,-0.02363,0.22368,0.36746,0.38837,0.24073,0.22485,-1.53288,-1.27203,-1.27144,-1.51904,-1.47813,1.51966,1.65036,1.11393,1.60028,1.77335,-0.75458,-1.22758,-1.34475,-0.88764,-0.77667,1.04098,0.24969,-0.04846,0.16792,0.15291,-0.02595,-0.01855,-0.01063,-0.03373,-0.03238,-0.01304,-0.02383,0.00133,-0.02027,0.00676,0.10468,0.04858,0.03273,0.10197,0.10314,0.25426,0.14728,0.07466,0.34957,0.25644,-0.24006,-0.04570,-0.05369,-0.16580,-0.32438,-0.34274,-0.14412,-0.08280,-0.38789,-0.29560,-0.00195,-0.02628,-0.00086,-0.00574,-0.02809
271,305,push pink cup,robot_3cam,"robot demo
push cup right",True,0.32749,0.33899,0.25675,0.32983,0.34047,-0.01792,-0.13255,0.01526,-0.01637,-0.02430,0.24241,0.35187,0.40148,0.25902,0.24293,-1.48145,-1.28662,-1.13915,-1.52859,-1.36897,1.47276,1.65127,1.03788,1.46230,1.70279,-0.81967,-1.20824,-1.47809,-0.91401,-0.88021,1.03934,0.26665,-0.12229,0.18559,0.18112,-0.03459,-0.02155,-0.00994,-0.04516,-0.04408,-0.00951,-0.01856,0.00108,-0.01898,0.00388,0.09747,0.05007,0.02924,0.08339,0.08969,0.23716,0.14418,0.06986,0.29760,0.26328,-0.23865,-0.06336,-0.04820,-0.13790,-0.31131,-0.32923,-0.14549,-0.07569,-0.32494,-0.27497,-0.01567,-0.02766,0.00172,-0.00270,-0.03597
271,306,push pink cup,robot_3cam,"robot demo
push cup right",True,0.31971,0.32557,0.23921,0.30767,0.30379,-0.01754,-0.13851,-0.01688,0.00108,-0.02155,0.25962,0.33580,0.37745,0.30333,0.26225,-1.43341,-1.21012,-1.02000,-1.49508,-1.38590,1.42370,1.61597,1.03457,1.29748,1.62748,-0.87044,-1.25954,-1.53637,-1.07804,-0.93334,1.03934,0.24198,-0.14346,0.14275,0.29281,-0.04137,-0.02255,-0.00879,-0.04606,-0.03552,-0.00528,-0.01810,-0.00437,-0.01872,0.00135,0.08717,0.04886,0.02915,0.06515,0.07931,0.22160,0.14716,0.07521,0.25606,0.25244,-0.22493,-0.06792,-0.03929,-0.10073,-0.26939,-0.30035,-0.14945,-0.07958,-0.27085,-0.22199,-0.03580,-0.02592,0.00648,-0.00325,0.00103
271,307,push pink cup,robot_3cam,"robot demo
push cup right",True,0.31065,0.29309,0.22476,0.30121,0.28485,-0.01724,-0.11886,-0.06138,0.01752,0.01831,0.27366,0.34509,0.38504,0.31955,0.28457,-1.39882,-1.05313,-0.84990,-1.37338,-1.45660,1.37850,1.42458,1.03041,1.27388,1.40596,-0.92198,-1.42231,-1.65261,-1.10290,-1.00564,1.01803,0.11847,-0.17896,0.13678,0.40961,-0.04428,-0.02620,-0.01267,-0.05323,-0.04152,-0.00276,-0.01061,-0.00731,-0.01115,-0.00001,0.07454,0.04384,0.03397,0.04929,0.07030,0.20464,0.13995,0.09506,0.25736,0.24083,-0.19827,-0.08603,-0.05233,-0.15345,-0.21803,-0.26542,-0.14878,-0.09928,-0.21398,-0.18907,-0.06056,-0.02353,0.00651,-0.02471,0.01940
271,308,push pink cup,robot_3cam,"robot demo
push cup right",True,0.30031,0.29603,0.23541,0.30223,0.28250,-0.01784,-0.10516,-0.07660,0.00724,0.01960,0.28667,0.31262,0.37022,0.32967,0.30012,-1.36153,-1.11982,-0.86860,-1.31426,-1.39991,1.34461,1.42948,1.09728,1.25709,1.34613,-0.97444,-1.34077,-1.60431,-1.12645,-1.05388,0.93934,0.14966,-0.13691,0.13320,0.36447,-0.04637,-0.02649,-0.01458,-0.05131,-0.04193,-0.00171,-0.00487,-0.00604,-0.00259,0.00219,0.06343,0.04431,0.03657,0.04296,0.05981,0.19498,0.13004,0.10039,0.22414,0.23513,-0.17186,-0.09741,-0.06319,-0.15195,-0.21097,-0.24126,-0.14377,-0.10497,-0.19786,-0.17970,-0.10219,-0.02195,0.00417,-0.02595,-0.00180
271,309,push pink cup,robot_3cam,"robot demo
push cup right",True,0.29127,0.28617,0.24311,0.29213,0.27990,-0.01901,-0.09496,-0.08928,-0.00666,0.02523,0.29776,0.29954,0.36500,0.32803,0.31528,-1.32519,-1.10459,-0.87892,-1.21062,-1.43612,1.31355,1.38420,1.14329,1.25073,1.33245,-1.02193,-1.34907,-1.56414,-1.12592,-1.04203,0.88033,0.13397,-0.11404,0.14170,0.32302,-0.04600,-0.02579,-0.01784,-0.04747,-0.04748,-0.00183,-0.00527,-0.00540,-0.00022,-0.00450,0.05374,0.04367,0.03612,0.04050,0.05298,0.18552,0.13110,0.10569,0.22925,0.24916,-0.14724,-0.09581,-0.07314,-0.15375,-0.20134,-0.22208,-0.14579,-0.10884,-0.18003,-0.18420,-0.15007,-0.01963,0.00379,-0.03812,-0.01653
271,310,push pink cup,robot_3cam,"robot demo
push cup right",True,0.28274,0.27708,0.25142,0.26320,0.27137,-0.01983,-0.10406,-0.11271,-0.02802,0.04010,0.30615,0.28671,0.34362,0.32803,0.33031,-1.28797,-1.06888,-0.89587,-1.11047,-1.46930,1.28991,1.39024,1.22517,1.20080,1.26012,-1.05741,-1.35927,-1.50079,-1.18771,-1.04607,0.82787,0.13961,-0.07280,0.18711,0.32342,-0.04456,-0.02644,-0.01888,-0.04627,-0.04423,-0.00240,-0.01309,-0.00611,-0.00425,-0.01329,0.04460,0.04092,0.03524,0.03623,0.04433,0.18363,0.14734,0.10685,0.23891,0.26806,-0.11743,-0.08364,-0.07620,-0.13580,-0.17551,-0.19866,-0.15510,-0.10800,-0.16926,-0.15966,-0.21768,-0.01756,0.00357,-0.04085,-0.03843
271,311,push pink cup,robot_3cam,"robot demo
push cup right",True,0.27509,0.26515,0.25734,0.25987,0.27267,-0.01974,-0.09928,-0.12143,-0.02244,0.02531,0.31374,0.28782,0.33576,0.33118,0.34609,-1.24650,-1.04085,-0.90834,-1.14536,-1.35219,1.26879,1.35664,1.26299,1.16700,1.26710,-1.08228,-1.38091,-1.46655,-1.19874,-1.11794,0.73934,0.12035,-0.05065,0.20916,0.21454,-0.04033,-0.02650,-0.02245,-0.04583,-0.04653,-0.00288,-0.01982,-0.00408,-0.00808,-0.00965,0.03351,0.03592,0.03325,0.03632,0.03100,0.16965,0.15746,0.10867,0.26278,0.22108,-0.08754,-0.06851,-0.08723,-0.12891,-0.16742,-0.16903,-0.15856,-0.10882,-0.19738,-0.13658,-0.28732,-0.01500,0.00199,-0.03459,-0.04617
271,312,push pink cup,robot_3cam,"robot demo
push cup right",True,0.26840,0.27290,0.27350,0.24388,0.27547,-0.02029,-0.09437,-0.11741,-0.03804,0.00513,0.31951,0.24364,0.29685,0.30869,0.34912,-1.21411,-1.15223,-1.03910,-1.19018,-1.19491,1.25077,1.43102,1.35437,1.22256,1.25731,-1.10967,-1.23951,-1.32010,-1.29067,-1.15589,0.60984,0.17987,0.02971,0.22719,0.13048,-0.03879,-0.02305,-0.02223,-0.03709,-0.03724,-0.00283,-0.02178,-0.00159,-0.01315,-0.00143,0.02789,0.02898,0.02945,0.02862,0.01333,0.16609,0.14476,0.09796,0.23286,0.13508,-0.07259,-0.05138,-0.08726,-0.09261,-0.15390,-0.15458,-0.14070,-0.09798,-0.17816,-0.06763,-0.35575,-0.01079,-0.00036,-0.02525,-0.06148
271,313,push pink cup,robot_3cam,"robot demo
push cup right",True,0.26240,0.26870,0.27862,0.23823,0.27398,-0.02172,-0.07693,-0.11550,-0.03398,-0.00241,0.31928,0.22213,0.27609,0.30462,0.35200,-1.19451,-1.19205,-1.09955,-1.11369,-1.07863,1.24572,1.40365,1.39256,1.17198,1.26276,-1.13264,-1.19364,-1.24939,-1.37938,-1.18807,0.42295,0.17348,0.06486,0.19018,0.08456,-0.03231,-0.02195,-0.02282,-0.03445,-0.03251,-0.00198,-0.01814,-0.00033,-0.01089,0.00164,0.01635,0.02266,0.02544,0.02394,0.00804,0.14176,0.12819,0.09125,0.20534,0.12014,-0.04827,-0.04916,-0.08697,-0.09079,-0.15349,-0.11501,-0.12480,-0.09067,-0.15630,-0.05020,-0.41110,-0.00760,-0.00116,-0.03305,-0.06411
271,314,push pink cup,robot_3cam,"robot demo
push cup right",True,0.25789,0.27509,0.28027,0.25775,0.26955,-0.02493,-0.06154,-0.10878,-0.03282,-0.00170,0.31924,0.20298,0.25633,0.30127,0.34658,-1.16950,-1.28227,-1.15918,-1.10971,-1.07195,1.25194,1.41873,1.41591,1.19531,1.22587,-1.15459,-1.10691,-1.19336,-1.38491,-1.21754,0.25082,0.19340,0.09058,0.18410,0.05476,-0.02667,-0.02132,-0.02224,-0.02981,-0.02729,-0.00119,-0.01254,0.00125,-0.00958,-0.00189,0.00702,0.01622,0.01938,0.01661,0.00278,0.12295,0.10549,0.07863,0.14701,0.11904,-0.02802,-0.04979,-0.08187,-0.06522,-0.12615,-0.07994,-0.10293,-0.07730,-0.13637,-0.05065,-0.43261,-0.00629,-0.00231,-0.03586,-0.05146
271,315,push pink cup,robot_3cam,"robot demo
push cup right",True,0.25511,0.27605,0.28052,0.27571,0.25506,-0.02521,-0.04799,-0.09211,-0.03597,0.00067,0.31960,0.20241,0.23480,0.30644,0.33637,-1.14282,-1.31502,-1.24602,-1.05454,-1.14401,1.24994,1.39364,1.42704,1.22816,1.19453,-1.15571,-1.08657,-1.11525,-1.38404,-1.25835,0.12459,0.16248,0.10481,0.08248,0.02159,-0.01908,-0.01989,-0.02150,-0.02634,-0.02379,0.00024,-0.00643,0.00403,-0.00895,-0.00208,-0.00357,0.00624,0.00545,0.00182,-0.00961,0.09242,0.07652,0.05319,0.14384,0.07456,-0.01505,-0.04574,-0.06978,-0.08036,-0.10574,-0.04310,-0.07387,-0.04786,-0.11848,-0.04621,-0.41751,-0.00442,-0.00144,-0.03133,-0.03175
271,316,push pink cup,robot_3cam,"robot demo
push cup right",True,0.25396,0.28332,0.28315,0.27877,0.23661,-0.02490,-0.05143,-0.07725,-0.05268,-0.00718,0.31523,0.23222,0.21753,0.32454,0.30542,-1.13080,-1.27221,-1.34154,-1.09982,-1.26570,1.25534,1.36586,1.44957,1.19507,1.33283,-1.14534,-1.15657,-1.03222,-1.33105,-1.16365,0.05410,0.08052,0.11630,0.00409,0.02457,-0.01303,-0.01539,-0.01735,-0.01254,-0.01307,0.00133,0.00529,0.00506,0.00031,0.00192,-0.01041,-0.00036,-0.00730,-0.02080,-0.01513,0.06763,0.03258,0.02425,0.06602,0.03232,-0.01288,-0.04639,-0.04784,-0.02804,-0.07608,-0.02219,-0.03543,-0.01391,-0.03883,-0.02746,-0.37636,-0.00464,0.00080,-0.02312,-0.02342
271,317,push pink cup,robot_3cam,"robot demo
push cup right",True,0.25373,0.28668,0.28258,0.27649,0.22435,-0.02226,-0.04382,-0.06715,-0.04205,-0.03167,0.31234,0.26667,0.20618,0.34290,0.26872,-1.13700,-1.26718,-1.39675,-1.09534,-1.30749,1.24345,1.33240,1.45365,1.18249,1.48048,-1.13942,-1.19733,-0.98341,-1.32020,-1.08497,0.05082,0.03641,0.12259,0.08421,0.04563,-0.00717,-0.01539,-0.01538,-0.00720,-0.00534,0.00163,0.01019,0.00527,0.00525,0.00466,-0.01742,-0.00399,-0.01431,-0.02699,-0.01627,0.04634,0.01604,0.00962,0.02954,0.02840,-0.01463,-0.04828,-0.03575,-0.02370,-0.06962,-0.00961,-0.02032,0.00297,-0.00589,-0.00969,-0.32856,-0.00632,0.00242,-0.01995,-0.01582
271,318,push pink cup,robot_3cam,"robot demo
push cup right",True,0.25357,0.28477,0.27377,0.26954,0.22861,-0.01991,-0.04615,-0.05931,-0.04091,-0.04546,0.30983,0.27112,0.21201,0.33983,0.26730,-1.13855,-1.24614,-1.38677,-1.06486,-1.13299,1.23036,1.32552,1.41677,1.22258,1.47959,-1.13766,-1.22213,-1.01360,-1.29727,-1.15959,0.05082,0.01606,0.09319,0.10889,0.01153,-0.00541,-0.01356,-0.01403,-0.00463,-0.00471,0.00029,0.01049,0.00549,0.00677,0.00044,-0.01875,-0.00644,-0.02050,-0.03034,-0.02055,0.04305,0.00822,-0.00208,0.00507,0.03744,-0.02356,-0.04218,-0.02594,-0.01150,-0.05484,-0.02420,-0.01196,0.01644,0.01317,-0.01313,-0.26500,-0.00578,0.00322,-0.01973,-0.01018
271,319,push pink cup,robot_3cam,"robot demo
push cup right",True,0.25276,0.28277,0.26980,0.26307,0.22293,-0.01970,-0.04073,-0.05049,-0.03071,-0.06293,0.30543,0.27909,0.20895,0.33970,0.25345,-1.13744,-1.24468,-1.40372,-1.05946,-1.05423,1.22473,1.30235,1.39856,1.21552,1.58568,-1.14511,-1.23473,-1.00546,-1.28282,-1.12527,0.05082,-0.00011,0.08474,0.11324,-0.03862,-0.00482,-0.01374,-0.01340,-0.00383,-0.00591,-0.00278,0.01034,0.00549,0.00710,-0.00129,-0.02009,-0.00845,-0.02533,-0.03218,-0.02432,0.05275,0.00634,-0.01011,0.00116,0.03647,-0.03377,-0.03981,-0.01897,-0.01522,-0.04110,-0.05298,-0.00917,0.02567,0.02132,-0.00862,-0.22483,-0.00570,0.00449,-0.02054,-0.00515
271,320,push pink cup,robot_3cam,"robot demo
push cup right",True,0.25166,0.27634,0.26758,0.25444,0.23416,-0.02018,-0.02973,-0.04646,-0.02785,-0.02974,0.30322,0.27502,0.20245,0.33754,0.26421,-1.12536,-1.25197,-1.40318,-1.01540,-1.16871,1.20450,1.27128,1.38513,1.15870,1.37645,-1.16672,-1.23208,-1.00437,-1.31443,-1.16428,0.05082,-0.00188,0.09358,0.09926,-0.03159,-0.00640,-0.01471,-0.01553,-0.00275,-0.00575,-0.00657,0.00944,0.00584,0.00612,-0.00011,-0.01937,-0.00906,-0.02345,-0.03360,-0.02325,0.07315,0.01033,-0.00318,-0.00735,0.04010,-0.03914,-0.04012,-0.02624,-0.01224,-0.04950,-0.08476,-0.01296,0.01627,0.01678,-0.03015,-0.18148,-0.00514,0.00365,-0.01791,-0.00775
271,321,push pink cup,robot_3cam,"robot demo
push cup right",True,0.24924,0.26672,0.26466,0.25699,0.23740,-0.02149,-0.01533,-0.04507,-0.02188,-0.01188,0.30009,0.25538,0.20153,0.32859,0.27209,-1.10618,-1.29050,-1.39311,-0.91562,-1.21497,1.18324,1.25599,1.37145,1.11005,1.27943,-1.19325,-1.18914,-1.01415,-1.41047,-1.18417,0.05082,0.02410,0.09051,0.03483,-0.04507,-0.00991,-0.01627,-0.01611,-0.00153,-0.00601,-0.00983,0.00422,0.00537,0.00282,0.00091,-0.01807,-0.01209,-0.02263,-0.03144,-0.02404,0.10276,0.02145,0.00007,-0.03459,0.03266,-0.04883,-0.03281,-0.02756,-0.00494,-0.05269,-0.11564,-0.01960,0.01208,-0.01160,-0.03002,-0.15202,-0.00352,0.00388,-0.00520,-0.00787
271,322,push pink cup,robot_3cam,"robot demo
push cup right",True,0.24520,0.26216,0.25885,0.26161,0.24337,-0.02335,-0.02276,-0.04635,-0.03112,-0.00216,0.29705,0.23495,0.20738,0.30488,0.28174,-1.08125,-1.28475,-1.35146,-0.97375,-1.14130,1.15851,1.28179,1.34420,1.15899,1.16226,-1.22984,-1.16851,-1.05794,-1.39179,-1.24988,0.05082,0.05005,0.07315,0.02621,-0.03763,-0.01497,-0.01774,-0.01784,-0.00833,-0.00775,-0.01121,0.00027,0.00579,-0.00111,-0.00000,-0.01668,-0.01382,-0.02208,-0.02673,-0.02418,0.12790,0.03162,0.00440,0.01359,0.02844,-0.06534,-0.02969,-0.03298,-0.01599,-0.05163,-0.14220,-0.02584,0.00689,-0.05195,-0.03632,-0.12443,-0.00242,0.00325,0.00036,-0.01100
271,323,push pink cup,robot_3cam,"robot demo
push cup right",True,0.23999,0.25252,0.25296,0.26094,0.24647,-0.02879,-0.01225,-0.05420,-0.01595,0.01466,0.29539,0.23687,0.21491,0.30174,0.28929,-1.03597,-1.26782,-1.28441,-0.98620,-1.14504,1.13973,1.22933,1.31460,1.08385,0.99268,-1.28468,-1.18803,-1.11072,-1.35049,-1.28981,0.05082,0.04901,0.06237,0.08648,-0.03072,-0.01818,-0.02274,-0.02315,-0.01927,-0.01637,-0.00966,-0.00164,0.00568,0.00085,0.00301,-0.01706,-0.01101,-0.01662,-0.01964,-0.02195,0.13882,0.05189,0.02442,0.06747,0.01079,-0.07886,-0.04122,-0.05163,-0.06407,-0.08126,-0.14226,-0.04644,-0.01627,-0.07588,-0.03280,-0.10405,-0.00318,0.00207,-0.01088,-0.01385
271,324,push pink cup,robot_3cam,"robot demo
push cup right",True,0.23331,0.24169,0.24699,0.25696,0.24098,-0.03386,-0.00075,-0.06185,-0.00644,0.01666,0.29374,0.23697,0.22604,0.29426,0.28837,-0.98507,-1.25366,-1.21112,-0.98708,-1.17044,1.12231,1.17812,1.28272,1.02518,1.01874,-1.33576,-1.20855,-1.17552,-1.32471,-1.30426,0.05082,0.03742,0.04331,0.09780,-0.01552,-0.02171,-0.02520,-0.02670,-0.02384,-0.02457,-0.00545,-0.00365,0.00526,-0.00138,0.00756,-0.01434,-0.01184,-0.01121,-0.01826,-0.02070,0.14348,0.06171,0.04096,0.06628,0.01131,-0.10425,-0.04307,-0.06536,-0.06250,-0.12132,-0.13535,-0.05526,-0.03528,-0.07880,-0.02413,-0.08506,-0.00288,0.00134,-0.00657,-0.01402
271,325,push pink cup,robot_3cam,"robot demo
push cup right",True,0.22652,0.23859,0.25096,0.25678,0.24240,-0.03355,0.00347,-0.06560,-0.00486,0.01751,0.29222,0.23418,0.22003,0.29155,0.28387,-0.93969,-1.25011,-1.22018,-0.96903,-1.16558,1.09303,1.16126,1.30443,1.00881,1.02299,-1.35448,-1.21144,-1.15949,-1.32048,-1.30213,0.05082,0.03348,0.06112,0.09655,-0.01400,-0.02176,-0.02549,-0.02680,-0.02461,-0.02581,-0.00202,-0.00354,0.00544,-0.00144,0.00683,-0.01240,-0.01159,-0.00862,-0.01686,-0.01653,0.13566,0.06321,0.04429,0.06867,0.01554,-0.11661,-0.04447,-0.06882,-0.06623,-0.11947,-0.11963,-0.05740,-0.03968,-0.07941,-0.02498,-0.07110,-0.00244,0.00029,-0.00610,-0.01858
271,326,push pink cup,robot_3cam,"robot demo
push cup right",True,0.22062,0.23833,0.25207,0.25621,0.24084,-0.03015,0.00580,-0.07061,-0.00952,0.01453,0.29109,0.22754,0.21749,0.27845,0.28242,-0.91216,-1.24585,-1.20426,-1.00720,-1.14439,1.04827,1.14946,1.31264,1.02436,1.03465,-1.36975,-1.21293,-1.17029,-1.28017,-1.33091,0.05082,0.02779,0.06761,0.11183,0.00548,-0.01910,-0.02491,-0.02624,-0.02369,-0.02523,-0.00061,-0.00017,0.00496,0.00082,0.00485,-0.01219,-0.01001,-0.00457,-0.01347,-0.01282,0.12085,0.05762,0.04934,0.07508,0.02722,-0.10594,-0.05072,-0.07104,-0.07877,-0.11039,-0.09586,-0.05559,-0.04620,-0.07574,-0.02816,-0.05941,-0.00213,-0.00037,-0.00487,-0.02209
271,327,push pink cup,robot_3cam,"robot demo
push cup right",True,0.21744,0.24340,0.25579,0.26400,0.24208,-0.02838,0.01006,-0.06953,-0.01000,0.00625,0.28753,0.22100,0.20873,0.26799,0.27455,-0.89750,-1.28340,-1.23512,-1.06795,-1.11492,1.02417,1.16212,1.33711,1.07759,1.06831,-1.38003,-1.18185,-1.14335,-1.22543,-1.32215,0.05082,0.03809,0.08341,0.10519,0.01771,-0.01380,-0.02309,-0.02414,-0.02075,-0.02217,-0.00136,0.00238,0.00528,0.00185,0.00274,-0.01223,-0.00960,-0.00591,-0.01204,-0.01260,0.10322,0.04761,0.04187,0.06223,0.02869,-0.07743,-0.05067,-0.06519,-0.06717,-0.09283,-0.06911,-0.04785,-0.03826,-0.07124,-0.02782,-0.04870,-0.00215,-0.00107,-0.00260,-0.02036
271,328,push pink cup,robot_3cam,"robot demo
push cup right",True,0.21866,0.25373,0.26178,0.26432,0.23726,-0.02874,-0.00808,-0.06312,-0.01960,-0.01094,0.28570,0.20497,0.19337,0.26152,0.27360,-0.89095,-1.30024,-1.30890,-1.05581,-1.05874,1.02182,1.24128,1.38025,1.09345,1.02371,-1.38099,-1.14566,-1.08571,-1.29878,-1.34093,0.05082,0.05627,0.09768,0.09974,0.01259,-0.00837,-0.01715,-0.01596,-0.01311,-0.01171,-0.00420,0.00214,0.00519,0.00003,0.00150,-0.01230,-0.01169,-0.01283,-0.01340,-0.01215,0.08799,0.03107,0.01349,0.04643,0.03343,-0.04589,-0.03528,-0.03791,-0.03793,-0.07425,-0.05593,-0.02973,-0.00587,-0.06883,-0.03150,-0.04083,-0.00055,0.00021,-0.00951,-0.02396
271,329,push pink cup,robot_3cam,"robot demo
push cup right",True,0.22116,0.26304,0.25962,0.25656,0.23147,-0.03009,-0.02549,-0.05809,-0.02518,-0.01975,0.28240,0.19546,0.18306,0.26032,0.27041,-0.89313,-1.29789,-1.34204,-1.04760,-1.02861,1.04106,1.30239,1.38805,1.12265,0.94888,-1.37315,-1.13669,-1.06489,-1.34303,-1.38891,0.05082,0.06088,0.09495,0.08308,0.02746,-0.00187,-0.01111,-0.00951,-0.00638,-0.00294,-0.00730,0.00396,0.00341,0.00077,0.00217,-0.01561,-0.01151,-0.01760,-0.01451,-0.01325,0.06862,0.01291,-0.00521,0.03710,0.03325,-0.00634,-0.02511,-0.01428,-0.03255,-0.05731,-0.03702,-0.01300,0.01523,-0.05410,-0.02751,-0.03336,0.00022,0.00245,-0.00908,-0.02089
271,330,push pink cup,robot_3cam,"robot demo
push cup right",True,0.22382,0.27013,0.25420,0.25672,0.22074,-0.03395,-0.03934,-0.04978,-0.03318,-0.03184,0.27849,0.19183,0.18591,0.25748,0.26496,-0.88561,-1.30185,-1.33792,-1.04100,-0.94954,1.06387,1.35406,1.36265,1.17959,1.04006,-1.37603,-1.12572,-1.09195,-1.37694,-1.43229,0.05082,0.06684,0.06721,0.06127,0.05438,0.00165,-0.00666,-0.00265,-0.00132,0.00374,-0.00805,0.00248,0.00124,-0.00103,-0.00044,-0.01670,-0.01288,-0.01991,-0.01786,-0.01699,0.05647,0.00320,-0.02029,0.01823,0.01908,0.00672,-0.01124,0.00911,-0.01101,-0.01868,-0.02815,-0.00124,0.03219,-0.03434,-0.00047,-0.02776,0.00098,0.00544,-0.00223,-0.01458
271,331,push pink cup,robot_3cam,"robot demo
push cup right",True,0.22592,0.27209,0.25008,0.25780,0.22688,-0.03525,-0.04214,-0.03879,-0.03802,-0.03285,0.27449,0.18634,0.19091,0.24932,0.26937,-0.88695,-1.31016,-1.34795,-1.02054,-0.93825,1.07150,1.37201,1.33339,1.22286,1.05391,-1.37846,-1.11337,-1.10234,-1.38843,-1.48700,0.05082,0.06841,0.05386,0.03215,-0.00944,0.00376,-0.00363,-0.00195,0.00120,0.00534,-0.00706,0.00139,0.00153,-0.00183,-0.00091,-0.01858,-0.01395,-0.02214,-0.01886,-0.01965,0.04443,-0.00269,-0.02517,0.01372,0.01288,0.00606,-0.00164,0.01361,-0.00500,-0.00738,-0.02196,0.00569,0.03692,-0.02227,-0.00491,-0.02362,0.00220,0.00561,-0.00215,-0.00803
271,332,push pink cup,robot_3cam,"robot demo
push cup right",True,0.22752,0.27221,0.24356,0.25467,0.23027,-0.03688,-0.04464,-0.03309,-0.03930,-0.03649,0.27030,0.18699,0.19251,0.24907,0.25741,-0.88446,-1.29795,-1.34415,-0.98796,-0.99182,1.07285,1.37376,1.30679,1.21120,1.06184,-1.38653,-1.12348,-1.11855,-1.40219,-1.46740,0.05082,0.05316,0.03730,0.02339,0.00121,0.00408,-0.00074,-0.00001,0.00561,0.00646,-0.00599,0.00153,0.00044,-0.00238,-0.00109,-0.01868,-0.01552,-0.02419,-0.02218,-0.02328,0.03728,-0.01086,-0.03056,0.00207,0.00759,-0.00273,0.00616,0.02274,0.01288,0.00829,-0.02480,0.01412,0.04260,-0.00693,-0.00012,-0.01891,0.00347,0.00686,0.00012,-0.00239
271,333,push pink cup,robot_3cam,"robot demo
push cup right",True,0.22840,0.27003,0.24068,0.25600,0.23935,-0.03744,-0.04246,-0.02699,-0.03430,-0.02781,0.26616,0.19069,0.18427,0.24666,0.26626,-0.88143,-1.28976,-1.34988,-0.98484,-0.98032,1.06414,1.35840,1.29220,1.19412,0.99141,-1.39573,-1.13745,-1.11446,-1.38921,-1.49986,0.05082,0.04055,0.04508,0.04564,-0.03878,0.00397,-0.00133,-0.00196,0.00481,0.00262,-0.00599,0.00254,0.00124,-0.00089,-0.00019,-0.01965,-0.01760,-0.02437,-0.02274,-0.02051,0.03903,-0.01444,-0.02759,-0.00699,0.00372,-0.00986,0.00537,0.01732,0.00959,0.00387,-0.03190,0.01785,0.03773,-0.00855,-0.01168,-0.01631,0.00332,0.00594,0.00290,-0.00804
271,334,push pink cup,robot_3cam,"robot demo
push cup right",True,0.22833,0.27101,0.24073,0.25068,0.24840,-0.03705,-0.04580,-0.01617,-0.03490,-0.02575,0.26165,0.18287,0.17681,0.24165,0.26497,-0.88034,-1.29747,-1.38211,-0.97089,-1.01963,1.04983,1.37833,1.28503,1.17791,0.99120,-1.40672,-1.11949,-1.09810,-1.40048,-1.51435,0.05082,0.04968,0.05702,0.02049,-0.03000,0.00388,0.00006,0.00048,0.00584,0.00424,-0.00588,0.00080,0.00062,-0.00269,-0.00196,-0.02022,-0.01866,-0.02235,-0.02440,-0.02114,0.03260,-0.01496,-0.02939,-0.02035,-0.00260,-0.00993,0.01201,0.02326,0.03301,0.01495,-0.03711,0.02020,0.03733,0.01124,-0.00705,-0.01274,0.00445,0.00573,0.00359,-0.00996
271,335,push pink cup,robot_3cam,"robot demo
push cup right",True,0.22842,0.26579,0.23835,0.24830,0.25645,-0.03852,-0.05048,-0.01351,-0.03323,-0.02868,0.25815,0.18625,0.16695,0.23227,0.25909,-0.87003,-1.24451,-1.39480,-1.00051,-0.99238,1.03937,1.35269,1.28207,1.16615,1.00205,-1.42346,-1.16860,-1.08377,-1.37099,-1.48157,0.05082,0.01694,0.06816,0.05096,-0.03903,0.00512,0.00057,-0.00043,0.00582,0.00074,-0.00634,0.00224,0.00083,-0.00220,-0.00221,-0.02349,-0.02016,-0.02282,-0.02574,-0.01949,0.01852,-0.01965,-0.02843,-0.03266,0.00449,0.00416,0.01149,0.02136,0.03697,0.01091,-0.03500,0.02399,0.03501,0.01734,-0.01952,-0.01079,0.00508,0.00510,0.00201,-0.00577
271,336,push pink cup,robot_3cam,"robot demo
push cup right",True,0.22884,0.26913,0.22848,0.24631,0.25604,-0.04152,-0.05944,-0.00046,-0.03368,-0.02605,0.25495,0.18405,0.17268,0.22826,0.25819,-0.85608,-1.25501,-1.38584,-1.01058,-0.97658,1.04025,1.39098,1.22931,1.16739,1.00629,-1.44013,-1.15234,-1.11543,-1.38737,-1.47554,0.05082,0.03013,0.04031,0.02583,-0.04059,0.00713,0.00083,0.00009,0.00684,0.00220,-0.00548,-0.00023,0.00070,-0.00324,-0.00445,-0.02794,-0.02374,-0.02663,-0.02884,-0.02466,-0.00479,-0.02094,-0.03426,-0.06283,-0.00239,0.02182,0.01976,0.02787,0.07334,0.02169,-0.02229,0.02968,0.04085,0.03966,-0.02692,-0.00877,0.00509,0.00609,0.00771,-0.00019
271,337,push pink cup,robot_3cam,"robot demo
push cup right",True,0.23027,0.26111,0.21879,0.24327,0.24747,-0.04324,-0.06162,0.01688,-0.03295,-0.02416,0.24953,0.19458,0.16538,0.23171,0.24627,-0.86057,-1.19208,-1.39184,-1.00214,-0.96930,1.04779,1.35094,1.17902,1.13851,0.98694,-1.45108,-1.21723,-1.13227,-1.40132,-1.45758,0.05082,-0.01388,0.02641,0.03358,-0.02821,0.00885,0.00148,0.00295,0.00813,0.00444,-0.00331,0.00006,-0.00067,-0.00267,-0.00561,-0.03108,-0.02622,-0.02781,-0.03178,-0.02990,-0.02891,-0.02458,-0.03991,-0.07039,-0.02817,0.03439,0.02271,0.03983,0.07557,0.05388,-0.00459,0.03354,0.04479,0.03972,-0.00405,-0.00779,0.00588,0.00777,0.00960,0.00409
271,338,push pink cup,robot_3cam,"robot demo
push cup right",True,0.23187,0.25116,0.22018,0.24151,0.24516,-0.04318,-0.05693,0.02668,-0.02828,-0.02528,0.24440,0.20625,0.15317,0.23388,0.23314,-0.87257,-1.13033,-1.43804,-1.00999,-1.00183,1.05046,1.28610,1.18207,1.09889,1.01778,-1.45577,-1.28616,-1.08809,-1.39887,-1.41339,0.05082,-0.06536,0.04188,0.05168,-0.03108,0.01031,0.00138,0.00469,0.00824,0.00453,0.00005,0.00173,-0.00185,-0.00169,-0.00474,-0.03333,-0.02790,-0.02879,-0.03394,-0.03168,-0.06028,-0.02787,-0.04358,-0.06052,-0.03512,0.04335,0.02101,0.04759,0.05746,0.06189,0.01500,0.03528,0.04818,0.03233,0.01189,-0.00552,0.00667,0.00949,0.01059,0.00514
271,339,push pink cup,robot_3cam,"robot demo
push cup right",True,0.23445,0.24517,0.21310,0.23805,0.24462,-0.04195,-0.05657,0.02774,-0.02168,-0.03475,0.23831,0.22064,0.15084,0.23662,0.22758,-0.89852,-1.07282,-1.41562,-1.01632,-0.96967,1.06556,1.23977,1.15753,1.06975,1.05566,-1.44703,-1.35161,-1.10855,-1.40032,-1.41102,0.05082,-0.11396,0.02541,0.05892,-0.02298,0.01095,0.00160,0.00608,0.00943,0.00567,0.00319,0.00468,-0.00385,0.00016,-0.00430,-0.03467,-0.02998,-0.02977,-0.03679,-0.03671,-0.08384,-0.03593,-0.04487,-0.06359,-0.05000,0.04911,0.01866,0.05529,0.05137,0.08356,0.03297,0.04152,0.04985,0.03299,0.02310,-0.00511,0.00687,0.01188,0.00721,0.00557
271,340,push pink cup,robot_3cam,"robot demo
push cup right",True,0.23729,0.24447,0.21317,0.23970,0.24584,-0.04037,-0.04760,0.03349,-0.00795,-0.03822,0.23025,0.22337,0.14109,0.23734,0.22365,-0.92614,-1.07911,-1.43535,-1.04713,-0.96711,1.08613,1.21330,1.15663,1.03802,1.06128,-1.43006,-1.35504,-1.08806,-1.37788,-1.44276,0.05082,-0.12792,0.03449,0.07715,-0.03394,0.01047,0.00186,0.00670,0.00969,0.00616,0.00586,0.00813,-0.00426,0.00226,-0.00434,-0.03378,-0.02998,-0.03036,-0.03567,-0.03743,-0.09752,-0.04343,-0.04653,-0.05415,-0.05883,0.05069,0.01403,0.05842,0.03860,0.09368,0.04667,0.04597,0.05110,0.03264,0.03313,-0.00455,0.00695,0.01274,-0.00088,0.00639
271,341,push pink cup,robot_3cam,"robot demo
push cup right",True,0.23903,0.23869,0.21251,0.23890,0.24532,-0.03769,-0.04983,0.03767,-0.00481,-0.04146,0.22582,0.23440,0.13346,0.23845,0.21938,-0.95011,-1.02333,-1.43832,-1.05986,-0.99582,1.09263,1.17502,1.15095,1.01806,1.08713,-1.41885,-1.41404,-1.08628,-1.37549,-1.46683,0.05082,-0.16565,0.03836,0.07043,-0.03690,0.00923,0.00098,0.00858,0.00906,0.00763,0.00639,0.00974,-0.00522,0.00353,-0.00711,-0.03210,-0.03122,-0.02848,-0.03702,-0.03794,-0.10460,-0.04527,-0.04661,-0.05555,-0.07131,0.05613,0.01028,0.06307,0.03112,0.12270,0.04910,0.04685,0.05013,0.03241,0.04469,-0.00357,0.00684,0.01371,-0.00025,-0.00023
271,342,push pink cup,robot_3cam,"robot demo
push cup right",True,0.24095,0.24498,0.21592,0.24273,0.24408,-0.03425,-0.05366,0.03631,-0.00849,-0.02735,0.22023,0.22845,0.13710,0.22623,0.22247,-0.97860,-1.05789,-1.43160,-1.08443,-1.04173,1.09883,1.21330,1.15550,1.07085,1.05233,-1.40480,-1.37655,-1.08546,-1.34731,-1.45677,0.05082,-0.13542,0.04037,0.06510,-0.02224,0.00848,-0.00037,0.00524,0.00704,0.00588,0.00560,0.01021,-0.00337,0.00420,-0.00414,-0.03335,-0.03101,-0.02889,-0.03469,-0.03502,-0.11056,-0.04472,-0.04235,-0.05826,-0.06227,0.07311,0.00649,0.05215,0.03287,0.09170,0.05467,0.04684,0.04623,0.03932,0.04068,-0.00252,0.00563,0.01282,0.00094,0.00382
271,343,push pink cup,robot_3cam,"robot demo
push cup right",True,0.24263,0.25018,0.21461,0.24185,0.24614,-0.03267,-0.06470,0.04565,-0.01559,-0.03247,0.21387,0.22702,0.12658,0.21774,0.21599,-1.00430,-1.07187,-1.45638,-1.08141,-1.05676,1.11335,1.26338,1.14635,1.09505,1.08472,-1.39556,-1.35693,-1.06654,-1.35981,-1.47143,0.05082,-0.11682,0.04887,0.07219,-0.02091,0.00789,0.00032,0.00695,0.00760,0.00704,0.00384,0.00786,-0.00442,0.00324,-0.00567,-0.03782,-0.03380,-0.02865,-0.03645,-0.03676,-0.11996,-0.04665,-0.04430,-0.07820,-0.07536,0.10180,0.01493,0.05850,0.05386,0.11266,0.06397,0.05283,0.04702,0.04925,0.04863,-0.00243,0.00531,0.01392,0.00223,-0.00356
271,344,push pink cup,robot_3cam,"robot demo
push cup right",True,0.24447,0.25489,0.21649,0.24944,0.25040,-0.03322,-0.06450,0.04595,-0.01933,-0.03461,0.20486,0.21980,0.11964,0.19485,0.20635,-1.02974,-1.12530,-1.46521,-1.10515,-1.07099,1.14426,1.30165,1.15384,1.15740,1.13528,-1.38404,-1.30346,-1.04704,-1.30784,-1.45386,0.05082,-0.08164,0.06034,0.05469,-0.01056,0.00684,-0.00112,0.00531,0.00535,0.00564,0.00155,0.00550,-0.00415,0.00304,-0.00351,-0.04129,-0.03658,-0.02870,-0.03646,-0.03568,-0.12458,-0.04409,-0.04117,-0.10494,-0.07052,0.12482,0.01879,0.05397,0.07402,0.09881,0.06686,0.05438,0.04363,0.06086,0.05298,-0.00227,0.00474,0.01413,0.00553,-0.00149
271,345,push pink cup,robot_3cam,"robot demo
push cup right",True,0.24581,0.25780,0.21338,0.25412,0.25302,-0.03528,-0.07209,0.05118,-0.02577,-0.03572,0.19539,0.21818,0.10810,0.17974,0.19070,-1.05090,-1.15191,-1.47740,-1.13269,-1.08690,1.18180,1.34773,1.14212,1.23346,1.19199,-1.37289,-1.27265,-1.02581,-1.29045,-1.41708,0.05082,-0.05794,0.06726,0.03676,-0.01279,0.00579,-0.00174,0.00432,0.00403,0.00476,-0.00013,0.00032,-0.00525,0.00215,-0.00123,-0.04372,-0.04202,-0.02966,-0.04009,-0.03731,-0.12489,-0.04070,-0.03863,-0.14071,-0.08087,0.13888,0.03163,0.05457,0.10754,0.10057,0.06870,0.05865,0.04040,0.06823,0.06980,-0.00154,0.00472,0.01587,0.01123,0.00447
271,346,push pink cup,robot_3cam,"robot demo
push cup right",True,0.24710,0.26841,0.21630,0.24765,0.25643,-0.03595,-0.07211,0.04782,-0.01674,-0.03310,0.18430,0.20093,0.10534,0.17714,0.18184,-1.08067,-1.23423,-1.47975,-1.19765,-1.12160,1.21863,1.41324,1.15704,1.22373,1.19286,-1.35293,-1.18426,-1.00890,-1.29540,-1.41040,0.05082,-0.00081,0.06933,0.02861,-0.00380,0.00418,-0.00072,0.00310,0.00330,0.00392,-0.00293,-0.00087,-0.00472,0.00203,-0.00084,-0.03999,-0.04052,-0.03244,-0.03639,-0.03370,-0.10606,-0.04076,-0.04059,-0.14260,-0.07770,0.13629,0.03490,0.05299,0.11649,0.09258,0.05251,0.05969,0.04450,0.06787,0.06551,-0.00130,0.00449,0.01692,0.01159,-0.00597
271,347,push pink cup,robot_3cam,"robot demo
push cup right",True,0.24787,0.27262,0.22641,0.24776,0.25672,-0.03680,-0.06769,0.03005,-0.01503,-0.04125,0.17316,0.17983,0.09986,0.18713,0.17566,-1.10831,-1.28559,-1.49206,-1.18744,-1.12361,1.25699,1.44058,1.22423,1.19692,1.25774,-1.33209,-1.11904,-0.97783,-1.34198,-1.38871,0.05082,0.04647,0.10095,0.02339,-0.01696,0.00267,-0.00098,0.00369,0.00183,0.00192,-0.00450,-0.00136,-0.00450,-0.00020,-0.00261,-0.03282,-0.03472,-0.02899,-0.03023,-0.02683,-0.08648,-0.03146,-0.03818,-0.11931,-0.05423,0.11691,0.02879,0.04899,0.10940,0.08226,0.02894,0.04795,0.04224,0.05267,0.04914,-0.00122,0.00473,0.01458,0.01014,0.00179
271,348,push pink cup,robot_3cam,"robot demo
push cup right",True,0.24823,0.28171,0.23598,0.24816,0.25507,-0.03648,-0.06296,0.00913,-0.01987,-0.03819,0.16585,0.15313,0.10451,0.18885,0.17311,-1.13095,-1.37260,-1.47639,-1.21668,-1.14732,1.27800,1.49284,1.28164,1.20144,1.27088,-1.31809,-1.01970,-0.97410,-1.35092,-1.36954,0.05082,0.12236,0.12092,0.01216,-0.00539,0.00097,-0.00181,0.00181,-0.00002,-0.00084,-0.00626,-0.00205,-0.00291,-0.00124,-0.00287,-0.02241,-0.02637,-0.02516,-0.02142,-0.01901,-0.05607,-0.01862,-0.03152,-0.08459,-0.02830,0.08907,0.01953,0.03628,0.07971,0.05608,-0.00061,0.03200,0.03579,0.03487,0.03029,-0.00130,0.00391,0.01116,0.00479,0.00412
271,349,push pink cup,robot_3cam,"robot demo
push cup right",True,0.24816,0.29117,0.24552,0.23475,0.25380,-0.03745,-0.07121,-0.00580,-0.05154,-0.03813,0.16317,0.12230,0.09922,0.16015,0.16536,-1.14945,-1.43957,-1.48350,-1.20555,-1.18625,1.28436,1.57734,1.33953,1.46292,1.27917,-1.32681,-0.92630,-0.95042,-1.21618,-1.36906,0.05082,0.20065,0.14876,-0.00569,-0.01032,-0.00034,0.00011,0.00238,0.00051,-0.00083,-0.00845,-0.00710,-0.00243,-0.00443,-0.00399,-0.01278,-0.01927,-0.02137,-0.01432,-0.01142,-0.02187,-0.00405,-0.02879,-0.06753,-0.00762,0.06863,0.02418,0.03177,0.08388,0.03964,-0.02575,0.01822,0.03294,0.00544,0.01260,-0.00073,0.00436,0.00904,0.02054,0.00644
271,350,push pink cup,robot_3cam,"robot demo
push cup right",True,0.24787,0.30024,0.25812,0.23788,0.25559,-0.03967,-0.06988,-0.03094,-0.11670,-0.03062,0.16202,0.09838,0.11062,0.06893,0.16905,-1.14723,-1.50013,-1.45507,-1.27542,-1.21382,1.29649,1.62306,1.40593,1.74302,1.22785,-1.33412,-0.85088,-0.96496,-0.89464,-1.34726,0.05082,0.27390,0.16817,0.07091,-0.05812,-0.00115,-0.00034,0.00332,-0.00083,0.00016,-0.01038,-0.00679,-0.00221,-0.00604,-0.00327,-0.00499,-0.00487,-0.01202,-0.00419,-0.00393,0.00498,0.01442,-0.01876,0.01629,-0.01473,0.05189,0.00777,0.02248,0.03850,0.01671,-0.04711,-0.00738,0.02205,-0.01975,0.00673,-0.00065,0.00284,0.00539,0.06808,-0.00091
271,351,push pink cup,robot_3cam,"robot demo
push cup right",True,0.24723,0.29549,0.26241,0.25815,0.25222,-0.04331,-0.06531,-0.03835,-0.03520,-0.03805,0.16201,0.09589,0.11700,0.13135,0.17099,-1.13659,-1.48149,-1.43413,-1.30651,-1.16182,1.31300,1.59510,1.41756,1.26167,1.31572,-1.34648,-0.86563,-0.98897,-1.22917,-1.33895,0.05082,0.28280,0.18534,0.04931,0.05297,-0.00143,-0.00241,0.00397,-0.00143,-0.00045,-0.01021,-0.00725,-0.00368,-0.00836,-0.00599,-0.00197,0.00334,0.00064,-0.00079,0.00203,0.01381,0.03211,-0.00060,0.02232,0.00929,0.04289,-0.00508,0.01357,0.04329,0.01012,-0.04982,-0.02939,-0.00134,-0.03101,-0.01306,-0.00065,0.00202,0.00263,0.02201,-0.00937
271,352,push pink cup,robot_3cam,"robot demo
push cup right",True,0.24672,0.29726,0.26168,0.25112,0.25499,-0.04627,-0.06781,-0.03811,-0.03398,-0.03804,0.16162,0.09654,0.11379,0.14298,0.17226,-1.12952,-1.48434,-1.44056,-1.22785,-1.11865,1.32547,1.60611,1.42046,1.16286,1.31861,-1.35666,-0.86283,-0.98341,-1.26466,-1.32046,0.05082,0.28382,0.18608,0.03227,0.07704,-0.00148,-0.00134,0.00541,-0.00083,-0.00025,-0.00964,-0.00782,-0.00450,-0.00859,-0.00851,-0.00161,0.00301,-0.00011,-0.00067,0.00106,0.01741,0.03019,-0.00378,0.02886,0.01044,0.04122,-0.00125,0.01909,0.04272,0.02177,-0.04302,-0.02680,0.00224,-0.03309,-0.01603,-0.00041,0.00217,0.00327,0.02169,-0.00915
271,353,push pink cup,robot_3cam,"robot demo
push cup right",True,0.24623,0.29670,0.26178,0.24593,0.25258,-0.04884,-0.06336,-0.03897,-0.01148,-0.03544,0.16162,0.09690,0.11343,0.16525,0.16817,-1.12302,-1.48524,-1.43555,-1.18519,-1.15800,1.33443,1.58997,1.41990,1.05660,1.31814,-1.36550,-0.86497,-0.98430,-1.34549,-1.32014,0.05082,0.27489,0.18616,0.01022,0.05729,-0.00127,-0.00099,0.00433,-0.00065,-0.00058,-0.00780,-0.00643,-0.00389,-0.00723,-0.00710,-0.00114,0.00324,-0.00028,-0.00017,0.00110,0.01653,0.02730,-0.00240,0.01979,0.00625,0.03359,-0.00289,0.01560,0.03896,0.01729,-0.03262,-0.02537,0.00088,-0.02892,-0.01352,-0.00008,0.00254,0.00309,0.01567,-0.00803
271,354,push pink cup,robot_3cam,"robot demo
push cup right",True,0.24611,0.29789,0.26172,0.24945,0.25197,-0.04990,-0.05936,-0.03961,-0.01242,-0.03905,0.16127,0.09826,0.11823,0.16574,0.17072,-1.12283,-1.48967,-1.42479,-1.19835,-1.17416,1.33842,1.57914,1.41418,1.16954,1.32618,-1.36906,-0.86509,-0.99715,-1.36362,-1.34562,0.05082,0.27189,0.18464,0.02061,0.03818,-0.00083,-0.00147,0.00318,-0.00085,-0.00051,-0.00485,-0.00327,-0.00359,-0.00501,-0.00549,-0.00076,0.00485,0.00160,0.00089,0.00225,0.00989,0.02382,0.00240,0.01359,0.01036,0.02100,-0.01052,0.01048,0.02504,0.00640,-0.02065,-0.02511,-0.00494,-0.02327,-0.01449,-0.00016,0.00199,0.00219,0.01129,-0.01002
271,355,push pink cup,robot_3cam,"robot demo
push cup right",False,,,,,,,,,,,,,,,,,,,,,,,,,,,,,,,,,,,,,,,,,,,,,,,,,,,,,,,,,,,,,,,,,,,,,,
271,356,push pink cup,robot_3cam,"robot demo
push cup right",False,,,,,,,,,,,,,,,,,,,,,,,,,,,,,,,,,,,,,,,,,,,,,,,,,,,,,,,,,,,,,,,,,,,,,,
271,357,push pink cup,robot_3cam,"robot demo
push cup right",False,,,,,,,,,,,,,,,,,,,,,,,,,,,,,,,,,,,,,,,,,,,,,,,,,,,,,,,,,,,,,,,,,,,,,,
271,358,push pink cup,robot_3cam,"robot demo
push cup right",False,,,,,,,,,,,,,,,,,,,,,,,,,,,,,,,,,,,,,,,,,,,,,,,,,,,,,,,,,,,,,,,,,,,,,,
271,359,push pink cup,robot_3cam,"robot demo
push cup right",False,,,,,,,,,,,,,,,,,,,,,,,,,,,,,,,,,,,,,,,,,,,,,,,,,,,,,,,,,,,,,,,,,,,,,,
271,360,push pink cup,robot_3cam,"robot demo
push cup right",False,,,,,,,,,,,,,,,,,,,,,,,,,,,,,,,,,,,,,,,,,,,,,,,,,,,,,,,,,,,,,,,,,,,,,,
271,361,push pink cup,robot_3cam,"robot demo
push cup right",False,,,,,,,,,,,,,,,,,,,,,,,,,,,,,,,,,,,,,,,,,,,,,,,,,,,,,,,,,,,,,,,,,,,,,,
271,362,push pink cup,robot_3cam,"robot demo
push cup right",False,,,,,,,,,,,,,,,,,,,,,,,,,,,,,,,,,,,,,,,,,,,,,,,,,,,,,,,,,,,,,,,,,,,,,,
271,363,push pink cup,robot_3cam,"robot demo
push cup right",False,,,,,,,,,,,,,,,,,,,,,,,,,,,,,,,,,,,,,,,,,,,,,,,,,,,,,,,,,,,,,,,,,,,,,,
1251,0,push pink cup,video_2cam,"human video
push cup right",True,,0.27580,0.27203,0.25648,0.22919,,-0.13470,-0.12309,-0.28792,-0.07587,,0.13680,0.14121,0.01655,0.17152,,-1.05114,-1.24584,-1.84607,-1.41346,,1.51293,1.52086,2.88583,1.37748,,-1.21089,-1.02933,-0.57722,-1.14065,,0.07578,0.15953,0.23026,0.14559,,0.00112,-0.00682,-0.00165,-0.00599,,0.00021,-0.00560,0.00523,0.00230,,0.00244,0.00419,0.00039,0.00272,,0.02057,0.03166,-0.06257,0.28096,,-0.01454,-0.02037,0.00357,-0.24794,,-0.02355,-0.02386,0.01642,0.07308,,0.00695,0.00770,-0.00840,0.09301
1251,1,push pink cup,video_2cam,"human video
push cup right",True,,0.27440,0.27469,0.25680,0.23204,,-0.13735,-0.12517,-0.27679,-0.08029,,0.13937,0.14515,0.02277,0.17922,,-1.03263,-1.24775,-1.80180,-1.41390,,1.50685,1.52983,2.80740,1.36618,,-1.22973,-1.02638,-0.62255,-1.14518,,0.06720,0.16132,0.20298,0.17148,,0.00163,-0.00739,-0.00171,-0.00557,,-0.00042,-0.00520,0.00471,0.00352,,0.00312,0.00445,0.00090,0.00320,,0.02193,0.03263,-0.06521,0.30004,,-0.01324,-0.02286,0.00890,-0.27189,,-0.02500,-0.02445,0.01605,0.08156,,0.00695,0.00723,-0.01051,0.09167
1251,2,push pink cup,video_2cam,"human video
push cup right",True,,0.27468,0.27467,0.23911,0.23075,,-0.14415,-0.12736,-0.29015,-0.08280,,0.13581,0.14312,0.01185,0.17614,,-1.02111,-1.24666,-1.80718,-1.46283,,1.52616,1.53417,2.81639,1.39206,,-1.23284,-1.02371,-0.54863,-1.11033,,0.07233,0.16441,0.20959,0.17068,,0.00364,-0.00693,0.00004,-0.00577,,-0.00242,-0.00577,0.00361,0.00362,,0.00444,0.00552,0.00223,0.00424,,0.02357,0.03389,-0.06210,0.36065,,-0.00716,-0.02203,0.01141,-0.31790,,-0.02600,-0.02601,0.00438,0.08948,,0.00752,0.00745,-0.00932,0.09820
1251,3,push pink cup,video_2cam,"human video
push cup right",True,,0.27265,0.27080,0.24623,0.23209,,-0.14552,-0.12846,-0.28173,-0.07129,,0.13950,0.15229,0.02134,0.19383,,-1.00631,-1.21675,-1.79049,-1.40627,,1.51767,1.51407,2.79571,1.29715,,-1.24805,-1.05624,-0.60491,-1.18121,,0.06516,0.14277,0.20371,0.18463,,0.00256,-0.00748,-0.00101,-0.00637,,-0.00298,-0.00565,0.00345,0.00493,,0.00350,0.00413,0.00137,0.00349,,0.02611,0.03331,-0.07080,0.31504,,-0.00785,-0.02219,0.01828,-0.28271,,-0.02755,-0.02443,0.01159,0.08535,,0.00730,0.00800,-0.00968,0.07636
1251,4,push pink cup,video_2cam,"human video
push cup right",True,,0.27390,0.27161,0.24808,0.23227,,-0.14462,-0.12088,-0.28849,-0.06804,,0.13933,0.15103,0.01531,0.19771,,-1.00674,-1.23735,-1.74937,-1.39607,,1.51566,1.50840,2.85910,1.31240,,-1.24872,-1.04609,-0.57230,-1.18689,,0.06039,0.14526,0.19695,0.18470,,0.00283,-0.00639,-0.00084,-0.00587,,-0.00026,-0.00550,0.00556,0.00405,,0.00345,0.00392,0.00150,0.00291,,0.01972,0.03041,-0.06545,0.29350,,-0.01157,-0.01890,0.00110,-0.26781,,-0.02320,-0.02191,0.01477,0.08018,,0.00718,0.00814,-0.01094,0.07155
1251,5,push pink cup,video_2cam,"human video
push cup right",True,,0.27199,0.27113,0.24983,0.23139,,-0.14502,-0.11860,-0.28304,-0.06695,,0.14208,0.15029,0.01993,0.19412,,-0.98900,-1.24602,-1.68428,-1.43234,,1.50391,1.50617,2.84344,1.31246,,-1.26763,-1.04119,-0.59804,-1.16155,,0.04859,0.14626,0.18055,0.19029,,0.00317,-0.00621,-0.00062,-0.00625,,0.00031,-0.00540,0.00621,0.00322,,0.00366,0.00329,0.00157,0.00241,,0.01845,0.02896,-0.07085,0.36696,,-0.01207,-0.01779,0.00006,-0.32494,,-0.02275,-0.02056,0.01811,0.09962,,0.00727,0.00802,-0.01312,0.06843
1251,6,push pink cup,video_2cam,"human video
push cup right",True,,0.27093,0.26526,0.25277,0.22823,,-0.14441,-0.11386,-0.26819,-0.06057,,0.14653,0.15118,0.03999,0.19575,,-0.97714,-1.23032,-1.43002,-1.34783,,1.49365,1.47667,2.64912,1.30804,,-1.28442,-1.06495,-0.70973,-1.20615,,0.04302,0.13576,0.13330,0.14408,,0.00320,-0.00582,-0.00079,-0.00645,,0.00094,-0.00630,0.00597,0.00438,,0.00568,0.00474,0.00206,0.00384,,0.01968,0.03170,-0.07705,0.32847,,-0.01495,-0.01627,0.00497,-0.28884,,-0.02570,-0.02491,0.02007,0.08470,,0.00667,0.00844,-0.01803,0.04395
1251,7,push pink cup,video_2cam,"human video
push cup right",True,,0.26764,0.26113,0.25388,0.22348,,-0.14823,-0.10286,-0.25588,-0.05180,,0.15119,0.15291,0.06140,0.19505,,-0.94073,-1.23062,-1.24344,-1.21129,,1.47886,1.44126,2.47035,1.37841,,-1.31733,-1.07799,-0.83115,-1.25577,,0.03203,0.13187,0.10799,0.06665,,0.00273,-0.00691,-0.00209,-0.00449,,-0.00004,-0.00648,0.00525,0.00928,,0.00830,0.00701,0.00283,0.00467,,0.02719,0.03787,-0.08963,0.09474,,-0.01751,-0.01979,0.01587,-0.11583,,-0.03400,-0.03384,0.02209,0.02713,,0.00648,0.00822,-0.02091,0.00650
1251,8,push pink cup,video_2cam,"human video
push cup right",True,,0.26490,0.25795,0.24584,0.22190,,-0.15099,-0.09409,-0.24468,-0.04892,,0.15316,0.14671,0.07214,0.18634,,-0.91130,-1.24397,-1.20644,-1.19043,,1.46772,1.42262,2.33775,1.50747,,-1.34486,-1.07463,-0.87280,-1.20968,,0.01859,0.13571,0.06680,0.01498,,0.00480,-0.00513,-0.00051,-0.00274,,-0.00137,-0.00809,0.00440,0.00716,,0.01071,0.00919,0.00415,0.00532,,0.02954,0.03932,-0.09538,0.15851,,-0.01347,-0.01422,0.02393,-0.13590,,-0.03727,-0.03747,0.01851,0.01737,,0.00713,0.00900,-0.02106,-0.00812
1251,9,push pink cup,video_2cam,"human video
push cup right",True,,0.26060,0.25103,0.24333,0.21700,,-0.15259,-0.08952,-0.21647,-0.04350,,0.16094,0.15063,0.10382,0.18891,,-0.87479,-1.22025,-1.08806,-1.12227,,1.44630,1.38719,2.09379,1.47825,,-1.38401,-1.10855,-0.99328,-1.20473,,0.00127,0.11964,0.00629,0.06734,,0.00588,-0.00456,0.00166,-0.00102,,-0.00352,-0.00926,0.00379,0.00811,,0.01340,0.01094,0.00518,0.00567,,0.03611,0.04254,-0.10003,0.14532,,-0.01041,-0.01209,0.02725,-0.10735,,-0.04425,-0.04231,0.02222,0.00383,,0.00730,0.00958,-0.01969,-0.02326
1251,10,push pink cup,video_2cam,"human video
push cup right",True,,0.25332,0.24820,0.24374,0.21226,,-0.14615,-0.08041,-0.18774,-0.03121,,0.17018,0.15362,0.14103,0.19005,,-0.83717,-1.22273,-0.81720,-1.12470,,1.39711,1.35968,1.90208,1.39287,,-1.42924,-1.11914,-1.13453,-1.18425,,-0.02377,0.11500,-0.02910,0.10032,,0.00538,-0.00478,0.00252,0.00047,,-0.00312,-0.00949,0.00096,0.00774,,0.01641,0.01284,0.00446,0.00573,,0.04183,0.04629,-0.11926,0.15355,,-0.01535,-0.01321,0.05017,-0.10750,,-0.05271,-0.04804,0.02154,0.00193,,0.00720,0.00952,-0.02042,-0.03407
1251,11,push pink cup,video_2cam,"human video
push cup right",True,,0.25025,0.24465,0.23456,0.20759,,-0.15099,-0.07448,-0.18312,-0.02614,,0.17225,0.15086,0.14855,0.18300,,-0.80505,-1.22225,-0.79634,-1.16575,,1.39132,1.33999,1.84646,1.41053,,-1.45625,-1.12522,-1.13257,-1.13704,,-0.03284,0.11017,-0.03869,0.11922,,0.00681,-0.00368,0.00445,0.00152,,-0.00569,-0.01052,-0.00096,0.00256,,0.01871,0.01348,0.00508,0.00292,,0.04809,0.04641,-0.12785,0.16599,,-0.01074,-0.00893,0.05925,-0.07974,,-0.05869,-0.04908,0.01792,-0.00745,,0.00778,0.01061,-0.01401,-0.03212
1251,12,push pink cup,video_2cam,"human video
push cup right",True,,0.25075,0.24049,0.23993,0.20063,,-0.15291,-0.07330,-0.15982,-0.01835,,0.17707,0.15189,0.17270,0.17804,,-0.79704,-1.20641,-0.77943,-1.24782,,1.39025,1.32277,1.70853,1.42853,,-1.46970,-1.14411,-1.21877,-1.06972,,-0.03888,0.09883,-0.08900,0.12418,,0.00785,-0.00228,0.00542,0.00192,,-0.00633,-0.01208,-0.00142,-0.00377,,0.01966,0.01411,0.00532,0.00063,,0.04802,0.04657,-0.11604,0.18282,,-0.00805,-0.00346,0.05744,-0.05275,,-0.05877,-0.04947,0.02169,-0.01494,,0.00750,0.01192,-0.01238,-0.02715
1251,13,push pink cup,video_2cam,"human video
push cup right",True,,0.25030,0.23876,0.23734,0.20165,,-0.14839,-0.07152,-0.15668,-0.02252,,0.17847,0.15712,0.17946,0.18237,,-0.80508,-1.19623,-0.77463,-1.16666,,1.38038,1.30917,1.70625,1.40276,,-1.46501,-1.16281,-1.22897,-1.11072,,-0.03632,0.09371,-0.08360,0.13400,,0.00753,-0.00289,0.00590,0.00139,,-0.00695,-0.01155,-0.00288,-0.00008,,0.02125,0.01559,0.00602,0.00386,,0.05233,0.04937,-0.11549,0.18127,,-0.00914,-0.00695,0.06247,-0.06913,,-0.06353,-0.05352,0.01959,-0.01394,,0.00746,0.01079,-0.01027,-0.03413
1251,14,push pink cup,video_2cam,"human video
push cup right",True,,0.24631,0.23893,0.24149,0.20246,,-0.14860,-0.07136,-0.14122,-0.02462,,0.18441,0.16080,0.19616,0.18501,,-0.76815,-1.19513,-0.71023,-1.14103,,1.35325,1.30716,1.64973,1.39383,,-1.50460,-1.16811,-1.28315,-1.12349,,-0.05955,0.09181,-0.08070,0.13130,,0.00811,-0.00286,0.00646,0.00171,,-0.00596,-0.01137,-0.00358,0.00158,,0.02277,0.01626,0.00577,0.00582,,0.05195,0.04999,-0.12033,0.18115,,-0.01127,-0.00773,0.06844,-0.07971,,-0.06530,-0.05442,0.02218,-0.01195,,0.00754,0.01032,-0.01247,-0.03809
1251,15,push pink cup,video_2cam,"human video
push cup right",True,,0.24418,0.23665,0.24107,0.20264,,-0.15391,-0.06902,-0.14114,-0.02807,,0.18694,0.15752,0.19992,0.18020,,-0.73872,-1.19290,-0.66887,-1.12268,,1.35260,1.29830,1.63487,1.44823,,-1.53048,-1.17318,-1.26458,-1.11002,,-0.07237,0.08949,-0.06946,0.14402,,0.00978,-0.00151,0.00771,0.00165,,-0.00682,-0.01212,-0.00447,-0.00406,,0.02290,0.01686,0.00502,0.00535,,0.05077,0.04901,-0.12042,0.18946,,-0.00655,-0.00357,0.06557,-0.05362,,-0.06394,-0.05397,0.02448,-0.02320,,0.00806,0.01097,-0.00694,-0.03294
1251,16,push pink cup,video_2cam,"human video
push cup right",True,,0.23866,0.23738,0.23331,0.20370,,-0.14750,-0.06912,-0.11393,-0.02786,,0.19533,0.16486,0.21922,0.18922,,-0.70864,-1.18650,-0.64462,-1.06571,,1.30629,1.29440,1.62154,1.38030,,-1.57020,-1.18522,-1.28751,-1.15759,,-0.10340,0.08672,-0.05064,0.13882,,0.01006,-0.00285,0.00858,0.00150,,-0.00525,-0.01113,-0.00497,0.00228,,0.02345,0.01774,0.00433,0.00882,,0.04881,0.05181,-0.12183,0.17796,,-0.00904,-0.00921,0.07069,-0.08468,,-0.06431,-0.05734,0.03230,-0.01244,,0.00833,0.00958,-0.01112,-0.04105
1251,17,push pink cup,video_2cam,"human video
push cup right",True,,0.23644,0.23686,0.23571,0.21006,,-0.14101,-0.06525,-0.10189,-0.03610,,0.19735,0.16347,0.21915,0.19019,,-0.70352,-1.19638,-0.78577,-1.03951,,1.27584,1.29142,1.66486,1.38659,,-1.58166,-1.18478,-1.26179,-1.19865,,-0.11927,0.08780,-0.02696,0.13261,,0.01022,-0.00228,0.00974,0.00016,,-0.00404,-0.01043,-0.00432,0.00136,,0.02396,0.01672,0.00445,0.00880,,0.04737,0.04804,-0.12421,0.16008,,-0.01112,-0.00761,0.07213,-0.07786,,-0.06458,-0.05382,0.03564,-0.01059,,0.00873,0.00875,-0.01408,-0.03702
1251,18,push pink cup,video_2cam,"human video
push cup right",True,,0.22983,0.23146,0.23938,0.20820,,-0.13796,-0.06166,-0.08976,-0.02864,,0.20381,0.17242,0.22566,0.19547,,-0.64685,-1.16860,-0.76818,-1.04517,,1.22117,1.25777,1.61906,1.30973,,-1.64339,-1.22324,-1.24103,-1.20652,,-0.16244,0.06783,-0.01049,0.15724,,0.01153,-0.00243,0.00997,-0.00037,,-0.00050,-0.01070,-0.00509,0.00149,,0.02645,0.01798,0.00389,0.00998,,0.04231,0.05095,-0.12007,0.16176,,-0.01700,-0.00822,0.07143,-0.07837,,-0.06474,-0.05771,0.03277,-0.00860,,0.00921,0.00893,-0.01421,-0.03770
1251,19,push pink cup,video_2cam,"human video
push cup right",True,,0.22439,0.23055,0.24065,0.21253,,-0.14213,-0.05564,-0.08582,-0.02796,,0.20837,0.17175,0.22813,0.19468,,-0.58903,-1.17801,-0.76746,-1.05067,,1.19219,1.24699,1.62117,1.28553,,-1.69716,-1.22408,-1.22938,-1.21967,,-0.19867,0.06907,-0.00608,0.15426,,0.01291,-0.00191,0.01026,-0.00089,,0.00096,-0.01055,-0.00361,0.00028,,0.02609,0.01877,0.00346,0.01182,,0.03751,0.05074,-0.13536,0.15986,,-0.01672,-0.00740,0.06837,-0.07745,,-0.06166,-0.05869,0.04145,-0.01416,,0.01012,0.00849,-0.01488,-0.03864
1251,20,push pink cup,video_2cam,"human video
push cup right",True,,0.21856,0.22951,0.24181,0.21594,,-0.14298,-0.05429,-0.07404,-0.02722,,0.21764,0.18097,0.23804,0.20191,,-0.53458,-1.16246,-0.84180,-1.02484,,1.15143,1.23207,1.56236,1.25397,,-1.75465,-1.24955,-1.23704,-1.25125,,-0.23148,0.06146,0.00119,0.14589,,0.01266,-0.00328,0.00978,-0.00273,,0.00217,-0.00945,-0.00463,0.00498,,0.02793,0.02049,0.00312,0.01805,,0.03940,0.05478,-0.12816,0.13692,,-0.02155,-0.01391,0.06546,-0.09802,,-0.06603,-0.06398,0.04267,-0.00524,,0.00999,0.00683,-0.01291,-0.03719
1251,21,push pink cup,video_2cam,"human video
push cup right",True,,0.21382,0.22781,0.24016,0.21450,,-0.14490,-0.05557,-0.06479,-0.02567,,0.22783,0.18815,0.25015,0.20587,,-0.48596,-1.14576,-0.86364,-1.02795,,1.12088,1.22264,1.48735,1.25039,,-1.80646,-1.27148,-1.23751,-1.24607,,-0.25907,0.05047,-0.00438,0.16207,,0.01294,-0.00282,0.00983,-0.00313,,0.00240,-0.00983,-0.00629,0.00438,,0.02984,0.02133,0.00268,0.01983,,0.04192,0.05557,-0.11883,0.14907,,-0.02346,-0.01300,0.06411,-0.10099,,-0.07026,-0.06480,0.04453,-0.00740,,0.00987,0.00679,-0.01096,-0.03514
1251,22,push pink cup,video_2cam,"human video
push cup right",True,,0.20792,0.22754,0.23915,0.21452,,-0.13811,-0.05534,-0.05251,-0.01604,,0.23140,0.19798,0.25454,0.21320,,-0.45974,-1.12799,-0.92574,-1.03139,,1.07577,1.20944,1.44177,1.17789,,-1.83828,-1.29137,-1.22869,-1.25295,,-0.28305,0.03966,0.03232,0.19375,,0.01259,-0.00465,0.00894,-0.00434,,0.00389,-0.00909,-0.00675,0.00709,,0.03104,0.02196,0.00315,0.02296,,0.04258,0.05972,-0.10149,0.13752,,-0.02819,-0.01917,0.05290,-0.11539,,-0.07350,-0.06902,0.03401,-0.00142,,0.01016,0.00643,-0.01114,-0.03885
1251,23,push pink cup,video_2cam,"human video
push cup right",True,,0.20829,0.23083,0.23609,0.21753,,-0.13977,-0.05157,-0.05584,-0.01870,,0.23228,0.19483,0.25353,0.21513,,-0.46197,-1.15210,-0.89509,-1.03680,,1.08504,1.22034,1.45803,1.18581,,-1.83532,-1.27366,-1.22021,-1.28430,,-0.27973,0.04899,0.01929,0.15587,,0.01348,-0.00348,0.01064,-0.00382,,0.00198,-0.00858,-0.00751,0.00474,,0.03088,0.02166,0.00234,0.02169,,0.04426,0.05579,-0.11389,0.12772,,-0.02278,-0.01659,0.06481,-0.10050,,-0.07367,-0.06507,0.04051,-0.00564,,0.01046,0.00596,-0.00875,-0.03910
1251,24,push pink cup,video_2cam,"human video
push cup right",True,,0.20956,0.23351,0.23518,0.21831,,-0.13911,-0.05203,-0.05866,-0.02365,,0.23791,0.19005,0.26286,0.21265,,-0.46804,-1.17300,-0.85136,-1.05327,,1.08987,1.23717,1.41875,1.21897,,-1.83419,-1.25036,-1.20418,-1.28271,,-0.27888,0.05887,0.00741,0.13465,,0.01398,-0.00250,0.01193,-0.00250,,0.00137,-0.00863,-0.00844,0.00447,,0.03096,0.02090,0.00161,0.02055,,0.04408,0.05241,-0.11393,0.12769,,-0.02017,-0.01346,0.06908,-0.10151,,-0.07296,-0.06110,0.04816,-0.00953,,0.01024,0.00612,-0.00935,-0.03747
1251,25,push pink cup,video_2cam,"human video
push cup right",True,,0.21437,0.23462,0.23996,0.21688,,-0.13037,-0.05572,-0.06215,-0.03011,,0.23377,0.18511,0.25785,0.21014,,-0.52278,-1.17718,-0.86625,-1.01717,,1.10234,1.25136,1.50307,1.25843,,-1.78781,-1.23963,-1.15076,-1.27995,,-0.25975,0.06455,0.01884,0.13239,,0.01566,-0.00057,0.01392,-0.00171,,0.00107,-0.01005,-0.00928,-0.00189,,0.03176,0.02177,0.00239,0.01973,,0.04104,0.05122,-0.10060,0.16248,,-0.01580,-0.00771,0.06455,-0.08682,,-0.07018,-0.05953,0.04229,-0.02083,,0.01058,0.00715,-0.00967,-0.03557
1251,26,push pink cup,video_2cam,"human video
push cup right",True,,0.21530,0.23417,0.24154,0.21669,,-0.12289,-0.05429,-0.06143,-0.03334,,0.23081,0.18414,0.25010,0.21146,,-0.54581,-1.18047,-0.92343,-1.01033,,1.09144,1.25023,1.60810,1.28472,,-1.77039,-1.23838,-1.10630,-1.29254,,-0.25955,0.06051,0.02617,0.14126,,0.01662,0.00082,0.01521,-0.00132,,0.00165,-0.01041,-0.00821,-0.00603,,0.03219,0.02060,0.00329,0.01561,,0.03839,0.04706,-0.08947,0.15318,,-0.01469,-0.00246,0.05187,-0.05703,,-0.06855,-0.05455,0.03615,-0.01843,,0.01117,0.00802,-0.00975,-0.03392
1251,27,push pink cup,video_2cam,"human video
push cup right",True,,0.21874,0.22943,0.24973,0.21592,,-0.12022,-0.04703,-0.06234,-0.02606,,0.23392,0.18941,0.25746,0.20811,,-0.57256,-1.17083,-0.95332,-1.05215,,1.10346,1.21931,1.61089,1.27511,,-1.75166,-1.26157,-1.09908,-1.25819,,-0.24543,0.04391,0.01229,0.18539,,0.01685,0.00183,0.01481,-0.00087,,0.00094,-0.01104,-0.01124,-0.00953,,0.03375,0.02058,0.00454,0.01376,,0.04025,0.04603,-0.07388,0.15777,,-0.01378,0.00181,0.05803,-0.03200,,-0.07042,-0.05401,0.02898,-0.02275,,0.01043,0.00890,-0.01013,-0.03042
1251,28,push pink cup,video_2cam,"human video
push cup right",True,,0.22617,0.23031,0.24935,0.21413,,-0.10854,-0.05705,-0.06044,-0.03613,,0.22984,0.19926,0.26049,0.21503,,-0.64705,-1.13974,-0.94161,-1.01000,,1.11785,1.22836,1.51423,1.32550,,-1.68854,-1.28743,-1.10893,-1.30196,,-0.21141,0.03159,0.02601,0.16852,,0.01451,0.00163,0.01182,-0.00145,,0.00410,-0.01060,-0.01239,-0.00653,,0.03505,0.02063,0.00707,0.01503,,0.03850,0.04595,-0.04995,0.12771,,-0.02430,-0.00020,0.05110,-0.03120,,-0.07085,-0.05242,0.00957,0.00381,,0.00886,0.00844,-0.01090,-0.02367
1251,29,push pink cup,video_2cam,"human video
push cup right",True,,0.22773,0.22984,0.25791,0.21305,,-0.09803,-0.06823,-0.06341,-0.04138,,0.23429,0.21305,0.26101,0.21563,,-0.67690,-1.10179,-1.02717,-1.01445,,1.10399,1.23248,1.55989,1.37315,,-1.66997,-1.32426,-1.06369,-1.28147,,-0.20423,0.01757,0.02575,0.15348,,0.01354,0.00117,0.01072,-0.00240,,0.00495,-0.01051,-0.01475,-0.00037,,0.03714,0.02213,0.00991,0.01995,,0.04131,0.04892,-0.04763,0.11203,,-0.02910,-0.00374,0.05222,-0.05421,,-0.07529,-0.05482,-0.00389,0.02713,,0.00826,0.00725,-0.01075,-0.01469
1251,30,push pink cup,video_2cam,"human video
push cup right",True,,0.23122,0.23236,0.25894,0.21221,,-0.09254,-0.07248,-0.06680,-0.03072,,0.23732,0.22488,0.26163,0.22048,,-0.71273,-1.08740,-1.08359,-1.07624,,1.10912,1.23548,1.56535,1.33637,,-1.64271,-1.33776,-1.04287,-1.24799,,-0.18381,0.01051,0.01468,0.15876,,0.01088,-0.00013,0.00817,-0.00202,,0.00514,-0.00989,-0.01548,0.00840,,0.03848,0.02327,0.01273,0.02379,,0.04727,0.05261,-0.03343,0.08407,,-0.03592,-0.00933,0.04770,-0.08008,,-0.08130,-0.05799,-0.01457,0.04485,,0.00674,0.00667,-0.00911,-0.01298
1251,31,push pink cup,video_2cam,"human video
push cup right",True,,0.23661,0.23688,0.25491,0.21402,,-0.08998,-0.07742,-0.07632,-0.02568,,0.23449,0.22438,0.25541,0.22483,,-0.76523,-1.09438,-1.06589,-1.08980,,1.14013,1.25706,1.57302,1.31150,,-1.59363,-1.32028,-1.03277,-1.24028,,-0.15286,0.01981,0.00336,0.15133,,0.00991,-0.00066,0.00842,-0.00118,,0.00353,-0.00982,-0.01497,0.01154,,0.03746,0.02391,0.01398,0.02531,,0.04973,0.05443,-0.03599,0.07845,,-0.03365,-0.01188,0.04885,-0.09744,,-0.08121,-0.05915,-0.01373,0.04767,,0.00610,0.00673,-0.00867,-0.01606
1251,32,push pink cup,video_2cam,"human video
push cup right",True,,0.23643,0.24191,0.24927,0.21492,,-0.09169,-0.09657,-0.08182,-0.02528,,0.23213,0.22827,0.25303,0.22853,,-0.76616,-1.07496,-1.00963,-1.10432,,1.14798,1.29957,1.55481,1.32904,,-1.58860,-1.31691,-1.05313,-1.20653,,-0.14498,0.02563,0.01827,0.10102,,0.00930,-0.00157,0.00775,-0.00180,,0.00278,-0.00985,-0.01633,0.01976,,0.03764,0.02441,0.01339,0.02972,,0.05282,0.05684,-0.03783,0.08502,,-0.03415,-0.01626,0.05569,-0.14677,,-0.08365,-0.05956,-0.01522,0.06176,,0.00597,0.00609,-0.00965,-0.01710
1251,33,push pink cup,video_2cam,"human video
push cup right",True,,0.23216,0.24406,0.24074,0.21084,,-0.08563,-0.10254,-0.08856,-0.00933,,0.23460,0.23116,0.25144,0.23502,,-0.76887,-1.07048,-1.00818,-1.16310,,1.12961,1.31245,1.59898,1.25529,,-1.58940,-1.30782,-1.04967,-1.17487,,-0.14171,0.02434,-0.00459,0.13587,,0.00774,-0.00363,0.00745,-0.00206,,-0.00005,-0.00920,-0.01850,0.02317,,0.03812,0.02214,0.01466,0.02832,,0.06330,0.05729,-0.01539,0.09528,,-0.03347,-0.02072,0.04721,-0.16958,,-0.09244,-0.05809,-0.02335,0.05954,,0.00596,0.00648,-0.01186,-0.02597
1251,34,push pink cup,video_2cam,"human video
push cup right",True,,0.23555,0.24800,0.23224,0.21347,,-0.07235,-0.10290,-0.08574,0.01611,,0.22948,0.24105,0.25079,0.25783,,-0.83583,-1.06607,-0.97805,-1.26076,,1.13212,1.31212,1.55380,1.08771,,-1.53098,-1.30272,-1.09201,-1.15947,,-0.11018,0.01824,0.01226,0.22554,,0.00482,-0.00733,0.00475,-0.00564,,0.00040,-0.00780,-0.01831,0.01951,,0.03845,0.02066,0.01764,0.02309,,0.06803,0.06171,0.04390,0.08529,,-0.04023,-0.03066,0.01377,-0.13838,,-0.09708,-0.06088,-0.04484,0.05444,,0.00508,0.00703,-0.01536,-0.06403
1251,35,push pink cup,video_2cam,"human video
push cup right",True,,0.24009,0.25460,0.22187,0.21518,,-0.06697,-0.10354,-0.08716,0.00820,,0.22342,0.22983,0.24781,0.26276,,-0.89258,-1.10427,-0.89106,-1.24220,,1.15759,1.34513,1.50007,1.04864,,-1.47648,-1.25236,-1.12927,-1.20704,,-0.08207,0.04462,0.01763,0.17502,,0.00396,-0.00847,0.00520,-0.00606,,-0.00010,-0.00685,-0.01675,0.01971,,0.03617,0.01945,0.01865,0.02094,,0.06664,0.06081,0.04466,0.08922,,-0.03839,-0.03412,0.01004,-0.14331,,-0.09351,-0.05953,-0.04541,0.04177,,0.00494,0.00657,-0.01641,-0.07730
1251,36,push pink cup,video_2cam,"human video
push cup right",True,,0.24294,0.25766,0.22810,0.21865,,-0.05688,-0.10615,-0.07794,0.00836,,0.22524,0.22980,0.25448,0.26565,,-0.93354,-1.11698,-0.92580,-1.26979,,1.15166,1.36424,1.44179,1.06868,,-1.44842,-1.23988,-1.15120,-1.19161,,-0.07330,0.04857,0.00623,0.13467,,0.00290,-0.00752,0.00414,-0.00435,,0.00172,-0.00640,-0.01309,0.02298,,0.03574,0.01771,0.02140,0.01876,,0.06354,0.05537,0.05986,0.05630,,-0.04234,-0.03112,-0.01176,-0.13740,,-0.09133,-0.05268,-0.05180,0.06412,,0.00425,0.00624,-0.01514,-0.06710
1251,37,push pink cup,video_2cam,"human video
push cup right",True,,0.24629,0.26489,0.23561,0.22924,,-0.03780,-0.10400,-0.06442,0.00480,,0.22875,0.23385,0.25971,0.28703,,-1.00517,-1.13618,-0.94195,-1.29430,,1.13872,1.37748,1.36527,1.06573,,-1.39782,-1.21593,-1.19174,-1.20449,,-0.05874,0.05863,-0.01700,0.11429,,0.00143,-0.01006,0.00265,-0.00804,,0.00323,-0.00483,-0.00652,0.01826,,0.03427,0.01809,0.02372,0.01543,,0.06036,0.05930,0.05051,0.04514,,-0.04498,-0.04014,-0.02332,-0.10830,,-0.08829,-0.05623,-0.03194,0.05199,,0.00370,0.00579,-0.01345,-0.09670
1251,38,push pink cup,video_2cam,"human video
push cup right",True,,0.25315,0.26964,0.24772,0.22925,,-0.03499,-0.09372,-0.05950,-0.00572,,0.23291,0.21634,0.26808,0.27599,,-1.04308,-1.20749,-0.92968,-1.29335,,1.15407,1.40113,1.32169,1.09912,,-1.37001,-1.15107,-1.17661,-1.19922,,-0.06221,0.08777,-0.08548,0.02993,,0.00196,-0.00764,-0.00022,-0.00402,,0.00646,-0.00487,-0.00224,0.01897,,0.02870,0.01570,0.01783,0.01275,,0.04363,0.05014,-0.00065,0.04571,,-0.04230,-0.03122,-0.00085,-0.10956,,-0.07044,-0.04711,-0.01244,0.06147,,0.00367,0.00602,-0.01151,-0.09218
1251,39,push pink cup,video_2cam,"human video
push cup right",True,,0.25582,0.27462,0.24534,0.23340,,-0.03826,-0.08678,-0.05178,-0.03106,,0.23657,0.19396,0.29068,0.26964,,-1.04243,-1.29095,-0.91742,-1.30133,,1.16191,1.44279,1.21834,1.17066,,-1.37246,-1.06829,-1.20750,-1.24328,,-0.08142,0.11146,-0.09460,0.00455,,0.00318,-0.00325,0.00228,0.00308,,0.00857,-0.00453,0.00005,0.02383,,0.02227,0.00672,0.00777,0.00417,,0.02769,0.02672,-0.04094,0.10873,,-0.03625,-0.01202,0.00313,-0.18251,,-0.05254,-0.01979,-0.00043,0.11467,,0.00442,0.00770,-0.01137,-0.02066
1251,40,push pink cup,video_2cam,"human video
push cup right",True,,0.24984,0.27614,0.24493,0.22679,,-0.03559,-0.07614,-0.03610,-0.04027,,0.24472,0.18833,0.30875,0.25518,,-1.00553,-1.34532,-0.91186,-1.36771,,1.12301,1.44866,1.15067,1.30271,,-1.41578,-1.02747,-1.24847,-1.17055,,-0.12012,0.11747,-0.08098,0.01557,,0.00368,-0.00142,0.00526,0.00313,,0.00999,-0.00379,0.00129,0.00746,,0.01855,0.00086,0.00455,-0.00967,,0.01988,0.01317,-0.02119,0.35037,,-0.03383,-0.00220,-0.01811,-0.30525,,-0.04462,-0.00437,-0.02040,0.16118,,0.00525,0.00826,-0.01945,0.01176
1251,41,push pink cup,video_2cam,"human video
push cup right",True,,0.24439,0.27012,0.24367,0.21875,,-0.03723,-0.06493,-0.02879,-0.04227,,0.24516,0.18425,0.31313,0.24766,,-0.96707,-1.35804,-0.93815,-1.28822,,1.09942,1.41917,1.12527,1.21144,,-1.44955,-1.02808,-1.24984,-1.23372,,-0.15235,0.10972,-0.03234,-0.00614,,0.00430,-0.00120,0.00545,0.00524,,0.01159,-0.00352,0.00015,0.00468,,0.01389,-0.00250,-0.00122,-0.01577,,0.01048,0.00781,-0.01291,0.18749,,-0.03109,0.00221,-0.02229,-0.17359,,-0.03463,0.00064,-0.01674,0.09131,,0.00660,0.00875,-0.02707,0.00009
1251,42,push pink cup,video_2cam,"human video
push cup right",True,,0.24440,0.25904,0.24241,0.21059,,-0.04655,-0.04822,-0.02676,-0.04994,,0.24172,0.17975,0.31414,0.23309,,-0.94421,-1.37415,-0.96194,-1.20450,,1.11205,1.37229,1.14790,1.16460,,-1.46158,-1.03811,-1.25290,-1.24867,,-0.16879,0.08600,0.04633,0.04055,,0.00475,0.00200,0.00601,0.00775,,0.01312,-0.00396,0.00241,-0.00367,,0.00772,-0.00961,-0.00674,-0.02562,,-0.00149,-0.00826,0.00213,0.07637,,-0.02708,0.01928,-0.03408,-0.05081,,-0.02040,0.01782,-0.01557,0.05153,,0.00754,0.01069,-0.03224,0.00201
1251,43,push pink cup,video_2cam,"human video
push cup right",True,,0.24084,0.26574,0.24711,0.20448,,-0.04308,-0.04213,-0.02756,-0.04807,,0.23251,0.17123,0.29887,0.21811,,-0.94066,-1.42511,-1.12166,-1.31241,,1.09959,1.39400,1.25325,1.23206,,-1.45879,-0.98751,-1.18907,-1.14690,,-0.17452,0.11288,0.07797,0.03451,,0.00614,0.00211,0.00948,0.00569,,0.01306,-0.00362,0.00030,-0.00626,,0.00702,-0.00852,-0.00833,-0.02682,,-0.00412,-0.00778,-0.01553,0.05868,,-0.02383,0.01828,-0.00962,-0.03183,,-0.01818,0.01638,0.00801,0.05851,,0.00910,0.01029,-0.03417,-0.00419
1251,44,push pink cup,video_2cam,"human video
push cup right",True,,0.23426,0.26533,0.23595,0.20680,,-0.03650,-0.03265,-0.01838,-0.04118,,0.23577,0.16160,0.29740,0.20825,,-0.92000,-1.45971,-1.11704,-1.33491,,1.05848,1.38888,1.23798,1.20205,,-1.48361,-0.95871,-1.22605,-1.09743,,-0.20157,0.12447,0.09007,0.07251,,0.00533,0.00333,0.00988,0.00524,,0.01369,-0.00455,0.00180,-0.00274,,0.00362,-0.00879,-0.01122,-0.02692,,-0.00677,-0.00963,0.00043,0.03373,,-0.02354,0.02374,-0.01924,-0.02923,,-0.01491,0.01722,0.00420,0.06189,,0.00999,0.01122,-0.03276,-0.00234
1251,45,push pink cup,video_2cam,"human video
push cup right",True,,0.22664,0.26026,0.22489,0.21643,,-0.03688,-0.02300,-0.01431,-0.02290,,0.24186,0.15572,0.29660,0.21604,,-0.87106,-1.46711,-1.05479,-1.31163,,1.02215,1.36149,1.20171,1.07023,,-1.53095,-0.95403,-1.25989,-1.14605,,-0.23899,0.11791,0.11289,0.12067,,0.00445,0.00272,0.01008,0.00270,,0.01498,-0.00468,0.00376,-0.00332,,-0.00112,-0.01173,-0.01743,-0.03266,,-0.01212,-0.01188,0.00624,0.01023,,-0.02350,0.02616,-0.02288,0.00912,,-0.00858,0.01945,0.01582,0.06898,,0.01084,0.01277,-0.03335,0.00484
1251,46,push pink cup,video_2cam,"human video
push cup right",True,,0.22648,0.25828,0.22159,0.22060,,-0.03311,-0.01789,-0.01321,-0.00789,,0.24159,0.15347,0.29684,0.21430,,-0.88430,-1.47451,-1.05179,-1.36136,,1.01875,1.34859,1.18476,1.04054,,-1.52005,-0.94737,-1.28637,-1.12369,,-0.23671,0.11750,0.11986,0.15887,,0.00354,0.00163,0.00963,0.00241,,0.01531,-0.00476,0.00473,0.00136,,-0.00274,-0.01297,-0.01962,-0.03313,,-0.01308,-0.01098,0.00848,-0.00893,,-0.02427,0.02520,-0.02447,0.00700,,-0.00691,0.01827,0.01758,0.07230,,0.01084,0.01332,-0.03364,0.01789
1251,47,push pink cup,video_2cam,"human video
push cup right",True,,0.22104,0.26414,0.21768,0.22077,,-0.02382,-0.02257,-0.01392,0.00722,,0.24051,0.14785,0.28741,0.19864,,-0.87861,-1.49552,-1.07873,-1.58053,,0.98329,1.37747,1.21530,1.04124,,-1.52751,-0.90685,-1.26720,-1.00844,,-0.24902,0.13799,0.13160,0.20134,,0.00279,-0.00115,0.00943,0.00128,,0.01602,-0.00423,0.00516,0.00822,,-0.00309,-0.01346,-0.02025,-0.03056,,-0.01199,-0.00651,0.00654,-0.02101,,-0.02703,0.01739,-0.02974,-0.02920,,-0.00903,0.01440,0.02427,0.07266,,0.01163,0.01324,-0.03524,0.02729
1251,48,push pink cup,video_2cam,"human video
push cup right",True,,0.21970,0.26697,0.21455,0.22203,,-0.02020,-0.02157,-0.01297,0.01395,,0.24196,0.14502,0.28889,0.18799,,-0.88370,-1.51718,-1.08962,-1.75628,,0.97306,1.38977,1.20359,1.04947,,-1.52398,-0.88229,-1.29800,-0.94121,,-0.25003,0.14720,0.13614,0.23120,,0.00110,-0.00111,0.00827,0.00105,,0.01608,-0.00438,0.00517,0.01013,,-0.00466,-0.01417,-0.02243,-0.03064,,-0.01025,-0.00753,0.02100,-0.03475,,-0.02927,0.01838,-0.03337,-0.03444,,-0.00982,0.01589,0.02040,0.08207,,0.01154,0.01361,-0.03748,0.02672
1251,49,push pink cup,video_2cam,"human video
push cup right",True,,0.22373,0.27323,0.21944,0.23126,,-0.01365,-0.02954,-0.01275,0.01050,,0.23570,0.14153,0.28053,0.19578,,-0.93060,-1.51748,-1.10375,-1.73658,,0.98676,1.42109,1.19527,1.01665,,-1.48100,-0.86727,-1.28182,-0.99185,,-0.22842,0.16409,0.14849,0.18107,,0.00077,-0.00266,0.00863,-0.00071,,0.01730,-0.00333,0.00692,0.00451,,-0.00457,-0.01253,-0.02206,-0.02917,,-0.01301,-0.00358,0.01025,-0.01059,,-0.03152,0.01048,-0.03612,-0.03542,,-0.00774,0.01197,0.03112,0.07240,,0.01125,0.01232,-0.03305,0.01629
1251,50,push pink cup,video_2cam,"human video
push cup right",True,,0.23035,0.27994,0.22371,0.22976,,-0.01354,-0.03938,-0.02568,-0.00517,,0.22075,0.14035,0.25901,0.18790,,-0.98632,-1.52010,-1.18363,-1.82320,,1.03204,1.45856,1.25669,1.09283,,-1.41857,-0.85355,-1.22448,-0.95344,,-0.18590,0.17947,0.19981,0.19134,,0.00120,-0.00236,0.00999,-0.00173,,0.01692,-0.00318,0.00689,0.00239,,-0.00307,-0.01033,-0.01997,-0.02609,,-0.01263,-0.00178,-0.02058,0.07049,,-0.03133,0.00784,-0.02569,-0.09988,,-0.00810,0.01053,0.04647,0.09218,,0.01105,0.01129,-0.02673,0.01442
1251,51,push pink cup,video_2cam,"human video
push cup right",True,,0.22799,0.28188,0.22353,0.22600,,-0.01016,-0.03633,-0.02542,0.00737,,0.21495,0.13915,0.25052,0.18057,,-0.99043,-1.53835,-1.25082,-1.92704,,1.02508,1.46327,1.31498,1.04983,,-1.41303,-0.83891,-1.19157,-0.88444,,-0.18305,0.18420,0.22695,0.19868,,0.00173,-0.00084,0.01166,-0.00109,,0.01622,-0.00385,0.00617,0.00384,,-0.00254,-0.00969,-0.02018,-0.02634,,-0.01122,-0.00337,-0.03266,0.04635,,-0.02981,0.01226,-0.01305,-0.09460,,-0.00975,0.01210,0.05468,0.10788,,0.01164,0.01195,-0.02435,0.02102
1251,52,push pink cup,video_2cam,"human video
push cup right",True,,0.23347,0.28343,0.23083,0.23204,,-0.00942,-0.03427,-0.03633,0.01247,,0.20472,0.13013,0.23720,0.17294,,-1.03908,-1.55599,-1.42064,-1.95290,,1.05885,1.47093,1.40793,1.07798,,-1.36020,-0.81567,-1.16668,-0.86672,,-0.14932,0.19942,0.24326,0.20545,,0.00148,-0.00138,0.01152,-0.00191,,0.01491,-0.00396,0.00490,0.00263,,-0.00211,-0.00899,-0.01914,-0.02630,,-0.00849,-0.00116,-0.03171,0.01064,,-0.02845,0.01046,-0.00746,-0.06297,,-0.01112,0.00895,0.05463,0.09454,,0.01152,0.01194,-0.02304,0.03068
1251,53,push pink cup,video_2cam,"human video
push cup right",True,,0.23463,0.28423,0.23347,0.23355,,-0.00579,-0.03885,-0.05426,0.01183,,0.19561,0.13239,0.21862,0.18054,,-1.06318,-1.53948,-1.54103,-1.86896,,1.06746,1.47437,1.50745,1.06700,,-1.33187,-0.82514,-1.10511,-0.89476,,-0.12881,0.19917,0.25689,0.17015,,0.00177,-0.00275,0.01101,-0.00237,,0.01441,-0.00361,0.00416,0.00342,,0.00086,-0.00771,-0.01449,-0.02382,,-0.00411,0.00320,-0.03828,0.01584,,-0.03009,0.00493,-0.00865,-0.06791,,-0.01678,0.00437,0.04974,0.08714,,0.01173,0.01145,-0.02108,0.02774
1251,54,push pink cup,video_2cam,"human video
push cup right",True,,0.23353,0.28473,0.23060,0.23901,,-0.00906,-0.03419,-0.06708,0.03021,,0.18750,0.13829,0.19954,0.19527,,-1.04901,-1.54736,-1.60928,-1.92479,,1.06795,1.46524,1.59501,1.01041,,-1.33772,-0.82247,-1.05536,-0.90792,,-0.12470,0.19252,0.24900,0.13752,,0.00263,-0.00389,0.01194,-0.00281,,0.01418,-0.00276,0.00421,0.00663,,0.00445,-0.00979,-0.00944,-0.02445,,-0.00016,0.00176,-0.05894,-0.05429,,-0.03220,0.00321,-0.00138,-0.04069,,-0.02282,0.00668,0.04272,0.09243,,0.01199,0.01167,-0.01465,0.01990
1251,55,push pink cup,video_2cam,"human video
push cup right",True,,0.22731,0.28255,0.22244,0.25087,,0.00381,-0.02827,-0.04432,0.06360,,0.19341,0.14113,0.21092,0.20862,,-1.02991,-1.54556,-1.49891,-1.99808,,1.00591,1.44156,1.45813,0.97572,,-1.36822,-0.82257,-1.06681,-0.90128,,-0.15612,0.18994,0.24868,0.03441,,0.00167,-0.00821,0.01215,-0.00571,,0.01766,-0.00164,0.00770,0.00511,,0.00499,-0.01057,-0.00869,-0.02428,,-0.00302,0.00898,-0.06213,-0.05608,,-0.04058,-0.00788,-0.02129,-0.03157,,-0.02379,-0.00154,0.04644,0.07861,,0.01226,0.01139,-0.00814,0.01020
1251,56,push pink cup,video_2cam,"human video
push cup right",True,,0.22613,0.28094,0.22547,0.25522,,0.00576,-0.03152,-0.03927,0.07120,,0.19596,0.15046,0.20887,0.23479,,-1.01236,-1.51856,-1.41311,-1.88049,,0.98576,1.42923,1.39921,0.96002,,-1.38775,-0.84467,-1.02556,-0.95376,,-0.17312,0.17709,0.27035,-0.00491,,0.00174,-0.01118,0.01206,-0.00781,,0.02097,-0.00083,0.01099,0.00103,,0.00562,-0.01114,-0.00684,-0.02476,,-0.00863,0.01386,-0.06686,-0.04268,,-0.04656,-0.01611,-0.03831,-0.02696,,-0.02129,-0.00595,0.04907,0.06344,,0.01224,0.01112,-0.00446,0.00501
1251,57,push pink cup,video_2cam,"human video
push cup right",True,,0.21499,0.27514,0.22134,0.24811,,0.01469,-0.02870,-0.01870,0.08192,,0.20494,0.16358,0.21867,0.26164,,-0.95605,-1.48731,-1.32940,-1.78218,,0.91086,1.39384,1.33015,0.84362,,-1.45180,-0.88283,-1.02769,-1.00920,,-0.22938,0.14576,0.29038,-0.00341,,0.00173,-0.01208,0.01164,-0.00766,,0.02385,-0.00071,0.01431,0.00548,,0.00255,-0.01389,-0.01053,-0.02768,,-0.01610,0.01237,-0.06723,-0.07646,,-0.04872,-0.01538,-0.05231,-0.02620,,-0.01583,-0.00300,0.06335,0.07885,,0.01356,0.01242,-0.00571,0.00664
1251,58,push pink cup,video_2cam,"human video
push cup right",True,,0.21051,0.27224,0.22387,0.24603,,0.01546,-0.02175,0.00462,0.09702,,0.21749,0.16011,0.23699,0.24814,,-0.90885,-1.49768,-1.18948,-1.93014,,0.86806,1.37857,1.23194,0.87203,,-1.50852,-0.87670,-1.06730,-0.95376,,-0.27813,0.14042,0.29214,0.01038,,0.00189,-0.01198,0.00918,-0.00893,,0.02786,-0.00070,0.01937,0.00312,,-0.00131,-0.01703,-0.01400,-0.03127,,-0.02899,0.00788,-0.06530,-0.08592,,-0.05103,-0.01154,-0.07526,-0.01237,,-0.00451,0.00214,0.07565,0.08569,,0.01377,0.01351,-0.01211,0.01160
1251,59,push pink cup,video_2cam,"human video
push cup right",True,,0.20144,0.26970,0.22116,0.25915,,0.02600,-0.01401,0.01795,0.09433,,0.22741,0.14874,0.25128,0.21993,,-0.87651,-1.52097,-1.22831,-2.00104,,0.80481,1.37110,1.23011,1.04506,,-1.55034,-0.85258,-1.11805,-0.91373,,-0.32191,0.14208,0.29559,0.06622,,0.00059,-0.01228,0.00637,-0.01293,,0.02963,-0.00001,0.02165,-0.00858,,-0.00605,-0.02270,-0.01784,-0.03614,,-0.03419,-0.00033,-0.06976,-0.05641,,-0.05213,-0.00729,-0.08801,0.02553,,0.00097,0.01169,0.08359,0.07204,,0.01478,0.01468,-0.01764,0.01229
1251,60,push pink cup,video_2cam,"human video
push cup right",True,,0.20258,0.26241,0.22561,0.26796,,0.02172,0.01635,0.01917,0.11111,,0.23165,0.14507,0.25597,0.20074,,-0.87592,-1.57549,-1.38668,-2.04853,,0.81772,1.31241,1.35396,1.07674,,-1.55134,-0.83417,-1.18944,-0.81087,,-0.33610,0.13226,0.33082,0.14669,,0.00218,-0.01046,0.00602,-0.01308,,0.02825,-0.00059,0.02203,-0.00177,,-0.01273,-0.02692,-0.02385,-0.03947,,-0.04388,-0.00904,-0.08010,-0.07758,,-0.03929,0.00487,-0.07962,0.02650,,0.01531,0.01915,0.08354,0.09788,,0.01593,0.01672,-0.03260,0.00774
1251,61,push pink cup,video_2cam,"human video
push cup right",True,,0.19888,0.25940,0.22492,0.28194,,0.02901,0.04071,0.01904,0.09651,,0.23609,0.14187,0.25773,0.19235,,-0.87734,-1.62956,-1.46914,-2.02890,,0.79409,1.27749,1.39084,1.16014,,-1.55586,-0.81331,-1.20170,-0.84136,,-0.35335,0.12923,0.33096,0.14888,,0.00280,-0.00819,0.00628,-0.01138,,0.02706,-0.00034,0.02197,0.00652,,-0.01645,-0.03062,-0.02781,-0.03854,,-0.04683,-0.01945,-0.08487,-0.07801,,-0.03190,0.01572,-0.07881,0.01066,,0.02057,0.02892,0.09015,0.10245,,0.01721,0.01755,-0.04114,0.00991
1251,62,push pink cup,video_2cam,"human video
push cup right",True,,0.20539,0.25962,0.22599,0.28379,,0.01933,0.06333,0.01111,0.08342,,0.23473,0.13320,0.25205,0.18674,,-0.89027,-1.69488,-1.48473,-2.00003,,0.83598,1.25828,1.41963,1.18964,,-1.53655,-0.77814,-1.22944,-0.90354,,-0.34209,0.14407,0.36453,0.13463,,0.00325,-0.00548,0.00590,-0.00715,,0.02712,-0.00042,0.02364,0.01025,,-0.01918,-0.03038,-0.02788,-0.03886,,-0.05276,-0.02509,-0.08844,-0.08538,,-0.02808,0.02417,-0.07506,0.00702,,0.02880,0.03201,0.08276,0.10975,,0.01701,0.01743,-0.04699,0.00888
1251,63,push pink cup,video_2cam,"human video
push cup right",True,,0.20378,0.25673,0.22700,0.28496,,0.02293,0.07468,0.00565,0.06919,,0.22812,0.13036,0.24185,0.19180,,-0.89939,-1.70954,-1.61249,-1.87390,,0.82932,1.23510,1.50877,1.16841,,-1.52301,-0.78032,-1.21607,-0.98467,,-0.34086,0.14336,0.40373,0.10153,,0.00380,-0.00406,0.00612,-0.00434,,0.02574,-0.00075,0.02213,0.01010,,-0.01997,-0.02952,-0.02895,-0.03978,,-0.05124,-0.02643,-0.10047,-0.08633,,-0.02413,0.02837,-0.05950,0.01493,,0.02838,0.03157,0.09054,0.11062,,0.01825,0.01750,-0.04655,0.01640
1251,64,push pink cup,video_2cam,"human video
push cup right",True,,0.21443,0.26104,0.23082,0.27410,,0.01423,0.07830,-0.00287,0.09643,,0.21570,0.12893,0.22474,0.17561,,-0.94944,-1.73890,-1.71385,-2.06586,,0.89772,1.24705,1.56503,1.08646,,-1.46253,-0.75521,-1.20182,-0.85706,,-0.30547,0.15630,0.46689,0.13565,,0.00574,-0.00234,0.00614,-0.00216,,0.02510,-0.00195,0.02242,0.01167,,-0.02160,-0.02712,-0.02736,-0.04171,,-0.05821,-0.02538,-0.10719,-0.11247,,-0.01683,0.03236,-0.03933,0.02235,,0.03766,0.02979,0.09075,0.13198,,0.01851,0.01799,-0.05987,0.02762
1251,65,push pink cup,video_2cam,"human video
push cup right",True,,0.21026,0.26904,0.23302,0.27095,,0.01629,0.07647,0.00515,0.10092,,0.21732,0.12490,0.21585,0.17296,,-0.91670,-1.76691,-1.73188,-2.13292,,0.86401,1.28319,1.59492,1.10171,,-1.49465,-0.72980,-1.14863,-0.83976,,-0.33495,0.17594,0.50422,0.10075,,0.00588,-0.00070,0.00514,-0.00109,,0.02822,-0.00076,0.02610,0.01343,,-0.02269,-0.02622,-0.02543,-0.03745,,-0.06499,-0.02990,-0.10762,-0.10482,,-0.02104,0.03332,-0.06099,0.01532,,0.04204,0.03455,0.08970,0.13312,,0.01922,0.01634,-0.06653,0.02005
1251,66,push pink cup,video_2cam,"human video
push cup right",True,,0.21595,0.27113,0.22924,0.26556,,0.00144,0.07295,0.00017,0.09725,,0.21001,0.11673,0.19211,0.15173,,-0.91722,-1.77793,-1.77069,-2.21268,,0.91702,1.30313,1.63521,1.18894,,-1.48027,-0.70812,-1.05911,-0.76151,,-0.32168,0.18504,0.55273,0.14245,,0.00738,0.00045,0.00558,-0.00131,,0.02804,-0.00136,0.02555,0.00836,,-0.02519,-0.02718,-0.02415,-0.03808,,-0.07228,-0.03314,-0.11288,-0.09203,,-0.01527,0.03759,-0.03778,0.02715,,0.05147,0.03886,0.08442,0.12209,,0.01936,0.01730,-0.10682,0.02920
1251,67,push pink cup,video_2cam,"human video
push cup right",True,,0.21865,0.27440,0.23436,0.26923,,0.00039,0.06606,-0.00506,0.09633,,0.20003,0.10854,0.17676,0.12119,,-0.95287,-1.79126,-1.91705,-2.35342,,0.94876,1.33193,1.67964,1.30535,,-1.43817,-0.67096,-1.05441,-0.66699,,-0.29950,0.19400,0.59234,0.22128,,0.00807,-0.00043,0.00467,-0.00507,,0.02548,-0.00167,0.02231,0.00521,,-0.02826,-0.03123,-0.02529,-0.03784,,-0.07318,-0.03662,-0.10871,-0.07940,,-0.00645,0.03903,-0.01666,0.02106,,0.05618,0.04531,0.08549,0.10815,,0.02021,0.01915,-0.12379,0.03004
1251,68,push pink cup,video_2cam,"human video
push cup right",True,,0.22608,0.27400,0.23369,0.27215,,-0.00661,0.05815,-0.01087,0.09439,,0.19709,0.11049,0.16967,0.11977,,-0.98952,-1.77884,-1.97069,-2.32307,,1.00161,1.34246,1.66323,1.31339,,-1.39816,-0.67149,-1.05127,-0.66585,,-0.27250,0.18740,0.59166,0.23900,,0.00867,-0.00073,0.00518,-0.00627,,0.02356,-0.00196,0.02157,0.00289,,-0.03054,-0.03356,-0.02636,-0.04099,,-0.07538,-0.03881,-0.10871,-0.07872,,0.00086,0.04034,-0.00621,0.03187,,0.06200,0.04963,0.08608,0.11019,,0.01988,0.02004,-0.13952,0.02247
1251,69,push pink cup,video_2cam,"human video
push cup right",True,,0.22428,0.27490,0.23246,0.26610,,-0.00664,0.05245,-0.00976,0.08771,,0.19355,0.11225,0.17005,0.11522,,-0.99161,-1.76909,-2.01690,-2.29102,,1.00387,1.35389,1.65260,1.33198,,-1.39339,-0.67649,-1.07559,-0.62842,,-0.26763,0.18258,0.59841,0.25740,,0.00879,0.00018,0.00561,-0.00540,,0.02144,-0.00196,0.01990,0.00229,,-0.03119,-0.03460,-0.02708,-0.04173,,-0.07193,-0.04232,-0.10793,-0.07366,,0.00503,0.04310,0.00084,0.03609,,0.06031,0.05468,0.08761,0.11040,,0.02032,0.02037,-0.13139,0.01824
1251,70,push pink cup,video_2cam,"human video
push cup right",True,,0.23528,0.27852,0.24443,0.26698,,-0.01439,0.04615,-0.03529,0.09026,,0.17793,0.11151,0.14613,0.11145,,-1.05481,-1.77000,-2.17037,-2.32404,,1.08230,1.37533,1.90169,1.32939,,-1.31865,-0.66504,-0.96002,-0.58753,,-0.20768,0.18873,0.63710,0.28453,,0.00964,0.00027,0.00617,-0.00574,,0.01920,-0.00210,0.01793,0.00068,,-0.02826,-0.03429,-0.02482,-0.04181,,-0.06764,-0.04204,-0.10286,-0.06942,,0.00789,0.04261,0.01571,0.03900,,0.05734,0.05535,0.08038,0.11216,,0.01958,0.02059,-0.13471,0.01908
1251,71,push pink cup,video_2cam,"human video
push cup right",True,,0.23833,0.28294,0.25267,0.26971,,-0.01408,0.03801,-0.04356,0.10510,,0.17340,0.10828,0.13629,0.11172,,-1.06906,-1.76412,-2.19329,-2.40538,,1.09170,1.40055,2.01667,1.22822,,-1.30231,-0.65686,-0.89887,-0.56806,,-0.19587,0.19958,0.64944,0.30816,,0.00973,0.00076,0.00588,-0.00623,,0.02043,-0.00268,0.01919,-0.00228,,-0.02577,-0.03145,-0.02274,-0.04056,,-0.06738,-0.03850,-0.10729,-0.06185,,0.00357,0.04122,0.01173,0.04336,,0.05504,0.05184,0.07766,0.11307,,0.01927,0.02073,-0.13063,0.03241
1251,72,push pink cup,video_2cam,"human video
push cup right",True,,0.23830,0.28473,0.25473,0.27093,,-0.01506,0.03397,-0.04523,0.10602,,0.17469,0.10948,0.13095,0.11436,,-1.05844,-1.75887,-2.22620,-2.43726,,1.08857,1.41020,2.10764,1.20071,,-1.31235,-0.65882,-0.83883,-0.57797,,-0.20432,0.20482,0.65863,0.30090,,0.01069,-0.00007,0.00641,-0.00749,,0.02150,-0.00221,0.01956,-0.00191,,-0.02547,-0.02999,-0.02282,-0.03941,,-0.07102,-0.03539,-0.11586,-0.06763,,0.00365,0.03665,0.01626,0.03953,,0.05753,0.04823,0.07741,0.11672,,0.01953,0.01963,-0.14475,0.02915
1251,73,push pink cup,video_2cam,"human video
push cup right",True,,0.23651,0.28398,0.25345,0.27457,,-0.01752,0.03408,-0.04419,0.11054,,0.17796,0.10818,0.13156,0.11107,,-1.03557,-1.75701,-2.19851,-2.44038,,1.07857,1.40807,2.08860,1.20037,,-1.33358,-0.65605,-0.84043,-0.57361,,-0.21884,0.20148,0.64973,0.27028,,0.01023,-0.00034,0.00579,-0.00737,,0.02247,-0.00252,0.02046,-0.00193,,-0.02678,-0.03157,-0.02273,-0.03871,,-0.07325,-0.03652,-0.11477,-0.05954,,0.00207,0.03798,0.00953,0.03322,,0.05969,0.05025,0.07773,0.10846,,0.01958,0.02063,-0.15243,0.03512
1251,74,push pink cup,video_2cam,"human video
push cup right",True,,0.23794,0.28508,0.25071,0.28754,,-0.02311,0.03104,-0.04706,0.11440,,0.18075,0.10114,0.13062,0.11082,,-1.02779,-1.76282,-2.19979,-2.50097,,1.09024,1.41941,2.03331,1.23175,,-1.33703,-0.63020,-0.85353,-0.56934,,-0.22616,0.20519,0.64301,0.27213,,0.01034,-0.00078,0.00521,-0.00674,,0.02208,-0.00371,0.02169,-0.00336,,-0.03028,-0.03364,-0.02326,-0.04000,,-0.07724,-0.03670,-0.10454,-0.04332,,0.00646,0.04038,0.00343,0.02471,,0.06622,0.05229,0.07739,0.09756,,0.02002,0.02325,-0.16220,0.04646
1251,75,push pink cup,video_2cam,"human video
push cup right",True,,0.23461,0.28465,0.24313,0.29233,,-0.02694,0.02303,-0.04040,0.12648,,0.19025,0.10170,0.13656,0.11637,,-0.98440,-1.74202,-2.18079,-2.54235,,1.06937,1.42569,1.94543,1.20546,,-1.38015,-0.63063,-0.86757,-0.54778,,-0.26052,0.19750,0.65007,0.30571,,0.01112,-0.00219,0.00588,-0.00610,,0.02270,-0.00427,0.02254,-0.00378,,-0.03320,-0.03570,-0.02532,-0.04055,,-0.08294,-0.03549,-0.10820,-0.04263,,0.00993,0.03906,0.00466,0.02039,,0.07268,0.05331,0.08121,0.08280,,0.02080,0.02510,-0.17570,0.04949
1251,76,push pink cup,video_2cam,"human video
push cup right",True,,0.23230,0.28230,0.23921,0.29656,,-0.03028,0.02975,-0.04788,0.14646,,0.19424,0.10280,0.13506,0.11713,,-0.96540,-1.75022,-2.22573,-2.62183,,1.06830,1.40538,2.00564,1.20107,,-1.39520,-0.62063,-0.86095,-0.50080,,-0.26954,0.19174,0.66311,0.35409,,0.01027,-0.00469,0.00559,-0.00768,,0.02201,-0.00399,0.02189,-0.00068,,-0.03604,-0.03840,-0.02711,-0.04133,,-0.08292,-0.03384,-0.09972,-0.04373,,0.01181,0.03568,0.00488,0.00373,,0.07484,0.05208,0.08353,0.07866,,0.02102,0.02631,-0.18995,0.03342
1251,77,push pink cup,video_2cam,"human video
push cup right",True,,0.23234,0.28576,0.23969,0.30774,,-0.03498,0.03103,-0.05040,0.14874,,0.19359,0.09939,0.13082,0.11624,,-0.95884,-1.77603,-2.33890,-2.63956,,1.08008,1.41790,2.04937,1.25593,,-1.39637,-0.58606,-0.85443,-0.49847,,-0.27106,0.20341,0.67173,0.42068,,0.01087,-0.00571,0.00653,-0.00822,,0.02054,-0.00432,0.02091,-0.00195,,-0.03816,-0.03921,-0.02801,-0.04348,,-0.08384,-0.03232,-0.09516,-0.04680,,0.01748,0.03443,0.00979,0.00278,,0.07807,0.05114,0.08224,0.07903,,0.02159,0.02727,-0.19366,0.02999
1251,78,push pink cup,video_2cam,"human video
push cup right",True,,0.22807,0.28935,0.24070,0.31582,,-0.03619,0.03072,-0.05370,0.14519,,0.19287,0.09715,0.12714,0.11235,,-0.93313,-1.79473,-2.47084,-2.54329,,1.06655,1.43352,2.13943,1.30323,,-1.41629,-0.56137,-0.82937,-0.50009,,-0.28692,0.21009,0.70982,0.44748,,0.01244,-0.00508,0.00821,-0.00735,,0.01879,-0.00492,0.01901,-0.00197,,-0.03895,-0.04010,-0.02972,-0.04435,,-0.08325,-0.03425,-0.09860,-0.05352,,0.02407,0.03761,0.02526,0.00342,,0.07854,0.05429,0.08433,0.07888,,0.02304,0.02844,-0.20007,0.03383
1251,79,push pink cup,video_2cam,"human video
push cup right",True,,0.22489,0.29544,0.24370,0.32430,,-0.03456,0.02329,-0.05976,0.13553,,0.18971,0.09894,0.12136,0.11220,,-0.92225,-1.79800,-2.52667,-2.44308,,1.05564,1.46293,2.25961,1.34297,,-1.42451,-0.55015,-0.78215,-0.54077,,-0.28963,0.22080,0.73589,0.39619,,0.01322,-0.00484,0.00877,-0.00668,,0.01809,-0.00496,0.01719,-0.00356,,-0.03731,-0.03811,-0.02979,-0.04411,,-0.08056,-0.03222,-0.10231,-0.07130,,0.02494,0.03557,0.03685,0.00948,,0.07493,0.05272,0.08431,0.08570,,0.02359,0.02786,-0.20497,0.03686
1251,80,push pink cup,video_2cam,"human video
push cup right",True,,0.22532,0.30054,0.25079,0.33800,,-0.03659,0.01710,-0.06951,0.10895,,0.18115,0.09767,0.11202,0.11840,,-0.94180,-1.81245,-2.68017,-2.37067,,1.08031,1.49186,2.39961,1.45457,,-1.39736,-0.52605,-0.76021,-0.61983,,-0.26672,0.23383,0.74139,0.42638,,0.01349,-0.00449,0.00967,-0.00637,,0.01462,-0.00542,0.01479,-0.00515,,-0.03758,-0.03718,-0.03014,-0.04689,,-0.07459,-0.03135,-0.10013,-0.08565,,0.03120,0.03560,0.04923,0.02223,,0.07183,0.05251,0.08542,0.09815,,0.02405,0.02787,-0.20031,0.04631
1251,81,push pink cup,video_2cam,"human video
push cup right",True,,0.22212,0.30304,0.24945,0.34142,,-0.03333,0.00393,-0.06713,0.07472,,0.17784,0.09887,0.11563,0.13558,,-0.94500,-1.79671,-2.65849,-2.18971,,1.07318,1.52000,2.36764,1.46751,,-1.39548,-0.52855,-0.78269,-0.74052,,-0.25928,0.23488,0.74055,0.43842,,0.01360,-0.00280,0.01053,-0.00408,,0.01223,-0.00660,0.01168,-0.00842,,-0.03593,-0.03593,-0.03027,-0.04950,,-0.06752,-0.03191,-0.10344,-0.09235,,0.03354,0.03926,0.06106,0.04539,,0.06522,0.05446,0.08770,0.10607,,0.02417,0.02831,-0.18755,0.05865
1251,82,push pink cup,video_2cam,"human video
push cup right",True,,0.21879,0.30720,0.24403,0.32863,,-0.03141,-0.00304,-0.06149,0.05286,,0.17477,0.10233,0.11956,0.13337,,-0.93964,-1.78760,-2.60083,-1.99979,,1.06225,1.54123,2.27860,1.46041,,-1.40050,-0.53474,-0.81111,-0.78687,,-0.25642,0.23558,0.74852,0.31766,,0.01389,-0.00118,0.01171,-0.00186,,0.00983,-0.00676,0.00828,-0.01100,,-0.03372,-0.03437,-0.03060,-0.04822,,-0.05975,-0.03325,-0.10813,-0.09253,,0.03554,0.04135,0.07491,0.05978,,0.05758,0.05670,0.08561,0.11178,,0.02445,0.02808,-0.16307,0.05550
1251,83,push pink cup,video_2cam,"human video
push cup right",True,,0.22136,0.31519,0.24595,0.32817,,-0.03437,-0.01732,-0.06859,-0.00080,,0.16940,0.10366,0.11490,0.12697,,-0.95908,-1.78001,-2.63056,-1.92447,,1.08897,1.58694,2.31592,1.77870,,-1.37685,-0.52858,-0.79780,-0.81561,,-0.23235,0.24848,0.74799,0.39390,,0.01423,-0.00059,0.01264,0.00091,,0.00729,-0.00622,0.00597,-0.01615,,-0.03182,-0.03192,-0.03062,-0.04749,,-0.05343,-0.03230,-0.10901,-0.08606,,0.03855,0.03821,0.08637,0.07254,,0.05247,0.05675,0.08375,0.11756,,0.02420,0.02672,-0.15028,0.05243
1251,84,push pink cup,video_2cam,"human video
push cup right",True,,0.22358,0.31641,0.24922,0.32678,,-0.03871,-0.02546,-0.08226,-0.02267,,0.16521,0.10398,0.10886,0.13347,,-0.96522,-1.76084,-2.55739,-1.81379,,1.10877,1.60121,2.38203,1.89045,,-1.36590,-0.54222,-0.75231,-0.85831,,-0.21198,0.25014,0.70647,0.44026,,0.01296,0.00009,0.01164,0.00286,,0.00709,-0.00633,0.00549,-0.01727,,-0.02912,-0.02983,-0.02886,-0.04548,,-0.04739,-0.03088,-0.10026,-0.08899,,0.03310,0.03735,0.07916,0.07628,,0.04570,0.05518,0.07713,0.11597,,0.02309,0.02593,-0.13824,0.05773
1251,85,push pink cup,video_2cam,"human video
push cup right",True,,0.22601,0.31337,0.25655,0.32081,,-0.04312,-0.03502,-0.10064,-0.03319,,0.15640,0.10868,0.09459,0.14959,,-0.97880,-1.71600,-2.59175,-1.74607,,1.13586,1.59892,2.55085,1.93466,,-1.34247,-0.58552,-0.69012,-0.86455,,-0.18632,0.23914,0.69149,0.56669,,0.01254,0.00021,0.01137,0.00530,,0.00567,-0.00601,0.00447,-0.01363,,-0.02673,-0.02784,-0.02682,-0.04133,,-0.04073,-0.02878,-0.09366,-0.10021,,0.03168,0.03456,0.07796,0.05367,,0.03927,0.05257,0.06970,0.11186,,0.02278,0.02447,-0.12784,0.06343
1251,86,push pink cup,video_2cam,"human video
push cup right",True,,0.22982,0.31543,0.26264,0.31804,,-0.04729,-0.04060,-0.11821,-0.03815,,0.15055,0.10719,0.08130,0.15544,,-0.99122,-1.70479,-2.54181,-1.76821,,1.15812,1.61148,2.64512,1.98720,,-1.32368,-0.59194,-0.65755,-0.88634,,-0.16335,0.24973,0.62301,0.57815,,0.01136,-0.00079,0.01026,0.00470,,0.00585,-0.00538,0.00505,-0.01210,,-0.02341,-0.02456,-0.02361,-0.03764,,-0.03478,-0.02304,-0.08661,-0.12627,,0.02520,0.02742,0.06564,0.04674,,0.03209,0.04526,0.06293,0.11296,,0.02178,0.02257,-0.10994,0.07425
1251,87,push pink cup,video_2cam,"human video
push cup right",True,,0.23297,0.31687,0.27089,0.32068,,-0.05008,-0.04647,-0.13799,-0.04051,,0.14620,0.10813,0.06225,0.16901,,-1.00014,-1.68831,-2.58854,-1.72726,,1.17641,1.61961,2.87385,2.00065,,-1.30964,-0.60210,-0.56146,-0.93096,,-0.14806,0.25530,0.58093,0.54812,,0.01070,-0.00208,0.00883,0.00376,,0.00744,-0.00489,0.00642,-0.01417,,-0.02141,-0.02161,-0.02113,-0.03595,,-0.03451,-0.01682,-0.08518,-0.13250,,0.01901,0.02015,0.05974,0.04918,,0.03005,0.03786,0.06074,0.11115,,0.02105,0.02119,-0.11559,0.07473
1251,88,push pink cup,video_2cam,"human video
push cup right",True,,0.23424,0.31585,0.27259,0.31468,,-0.04617,-0.04191,-0.14269,-0.01637,,0.14257,0.10788,0.05513,0.16575,,-1.01907,-1.68689,-2.44561,-1.80077,,1.17623,1.60724,2.87203,1.91664,,-1.29377,-0.61117,-0.55382,-0.92037,,-0.13023,0.25701,0.53100,0.51782,,0.00878,-0.00297,0.00713,0.00120,,0.00889,-0.00402,0.00679,-0.01664,,-0.01815,-0.02028,-0.01892,-0.03398,,-0.02969,-0.01414,-0.07367,-0.12480,,0.00913,0.01574,0.04591,0.05258,,0.02270,0.03350,0.05162,0.10426,,0.01975,0.01995,-0.09164,0.07668
1251,89,push pink cup,video_2cam,"human video
push cup right",True,,0.23692,0.31504,0.27069,0.31691,,-0.04174,-0.04662,-0.14148,-0.01848,,0.14355,0.11627,0.06145,0.19018,,-1.04193,-1.66230,-2.40375,-1.75340,,1.17590,1.60137,2.76129,1.84918,,-1.27724,-0.63256,-0.60561,-0.98898,,-0.12116,0.24880,0.52669,0.51618,,0.00837,-0.00480,0.00722,0.00008,,0.00933,-0.00365,0.00675,-0.01519,,-0.01634,-0.01904,-0.01836,-0.03401,,-0.02792,-0.00872,-0.06706,-0.14215,,0.00620,0.00916,0.04066,0.05388,,0.01986,0.02787,0.05103,0.11170,,0.01919,0.01930,-0.07777,0.07212
1251,90,push pink cup,video_2cam,"human video
push cup right",True,,0.24146,0.31442,0.27046,0.31168,,-0.03675,-0.04532,-0.14608,-0.01358,,0.14290,0.11669,0.05871,0.19330,,-1.07059,-1.65741,-2.36295,-1.70870,,1.18006,1.59550,2.77628,1.81921,,-1.25578,-0.64011,-0.60381,-1.00321,,-0.10767,0.24626,0.50434,0.47053,,0.00851,-0.00406,0.00680,0.00151,,0.01154,-0.00412,0.00790,-0.01535,,-0.01258,-0.01788,-0.01664,-0.03341,,-0.02877,-0.00800,-0.07048,-0.14545,,-0.00022,0.01072,0.03657,0.05637,,0.01726,0.02669,0.04974,0.10952,,0.01828,0.01961,-0.06567,0.07580
1251,91,push pink cup,video_2cam,"human video
push cup right",True,,0.23508,0.31304,0.27176,0.30163,,-0.03519,-0.04380,-0.12191,-0.02247,,0.15018,0.11889,0.06037,0.18794,,-1.00991,-1.64855,-2.40389,-1.56586,,1.12791,1.58652,2.82365,1.94065,,-1.31930,-0.64875,-0.52116,-0.97649,,-0.16445,0.23153,0.56135,0.47812,,0.01089,-0.00284,0.00698,0.00424,,0.01584,-0.00458,0.01166,-0.01588,,-0.01453,-0.02034,-0.01718,-0.03388,,-0.04331,-0.01325,-0.09270,-0.13392,,-0.00050,0.01698,0.03410,0.06111,,0.02827,0.03390,0.05708,0.10253,,0.01980,0.02157,-0.09147,0.07478
1251,92,push pink cup,video_2cam,"human video
push cup right",True,,0.23356,0.31464,0.27332,0.29800,,-0.03590,-0.04319,-0.11560,-0.02337,,0.15371,0.11808,0.06104,0.18139,,-0.98614,-1.65312,-2.36214,-1.59483,,1.11132,1.59121,2.83828,2.00674,,-1.34433,-0.64438,-0.50256,-0.92552,,-0.18004,0.23293,0.57256,0.51097,,0.01081,-0.00212,0.00690,0.00537,,0.01794,-0.00448,0.01354,-0.01744,,-0.01361,-0.02025,-0.01611,-0.03308,,-0.04580,-0.01486,-0.09765,-0.11856,,-0.00523,0.01855,0.02212,0.06276,,0.02849,0.03583,0.05853,0.09550,,0.01957,0.02182,-0.08727,0.07071
1251,93,push pink cup,video_2cam,"human video
push cup right",True,,0.23279,0.31321,0.27567,0.29531,,-0.04243,-0.04240,-0.10527,-0.01770,,0.15799,0.11940,0.06267,0.18610,,-0.95077,-1.64652,-2.37887,-1.57662,,1.10531,1.58312,2.82913,1.94742,,-1.37623,-0.65165,-0.46574,-0.93812,,-0.20626,0.22772,0.58015,0.49109,,0.01232,-0.00213,0.00728,0.00576,,0.01920,-0.00466,0.01553,-0.01775,,-0.01576,-0.02025,-0.01648,-0.03390,,-0.05385,-0.01446,-0.10330,-0.11745,,-0.00206,0.01893,0.02171,0.06652,,0.03650,0.03542,0.06332,0.09615,,0.02031,0.02221,-0.10519,0.07269
1251,94,push pink cup,video_2cam,"human video
push cup right",True,,0.23179,0.31143,0.27152,0.29729,,-0.03628,-0.04261,-0.09730,-0.00886,,0.15785,0.12554,0.06963,0.17620,,-0.97093,-1.63911,-2.49574,-1.63319,,1.10110,1.57303,2.78719,1.98604,,-1.35986,-0.64792,-0.47795,-0.87131,,-0.20917,0.20755,0.63335,0.52854,,0.01262,-0.00478,0.00717,0.00287,,0.01864,-0.00379,0.01516,-0.01652,,-0.02007,-0.02757,-0.01949,-0.03700,,-0.05897,-0.01970,-0.10630,-0.11606,,0.00423,0.01811,0.03388,0.07294,,0.04413,0.04474,0.06737,0.09964,,0.02125,0.02452,-0.13792,0.05929
1251,95,push pink cup,video_2cam,"human video
push cup right",True,,0.22562,0.31273,0.26734,0.30440,,-0.04661,-0.05012,-0.09559,-0.03089,,0.15948,0.12838,0.06508,0.18092,,-0.91333,-1.62876,-2.53394,-1.62713,,1.09375,1.58708,2.80988,2.04720,,-1.40570,-0.64830,-0.46258,-0.89327,,-0.23494,0.20408,0.65869,0.52973,,0.01332,-0.00518,0.00741,0.00365,,0.01655,-0.00378,0.01228,-0.01495,,-0.02352,-0.02901,-0.02106,-0.03747,,-0.05922,-0.02091,-0.09567,-0.11775,,0.01157,0.01782,0.04653,0.06675,,0.04733,0.04772,0.06193,0.09981,,0.02244,0.02487,-0.15446,0.05087
1251,96,push pink cup,video_2cam,"human video
push cup right",True,,0.23247,0.31544,0.27397,0.30919,,-0.05556,-0.05469,-0.12504,-0.04147,,0.14953,0.12311,0.05092,0.17855,,-0.95508,-1.63273,-2.56085,-1.60900,,1.15872,1.60590,2.94088,2.10386,,-1.35257,-0.63804,-0.45155,-0.92289,,-0.18197,0.22075,0.58293,0.52826,,0.01244,-0.00590,0.00801,0.00212,,0.01208,-0.00349,0.00947,-0.01475,,-0.02140,-0.02663,-0.01964,-0.03448,,-0.04704,-0.01672,-0.09119,-0.11724,,0.01482,0.01281,0.05579,0.06092,,0.03864,0.04220,0.05869,0.09333,,0.02143,0.02333,-0.13553,0.05364
1251,97,push pink cup,video_2cam,"human video
push cup right",True,,0.23421,0.31837,0.27835,0.31239,,-0.05830,-0.05659,-0.13608,-0.04887,,0.14353,0.11850,0.04308,0.16775,,-0.97698,-1.64804,-2.63279,-1.70293,,1.18656,1.62356,2.98813,2.13275,,-1.32592,-0.61986,-0.45703,-0.86118,,-0.15782,0.23562,0.56549,0.61159,,0.01277,-0.00625,0.00854,0.00108,,0.00848,-0.00290,0.00717,-0.01340,,-0.02104,-0.02586,-0.01946,-0.03333,,-0.04051,-0.01596,-0.08959,-0.11225,,0.02107,0.01005,0.06590,0.05073,,0.03489,0.04082,0.05720,0.09112,,0.02151,0.02213,-0.12371,0.04909
1251,98,push pink cup,video_2cam,"human video
push cup right",True,,0.23691,0.31957,0.26229,0.31244,,-0.06063,-0.05771,-0.15882,-0.06101,,0.12932,0.10584,0.01702,0.15379,,-1.01176,-1.65728,-2.72940,-1.57465,,1.22497,1.63897,3.12008,2.23230,,-1.28054,-0.60778,-0.42397,-0.84944,,-0.11700,0.25219,0.55128,0.57923,,0.01386,-0.00405,0.00817,0.00317,,0.00387,-0.00378,0.00459,-0.01722,,-0.01756,-0.02341,-0.01661,-0.03073,,-0.02926,-0.01644,-0.08380,-0.08808,,0.02724,0.01424,0.07470,0.05716,,0.02540,0.03994,0.04306,0.07197,,0.02187,0.02188,-0.09303,0.06475
1251,99,push pink cup,video_2cam,"human video
push cup right",True,,0.23731,0.32057,0.23361,0.31238,,-0.07810,-0.05902,-0.18035,-0.06879,,0.12286,0.09497,0.00252,0.14437,,-0.96997,-1.65082,-2.56874,-1.44932,,1.25593,1.64838,3.21584,2.13236,,-1.30452,-0.62416,-0.41507,-0.88634,,-0.10089,0.27583,0.48553,0.31501,,0.01475,-0.00029,0.00807,0.00520,,0.00121,-0.00537,0.00414,-0.02310,,-0.01057,-0.01303,-0.00983,-0.02153,,-0.01634,-0.00836,-0.08620,-0.05425,,0.02530,0.01582,0.06067,0.05203,,0.01097,0.02633,0.02062,0.04033,,0.02106,0.01937,-0.04840,0.09996
1251,100,push pink cup,video_2cam,"human video
push cup right",True,,0.24667,0.32195,0.22308,0.32693,,-0.06774,-0.05295,-0.20104,-0.04546,,0.11426,0.08818,-0.00337,0.11745,,-1.06106,-1.66483,-2.41525,-1.46414,,1.28902,1.64513,3.10277,1.96689,,-1.22163,-0.61773,-0.43884,-0.84793,,-0.04295,0.29510,0.37526,0.21052,,0.01253,-0.00073,0.00705,0.00245,,0.00183,-0.00506,0.00384,-0.02155,,-0.00554,-0.00808,-0.00655,-0.01265,,-0.00857,-0.00102,-0.06726,-0.01465,,0.01546,0.00992,0.04311,0.02673,,0.00118,0.01517,0.00446,0.02381,,0.01909,0.01744,-0.03848,0.11516
1251,101,push pink cup,video_2cam,"human video
push cup right",True,,0.24901,0.32269,0.20700,0.32785,,-0.06527,-0.05189,-0.20581,-0.04728,,0.10900,0.08382,-0.00440,0.10767,,-1.09951,-1.67380,-2.39205,-1.53711,,1.31075,1.64953,3.01245,2.00126,,-1.18286,-0.61019,-0.41176,-0.81975,,-0.01447,0.30282,0.35584,0.20076,,0.01180,0.00082,0.00641,0.00296,,-0.00091,-0.00600,0.00231,-0.02261,,-0.00518,-0.00592,-0.00498,-0.01218,,-0.00172,-0.00021,-0.05935,-0.00198,,0.01827,0.01318,0.04225,0.01967,,-0.00339,0.01334,-0.00220,0.01716,,0.01885,0.01764,-0.03161,0.12635
1251,102,push pink cup,video_2cam,"human video
push cup right",True,,0.24826,0.32057,0.19971,0.32284,,-0.06883,-0.05287,-0.21068,-0.04635,,0.10490,0.08363,-0.01245,0.11190,,-1.08803,-1.66057,-2.34797,-1.46822,,1.31509,1.64181,3.10469,1.96005,,-1.18730,-0.62060,-0.36654,-0.84823,,-0.01422,0.29751,0.36893,0.15154,,0.01241,0.00112,0.00595,0.00460,,-0.00145,-0.00686,0.00193,-0.02254,,-0.00450,-0.00525,-0.00401,-0.01382,,-0.00054,0.00142,-0.05562,0.00655,,0.01930,0.01459,0.04141,0.01642,,-0.00466,0.01157,-0.01006,0.01121,,0.01927,0.01845,-0.02761,0.12605
1251,103,push pink cup,video_2cam,"human video
push cup right",True,,0.24892,0.32313,0.20363,0.32810,,-0.06606,-0.05632,-0.21330,-0.06235,,0.10549,0.08533,-0.01207,0.11853,,-1.10086,-1.66317,-2.42725,-1.40327,,1.31440,1.65577,3.10823,2.02572,,-1.17611,-0.61403,-0.37206,-0.85101,,-0.00898,0.29725,0.37225,0.19794,,0.01106,0.00154,0.00551,0.00475,,-0.00103,-0.00666,0.00239,-0.02109,,-0.00521,-0.00643,-0.00453,-0.01319,,0.00042,-0.00155,-0.05271,-0.01152,,0.01652,0.01611,0.03604,0.02046,,-0.00525,0.01602,-0.00711,0.02069,,0.01894,0.01873,-0.02970,0.12748
1251,104,push pink cup,video_2cam,"human video
push cup right",True,,0.25125,0.32508,0.20295,0.33301,,-0.06246,-0.05247,-0.21075,-0.05569,,0.10372,0.08260,-0.00988,0.11208,,-1.12786,-1.68347,-2.46833,-1.43796,,1.32248,1.65922,3.06905,2.01574,,-1.15284,-0.59525,-0.36604,-0.85805,,0.00106,0.30695,0.38224,0.15765,,0.01132,0.00096,0.00523,0.00398,,-0.00118,-0.00636,0.00251,-0.02345,,-0.00570,-0.00630,-0.00457,-0.01331,,-0.00113,-0.00058,-0.04463,-0.00377,,0.01830,0.01432,0.03224,0.02309,,-0.00322,0.01447,-0.00681,0.01619,,0.01897,0.01843,-0.03311,0.11765
1251,105,push pink cup,video_2cam,"human video
push cup right",True,,0.24888,0.32510,0.19728,0.33102,,-0.06693,-0.05840,-0.21379,-0.07757,,0.10488,0.08197,-0.01166,0.11572,,-1.10859,-1.67563,-2.44693,-1.40386,,1.32450,1.66999,3.08651,2.07562,,-1.16843,-0.59528,-0.33861,-0.87371,,-0.00369,0.30548,0.37170,0.15353,,0.01155,0.00121,0.00535,0.00487,,-0.00304,-0.00670,0.00155,-0.02248,,-0.00662,-0.00737,-0.00441,-0.01524,,0.00130,-0.00226,-0.04905,-0.01337,,0.02244,0.01598,0.04126,0.02671,,-0.00388,0.01731,-0.00774,0.02055,,0.01922,0.01881,-0.02987,0.12161
1251,106,push pink cup,video_2cam,"human video
push cup right",True,,0.24945,0.32519,0.19278,0.33941,,-0.06573,-0.05534,-0.20808,-0.06471,,0.10322,0.07862,-0.00796,0.09980,,-1.11650,-1.68336,-2.40281,-1.51036,,1.32592,1.66716,3.03729,2.01201,,-1.16077,-0.59243,-0.36993,-0.83001,,0.00434,0.31625,0.36135,0.16875,,0.01098,0.00027,0.00497,0.00265,,-0.00308,-0.00605,0.00073,-0.02336,,-0.00519,-0.00525,-0.00371,-0.01199,,0.00435,0.00179,-0.04661,0.00512,,0.01981,0.01084,0.04267,0.02012,,-0.00754,0.01106,-0.01341,0.01429,,0.01886,0.01718,-0.02552,0.12848
1251,107,push pink cup,video_2cam,"human video
push cup right",True,,0.25437,0.32518,0.19239,0.34214,,-0.06690,-0.05442,-0.21535,-0.06229,,0.10331,0.07569,-0.00824,0.09189,,-1.14410,-1.68678,-2.47172,-1.54843,,1.35005,1.66703,2.95442,1.95976,,-1.13507,-0.58996,-0.36717,-0.81571,,0.02609,0.32301,0.37056,0.19138,,0.00987,0.00023,0.00484,0.00234,,-0.00327,-0.00622,0.00044,-0.02462,,-0.00415,-0.00350,-0.00299,-0.01188,,0.00722,0.00451,-0.04771,0.01997,,0.01711,0.00938,0.04027,0.01700,,-0.01002,0.00705,-0.01412,0.00851,,0.01773,0.01664,-0.02264,0.13477
1251,108,push pink cup,video_2cam,"human video
push cup right",True,,0.25494,0.32372,0.19410,0.34242,,-0.06636,-0.04997,-0.21062,-0.04718,,0.10557,0.07374,-0.00280,0.08042,,-1.14297,-1.68716,-2.44932,-1.57407,,1.34610,1.65466,2.87854,1.84859,,-1.13884,-0.59575,-0.41848,-0.79245,,0.02585,0.32676,0.36111,0.20103,,0.00946,-0.00038,0.00508,0.00191,,-0.00268,-0.00593,-0.00008,-0.02517,,-0.00278,-0.00159,-0.00292,-0.01110,,0.00855,0.00818,-0.04996,0.03823,,0.01397,0.00599,0.04256,0.01150,,-0.01242,0.00138,-0.01342,0.00092,,0.01724,0.01572,-0.02140,0.14033
1251,109,push pink cup,video_2cam,"human video
push cup right",True,,0.25399,0.32490,0.20042,0.34567,,-0.06121,-0.05414,-0.20592,-0.06239,,0.10789,0.07390,0.00753,0.08140,,-1.15278,-1.68566,-2.40861,-1.56840,,1.33624,1.66585,2.81833,1.91822,,-1.13448,-0.59235,-0.47277,-0.79988,,0.02973,0.32860,0.35060,0.19239,,0.00828,-0.00041,0.00508,0.00171,,-0.00272,-0.00598,-0.00079,-0.02509,,-0.00211,-0.00199,-0.00311,-0.01127,,0.01197,0.00764,-0.05575,0.03221,,0.01104,0.00598,0.04602,0.01494,,-0.01613,0.00259,-0.01116,0.00516,,0.01676,0.01564,-0.01778,0.13912
1251,110,push pink cup,video_2cam,"human video
push cup right",True,,0.25651,0.32286,0.20053,0.34310,,-0.05899,-0.05004,-0.20610,-0.04438,,0.10596,0.07328,0.01038,0.07684,,-1.17622,-1.68296,-2.39505,-1.63504,,1.34682,1.65077,2.75621,1.80706,,-1.11322,-0.60054,-0.49254,-0.78054,,0.04500,0.32976,0.36334,0.20572,,0.00793,-0.00110,0.00469,0.00153,,-0.00282,-0.00592,-0.00144,-0.02618,,-0.00086,-0.00007,-0.00232,-0.01137,,0.01389,0.01188,-0.04793,0.05146,,0.00947,0.00276,0.04315,0.00920,,-0.01837,-0.00354,-0.01484,-0.00231,,0.01628,0.01501,-0.01510,0.14159
1251,111,push pink cup,video_2cam,"human video
push cup right",True,,0.25825,0.32246,0.19980,0.34038,,-0.05775,-0.05245,-0.21440,-0.05071,,0.10647,0.07311,0.00528,0.07931,,-1.18995,-1.67699,-2.47630,-1.53271,,1.35375,1.65404,2.78572,1.84807,,-1.10220,-0.60228,-0.44523,-0.80177,,0.04565,0.32407,0.35353,0.17955,,0.00880,-0.00051,0.00525,0.00202,,-0.00271,-0.00614,-0.00034,-0.02335,,-0.00238,-0.00185,-0.00284,-0.01060,,0.00935,0.00840,-0.05089,0.03696,,0.01316,0.00606,0.04160,0.00718,,-0.01308,0.00138,-0.00940,-0.00020,,0.01658,0.01589,-0.02157,0.14266
1251,112,push pink cup,video_2cam,"human video
push cup right",True,,0.25829,0.32409,0.20942,0.34229,,-0.05378,-0.05067,-0.20654,-0.04835,,0.10701,0.07555,0.01020,0.08335,,-1.19105,-1.68493,-2.46073,-1.50711,,1.33879,1.65601,2.78490,1.88692,,-1.10431,-0.59724,-0.49333,-0.80411,,0.03881,0.32257,0.36815,0.19110,,0.00845,-0.00025,0.00488,0.00219,,-0.00047,-0.00579,0.00037,-0.02354,,-0.00179,-0.00271,-0.00363,-0.01050,,0.00652,0.00615,-0.04336,0.02700,,0.00820,0.00712,0.03242,0.01144,,-0.01236,0.00433,-0.00913,0.00489,,0.01650,0.01608,-0.02315,0.14085
1251,113,push pink cup,video_2cam,"human video
push cup right",True,,0.25822,0.32575,0.19609,0.34630,,-0.05759,-0.05392,-0.20540,-0.06623,,0.10456,0.07417,0.00629,0.08933,,-1.18985,-1.69164,-2.47595,-1.53262,,1.35199,1.67026,2.77107,1.97203,,-1.10173,-0.58668,-0.44740,-0.81900,,0.04170,0.32575,0.35371,0.19764,,0.00965,0.00112,0.00521,0.00290,,-0.00266,-0.00666,-0.00017,-0.02462,,-0.00290,-0.00296,-0.00302,-0.01171,,0.00689,0.00383,-0.04589,0.02339,,0.01541,0.01175,0.04159,0.01199,,-0.01060,0.00756,-0.01167,0.00429,,0.01707,0.01677,-0.02564,0.13341
1251,114,push pink cup,video_2cam,"human video
push cup right",True,,0.26074,0.32466,0.19321,0.34737,,-0.06048,-0.04906,-0.21664,-0.05559,,0.10275,0.06840,-0.00143,0.07573,,-1.19611,-1.70051,-2.47758,-1.57056,,1.36748,1.66279,2.81466,1.90988,,-1.09262,-0.58136,-0.40351,-0.80363,,0.04941,0.33165,0.36974,0.19998,,0.01000,0.00185,0.00517,0.00365,,-0.00247,-0.00731,0.00049,-0.02531,,-0.00238,-0.00147,-0.00224,-0.01188,,0.00603,0.00523,-0.04369,0.03857,,0.01539,0.01353,0.03600,0.00742,,-0.00989,0.00472,-0.01298,-0.00765,,0.01692,0.01701,-0.02489,0.14155
1251,115,push pink cup,video_2cam,"human video
push cup right",True,,0.26053,0.32544,0.18745,0.34756,,-0.06663,-0.04659,-0.22334,-0.05128,,0.10348,0.06617,-0.00812,0.07155,,-1.17753,-1.71318,-2.54549,-1.57471,,1.37474,1.66550,2.86314,1.93592,,-1.10561,-0.57039,-0.34520,-0.79733,,0.04338,0.33363,0.37820,0.18238,,0.01100,0.00248,0.00585,0.00398,,-0.00366,-0.00731,0.00041,-0.02443,,-0.00276,-0.00271,-0.00164,-0.01183,,0.00617,0.00204,-0.05444,0.03094,,0.01965,0.01643,0.04551,0.00874,,-0.00896,0.00844,-0.01242,-0.00862,,0.01737,0.01744,-0.02640,0.14136
1251,116,push pink cup,video_2cam,"human video
push cup right",True,,0.25945,0.32662,0.18399,0.35607,,-0.06517,-0.04921,-0.21933,-0.06180,,0.10122,0.06454,-0.00720,0.07252,,-1.17432,-1.71321,-2.40955,-1.59005,,1.36874,1.67293,2.84035,1.91456,,-1.10800,-0.56533,-0.36777,-0.80355,,0.04499,0.34062,0.36279,0.20622,,0.01117,0.00216,0.00585,0.00394,,-0.00334,-0.00760,-0.00018,-0.02643,,-0.00071,-0.00092,-0.00084,-0.01233,,0.00814,0.00561,-0.04763,0.04311,,0.01724,0.01413,0.04451,0.01001,,-0.01250,0.00417,-0.01788,-0.00969,,0.01735,0.01716,-0.02118,0.14065
1251,117,push pink cup,video_2cam,"human video
push cup right",True,,0.25874,0.32515,0.17257,0.35744,,-0.07252,-0.04361,-0.20561,-0.05127,,0.10276,0.05832,-0.00034,0.06357,,-1.15871,-1.72634,-2.44433,-1.76571,,1.38086,1.66392,2.71807,1.88998,,-1.11931,-0.55658,-0.37076,-0.78620,,0.04600,0.35015,0.33699,0.22169,,0.01143,0.00231,0.00588,0.00451,,-0.00661,-0.00839,-0.00243,-0.02612,,-0.00119,0.00111,-0.00009,-0.01333,,0.01368,0.00918,-0.05527,0.06135,,0.02339,0.01423,0.06173,0.00556,,-0.01518,-0.00155,-0.02210,-0.01930,,0.01740,0.01704,-0.01861,0.14153
1251,118,push pink cup,video_2cam,"human video
push cup right",True,,0.25758,0.32432,0.17369,0.35795,,-0.07441,-0.04228,-0.22092,-0.04128,,0.10307,0.05603,-0.00765,0.05188,,-1.14601,-1.72414,-2.40339,-1.82402,,1.38045,1.65827,2.81917,1.91385,,-1.12885,-0.55928,-0.33725,-0.72404,,0.04433,0.35542,0.33473,0.28735,,0.01134,0.00133,0.00624,0.00456,,-0.00646,-0.00819,-0.00222,-0.02449,,-0.00049,0.00288,0.00011,-0.01251,,0.01477,0.01357,-0.06309,0.07518,,0.02202,0.00991,0.06297,-0.00472,,-0.01680,-0.00755,-0.02121,-0.02241,,0.01734,0.01622,-0.01576,0.15192
1251,119,push pink cup,video_2cam,"human video
push cup right",True,,0.25801,0.32619,0.18015,0.36765,,-0.06823,-0.04189,-0.21852,-0.04744,,0.10571,0.05295,0.00089,0.05980,,-1.16355,-1.74125,-2.43463,-1.84074,,1.37219,1.66751,2.74904,1.92381,,-1.11799,-0.53840,-0.39847,-0.77945,,0.04921,0.36543,0.33103,0.29947,,0.01036,0.00093,0.00693,0.00391,,-0.00613,-0.00853,-0.00280,-0.02605,,0.00020,0.00302,0.00019,-0.01406,,0.01689,0.01499,-0.06792,0.08518,,0.01909,0.00926,0.06627,0.00171,,-0.01942,-0.00914,-0.01933,-0.02243,,0.01691,0.01636,-0.01390,0.14043
1251,120,push pink cup,video_2cam,"human video
push cup right",True,,0.25804,0.32767,0.19118,0.37984,,-0.06166,-0.04295,-0.21022,-0.05431,,0.10650,0.05489,0.01350,0.06894,,-1.17847,-1.73867,-2.34367,-1.77079,,1.36111,1.66777,2.65267,1.92516,,-1.10882,-0.53848,-0.50630,-0.80885,,0.05701,0.37382,0.33865,0.34912,,0.00909,-0.00031,0.00666,0.00357,,-0.00520,-0.00900,-0.00370,-0.03059,,0.00267,0.00731,0.00063,-0.01310,,0.02084,0.02440,-0.06613,0.13742,,0.01255,0.00273,0.06519,-0.00689,,-0.02533,-0.02063,-0.02061,-0.03182,,0.01618,0.01564,-0.00965,0.10532
1251,121,push pink cup,video_2cam,"human video
push cup right",True,,0.25439,0.32576,0.18424,0.37431,,-0.06836,-0.04101,-0.19024,-0.04656,,0.10789,0.05470,0.02558,0.06799,,-1.14787,-1.73875,-2.30837,-1.82959,,1.35982,1.65974,2.61988,1.93417,,-1.13327,-0.54309,-0.54169,-0.79086,,0.04937,0.37279,0.30438,0.36958,,0.00961,0.00002,0.00729,0.00316,,-0.00907,-0.00946,-0.00615,-0.03170,,0.00240,0.00784,0.00148,-0.01356,,0.02814,0.02506,-0.07755,0.14904,,0.01970,0.00395,0.08109,-0.00930,,-0.02982,-0.02205,-0.02728,-0.03552,,0.01676,0.01554,-0.00876,0.09564
1251,122,push pink cup,video_2cam,"human video
push cup right",True,,0.24787,0.32769,0.17942,0.38387,,-0.07573,-0.03759,-0.18572,-0.04884,,0.10994,0.04914,0.02810,0.05571,,-1.08819,-1.75936,-2.24146,-1.90373,,1.34172,1.66559,2.70766,2.01211,,-1.18252,-0.52439,-0.54455,-0.75945,,0.02473,0.38654,0.28450,0.44910,,0.01085,0.00043,0.00775,0.00362,,-0.01117,-0.00973,-0.00727,-0.03328,,0.00302,0.00960,0.00197,-0.01250,,0.03259,0.02687,-0.10001,0.16807,,0.02421,0.00387,0.09624,-0.00901,,-0.03372,-0.02520,-0.02783,-0.04282,,0.01789,0.01521,-0.00795,0.08595
1251,123,push pink cup,video_2cam,"human video
push cup right",True,,0.24422,0.32799,0.18165,0.39014,,-0.07754,-0.03714,-0.17802,-0.05477,,0.11308,0.04685,0.03750,0.05664,,-1.05890,-1.76766,-2.17075,-1.94553,,1.32672,1.66839,2.70672,2.04910,,-1.20915,-0.51589,-0.59743,-0.77737,,0.01436,0.39313,0.25712,0.45389,,0.01111,0.00062,0.00801,0.00346,,-0.01264,-0.01034,-0.00987,-0.03404,,0.00506,0.01076,0.00257,-0.01196,,0.03881,0.02883,-0.10644,0.18963,,0.02473,0.00418,0.10500,-0.01223,,-0.04028,-0.02794,-0.03141,-0.04846,,0.01814,0.01516,-0.00435,0.06789
1251,124,push pink cup,video_2cam,"human video
push cup right",True,,0.23939,0.32931,0.17325,0.39516,,-0.07502,-0.03349,-0.16296,-0.05663,,0.11218,0.04523,0.04421,0.05749,,-1.03852,-1.78317,-2.10797,-1.95737,,1.30490,1.66818,2.70425,2.07464,,-1.22758,-0.50289,-0.60576,-0.78329,,0.00188,0.40082,0.26019,0.48628,,0.01270,0.00089,0.00872,0.00458,,-0.01434,-0.01087,-0.01205,-0.03610,,0.00659,0.01250,0.00252,-0.01074,,0.04229,0.03139,-0.11182,0.21302,,0.02911,0.00429,0.11998,-0.01170,,-0.04418,-0.03156,-0.03720,-0.05825,,0.01932,0.01531,-0.00107,0.03421
1251,125,push pink cup,video_2cam,"human video
push cup right",True,,0.23708,0.33013,0.16539,0.39822,,-0.08396,-0.03340,-0.15741,-0.06433,,0.11313,0.04536,0.04201,0.06757,,-1.01157,-1.79221,-2.12959,-1.93471,,1.31616,1.67244,2.74485,2.05074,,-1.24705,-0.49315,-0.54035,-0.84280,,-0.00476,0.40297,0.23769,0.46194,,0.01373,0.00141,0.00940,0.00541,,-0.01778,-0.01158,-0.01315,-0.03744,,0.00452,0.01250,0.00232,-0.01202,,0.04482,0.03119,-0.09827,0.21867,,0.03861,0.00665,0.11909,-0.00321,,-0.04313,-0.03109,-0.04313,-0.06064,,0.02002,0.01590,-0.00042,0.01871
1251,126,push pink cup,video_2cam,"human video
push cup right",True,,0.24112,0.33056,0.16225,0.40222,,-0.08319,-0.02926,-0.16015,-0.06324,,0.10990,0.04347,0.04103,0.06785,,-1.03859,-1.80607,-2.18722,-1.93710,,1.33452,1.66866,2.70779,2.07779,,-1.21956,-0.48128,-0.53237,-0.86336,,0.01221,0.40891,0.23914,0.47038,,0.01407,0.00120,0.00995,0.00536,,-0.01805,-0.01194,-0.01388,-0.03819,,0.00569,0.01345,0.00314,-0.01142,,0.04554,0.03350,-0.10211,0.22274,,0.03897,0.00609,0.12517,0.00301,,-0.04392,-0.03432,-0.05006,-0.06219,,0.01987,0.01610,0.00061,0.01328
1251,127,push pink cup,video_2cam,"human video
push cup right",True,,0.23871,0.33004,0.15892,0.40059,,-0.07902,-0.03172,-0.14704,-0.06873,,0.11113,0.04685,0.05087,0.08083,,-1.02945,-1.79822,-2.13093,-1.89906,,1.31381,1.66711,2.63239,2.06508,,-1.23204,-0.48563,-0.58014,-0.91319,,0.00010,0.40598,0.25655,0.44328,,0.01558,0.00041,0.01130,0.00487,,-0.01821,-0.01232,-0.01537,-0.03811,,0.00727,0.01384,0.00329,-0.01086,,0.04547,0.03638,-0.10539,0.22769,,0.04101,0.00421,0.13226,0.00394,,-0.04527,-0.03712,-0.05230,-0.05971,,0.02059,0.01628,0.00183,0.00676
1251,128,push pink cup,video_2cam,"human video
push cup right",True,,0.23863,0.33000,0.15505,0.40047,,-0.07371,-0.03021,-0.13831,-0.06888,,0.10691,0.04737,0.05348,0.08009,,-1.05004,-1.80089,-2.14945,-1.90621,,1.31199,1.66456,2.61651,2.06611,,-1.21178,-0.48610,-0.58794,-0.90727,,0.00951,0.40598,0.26993,0.45119,,0.01573,0.00082,0.01092,0.00545,,-0.01913,-0.01250,-0.01696,-0.03931,,0.00787,0.01439,0.00377,-0.01057,,0.04802,0.03652,-0.08924,0.23306,,0.04236,0.00509,0.13586,0.00566,,-0.04760,-0.03759,-0.06218,-0.06198,,0.02105,0.01630,0.00181,0.00304
1251,129,push pink cup,video_2cam,"human video
push cup right",True,,0.24021,0.32800,0.15967,0.39822,,-0.07120,-0.02718,-0.14167,-0.06308,,0.10905,0.04511,0.05935,0.07379,,-1.06965,-1.79939,-2.12894,-1.91603,,1.31925,1.65507,2.59539,2.06124,,-1.19699,-0.49243,-0.63100,-0.87937,,0.02262,0.40333,0.24829,0.44706,,0.01482,0.00186,0.01153,0.00606,,-0.01984,-0.01287,-0.01862,-0.03820,,0.00864,0.01469,0.00423,-0.01073,,0.05172,0.03522,-0.08404,0.23007,,0.04121,0.00826,0.14049,0.00258,,-0.05083,-0.03681,-0.06883,-0.06445,,0.02031,0.01661,0.00327,0.01317
1251,130,push pink cup,video_2cam,"human video
push cup right",True,,0.23842,0.32948,0.15985,0.40488,,-0.06623,-0.02532,-0.13019,-0.07583,,0.11086,0.03911,0.07110,0.06626,,-1.07023,-1.81973,-2.07633,-1.93509,,1.30232,1.66267,2.54642,2.09625,,-1.20085,-0.47102,-0.69753,-0.87398,,0.01924,0.41770,0.27407,0.50750,,0.01496,0.00217,0.01204,0.00610,,-0.02043,-0.01352,-0.02114,-0.03746,,0.01029,0.01641,0.00501,-0.00924,,0.05523,0.03770,-0.06290,0.23493,,0.04095,0.00847,0.14205,0.00410,,-0.05513,-0.04055,-0.07854,-0.06498,,0.02046,0.01650,0.00187,0.01407
1251,131,push pink cup,video_2cam,"human video
push cup right",True,,0.23403,0.32827,0.15664,0.40176,,-0.06678,-0.02638,-0.12223,-0.07785,,0.11165,0.03816,0.07790,0.06496,,-1.05868,-1.81583,-2.01181,-1.96291,,1.29813,1.66118,2.60738,2.09468,,-1.21055,-0.47386,-0.69878,-0.86841,,0.01848,0.41780,0.25590,0.52023,,0.01480,0.00209,0.01228,0.00519,,-0.02384,-0.01381,-0.02329,-0.03638,,0.00914,0.01663,0.00492,-0.00917,,0.06164,0.03858,-0.02326,0.23361,,0.04707,0.00840,0.12787,0.00099,,-0.05865,-0.04173,-0.08966,-0.06192,,0.02090,0.01643,0.00378,0.02189
1251,132,push pink cup,video_2cam,"human video
push cup right",True,,0.23884,0.32766,0.14524,0.39956,,-0.07027,-0.03075,-0.11418,-0.08376,,0.10815,0.03846,0.08355,0.07600,,-1.09121,-1.80368,-1.98475,-1.92264,,1.33476,1.66519,2.52607,2.02903,,-1.17611,-0.48006,-0.70609,-0.90457,,0.04504,0.41221,0.22699,0.48543,,0.01467,0.00328,0.01290,0.00703,,-0.02629,-0.01492,-0.02525,-0.03611,,0.00862,0.01656,0.00551,-0.00948,,0.06492,0.03743,-0.00085,0.24314,,0.05168,0.01279,0.12076,-0.00462,,-0.05910,-0.03959,-0.10331,-0.06974,,0.02047,0.01762,0.00816,0.02682
1251,133,push pink cup,video_2cam,"human video
push cup right",True,,0.23491,0.32818,0.14518,0.40255,,-0.07037,-0.03071,-0.11125,-0.08577,,0.11037,0.03894,0.08839,0.08003,,-1.06867,-1.80476,-1.93146,-1.89056,,1.31883,1.66563,2.54111,2.00877,,-1.19727,-0.47799,-0.72118,-0.91128,,0.03353,0.41265,0.24503,0.47716,,0.01479,0.00349,0.01329,0.00811,,-0.02742,-0.01524,-0.02613,-0.03761,,0.00877,0.01724,0.00550,-0.00886,,0.06813,0.03841,0.00579,0.25112,,0.05330,0.01317,0.11837,-0.00058,,-0.06194,-0.04065,-0.10627,-0.07428,,0.02092,0.01796,0.00862,0.01993
1251,134,push pink cup,video_2cam,"human video
push cup right",True,,0.22666,0.32968,0.15379,0.40490,,-0.07563,-0.03601,-0.10754,-0.09961,,0.11736,0.03594,0.09277,0.08419,,-0.99343,-1.80833,-1.87797,-1.88593,,1.27920,1.68134,2.58021,1.92634,,-1.26802,-0.46398,-0.74718,-0.93463,,-0.00767,0.41921,0.28390,0.49237,,0.01552,0.00450,0.01330,0.00978,,-0.02734,-0.01683,-0.02582,-0.03770,,0.00917,0.01844,0.00452,-0.00828,,0.06909,0.03997,-0.02517,0.26419,,0.05337,0.01648,0.13139,0.00408,,-0.06409,-0.04184,-0.09637,-0.07892,,0.02170,0.01907,0.01135,0.02059
1251,135,push pink cup,video_2cam,"human video
push cup right",True,,0.22498,0.32880,0.15331,0.40512,,-0.07751,-0.03671,-0.10370,-0.10221,,0.12187,0.03357,0.09827,0.07888,,-0.97529,-1.80644,-1.82890,-1.89440,,1.27099,1.68141,2.55834,1.94577,,-1.28730,-0.46511,-0.77560,-0.91670,,-0.01827,0.42123,0.29201,0.51401,,0.01552,0.00455,0.01443,0.00863,,-0.02785,-0.01693,-0.02623,-0.03728,,0.00885,0.01874,0.00442,-0.00833,,0.06999,0.04039,-0.03190,0.26446,,0.05448,0.01641,0.13552,0.00288,,-0.06454,-0.04268,-0.09637,-0.07693,,0.02169,0.01883,0.01318,0.02763
1251,136,push pink cup,video_2cam,"human video
push cup right",True,,0.22617,0.33088,0.16365,0.40838,,-0.07194,-0.03845,-0.10677,-0.11274,,0.12424,0.03330,0.09732,0.08037,,-0.98007,-1.81111,-1.83003,-1.86377,,1.25354,1.69214,2.52449,1.93451,,-1.29040,-0.45937,-0.81199,-0.92803,,-0.02602,0.42466,0.28834,0.50068,,0.01568,0.00534,0.01456,0.01008,,-0.02452,-0.01711,-0.02514,-0.03790,,0.01084,0.01908,0.00461,-0.00785,,0.06530,0.03925,-0.05426,0.27230,,0.04776,0.01808,0.14816,-0.00197,,-0.06359,-0.04118,-0.08747,-0.08118,,0.02127,0.01886,0.01044,0.02101
1251,137,push pink cup,video_2cam,"human video
push cup right",True,,0.22515,0.33020,0.16868,0.40743,,-0.06535,-0.03775,-0.11835,-0.11009,,0.12575,0.03115,0.09234,0.07583,,-0.98584,-1.81424,-1.82523,-1.89776,,1.23675,1.69110,2.60047,1.94397,,-1.28988,-0.45583,-0.80201,-0.91654,,-0.02863,0.42664,0.30019,0.52295,,0.01510,0.00501,0.01461,0.00857,,-0.02276,-0.01697,-0.02430,-0.03684,,0.01194,0.01860,0.00464,-0.00872,,0.06457,0.03909,-0.05924,0.26258,,0.04271,0.01758,0.15075,0.00158,,-0.06497,-0.04119,-0.07972,-0.07637,,0.02104,0.01872,0.00766,0.03192
1251,138,push pink cup,video_2cam,"human video
push cup right",True,,0.22423,0.32825,0.16429,0.40168,,-0.07070,-0.03972,-0.11765,-0.11078,,0.12617,0.03192,0.08973,0.07486,,-0.96881,-1.80205,-1.86624,-1.91024,,1.24285,1.68668,2.60792,1.97735,,-1.30229,-0.46738,-0.77145,-0.90799,,-0.03635,0.42294,0.29242,0.52327,,0.01624,0.00453,0.01557,0.00732,,-0.02410,-0.01691,-0.02424,-0.03593,,0.01040,0.01850,0.00445,-0.00878,,0.06315,0.03993,-0.07023,0.26127,,0.04871,0.01628,0.15313,-0.00232,,-0.06186,-0.04220,-0.08046,-0.07305,,0.02168,0.01835,0.00922,0.03790
1251,139,push pink cup,video_2cam,"human video
push cup right",True,,0.23107,0.32826,0.15845,0.40083,,-0.06903,-0.03758,-0.12485,-0.11045,,0.12007,0.03025,0.08564,0.05911,,-1.02528,-1.80918,-1.97353,-1.99770,,1.28000,1.68481,2.59950,2.09406,,-1.24589,-0.46337,-0.74266,-0.85140,,-0.00076,0.43037,0.28541,0.56516,,0.01503,0.00292,0.01477,0.00459,,-0.02443,-0.01577,-0.02424,-0.03446,,0.00987,0.01881,0.00572,-0.00790,,0.06406,0.04225,-0.03377,0.24842,,0.04770,0.01039,0.13180,-0.00543,,-0.06127,-0.04578,-0.09135,-0.06366,,0.02091,0.01677,0.00479,0.03827
1251,140,push pink cup,video_2cam,"human video
push cup right",True,,0.22843,0.32857,0.16719,0.40286,,-0.06321,-0.03826,-0.12550,-0.11358,,0.12532,0.03070,0.09242,0.05595,,-1.02049,-1.80784,-1.85357,-1.97603,,1.25569,1.68482,2.60029,2.13912,,-1.25900,-0.46304,-0.80327,-0.84989,,-0.00871,0.43488,0.29480,0.58069,,0.01362,0.00162,0.01490,0.00340,,-0.02319,-0.01555,-0.02367,-0.03345,,0.01049,0.02004,0.00518,-0.00524,,0.06548,0.04651,-0.02949,0.24985,,0.04213,0.00559,0.13112,-0.01215,,-0.06413,-0.05097,-0.08455,-0.05999,,0.02026,0.01604,0.00360,0.02595
1251,141,push pink cup,video_2cam,"human video
push cup right",True,,0.22894,0.32927,0.16692,0.40467,,-0.06179,-0.03817,-0.12325,-0.11499,,0.12514,0.02901,0.10001,0.04867,,-1.03583,-1.81349,-1.80611,-2.02343,,1.26070,1.68767,2.55154,2.19739,,-1.24498,-0.45576,-0.84245,-0.82091,,0.00275,0.44230,0.30467,0.59519,,0.01167,0.00027,0.01374,0.00147,,-0.02387,-0.01495,-0.02408,-0.03194,,0.00959,0.02054,0.00493,-0.00373,,0.06946,0.04927,0.01076,0.24809,,0.03993,0.00084,0.10743,-0.01991,,-0.06666,-0.05454,-0.08974,-0.05282,,0.01963,0.01512,0.00147,0.02552
1251,142,push pink cup,video_2cam,"human video
push cup right",True,,0.22806,0.32792,0.16213,0.40384,,-0.06695,-0.03490,-0.12408,-0.10962,,0.12262,0.02732,0.09916,0.03969,,-1.03322,-1.81638,-1.76706,-2.08038,,1.27817,1.67999,2.55305,2.24915,,-1.24105,-0.45760,-0.79666,-0.79200,,0.01162,0.44310,0.30998,0.60163,,0.01096,-0.00016,0.01249,0.00010,,-0.02616,-0.01445,-0.02423,-0.03028,,0.00745,0.02018,0.00439,-0.00362,,0.07272,0.04903,0.04224,0.23891,,0.04393,-0.00038,0.09073,-0.02633,,-0.06678,-0.05496,-0.09337,-0.04636,,0.01966,0.01454,0.00209,0.03434
1251,143,push pink cup,video_2cam,"human video
push cup right",True,,0.22687,0.32728,0.16430,0.40396,,-0.06406,-0.03444,-0.10293,-0.10694,,0.12305,0.02617,0.11554,0.03965,,-1.03863,-1.81476,-1.68161,-2.06200,,1.26967,1.67809,2.37329,2.25793,,-1.23956,-0.45935,-0.88918,-0.80076,,0.01134,0.44214,0.32792,0.60649,,0.01042,-0.00002,0.01181,0.00005,,-0.02698,-0.01455,-0.02565,-0.02913,,0.00692,0.01983,0.00386,-0.00348,,0.07486,0.04835,0.06482,0.23636,,0.04468,0.00049,0.08547,-0.03036,,-0.06812,-0.05422,-0.10086,-0.04633,,0.01962,0.01469,0.00199,0.03925
1251,144,push pink cup,video_2cam,"human video
push cup right",True,,0.22330,0.32752,0.16575,0.40475,,-0.06061,-0.03078,-0.10769,-0.10335,,0.12477,0.02402,0.11587,0.03507,,-1.02847,-1.82665,-1.63587,-2.09437,,1.25180,1.67559,2.40690,2.24910,,-1.25088,-0.45123,-0.88682,-0.77614,,0.00473,0.44681,0.34822,0.62661,,0.00990,0.00005,0.01192,-0.00025,,-0.02732,-0.01443,-0.02582,-0.02954,,0.00720,0.02017,0.00370,-0.00352,,0.07774,0.04851,0.07750,0.23425,,0.04366,0.00046,0.07933,-0.02699,,-0.07122,-0.05505,-0.09964,-0.04509,,0.01980,0.01450,-0.00029,0.04158
1251,145,push pink cup,video_2cam,"human video
push cup right",True,,0.22166,0.32717,0.15761,0.40542,,-0.06324,-0.02588,-0.10869,-0.09745,,0.12385,0.02142,0.11511,0.02536,,-1.02321,-1.83331,-1.60039,-2.14094,,1.25977,1.66970,2.44451,2.31488,,-1.25115,-0.45128,-0.83862,-0.73152,,0.00909,0.44514,0.36083,0.62154,,0.00997,0.00089,0.01263,0.00007,,-0.02984,-0.01368,-0.02681,-0.03071,,0.00641,0.01901,0.00375,-0.00527,,0.08204,0.04404,0.09567,0.22079,,0.04850,0.00289,0.07236,-0.01968,,-0.07322,-0.05046,-0.10624,-0.04694,,0.02019,0.01446,0.00046,0.05846
1251,146,push pink cup,video_2cam,"human video
push cup right",True,,0.22642,0.32467,0.15869,0.39839,,-0.06556,-0.02616,-0.11337,-0.09462,,0.12341,0.02131,0.11377,0.01846,,-1.04561,-1.82249,-1.63219,-2.14911,,1.28369,1.66204,2.41735,2.36871,,-1.23045,-0.46360,-0.83081,-0.70754,,0.02378,0.44064,0.33689,0.62763,,0.00941,0.00033,0.01227,-0.00125,,-0.02910,-0.01333,-0.02618,-0.02880,,0.00587,0.01819,0.00404,-0.00575,,0.07967,0.04365,0.10502,0.21395,,0.04702,0.00177,0.06363,-0.02897,,-0.07044,-0.05022,-0.10547,-0.04239,,0.01933,0.01399,0.00018,0.07668
1251,147,push pink cup,video_2cam,"human video
push cup right",True,,0.23119,0.32429,0.16817,0.39600,,-0.06220,-0.02752,-0.12069,-0.09272,,0.12408,0.02555,0.11030,0.02374,,-1.06973,-1.81241,-1.66597,-2.12702,,1.28854,1.65923,2.42279,2.36171,,-1.21365,-0.47498,-0.86290,-0.72699,,0.03185,0.43410,0.31263,0.60158,,0.00898,0.00014,0.01189,-0.00134,,-0.02581,-0.01305,-0.02474,-0.02910,,0.00762,0.01787,0.00508,-0.00595,,0.07499,0.04329,0.09425,0.21184,,0.03952,0.00111,0.06231,-0.03020,,-0.06878,-0.04942,-0.09757,-0.04050,,0.01826,0.01384,-0.00131,0.06952
1251,148,push pink cup,video_2cam,"human video
push cup right",True,,0.23385,0.32563,0.17030,0.39573,,-0.06060,-0.03227,-0.13077,-0.09532,,0.12314,0.03083,0.10438,0.03304,,-1.08661,-1.80156,-1.68401,-2.12089,,1.29601,1.66707,2.47235,2.33296,,-1.19838,-0.48347,-0.84362,-0.75504,,0.04104,0.42754,0.30279,0.54660,,0.00843,0.00057,0.01189,-0.00034,,-0.02443,-0.01288,-0.02345,-0.03042,,0.00831,0.01738,0.00611,-0.00687,,0.07368,0.04143,0.12238,0.21292,,0.03563,0.00197,0.02669,-0.02666,,-0.06855,-0.04625,-0.08711,-0.04275,,0.01773,0.01396,-0.00122,0.05477
1251,149,push pink cup,video_2cam,"human video
push cup right",True,,0.23739,0.32894,0.16568,0.39503,,-0.06355,-0.03791,-0.13033,-0.09909,,0.12322,0.03271,0.10378,0.03357,,-1.10392,-1.80258,-1.76904,-2.13482,,1.31842,1.68643,2.43482,2.29700,,-1.18147,-0.47645,-0.82418,-0.72654,,0.05084,0.43053,0.29464,0.55138,,0.00843,0.00017,0.01281,0.00016,,-0.02500,-0.01208,-0.02314,-0.03136,,0.00644,0.01639,0.00639,-0.00827,,0.07139,0.03964,0.14794,0.22083,,0.03879,0.00016,0.00156,-0.02569,,-0.06434,-0.04317,-0.08422,-0.04132,,0.01746,0.01342,0.00037,0.04610
1251,150,push pink cup,video_2cam,"human video
push cup right",True,,0.24147,0.32757,0.17427,0.39542,,-0.06491,-0.03929,-0.12933,-0.10255,,0.12282,0.03436,0.10082,0.04021,,-1.11536,-1.79801,-1.76758,-2.13435,,1.32925,1.68225,2.38010,2.29033,,-1.17349,-0.47876,-0.85655,-0.75973,,0.05524,0.43088,0.24919,0.56654,,0.00832,-0.00096,0.01169,-0.00075,,-0.02233,-0.01254,-0.02229,-0.02835,,0.00690,0.01716,0.00579,-0.00653,,0.06566,0.04386,0.09933,0.21389,,0.03402,-0.00275,0.03902,-0.03236,,-0.06049,-0.04805,-0.08325,-0.03551,,0.01659,0.01324,0.00170,0.03858
1251,151,push pink cup,video_2cam,"human video
push cup right",True,,0.23674,0.32805,0.17920,0.39607,,-0.05836,-0.04143,-0.11358,-0.11439,,0.12469,0.03813,0.11597,0.04232,,-1.10817,-1.79005,-1.68367,-2.07255,,1.30141,1.68376,2.29501,2.33280,,-1.18581,-0.48920,-0.93217,-0.76127,,0.04641,0.42954,0.28878,0.57156,,0.00805,-0.00072,0.01116,0.00041,,-0.02326,-0.01261,-0.02341,-0.02890,,0.00756,0.01871,0.00530,-0.00352,,0.06981,0.04556,0.09675,0.22426,,0.03424,-0.00370,0.06003,-0.04689,,-0.06490,-0.05019,-0.09394,-0.03802,,0.01691,0.01263,-0.00297,0.02129
1251,152,push pink cup,video_2cam,"human video
push cup right",True,,0.23566,0.32746,0.17500,0.40030,,-0.05800,-0.04088,-0.11219,-0.11855,,0.12436,0.03200,0.11858,0.03429,,-1.10871,-1.79426,-1.68236,-2.09540,,1.30143,1.68417,2.30161,2.37431,,-1.18339,-0.48021,-0.92112,-0.75394,,0.04876,0.43674,0.30753,0.57859,,0.00787,-0.00095,0.01148,-0.00066,,-0.02474,-0.01309,-0.02400,-0.02922,,0.00722,0.01950,0.00578,-0.00307,,0.07311,0.04784,0.12893,0.23345,,0.03649,-0.00426,0.03559,-0.04583,,-0.06693,-0.05329,-0.09537,-0.04048,,0.01720,0.01288,-0.00431,0.02962
1251,153,push pink cup,video_2cam,"human video
push cup right",True,,0.23700,0.32650,0.16789,0.40238,,-0.06232,-0.03655,-0.11609,-0.11602,,0.12570,0.02993,0.12051,0.02585,,-1.10581,-1.80241,-1.68922,-2.12758,,1.31398,1.67492,2.32158,2.41821,,-1.18207,-0.47530,-0.90238,-0.72972,,0.05386,0.44208,0.31193,0.58686,,0.00753,-0.00192,0.01255,-0.00152,,-0.02599,-0.01296,-0.02375,-0.02905,,0.00734,0.02059,0.00719,-0.00150,,0.07655,0.05136,0.16636,0.23390,,0.03762,-0.00752,-0.00752,-0.04723,,-0.06909,-0.05832,-0.09161,-0.03793,,0.01706,0.01239,-0.00388,0.02991
1251,154,push pink cup,video_2cam,"human video
push cup right",True,,0.23603,0.32308,0.17257,0.39693,,-0.06413,-0.03524,-0.11858,-0.11185,,0.12543,0.03002,0.11820,0.02566,,-1.09394,-1.78944,-1.59102,-2.09168,,1.31326,1.65862,2.34615,2.41014,,-1.19284,-0.48797,-0.90165,-0.72013,,0.05328,0.43595,0.29182,0.57312,,0.00788,-0.00214,0.01237,-0.00199,,-0.02585,-0.01371,-0.02416,-0.02899,,0.00907,0.02154,0.00726,-0.00016,,0.07784,0.05445,0.14526,0.24219,,0.03625,-0.00760,0.00794,-0.04867,,-0.07156,-0.06221,-0.09093,-0.03992,,0.01683,0.01303,0.00094,0.03537
1251,155,push pink cup,video_2cam,"human video
push cup right",True,,0.23706,0.32235,0.16989,0.39352,,-0.06757,-0.04029,-0.12177,-0.11396,,0.12550,0.03030,0.11804,0.02754,,-1.09404,-1.77480,-1.59810,-2.11634,,1.32532,1.66362,2.35718,2.45080,,-1.18945,-0.49721,-0.87951,-0.71287,,0.05910,0.43077,0.29644,0.55374,,0.00738,-0.00198,0.01261,-0.00199,,-0.02661,-0.01360,-0.02402,-0.02801,,0.00864,0.02045,0.00756,-0.00155,,0.07971,0.05242,0.17410,0.24590,,0.03675,-0.00674,-0.02193,-0.05539,,-0.07229,-0.05913,-0.08676,-0.04375,,0.01661,0.01316,0.00239,0.04428
1251,156,push pink cup,video_2cam,"human video
push cup right",True,,0.24088,0.32147,0.16420,0.39088,,-0.07929,-0.04102,-0.13106,-0.11534,,0.12298,0.02558,0.10926,0.02421,,-1.09236,-1.77726,-1.63951,-2.14983,,1.36496,1.66615,2.31489,2.44835,,-1.18134,-0.49002,-0.80101,-0.70654,,0.07305,0.43304,0.27072,0.56878,,0.00738,-0.00168,0.01248,-0.00213,,-0.02791,-0.01411,-0.02432,-0.02709,,0.00742,0.01967,0.00737,-0.00324,,0.07993,0.05133,0.19051,0.25803,,0.03987,-0.00454,-0.04467,-0.05623,,-0.07011,-0.05776,-0.08267,-0.04920,,0.01622,0.01379,0.01149,0.06238
1251,157,push pink cup,video_2cam,"human video
push cup right",True,,0.24507,0.32103,0.16622,0.38889,,-0.07979,-0.03915,-0.11486,-0.11070,,0.12245,0.02696,0.12538,0.02125,,-1.12395,-1.77998,-1.56418,-2.15786,,1.38797,1.66110,2.12930,2.44973,,-1.15293,-0.49085,-0.86206,-0.69429,,0.09548,0.43429,0.26751,0.59855,,0.00590,-0.00276,0.01170,-0.00265,,-0.02894,-0.01358,-0.02553,-0.02561,,0.00715,0.01970,0.00713,-0.00244,,0.08349,0.05300,0.23393,0.25610,,0.03902,-0.00789,-0.07210,-0.06161,,-0.07197,-0.06008,-0.08980,-0.04490,,0.01515,0.01300,0.01056,0.05770
1251,158,push pink cup,video_2cam,"human video
push cup right",True,,0.24788,0.31818,0.16855,0.38230,,-0.07875,-0.03801,-0.11396,-0.10713,,0.12464,0.01969,0.13102,0.01477,,-1.14224,-1.78065,-1.58015,-2.17608,,1.39695,1.65468,2.05936,2.41950,,-1.13949,-0.48487,-0.89119,-0.65828,,0.10447,0.43678,0.26842,0.61985,,0.00492,-0.00263,0.01177,-0.00300,,-0.02832,-0.01454,-0.02494,-0.02551,,0.00691,0.01956,0.00716,-0.00295,,0.08308,0.05396,0.27146,0.28488,,0.03655,-0.00584,-0.10790,-0.06762,,-0.07140,-0.06154,-0.08160,-0.05608,,0.01431,0.01398,0.00872,0.08708
1251,159,push pink cup,video_2cam,"human video
push cup right",True,,0.25022,0.31643,0.16402,0.37803,,-0.08081,-0.03444,-0.12091,-0.09981,,0.12324,0.01841,0.12813,0.01044,,-1.15545,-1.78016,-1.65556,-2.17579,,1.41365,1.64416,2.04740,2.45304,,-1.12290,-0.49002,-0.84046,-0.62514,,0.11645,0.43444,0.28474,0.62992,,0.00413,-0.00269,0.01156,-0.00269,,-0.02907,-0.01425,-0.02522,-0.02490,,0.00623,0.01917,0.00687,-0.00339,,0.08505,0.05321,0.32048,0.28567,,0.03678,-0.00573,-0.15478,-0.07470,,-0.07193,-0.06125,-0.07443,-0.05816,,0.01410,0.01385,0.00903,0.09348
1251,160,push pink cup,video_2cam,"human video
push cup right",True,,0.25239,0.31510,0.16038,0.37630,,-0.08226,-0.03293,-0.12626,-0.09875,,0.12203,0.01691,0.12489,0.01119,,-1.16250,-1.77794,-1.67735,-2.14049,,1.42511,1.63770,2.08694,2.43384,,-1.11429,-0.49373,-0.83028,-0.61526,,0.12369,0.43308,0.27534,0.62521,,0.00481,-0.00174,0.01232,-0.00253,,-0.02931,-0.01507,-0.02558,-0.02664,,0.00757,0.02025,0.00784,-0.00322,,0.08556,0.05387,0.31458,0.29202,,0.03745,-0.00300,-0.16172,-0.07091,,-0.07283,-0.06245,-0.07288,-0.06007,,0.01406,0.01446,0.01150,0.09509
1251,161,push pink cup,video_2cam,"human video
push cup right",True,,0.25072,0.31455,0.15912,0.37887,,-0.07571,-0.03641,-0.11602,-0.10875,,0.12253,0.01918,0.12973,0.01295,,-1.17146,-1.76331,-1.60505,-2.05375,,1.41072,1.63729,2.07206,2.55143,,-1.11165,-0.50802,-0.86336,-0.61834,,0.12320,0.43368,0.28250,0.60758,,0.00506,-0.00225,0.01278,-0.00346,,-0.02939,-0.01515,-0.02628,-0.02805,,0.00854,0.02259,0.00839,0.00027,,0.08655,0.05835,0.32980,0.30397,,0.03741,-0.00663,-0.16270,-0.08184,,-0.07469,-0.06807,-0.07802,-0.06013,,0.01415,0.01346,0.00828,0.08174
1251,162,push pink cup,video_2cam,"human video
push cup right",True,,0.24574,0.31053,0.15407,0.37640,,-0.08357,-0.03521,-0.11668,-0.09981,,0.12848,0.01902,0.13527,0.01948,,-1.11625,-1.75107,-1.53327,-2.03383,,1.39770,1.62148,2.10349,2.50631,,-1.16086,-0.52406,-0.87390,-0.63103,,0.09767,0.42772,0.28847,0.59957,,0.00679,-0.00126,0.01471,-0.00313,,-0.03161,-0.01651,-0.02796,-0.03102,,0.00875,0.02423,0.00825,0.00047,,0.08910,0.06051,0.27109,0.32489,,0.04404,-0.00347,-0.12089,-0.07807,,-0.07627,-0.07135,-0.08439,-0.06525,,0.01505,0.01402,0.01103,0.08575
1251,163,push pink cup,video_2cam,"human video
push cup right",True,,0.23812,0.31139,0.14970,0.37261,,-0.08757,-0.03746,-0.11647,-0.11143,,0.12876,0.02252,0.12925,0.01530,,-1.06594,-1.74801,-1.39038,-2.04267,,1.37682,1.62731,2.18126,2.62778,,-1.20294,-0.53190,-0.81858,-0.61361,,0.07574,0.42644,0.29348,0.61181,,0.00783,-0.00078,0.01477,-0.00345,,-0.03366,-0.01592,-0.02950,-0.03192,,0.00841,0.02440,0.00704,0.00058,,0.09243,0.05873,0.23053,0.31761,,0.04905,-0.00354,-0.07569,-0.07794,,-0.07877,-0.06944,-0.09288,-0.06064,,0.01626,0.01296,0.01489,0.08242
1251,164,push pink cup,video_2cam,"human video
push cup right",True,,0.23488,0.31161,0.14865,0.37823,,-0.08868,-0.03825,-0.10871,-0.11821,,0.12883,0.02165,0.13091,0.01720,,-1.04475,-1.75052,-1.31343,-2.05121,,1.36546,1.63046,2.19242,2.62211,,-1.22187,-0.52914,-0.82727,-0.63446,,0.06535,0.42831,0.29009,0.61596,,0.00867,0.00026,0.01452,-0.00293,,-0.03461,-0.01662,-0.03032,-0.03493,,0.00883,0.02549,0.00658,0.00041,,0.09394,0.05891,0.18719,0.32204,,0.05167,-0.00096,-0.03450,-0.06423,,-0.08027,-0.06986,-0.10107,-0.06235,,0.01684,0.01330,0.01575,0.08438
1251,165,push pink cup,video_2cam,"human video
push cup right",True,,0.23099,0.31265,0.15361,0.37561,,-0.08719,-0.04023,-0.10217,-0.12925,,0.12933,0.02326,0.13160,0.00906,,-1.02463,-1.75038,-1.25058,-2.04736,,1.34569,1.63756,2.21330,2.74344,,-1.24267,-0.53234,-0.84445,-0.61201,,0.05240,0.43118,0.29418,0.68448,,0.00899,-0.00012,0.01379,-0.00394,,-0.03434,-0.01577,-0.02924,-0.03356,,0.00922,0.02551,0.00624,0.00172,,0.09393,0.05840,0.13304,0.31645,,0.05121,-0.00345,0.01313,-0.07436,,-0.08124,-0.06953,-0.10465,-0.06068,,0.01717,0.01187,0.01705,0.08221
1251,166,push pink cup,video_2cam,"human video
push cup right",True,,0.23148,0.31213,0.15668,0.37125,,-0.09794,-0.04113,-0.10766,-0.13378,,0.13034,0.02590,0.12715,0.00703,,-0.99394,-1.74646,-1.19051,-2.05521,,1.35944,1.63666,2.21106,2.76129,,-1.26654,-0.53947,-0.82095,-0.60510,,0.04553,0.42829,0.24659,0.71708,,0.00981,-0.00007,0.01269,-0.00354,,-0.03431,-0.01555,-0.02835,-0.03308,,0.00946,0.02534,0.00587,0.00159,,0.09237,0.05773,0.08645,0.31493,,0.05226,-0.00355,0.03863,-0.07667,,-0.07970,-0.06881,-0.10025,-0.06045,,0.01697,0.01137,0.02316,0.08145
1251,167,push pink cup,video_2cam,"human video
push cup right",True,,0.23117,0.31366,0.15940,0.37477,,-0.09692,-0.05175,-0.11056,-0.15401,,0.12929,0.02891,0.12445,0.01358,,-0.99195,-1.72603,-1.26526,-2.02896,,1.35230,1.65478,2.24131,2.84258,,-1.26810,-0.54870,-0.82150,-0.63065,,0.03944,0.42408,0.24558,0.70410,,0.00949,-0.00001,0.01208,-0.00275,,-0.03300,-0.01529,-0.02718,-0.02953,,0.00840,0.02485,0.00520,0.00243,,0.08921,0.05647,0.06562,0.32317,,0.05035,-0.00422,0.06330,-0.10066,,-0.07700,-0.06590,-0.10339,-0.06579,,0.01715,0.01127,0.02166,0.09323
1251,168,push pink cup,video_2cam,"human video
push cup right",True,,0.23957,0.31187,0.17036,0.36875,,-0.09645,-0.05570,-0.12661,-0.14726,,0.12652,0.03270,0.11472,0.02246,,-1.03692,-1.70513,-1.34249,-2.04777,,1.38490,1.64974,2.22638,2.83484,,-1.22743,-0.56377,-0.81478,-0.64318,,0.06789,0.41439,0.19359,0.67260,,0.00865,-0.00097,0.01161,-0.00292,,-0.03014,-0.01539,-0.02513,-0.02792,,0.01032,0.02405,0.00673,0.00187,,0.08552,0.05774,0.09661,0.33247,,0.04266,-0.00595,0.01156,-0.10773,,-0.07553,-0.06638,-0.08244,-0.06588,,0.01552,0.01170,0.02134,0.09121
1251,169,push pink cup,video_2cam,"human video
push cup right",True,,0.24026,0.31183,0.16829,0.36700,,-0.09373,-0.05678,-0.13577,-0.14652,,0.12757,0.03542,0.11288,0.02243,,-1.04549,-1.70067,-1.37552,-2.07319,,1.38303,1.64915,2.26620,2.85276,,-1.22077,-0.56834,-0.80536,-0.63105,,0.07087,0.41154,0.21159,0.66784,,0.00835,-0.00148,0.01260,-0.00247,,-0.02967,-0.01502,-0.02460,-0.02598,,0.01097,0.02369,0.00771,0.00213,,0.08602,0.05787,0.13073,0.32769,,0.04081,-0.00751,-0.02570,-0.11394,,-0.07664,-0.06625,-0.07279,-0.06431,,0.01538,0.01142,0.02009,0.08785
1251,170,push pink cup,video_2cam,"human video
push cup right",True,,0.24001,0.30913,0.16670,0.37048,,-0.09429,-0.05434,-0.13879,-0.14882,,0.12619,0.03003,0.10925,0.01633,,-1.04762,-1.70239,-1.32475,-2.00980,,1.38770,1.64180,2.27402,2.90395,,-1.21657,-0.57127,-0.77442,-0.62799,,0.07592,0.41512,0.22104,0.70342,,0.00787,-0.00070,0.01216,-0.00369,,-0.03008,-0.01555,-0.02470,-0.02814,,0.01071,0.02462,0.00754,0.00207,,0.08752,0.05813,0.15289,0.34785,,0.04055,-0.00544,-0.04339,-0.11562,,-0.07758,-0.06791,-0.06964,-0.07064,,0.01529,0.01108,0.02126,0.10422
1251,171,push pink cup,video_2cam,"human video
push cup right",True,,0.24087,0.30635,0.17047,0.37810,,-0.09343,-0.05572,-0.15361,-0.14763,,0.12503,0.02590,0.09991,0.01744,,-1.04924,-1.68861,-1.41898,-1.98572,,1.38484,1.63528,2.36523,3.01145,,-1.21330,-0.58072,-0.74877,-0.62695,,0.07544,0.41263,0.22850,0.68218,,0.00678,-0.00043,0.01104,-0.00412,,-0.02784,-0.01596,-0.02221,-0.02819,,0.01054,0.02512,0.00787,0.00335,,0.08514,0.05894,0.16933,0.36851,,0.03454,-0.00466,-0.05957,-0.12549,,-0.07656,-0.06914,-0.06174,-0.08062,,0.01502,0.01149,0.01709,0.12268
1251,172,push pink cup,video_2cam,"human video
push cup right",True,,0.24874,0.30664,0.17968,0.37922,,-0.08817,-0.05832,-0.15816,-0.16009,,0.12472,0.03213,0.10304,0.00823,,-1.10061,-1.67926,-1.44604,-1.97177,,1.40359,1.63612,2.28268,3.23250,,-1.17229,-0.59492,-0.80876,-0.59717,,0.10014,0.41154,0.20608,0.75229,,0.00529,-0.00214,0.00942,-0.00348,,-0.02428,-0.01440,-0.02001,-0.02194,,0.01238,0.02538,0.00947,0.00671,,0.08135,0.06079,0.21169,0.35668,,0.02460,-0.01173,-0.09688,-0.14864,,-0.07552,-0.07153,-0.05338,-0.07736,,0.01319,0.00923,0.01097,0.10830
1251,173,push pink cup,video_2cam,"human video
push cup right",True,,0.24927,0.30937,0.17779,0.38142,,-0.08884,-0.06314,-0.16389,-0.16901,,0.12254,0.02891,0.08998,-0.00460,,-1.10734,-1.68102,-1.51862,-1.98441,,1.41175,1.65596,2.31253,3.36236,,-1.16506,-0.58856,-0.73545,-0.55539,,0.10001,0.42000,0.19899,0.76494,,0.00593,-0.00268,0.00997,-0.00435,,-0.02417,-0.01288,-0.01975,-0.01473,,0.00997,0.02459,0.00870,0.00968,,0.07622,0.05850,0.20242,0.33264,,0.02831,-0.01515,-0.08678,-0.16249,,-0.06926,-0.06879,-0.04997,-0.07322,,0.01358,0.00770,0.01442,0.12124
1251,174,push pink cup,video_2cam,"human video
push cup right",True,,0.25339,0.30873,0.18988,0.36989,,-0.08090,-0.06677,-0.17820,-0.16107,,0.12057,0.03420,0.07793,-0.00682,,-1.14765,-1.66892,-1.64143,-2.08378,,1.41257,1.65711,2.38235,3.37464,,-1.13283,-0.59906,-0.71322,-0.51788,,0.10973,0.41038,0.22631,0.77006,,0.00390,-0.00440,0.00826,-0.00451,,-0.01955,-0.01111,-0.01665,-0.00915,,0.00821,0.02098,0.00714,0.00946,,0.06756,0.05477,0.18758,0.31285,,0.01867,-0.01893,-0.08090,-0.16841,,-0.06260,-0.06330,-0.03743,-0.06472,,0.01262,0.00685,0.01372,0.13939
1251,175,push pink cup,video_2cam,"human video
push cup right",True,,0.25867,0.31063,0.20713,0.35847,,-0.07307,-0.07162,-0.17469,-0.15857,,0.11918,0.04371,0.07782,-0.00587,,-1.18666,-1.65698,-1.75463,-2.15941,,1.41113,1.66436,2.35904,3.33881,,-1.10394,-0.61001,-0.75787,-0.48622,,0.11679,0.40042,0.23329,0.76284,,0.00270,-0.00592,0.00664,-0.00421,,-0.01436,-0.00907,-0.01385,-0.00431,,0.00805,0.01830,0.00641,0.01037,,0.05795,0.05154,0.11650,0.26632,,0.00841,-0.02362,-0.03141,-0.16651,,-0.05639,-0.05803,-0.03898,-0.05159,,0.01160,0.00583,0.01379,0.16044
1251,176,push pink cup,video_2cam,"human video
push cup right",True,,0.25908,0.31440,0.21743,0.34936,,-0.06687,-0.07208,-0.16263,-0.16112,,0.12053,0.04259,0.08626,-0.01033,,-1.19562,-1.68166,-1.68578,-2.21241,,1.39504,1.68608,2.27228,3.12847,,-1.10450,-0.58899,-0.83709,-0.45863,,0.11091,0.40704,0.23279,0.77052,,0.00246,-0.00469,0.00566,-0.00508,,-0.01109,-0.00838,-0.01190,-0.00709,,0.00861,0.01557,0.00551,0.00623,,0.05200,0.04368,0.06714,0.23797,,0.00233,-0.01922,0.00570,-0.13833,,-0.05341,-0.04853,-0.03981,-0.04080,,0.01104,0.00536,0.01196,0.17735
1251,177,push pink cup,video_2cam,"human video
push cup right",True,,0.25890,0.31541,0.22699,0.34390,,-0.06657,-0.07330,-0.17073,-0.14653,,0.12084,0.04146,0.07352,-0.01543,,-1.18046,-1.68313,-1.69456,-2.34925,,1.38112,1.69360,2.30913,3.01148,,-1.12177,-0.58377,-0.84201,-0.42514,,0.09382,0.40302,0.25051,0.68605,,0.00307,-0.00448,0.00493,-0.00474,,-0.00718,-0.00746,-0.00740,-0.00700,,0.00841,0.01232,0.00288,0.00388,,0.04251,0.03736,-0.03506,0.23037,,-0.00264,-0.01712,0.05704,-0.12656,,-0.04707,-0.04018,-0.03149,-0.03790,,0.01102,0.00585,0.00694,0.20156
1251,178,push pink cup,video_2cam,"human video
push cup right",True,,0.25575,0.31536,0.23990,0.33579,,-0.05901,-0.07060,-0.15355,-0.14998,,0.12523,0.04794,0.08298,-0.01110,,-1.15386,-1.68066,-1.60996,-2.28471,,1.33097,1.68278,2.24398,3.05080,,-1.15627,-0.59428,-0.95030,-0.42145,,0.06566,0.40130,0.24247,0.70460,,0.00261,-0.00543,0.00480,-0.00482,,-0.00194,-0.00714,-0.00394,-0.00644,,0.01172,0.01439,0.00390,0.00597,,0.03821,0.04202,-0.06085,0.24960,,-0.01571,-0.02168,0.05135,-0.15298,,-0.04914,-0.04622,-0.02969,-0.02302,,0.01070,0.00487,-0.00688,0.17143
1251,179,push pink cup,video_2cam,"human video
push cup right",True,,0.25518,0.31781,0.23604,0.32917,,-0.05677,-0.06862,-0.15364,-0.16744,,0.13329,0.05188,0.09255,-0.01008,,-1.12517,-1.69337,-1.53024,-2.10233,,1.30057,1.68641,2.17916,3.00051,,-1.19254,-0.58862,-0.96622,-0.43190,,0.03938,0.40519,0.21888,0.69719,,0.00353,-0.00493,0.00724,-0.00467,,0.00248,-0.00710,-0.00021,-0.00735,,0.01496,0.01596,0.00627,0.00665,,0.03190,0.04297,-0.08262,0.30090,,-0.02398,-0.02184,0.04021,-0.19803,,-0.04834,-0.04775,-0.02574,0.00265,,0.01029,0.00431,-0.01432,0.14448
1251,180,push pink cup,video_2cam,"human video
push cup right",True,,0.25582,0.32088,0.23412,0.32488,,-0.05583,-0.06232,-0.15636,-0.16725,,0.14057,0.05283,0.10040,-0.01001,,-1.10397,-1.72387,-1.55036,-1.88425,,1.27976,1.69042,2.15033,2.77126,,-1.21984,-0.56846,-0.93789,-0.43769,,0.01462,0.41155,0.24531,0.70244,,0.00502,-0.00302,0.00955,-0.00361,,0.00595,-0.00786,0.00173,-0.01148,,0.01644,0.01680,0.00765,0.00344,,0.02384,0.04087,-0.08788,0.24646,,-0.02754,-0.01629,0.02579,-0.16618,,-0.04403,-0.04587,-0.02080,0.01447,,0.01034,0.00482,-0.01468,0.10556
1251,181,push pink cup,video_2cam,"human video
push cup right",True,,0.25260,0.32232,0.24256,0.32143,,-0.06293,-0.06528,-0.15059,-0.17482,,0.14719,0.05736,0.10879,-0.00479,,-1.04444,-1.71768,-1.46108,-1.84978,,1.25999,1.69628,2.09119,2.73406,,-1.27739,-0.57361,-0.94069,-0.44285,,-0.02589,0.40756,0.21259,0.64500,,0.00738,-0.00332,0.01023,-0.00363,,0.00878,-0.00719,0.00339,-0.01028,,0.01533,0.01615,0.00538,0.00398,,0.01246,0.03967,-0.07560,0.30579,,-0.02632,-0.01767,0.00904,-0.21492,,-0.03491,-0.04376,-0.00443,0.03953,,0.01105,0.00450,-0.01871,0.09983
1251,182,push pink cup,video_2cam,"human video
push cup right",True,,0.24862,0.32222,0.25197,0.32970,,-0.06810,-0.07146,-0.14327,-0.17932,,0.15295,0.06087,0.11600,0.00508,,-0.99177,-1.70237,-1.45553,-1.89740,,1.23658,1.70216,2.11058,2.69596,,-1.32709,-0.58143,-0.95431,-0.46209,,-0.05737,0.40054,0.20376,0.61173,,0.00788,-0.00328,0.00990,-0.00223,,0.01044,-0.00759,0.00456,-0.00873,,0.01497,0.01548,0.00462,0.00414,,0.00871,0.03924,-0.08025,0.34586,,-0.02817,-0.01681,0.00411,-0.25444,,-0.03266,-0.04200,0.00264,0.05139,,0.01140,0.00515,-0.02089,0.09848
1251,183,push pink cup,video_2cam,"human video
push cup right",True,,0.24626,0.32503,0.26000,0.32968,,-0.06997,-0.08008,-0.13542,-0.17987,,0.15789,0.06548,0.11408,0.01433,,-0.96427,-1.69446,-1.65694,-2.04607,,1.22002,1.72512,2.22259,2.44098,,-1.35617,-0.58323,-0.91308,-0.44199,,-0.08363,0.39229,0.23987,0.56338,,0.00971,-0.00178,0.01096,-0.00099,,0.01028,-0.00732,0.00516,-0.00904,,0.01314,0.01245,0.00308,0.00148,,0.00345,0.03116,-0.07882,0.34014,,-0.02209,-0.01138,0.01163,-0.26863,,-0.02687,-0.03059,0.01417,0.07659,,0.01239,0.00575,-0.02060,0.09822
1251,184,push pink cup,video_2cam,"human video
push cup right",True,,0.24174,0.32773,0.26622,0.34272,,-0.08346,-0.08446,-0.13272,-0.18746,,0.16111,0.06905,0.10599,0.03169,,-0.89614,-1.69647,-1.71444,-2.15781,,1.21532,1.74141,2.32325,2.31546,,-1.41318,-0.57688,-0.86875,-0.47819,,-0.11810,0.38618,0.24905,0.59501,,0.01238,-0.00045,0.01084,0.00101,,0.00904,-0.00747,0.00521,-0.00813,,0.01081,0.00979,0.00050,-0.00075,,-0.00142,0.02462,-0.08132,0.24420,,-0.01279,-0.00573,0.02240,-0.21871,,-0.02047,-0.02124,0.03159,0.07485,,0.01379,0.00689,-0.02806,0.10354
1251,185,push pink cup,video_2cam,"human video
push cup right",True,,0.23495,0.32688,0.27012,0.34945,,-0.09440,-0.09162,-0.12940,-0.19429,,0.16414,0.07227,0.10418,0.04682,,-0.82851,-1.67603,-1.72794,-2.32889,,1.20329,1.74789,2.38671,2.28998,,-1.46972,-0.58839,-0.86037,-0.50159,,-0.15024,0.37206,0.24887,0.63484,,0.01372,-0.00007,0.01143,0.00087,,0.00738,-0.00731,0.00677,-0.00527,,0.00797,0.00638,-0.00183,-0.00312,,-0.00297,0.01887,-0.10900,0.24768,,-0.00537,-0.00233,0.03169,-0.22249,,-0.01681,-0.01260,0.04810,0.08699,,0.01505,0.00799,-0.02989,0.13313
1251,186,push pink cup,video_2cam,"human video
push cup right",True,,0.23563,0.32638,0.27179,0.35658,,-0.09528,-0.09619,-0.13263,-0.19614,,0.16147,0.07661,0.09833,0.06678,,-0.83669,-1.66142,-1.79080,-2.29524,,1.21200,1.75095,2.43526,2.20651,,-1.45915,-0.60099,-0.85544,-0.54107,,-0.14451,0.36075,0.25332,0.62872,,0.01358,0.00177,0.01119,0.00221,,0.00669,-0.00839,0.00677,-0.00871,,0.00683,0.00587,-0.00227,-0.00318,,-0.00292,0.01566,-0.11280,0.21863,,-0.00346,0.00403,0.03523,-0.20468,,-0.01560,-0.00782,0.04767,0.07882,,0.01522,0.00926,-0.02898,0.13796
1251,187,push pink cup,video_2cam,"human video
push cup right",True,,0.23066,0.32848,0.25893,0.36489,,-0.09402,-0.09953,-0.11749,-0.19543,,0.15971,0.08041,0.10384,0.07381,,-0.81764,-1.66315,-1.85530,-2.37479,,1.19543,1.76115,2.39132,2.09571,,-1.47637,-0.59751,-0.87660,-0.53235,,-0.15922,0.36193,0.28264,0.64789,,0.01609,0.00215,0.01274,0.00403,,0.00406,-0.00882,0.00485,-0.01039,,0.00649,0.00672,-0.00445,-0.00201,,-0.00215,0.01652,-0.12190,0.20834,,0.00637,0.00452,0.05422,-0.20775,,-0.01526,-0.00829,0.04782,0.07577,,0.01686,0.00931,-0.02663,0.12429
1251,188,push pink cup,video_2cam,"human video
push cup right",True,,0.22586,0.32740,0.25660,0.36163,,-0.10135,-0.09656,-0.11213,-0.19221,,0.16431,0.07793,0.10961,0.07100,,-0.76506,-1.66905,-1.82620,-2.25356,,1.18014,1.75494,2.36405,2.15191,,-1.52260,-0.59319,-0.88984,-0.55262,,-0.18242,0.36441,0.25982,0.58936,,0.01641,0.00187,0.01285,0.00383,,0.00297,-0.00894,0.00524,-0.00812,,0.00638,0.00684,-0.00466,-0.00166,,0.00059,0.01751,-0.13615,0.18931,,0.00819,0.00418,0.05716,-0.20297,,-0.01748,-0.00995,0.05397,0.07370,,0.01731,0.00935,-0.02573,0.11967
1251,189,push pink cup,video_2cam,"human video
push cup right",True,,0.22421,0.32773,0.25335,0.37054,,-0.10273,-0.10334,-0.11636,-0.20290,,0.16658,0.07884,0.11457,0.07622,,-0.75463,-1.65809,-1.76415,-2.33095,,1.17832,1.76416,2.36009,2.12229,,-1.53154,-0.59453,-0.90882,-0.57717,,-0.18043,0.36671,0.23103,0.61505,,0.01507,0.00100,0.01260,0.00343,,0.00235,-0.00930,0.00534,-0.00598,,0.00692,0.00787,-0.00379,0.00076,,0.00564,0.02134,-0.14170,0.24704,,0.00552,0.00102,0.05411,-0.25000,,-0.02216,-0.01379,0.05658,0.07889,,0.01679,0.00916,-0.02355,0.12410
1251,190,push pink cup,video_2cam,"human video
push cup right",True,,0.22314,0.33027,0.24869,0.37453,,-0.10135,-0.10490,-0.11456,-0.20352,,0.16972,0.08069,0.12417,0.07562,,-0.75255,-1.66691,-1.70022,-2.37837,,1.17253,1.77329,2.29438,2.00500,,-1.53646,-0.58404,-0.93024,-0.56771,,-0.18006,0.37559,0.21857,0.64344,,0.01442,0.00004,0.01282,0.00340,,0.00173,-0.00916,0.00484,-0.00702,,0.00760,0.00967,-0.00354,0.00245,,0.00920,0.02566,-0.14228,0.26471,,0.00452,-0.00346,0.05494,-0.26600,,-0.02560,-0.01892,0.05945,0.08933,,0.01643,0.00832,-0.02205,0.10135
1251,191,push pink cup,video_2cam,"human video
push cup right",True,,0.21789,0.33101,0.23958,0.37731,,-0.10271,-0.10580,-0.09732,-0.19822,,0.17544,0.08386,0.13959,0.08064,,-0.71561,-1.66608,-1.68013,-2.44550,,1.14855,1.77546,2.16312,1.92494,,-1.57471,-0.58569,-0.96752,-0.56160,,-0.20159,0.37292,0.20411,0.68304,,0.01500,-0.00004,0.01337,0.00352,,0.00023,-0.00890,0.00429,-0.00779,,0.00771,0.00916,-0.00456,0.00155,,0.01225,0.02476,-0.14893,0.28914,,0.00781,-0.00364,0.06447,-0.28756,,-0.02819,-0.01747,0.06538,0.10303,,0.01688,0.00822,-0.02025,0.09893
1251,192,push pink cup,video_2cam,"human video
push cup right",True,,0.21373,0.32995,0.23826,0.37406,,-0.10810,-0.10632,-0.08873,-0.19524,,0.18466,0.09045,0.15217,0.09172,,-0.66302,-1.64737,-1.64825,-2.39776,,1.12406,1.76481,2.08597,1.95792,,-1.62585,-0.60872,-0.97749,-0.57561,,-0.22855,0.36307,0.17727,0.69620,,0.01446,0.00032,0.01407,0.00347,,0.00017,-0.00923,0.00490,-0.01232,,0.00837,0.01094,-0.00443,0.00290,,0.01561,0.02709,-0.16242,0.32221,,0.00553,-0.00389,0.06539,-0.29688,,-0.03203,-0.02019,0.07449,0.09381,,0.01675,0.00826,-0.01967,0.08727
1251,193,push pink cup,video_2cam,"human video
push cup right",True,,0.20732,0.32897,0.23484,0.38069,,-0.11486,-0.11981,-0.07802,-0.21361,,0.19619,0.10116,0.16973,0.11787,,-0.59172,-1.60125,-1.57139,-2.31286,,1.09283,1.76865,1.96834,1.98370,,-1.69556,-0.64125,-0.99743,-0.65614,,-0.26629,0.34764,0.15948,0.69203,,0.01473,-0.00010,0.01524,0.00284,,0.00013,-0.01032,0.00611,-0.01354,,0.00873,0.01293,-0.00471,0.00682,,0.01717,0.03253,-0.18043,0.36565,,0.00519,-0.00616,0.06841,-0.30909,,-0.03428,-0.02458,0.08702,0.07579,,0.01691,0.00894,-0.02037,0.09514
1251,194,push pink cup,video_2cam,"human video
push cup right",True,,0.20038,0.32845,0.23599,0.38316,,-0.11790,-0.13201,-0.06536,-0.22652,,0.20825,0.11055,0.18646,0.13766,,-0.52192,-1.56388,-1.51960,-2.22130,,1.04961,1.77565,1.86549,1.94662,,-1.76784,-0.66766,-0.99658,-0.72508,,-0.31201,0.33372,0.14415,0.70946,,0.01589,0.00003,0.01671,0.00266,,0.00102,-0.01131,0.00742,-0.01364,,0.00917,0.01391,-0.00536,0.01032,,0.01516,0.03509,-0.19013,0.39819,,0.00540,-0.00620,0.06853,-0.32597,,-0.03408,-0.02572,0.09834,0.06756,,0.01744,0.00960,-0.02181,0.10892
1251,195,push pink cup,video_2cam,"human video
push cup right",True,,0.19487,0.32549,0.23752,0.38574,,-0.11848,-0.13429,-0.06209,-0.22452,,0.21841,0.11581,0.19843,0.14872,,-0.47161,-1.54289,-1.44426,-2.17349,,1.01362,1.76387,1.82674,1.90442,,-1.82123,-0.68859,-0.99357,-0.77456,,-0.34538,0.32114,0.10836,0.66084,,0.01628,0.00024,0.01798,0.00325,,0.00189,-0.01197,0.00817,-0.01012,,0.00982,0.01428,-0.00579,0.01312,,0.01476,0.03629,-0.19733,0.41768,,0.00390,-0.00505,0.06673,-0.35956,,-0.03532,-0.02669,0.10801,0.06997,,0.01767,0.01021,-0.02346,0.11353
1251,196,push pink cup,video_2cam,"human video
push cup right",True,,0.19224,0.32469,0.24513,0.39082,,-0.12574,-0.14504,-0.05594,-0.22678,,0.22732,0.12313,0.20876,0.16232,,-0.42100,-1.51290,-1.41363,-2.16126,,0.99830,1.77057,1.77087,1.83266,,-1.87049,-0.70799,-0.98027,-0.81470,,-0.37543,0.31013,0.07203,0.68857,,0.01685,-0.00007,0.01846,0.00280,,0.00272,-0.01271,0.00955,-0.00808,,0.00894,0.01446,-0.00640,0.01573,,0.01146,0.03830,-0.20844,0.41826,,0.00435,-0.00568,0.06779,-0.36806,,-0.03237,-0.02736,0.11825,0.06789,,0.01780,0.01069,-0.02588,0.12560
1251,197,push pink cup,video_2cam,"human video
push cup right",True,,0.19210,0.32439,0.25220,0.39167,,-0.12820,-0.15635,-0.04872,-0.21874,,0.23363,0.13038,0.21770,0.16785,,-0.40017,-1.48524,-1.34451,-2.23762,,0.98893,1.78158,1.68241,1.69041,,-1.89450,-0.72523,-0.98975,-0.80311,,-0.39118,0.29809,0.05316,0.72909,,0.01656,-0.00035,0.01797,0.00243,,0.00478,-0.01279,0.01107,-0.00721,,0.00846,0.01307,-0.00642,0.01579,,0.00718,0.03710,-0.20885,0.50039,,0.00086,-0.00580,0.06104,-0.43301,,-0.02932,-0.02401,0.12346,0.09077,,0.01730,0.01096,-0.02671,0.14031
1251,198,push pink cup,video_2cam,"human video
push cup right",True,,0.18732,0.32443,0.25805,0.38681,,-0.13491,-0.15980,-0.03872,-0.19638,,0.23874,0.13984,0.22627,0.17404,,-0.34836,-1.46920,-1.33161,-2.25941,,0.97306,1.77958,1.62834,1.64288,,-1.94270,-0.74202,-0.99866,-0.77659,,-0.42021,0.28628,0.04371,0.69774,,0.01799,-0.00107,0.01861,0.00163,,0.00417,-0.01223,0.01196,-0.00806,,0.00718,0.01216,-0.00768,0.01465,,0.00478,0.03672,-0.22378,0.51627,,0.00572,-0.00778,0.06976,-0.44473,,-0.02639,-0.02248,0.13051,0.09814,,0.01807,0.01074,-0.02775,0.13191
1251,199,push pink cup,video_2cam,"human video
push cup right",True,,0.18262,0.32207,0.26128,0.38907,,-0.14500,-0.16669,-0.03312,-0.17287,,0.24749,0.15048,0.23725,0.19205,,-0.28376,-1.43549,-1.31016,-2.28894,,0.95893,1.77218,1.58301,1.49134,,-2.00129,-0.76862,-0.98217,-0.80242,,-0.45418,0.26416,0.03521,0.61642,,0.01915,-0.00229,0.01991,0.00100,,0.00327,-0.01179,0.01313,-0.00276,,0.00558,0.00960,-0.00894,0.01085,,0.00336,0.03553,-0.25297,0.45899,,0.01073,-0.00943,0.08374,-0.42533,,-0.02384,-0.01893,0.14426,0.10522,,0.01878,0.01153,-0.03004,0.14493
1251,200,push pink cup,video_2cam,"human video
push cup right",True,,0.18002,0.32160,0.27152,0.38520,,-0.15244,-0.17226,-0.02592,-0.13908,,0.25389,0.16212,0.24559,0.20575,,-0.23315,-1.41027,-1.31492,-2.27189,,0.94318,1.77032,1.53777,1.40331,,-2.04910,-0.79465,-0.97391,-0.77948,,-0.48491,0.24749,0.02705,0.56397,,0.01987,-0.00273,0.01957,-0.00098,,0.00455,-0.01124,0.01459,-0.00411,,0.00451,0.00838,-0.00895,0.00884,,-0.00135,0.03413,-0.25546,0.45885,,0.01079,-0.01058,0.07908,-0.42391,,-0.01980,-0.01592,0.14851,0.11083,,0.01907,0.01129,-0.03107,0.14025
1251,201,push pink cup,video_2cam,"human video
push cup right",True,,0.17664,0.32077,0.27478,0.37956,,-0.15204,-0.17624,-0.02021,-0.12526,,0.25588,0.16933,0.24749,0.21701,,-0.20905,-1.38843,-1.32759,-2.20132,,0.92410,1.76741,1.52337,1.39118,,-2.07397,-0.81788,-0.99911,-0.78964,,-0.50006,0.23678,0.02835,0.52402,,0.01995,-0.00323,0.01889,-0.00345,,0.00564,-0.01071,0.01565,-0.00636,,0.00481,0.00802,-0.00897,0.00806,,-0.00274,0.03404,-0.25514,0.54075,,0.00856,-0.01260,0.07263,-0.47545,,-0.01983,-0.01521,0.14880,0.12961,,0.01916,0.01067,-0.03118,0.13495
1251,202,push pink cup,video_2cam,"human video
push cup right",True,,0.17275,0.31795,0.27217,0.37436,,-0.15334,-0.17320,-0.02248,-0.11258,,0.25492,0.17595,0.24062,0.23550,,-0.18389,-1.37344,-1.32469,-2.09722,,0.91010,1.74606,1.55570,1.36989,,-2.09400,-0.83720,-0.98343,-0.84601,,-0.51340,0.22207,0.04315,0.40431,,0.02034,-0.00474,0.01908,-0.00418,,0.00518,-0.00979,0.01594,-0.00112,,0.00425,0.00649,-0.00929,0.00566,,-0.00222,0.03425,-0.26424,0.52625,,0.01015,-0.01587,0.07542,-0.49382,,-0.02017,-0.01504,0.14911,0.14078,,0.01996,0.01074,-0.03189,0.12413
1251,203,push pink cup,video_2cam,"human video
push cup right",True,,0.17249,0.31478,0.27761,0.36462,,-0.15280,-0.16872,-0.02301,-0.10876,,0.25541,0.17647,0.23490,0.23522,,-0.17502,-1.36729,-1.38543,-2.17291,,0.89887,1.72832,1.58429,1.34426,,-2.10245,-0.84939,-0.97828,-0.85295,,-0.52142,0.21287,0.08503,0.39582,,0.01890,-0.00554,0.01679,-0.00483,,0.00812,-0.00868,0.01723,-0.00137,,0.00372,0.00418,-0.00850,0.00164,,-0.00562,0.03140,-0.24888,0.72778,,0.00247,-0.01688,0.05971,-0.64435,,-0.01853,-0.01199,0.14280,0.19573,,0.01955,0.01049,-0.03347,0.12311
1251,204,push pink cup,video_2cam,"human video
push cup right",True,,0.18336,0.31430,0.27940,0.35571,,-0.14535,-0.15389,-0.03726,-0.07579,,0.24010,0.17812,0.20118,0.24404,,-0.27067,-1.39813,-1.43156,-2.05159,,0.94391,1.70571,1.68135,1.35376,,-2.00722,-0.83722,-0.93824,-0.86474,,-0.46862,0.21416,0.20119,0.28253,,0.01580,-0.00692,0.01160,-0.00532,,0.01228,-0.00724,0.01733,-0.00028,,0.00255,0.00241,-0.00630,-0.00144,,-0.01161,0.03008,-0.19587,0.69926,,-0.00931,-0.01959,0.03498,-0.65451,,-0.01359,-0.01174,0.11922,0.20880,,0.01809,0.00972,-0.03890,0.09664
1251,205,push pink cup,video_2cam,"human video
push cup right",True,,0.18971,0.31385,0.28849,0.36271,,-0.14353,-0.15537,-0.03353,-0.09256,,0.23590,0.17020,0.19865,0.24039,,-0.31906,-1.41296,-1.55012,-2.09307,,0.97002,1.71745,1.69264,1.23185,,-1.96142,-0.81406,-0.93029,-0.91905,,-0.44754,0.22076,0.24657,0.30827,,0.01411,-0.00788,0.01001,-0.00461,,0.01386,-0.00670,0.01765,0.00076,,-0.00069,-0.00194,-0.00649,-0.00652,,-0.01711,0.02515,-0.16420,0.83946,,-0.01181,-0.01885,0.02451,-0.77599,,-0.00661,-0.00533,0.10317,0.25186,,0.01737,0.00987,-0.03693,0.11676
1251,206,push pink cup,video_2cam,"human video
push cup right",True,,0.19796,0.30537,0.29464,0.34871,,-0.13425,-0.14761,-0.03724,-0.08212,,0.23061,0.17259,0.19575,0.26624,,-0.40324,-1.39580,-1.54121,-1.82429,,1.00225,1.67564,1.71762,1.12443,,-1.88676,-0.84060,-0.92482,-1.06385,,-0.41176,0.19923,0.29690,0.23164,,0.01188,-0.00898,0.00835,-0.00323,,0.01677,-0.00635,0.01747,0.00830,,-0.00433,-0.00529,-0.00732,-0.00977,,-0.02571,0.02283,-0.12763,0.92353,,-0.01659,-0.01800,0.01232,-0.87228,,0.00283,-0.00296,0.07839,0.28692,,0.01619,0.01061,-0.03757,0.12628
1251,207,push pink cup,video_2cam,"human video
push cup right",True,,0.20152,0.30537,0.29067,0.34205,,-0.13051,-0.14104,-0.04447,-0.09532,,0.23104,0.16842,0.19518,0.25680,,-0.43618,-1.42124,-1.49050,-1.91909,,1.01375,1.67543,1.75505,1.03686,,-1.85773,-0.82230,-0.90029,-1.05235,,-0.40408,0.19715,0.32451,0.33441,,0.01120,-0.00726,0.00887,-0.00001,,0.01781,-0.00597,0.01742,0.01055,,-0.00760,-0.00966,-0.00945,-0.01382,,-0.03150,0.01235,-0.11367,0.97948,,-0.01587,-0.00964,0.01116,-0.92889,,0.01008,0.00930,0.07049,0.31587,,0.01614,0.01164,-0.04240,0.13312
1251,208,push pink cup,video_2cam,"human video
push cup right",True,,0.20918,0.30054,0.28135,0.32886,,-0.12381,-0.12561,-0.05172,-0.09970,,0.23020,0.16110,0.19889,0.24762,,-0.50953,-1.44636,-1.48310,-1.85225,,1.04454,1.64492,1.78984,1.05546,,-1.79295,-0.81069,-0.90573,-1.04785,,-0.37569,0.19313,0.32680,0.43742,,0.01004,-0.00692,0.00941,0.00181,,0.01761,-0.00566,0.01682,0.01662,,-0.01151,-0.01334,-0.01245,-0.01613,,-0.03578,0.00625,-0.10008,0.95525,,-0.01286,-0.00437,0.01233,-0.92094,,0.01759,0.01508,0.06616,0.32196,,0.01568,0.01274,-0.04743,0.12048
1251,209,push pink cup,video_2cam,"human video
push cup right",True,,0.20725,0.29555,0.26405,0.32583,,-0.12894,-0.12417,-0.03902,-0.10959,,0.23533,0.16037,0.21475,0.25422,,-0.49006,-1.43872,-1.43636,-1.76691,,1.04507,1.62842,1.57411,0.98000,,-1.81094,-0.81532,-0.99404,-1.10568,,-0.38794,0.18090,0.32240,0.42840,,0.00977,-0.00778,0.01052,0.00326,,0.01552,-0.00592,0.01752,0.02376,,-0.01530,-0.01726,-0.01564,-0.01856,,-0.03564,0.00324,-0.12144,0.89745,,-0.00638,-0.00212,0.01987,-0.89294,,0.02115,0.01940,0.07314,0.31479,,0.01604,0.01408,-0.04676,0.11990
1251,210,push pink cup,video_2cam,"human video
push cup right",True,,0.20568,0.29026,0.24151,0.31225,,-0.12592,-0.10964,-0.02803,-0.07720,,0.23871,0.16185,0.23055,0.25776,,-0.50025,-1.44965,-1.33193,-1.74601,,1.04481,1.58892,1.34161,0.93186,,-1.80706,-0.82295,-1.10836,-1.09009,,-0.38664,0.17074,0.32641,0.37431,,0.00941,-0.00776,0.01142,0.00243,,0.01410,-0.00623,0.01721,0.03340,,-0.01794,-0.01819,-0.01915,-0.01679,,-0.03592,0.00264,-0.14121,0.74554,,-0.00179,0.00067,0.02744,-0.82486,,0.02384,0.01868,0.07599,0.30857,,0.01597,0.01479,-0.05034,0.09604
1251,211,push pink cup,video_2cam,"human video
push cup right",True,,0.20515,0.28915,0.22722,0.31554,,-0.12662,-0.09782,-0.02129,-0.09081,,0.24563,0.14852,0.24981,0.22960,,-0.49604,-1.48518,-1.27109,-1.82860,,1.04126,1.57826,1.13140,1.11454,,-1.81518,-0.78769,-1.21169,-1.02341,,-0.39587,0.18061,0.30454,0.44945,,0.00936,-0.00749,0.01350,0.00164,,0.01221,-0.00658,0.01690,0.03144,,-0.02050,-0.02040,-0.02247,-0.02245,,-0.03527,-0.00044,-0.16054,0.43701,,0.00410,0.00494,0.03088,-0.56195,,0.02607,0.02143,0.08320,0.25327,,0.01622,0.01653,-0.04871,0.09291
1251,212,push pink cup,video_2cam,"human video
push cup right",True,,0.20253,0.28551,0.21770,0.31707,,-0.12201,-0.08274,-0.01781,-0.06505,,0.25372,0.13126,0.26437,0.20197,,-0.48819,-1.52313,-1.20994,-1.93161,,1.01789,1.55762,1.05366,1.26772,,-1.83125,-0.75532,-1.27940,-0.92876,,-0.41042,0.19700,0.29303,0.42628,,0.00836,-0.00813,0.01321,-0.00034,,0.01253,-0.00693,0.01663,0.03234,,-0.02192,-0.02140,-0.02542,-0.02201,,-0.03535,0.00009,-0.15368,0.00461,,0.00310,0.00605,0.02155,-0.21170,,0.02654,0.01849,0.08243,0.15828,,0.01605,0.01707,-0.05034,0.09749
1251,213,push pink cup,video_2cam,"human video
push cup right",True,,0.20345,0.28346,0.21125,0.31091,,-0.12169,-0.08710,-0.01552,-0.06801,,0.25022,0.13392,0.26629,0.20523,,-0.50329,-1.49575,-1.20651,-1.87768,,1.02537,1.55332,1.00736,1.26630,,-1.81388,-0.78163,-1.30007,-0.95380,,-0.40001,0.18504,0.27380,0.46538,,0.00789,-0.00709,0.01426,0.00068,,0.01077,-0.00713,0.01533,0.02779,,-0.02235,-0.02116,-0.02577,-0.02328,,-0.03129,-0.00146,-0.15402,0.16556,,0.00530,0.00841,0.02445,-0.30805,,0.02424,0.02063,0.08364,0.18056,,0.01624,0.01734,-0.04344,0.10536
1251,214,push pink cup,video_2cam,"human video
push cup right",True,,0.20745,0.28202,0.21096,0.30119,,-0.12033,-0.08220,-0.01932,-0.06319,,0.24026,0.12867,0.25336,0.18849,,-0.54678,-1.50271,-1.22890,-1.89737,,1.05734,1.54621,1.05987,1.40184,,-1.76755,-0.78428,-1.27711,-0.90967,,-0.36646,0.19018,0.29332,0.48003,,0.00750,-0.00588,0.01300,0.00122,,0.01034,-0.00719,0.01496,0.02598,,-0.02171,-0.01984,-0.02421,-0.02229,,-0.02999,-0.00228,-0.15676,0.26802,,0.00470,0.01063,0.02933,-0.36550,,0.02338,0.01980,0.08190,0.18581,,0.01579,0.01660,-0.04466,0.10856
1251,215,push pink cup,video_2cam,"human video
push cup right",True,,0.20981,0.27549,0.20446,0.29449,,-0.12208,-0.07908,-0.02575,-0.04762,,0.23551,0.12662,0.24694,0.17634,,-0.56609,-1.47681,-1.22472,-1.93676,,1.07937,1.51763,1.08477,1.54408,,-1.74313,-0.81448,-1.26824,-0.86617,,-0.34527,0.17739,0.30912,0.47204,,0.00649,-0.00577,0.01206,0.00001,,0.00937,-0.00732,0.01424,0.02321,,-0.02131,-0.01965,-0.02357,-0.02290,,-0.02583,-0.00175,-0.15716,0.20003,,0.00359,0.01135,0.02973,-0.27887,,0.02027,0.01822,0.08216,0.15166,,0.01538,0.01687,-0.04403,0.10131
1251,216,push pink cup,video_2cam,"human video
push cup right",True,,0.21304,0.27671,0.20670,0.29505,,-0.12079,-0.08020,-0.03459,-0.04114,,0.23045,0.12596,0.24177,0.17614,,-0.59982,-1.47873,-1.24548,-1.94482,,1.10127,1.52246,1.18377,1.54525,,-1.70758,-0.81071,-1.26560,-0.85177,,-0.31566,0.18498,0.29001,0.48254,,0.00440,-0.00679,0.00959,-0.00065,,0.00896,-0.00702,0.01345,0.02419,,-0.02021,-0.01812,-0.02250,-0.02142,,-0.01997,0.00214,-0.14601,0.22684,,-0.00134,0.00676,0.02393,-0.30789,,0.01488,0.01333,0.07694,0.15483,,0.01437,0.01594,-0.04098,0.09915
1251,217,push pink cup,video_2cam,"human video
push cup right",True,,0.21623,0.27410,0.21047,0.28733,,-0.12519,-0.08702,-0.04472,-0.05229,,0.22039,0.13273,0.23019,0.18504,,-0.62538,-1.44358,-1.25496,-1.86476,,1.13484,1.51616,1.28083,1.48554,,-1.67246,-0.84459,-1.22140,-0.88479,,-0.28449,0.17465,0.26454,0.44330,,0.00365,-0.00817,0.00981,-0.00170,,0.00624,-0.00622,0.01141,0.02402,,-0.01928,-0.01717,-0.02046,-0.02070,,-0.01213,0.00551,-0.14418,0.43391,,0.00023,0.00074,0.02998,-0.47350,,0.00922,0.00958,0.07477,0.18646,,0.01416,0.01448,-0.03368,0.09217
1251,218,push pink cup,video_2cam,"human video
push cup right",True,,0.21746,0.27139,0.22096,0.28570,,-0.12769,-0.08136,-0.05322,-0.03690,,0.21773,0.12488,0.22028,0.16494,,-0.62819,-1.45445,-1.26977,-1.89819,,1.14696,1.50401,1.38759,1.70605,,-1.66589,-0.83754,-1.18794,-0.80810,,-0.27312,0.18557,0.25468,0.42214,,0.00278,-0.00909,0.00810,-0.00265,,0.00672,-0.00640,0.01184,0.02527,,-0.01807,-0.01563,-0.01835,-0.01960,,-0.00998,0.00988,-0.13650,0.27200,,-0.00389,-0.00224,0.02262,-0.34593,,0.00642,0.00263,0.07143,0.14243,,0.01352,0.01366,-0.03289,0.08607
1251,219,push pink cup,video_2cam,"human video
push cup right",True,,0.21611,0.26722,0.22182,0.28082,,-0.12692,-0.07992,-0.05532,-0.01270,,0.21633,0.12788,0.21745,0.16330,,-0.62638,-1.42991,-1.28234,-1.92181,,1.14356,1.47976,1.42358,1.72938,,-1.66589,-0.86256,-1.17267,-0.77334,,-0.27083,0.17712,0.26029,0.32951,,0.00221,-0.01122,0.00766,-0.00384,,0.00627,-0.00613,0.01120,0.02283,,-0.01773,-0.01432,-0.01812,-0.02082,,-0.00710,0.01638,-0.13460,0.06569,,-0.00495,-0.00894,0.02224,-0.17971,,0.00365,-0.00533,0.07051,0.08894,,0.01354,0.01324,-0.03064,0.06247
1251,220,push pink cup,video_2cam,"human video
push cup right",True,,0.21679,0.27080,0.22972,0.28818,,-0.12947,-0.08468,-0.06418,-0.02651,,0.21292,0.12690,0.20676,0.16642,,-0.63072,-1.43510,-1.29306,-1.89631,,1.15792,1.49919,1.51838,1.75805,,-1.65775,-0.84977,-1.14126,-0.79205,,-0.25915,0.18657,0.24966,0.34678,,0.00178,-0.01156,0.00655,-0.00342,,0.00594,-0.00605,0.01085,0.02341,,-0.01732,-0.01341,-0.01715,-0.01950,,-0.00534,0.01808,-0.13259,0.16763,,-0.00594,-0.01127,0.02245,-0.26206,,0.00214,-0.00683,0.06991,0.10851,,0.01317,0.01284,-0.03043,0.07028
1251,221,push pink cup,video_2cam,"human video
push cup right",True,,0.21677,0.26722,0.23246,0.28080,,-0.13316,-0.08152,-0.05978,-0.01175,,0.21015,0.12777,0.20849,0.16090,,-0.62571,-1.42224,-1.22181,-1.90950,,1.16613,1.47876,1.49327,1.81397,,-1.65894,-0.86786,-1.11937,-0.75604,,-0.24999,0.18169,0.22396,0.30962,,0.00141,-0.01202,0.00549,-0.00367,,0.00477,-0.00629,0.00971,0.02286,,-0.01534,-0.01163,-0.01430,-0.01933,,0.00037,0.02215,-0.12258,0.03049,,-0.00719,-0.01338,0.02386,-0.15279,,-0.00361,-0.01256,0.06576,0.07321,,0.01274,0.01257,-0.02347,0.05517
1251,222,push pink cup,video_2cam,"human video
push cup right",True,,0.21630,0.26593,0.23109,0.28188,,-0.13393,-0.08134,-0.05850,0.00234,,0.21040,0.12752,0.21366,0.16207,,-0.62705,-1.41578,-1.15855,-1.91539,,1.17028,1.47216,1.43126,1.81793,,-1.65769,-0.87255,-1.13664,-0.74061,,-0.24242,0.18112,0.20536,0.29250,,0.00063,-0.01244,0.00449,-0.00422,,0.00359,-0.00691,0.00838,0.02224,,-0.01467,-0.01052,-0.01412,-0.01916,,0.00513,0.02557,-0.11811,-0.00808,,-0.00770,-0.01451,0.02671,-0.11752,,-0.00769,-0.01667,0.06557,0.06637,,0.01227,0.01285,-0.02032,0.04421
1251,223,push pink cup,video_2cam,"human video
push cup right",True,,0.21582,0.26375,0.22991,0.27892,,-0.13412,-0.08798,-0.05445,-0.00330,,0.20711,0.12900,0.21792,0.16511,,-0.63729,-1.38463,-1.12588,-1.85099,,1.17878,1.47002,1.38195,1.81231,,-1.64660,-0.89568,-1.13710,-0.78718,,-0.22952,0.17188,0.18347,0.23249,,0.00023,-0.01253,0.00392,-0.00438,,0.00137,-0.00726,0.00575,0.02070,,-0.01439,-0.01004,-0.01408,-0.01922,,0.01064,0.02708,-0.11257,0.01255,,-0.00532,-0.01514,0.03758,-0.11723,,-0.01163,-0.01774,0.06284,0.06452,,0.01212,0.01319,-0.01526,0.03855
1251,224,push pink cup,video_2cam,"human video
push cup right",True,,0.21769,0.26072,0.23243,0.28010,,-0.14214,-0.09038,-0.06333,0.00444,,0.20562,0.12588,0.21694,0.16032,,-0.63931,-1.36578,-1.08806,-1.87965,,1.20909,1.46316,1.40879,1.85030,,-1.63828,-0.90897,-1.12196,-0.79207,,-0.21117,0.16604,0.14475,0.22670,,-0.00006,-0.01166,0.00352,-0.00466,,-0.00176,-0.00837,0.00369,0.01859,,-0.01386,-0.00940,-0.01371,-0.01977,,0.01772,0.02775,-0.11639,0.03120,,-0.00152,-0.01202,0.04760,-0.10804,,-0.01608,-0.01847,0.06587,0.06867,,0.01162,0.01429,-0.01313,0.04219
1251,225,push pink cup,video_2cam,"human video
push cup right",True,,0.22048,0.25415,0.23420,0.26420,,-0.14833,-0.08145,-0.07371,0.02161,,0.20467,0.12854,0.21673,0.15777,,-0.64922,-1.34811,-1.04440,-1.86415,,1.23846,1.42090,1.43631,1.79290,,-1.62378,-0.93868,-1.13396,-0.77962,,-0.19067,0.15281,0.11524,0.17927,,-0.00092,-0.01258,0.00254,-0.00699,,-0.00409,-0.00836,0.00184,0.01263,,-0.01332,-0.00796,-0.01281,-0.02167,,0.02425,0.03226,-0.10596,0.04112,,-0.00012,-0.01472,0.04972,-0.08542,,-0.02042,-0.02520,0.06560,0.06805,,0.01087,0.01427,-0.01346,0.02242
1251,226,push pink cup,video_2cam,"human video
push cup right",True,,0.22013,0.25025,0.23266,0.26166,,-0.15470,-0.08814,-0.07928,0.01581,,0.20441,0.12910,0.21735,0.15757,,-0.63440,-1.31313,-1.00360,-1.77883,,1.24922,1.41350,1.46425,1.83670,,-1.63136,-0.96600,-1.13183,-0.80454,,-0.18802,0.14481,0.10365,0.13889,,-0.00108,-0.01322,0.00228,-0.00916,,-0.00598,-0.00889,0.00083,0.00969,,-0.01304,-0.00674,-0.01171,-0.02106,,0.02914,0.03627,-0.10530,0.07275,,0.00194,-0.01713,0.05249,-0.08210,,-0.02382,-0.02968,0.06635,0.06339,,0.01092,0.01419,-0.01408,0.01958
1251,227,push pink cup,video_2cam,"human video
push cup right",True,,0.21808,0.24257,0.23356,0.24182,,-0.16342,-0.09166,-0.07278,0.01486,,0.20787,0.13433,0.22872,0.15716,,-0.59787,-1.26065,-1.00532,-1.72697,,1.25114,1.38369,1.42769,1.77381,,-1.66200,-1.01909,-1.16921,-0.83043,,-0.19581,0.12201,0.08681,0.04613,,-0.00134,-0.01322,0.00098,-0.01009,,-0.00737,-0.00971,0.00057,0.00949,,-0.01228,-0.00531,-0.00941,-0.01991,,0.03402,0.03982,-0.09852,0.08972,,0.00232,-0.01728,0.04993,-0.07887,,-0.02797,-0.03395,0.06621,0.06542,,0.01062,0.01457,-0.01371,0.01539
1251,228,push pink cup,video_2cam,"human video
push cup right",True,,0.21892,0.23698,0.23593,0.21708,,-0.16791,-0.09461,-0.07705,0.02104,,0.21292,0.14646,0.23848,0.16968,,-0.58927,-1.21035,-0.96288,-1.61736,,1.26229,1.35357,1.37665,1.59486,,-1.67075,-1.07267,-1.22019,-0.87780,,-0.18898,0.09884,0.06964,-0.04352,,-0.00247,-0.01463,-0.00025,-0.01122,,-0.00777,-0.00978,0.00075,0.01172,,-0.01080,-0.00322,-0.00934,-0.01807,,0.03866,0.04638,-0.09352,0.09533,,-0.00092,-0.02266,0.04481,-0.09179,,-0.03259,-0.04141,0.07242,0.06177,,0.00944,0.01421,-0.01579,0.00025
1251,229,push pink cup,video_2cam,"human video
push cup right",True,,0.21173,0.23836,0.23987,0.21438,,-0.17165,-0.10663,-0.07301,0.01684,,0.21712,0.15394,0.23882,0.18137,,-0.53249,-1.17793,-1.00355,-1.60379,,1.23353,1.36494,1.38351,1.52667,,-1.72260,-1.08773,-1.21170,-0.91783,,-0.21668,0.09235,0.08516,-0.05368,,-0.00283,-0.01707,-0.00081,-0.01180,,-0.00745,-0.00932,0.00217,0.01464,,-0.01112,-0.00280,-0.00909,-0.01657,,0.03997,0.05183,-0.10499,0.08852,,-0.00280,-0.03080,0.04592,-0.11448,,-0.03457,-0.04563,0.07588,0.06111,,0.00982,0.01403,-0.01591,-0.00900
1251,230,push pink cup,video_2cam,"human video
push cup right",True,,0.21152,0.23795,0.23717,0.20548,,-0.16856,-0.11104,-0.06833,0.01439,,0.21816,0.15778,0.24241,0.18828,,-0.53865,-1.15920,-1.01618,-1.54949,,1.22574,1.36643,1.34634,1.44181,,-1.71999,-1.10321,-1.23022,-0.95205,,-0.21912,0.08315,0.09621,-0.06085,,-0.00324,-0.01697,-0.00116,-0.01041,,-0.00706,-0.00927,0.00165,0.01530,,-0.01179,-0.00365,-0.00976,-0.01845,,0.03916,0.05040,-0.10070,0.07332,,-0.00352,-0.03017,0.04727,-0.10317,,-0.03373,-0.04302,0.07309,0.06878,,0.00981,0.01430,-0.01560,-0.01063
1251,231,push pink cup,video_2cam,"human video
push cup right",True,,0.20974,0.24384,0.24059,0.20518,,-0.16526,-0.11426,-0.06068,0.00649,,0.21902,0.16448,0.24269,0.20133,,-0.53225,-1.16568,-1.06047,-1.46340,,1.21015,1.38646,1.33061,1.28314,,-1.73036,-1.09724,-1.22776,-1.00788,,-0.22949,0.08681,0.10401,-0.01431,,-0.00286,-0.01765,-0.00130,-0.00846,,-0.00551,-0.00778,0.00271,0.01544,,-0.01187,-0.00384,-0.00978,-0.01847,,0.03524,0.04933,-0.10411,0.06119,,-0.00512,-0.03434,0.04608,-0.11015,,-0.03136,-0.04091,0.07333,0.05959,,0.00993,0.01304,-0.01445,-0.01489
1251,232,push pink cup,video_2cam,"human video
push cup right",True,,0.21625,0.25079,0.23665,0.20856,,-0.15566,-0.11685,-0.05169,-0.00051,,0.21712,0.16904,0.24597,0.21347,,-0.59398,-1.18204,-1.08482,-1.40851,,1.22051,1.41100,1.27055,1.16401,,-1.68149,-1.07941,-1.27375,-1.03617,,-0.20402,0.09602,0.11015,-0.02108,,-0.00391,-0.01847,-0.00323,-0.00733,,-0.00360,-0.00636,0.00212,0.01270,,-0.01028,-0.00393,-0.00971,-0.01756,,0.03384,0.04880,-0.08037,0.05475,,-0.01106,-0.03884,0.04098,-0.11814,,-0.03168,-0.03946,0.06499,0.04773,,0.00870,0.01189,-0.01607,-0.00017
1251,233,push pink cup,video_2cam,"human video
push cup right",True,,0.21885,0.25411,0.23639,0.21639,,-0.14952,-0.11882,-0.05489,-0.00880,,0.21439,0.16752,0.23615,0.21225,,-0.62078,-1.19630,-1.11205,-1.42912,,1.21934,1.42810,1.32270,1.18238,,-1.65902,-1.06150,-1.24937,-1.02401,,-0.19531,0.10443,0.12095,-0.00053,,-0.00406,-0.01828,-0.00355,-0.00720,,-0.00161,-0.00615,0.00312,0.01207,,-0.00901,-0.00418,-0.00913,-0.01706,,0.03133,0.04755,-0.07623,0.05972,,-0.01552,-0.03871,0.03458,-0.12555,,-0.03126,-0.03765,0.06316,0.04460,,0.00846,0.01172,-0.01761,0.01447
1251,234,push pink cup,video_2cam,"human video
push cup right",True,,0.22551,0.25486,0.23758,0.21797,,-0.14196,-0.12825,-0.05910,-0.01132,,0.21346,0.18040,0.22994,0.23890,,-0.67287,-1.16014,-1.13065,-1.40430,,1.23222,1.43224,1.35874,1.05098,,-1.61679,-1.09452,-1.25205,-1.11066,,-0.17422,0.08848,0.13320,0.01420,,-0.00477,-0.01800,-0.00481,-0.00614,,0.00127,-0.00644,0.00420,0.01663,,-0.00756,-0.00291,-0.00900,-0.01592,,0.02721,0.04919,-0.06173,0.05084,,-0.02221,-0.03951,0.02545,-0.13856,,-0.02949,-0.03802,0.05836,0.05458,,0.00735,0.01174,-0.01926,0.01802
1251,235,push pink cup,video_2cam,"human video
push cup right",True,,0.22281,0.25837,0.23290,0.22641,,-0.13936,-0.13501,-0.04625,-0.01532,,0.21595,0.18968,0.23038,0.25920,,-0.65050,-1.14724,-1.22490,-1.36456,,1.20314,1.44573,1.34292,0.94062,,-1.64188,-1.10577,-1.23895,-1.17071,,-0.19302,0.08622,0.18275,0.00403,,-0.00507,-0.01838,-0.00570,-0.00743,,0.00352,-0.00599,0.00627,0.01904,,-0.00636,-0.00126,-0.00694,-0.01241,,0.02567,0.05164,-0.05569,0.04445,,-0.02805,-0.04332,0.01966,-0.15562,,-0.03069,-0.03999,0.05181,0.05509,,0.00734,0.01078,-0.01621,0.03878
1251,236,push pink cup,video_2cam,"human video
push cup right",True,,0.22448,0.25734,0.22994,0.23056,,-0.13648,-0.14013,-0.04107,-0.01395,,0.21714,0.19744,0.23493,0.27688,,-0.66796,-1.12293,-1.22800,-1.39094,,1.20476,1.44424,1.29279,0.80693,,-1.63013,-1.12782,-1.26322,-1.23219,,-0.19049,0.06767,0.20243,0.06185,,-0.00541,-0.01748,-0.00602,-0.00528,,0.00422,-0.00616,0.00631,0.02352,,-0.00766,-0.00321,-0.00823,-0.01488,,0.02259,0.04732,-0.04853,0.01887,,-0.02821,-0.03931,0.01859,-0.15326,,-0.02729,-0.03334,0.04848,0.07198,,0.00706,0.01186,-0.01546,0.05568
1251,237,push pink cup,video_2cam,"human video
push cup right",True,,0.21675,0.25749,0.23197,0.23336,,-0.13652,-0.14567,-0.03558,-0.01005,,0.22230,0.20754,0.23808,0.29874,,-0.61998,-1.09719,-1.23547,-1.37622,,1.16921,1.44229,1.28391,0.70593,,-1.67692,-1.15047,-1.27370,-1.28536,,-0.22186,0.05464,0.23007,0.05080,,-0.00596,-0.01795,-0.00646,-0.00651,,0.00476,-0.00621,0.00711,0.02788,,-0.00994,-0.00255,-0.01007,-0.01215,,0.02122,0.04950,-0.05747,-0.00139,,-0.02868,-0.04139,0.01927,-0.15562,,-0.02581,-0.03461,0.04539,0.07664,,0.00770,0.01209,-0.01545,0.05461
1251,238,push pink cup,video_2cam,"human video
push cup right",True,,0.21749,0.25789,0.23091,0.23494,,-0.13618,-0.15391,-0.03806,-0.00730,,0.22392,0.22115,0.24182,0.32462,,-0.63146,-1.06379,-1.19333,-1.33992,,1.17670,1.44397,1.24752,0.60667,,-1.66732,-1.18088,-1.30814,-1.36072,,-0.21630,0.03489,0.22319,0.04650,,-0.00667,-0.01789,-0.00668,-0.00823,,0.00389,-0.00609,0.00599,0.03326,,-0.01167,-0.00309,-0.01240,-0.01020,,0.02182,0.04864,-0.05564,-0.02706,,-0.02684,-0.04153,0.02059,-0.15161,,-0.02453,-0.03164,0.04578,0.08221,,0.00749,0.01246,-0.01785,0.05065
1251,239,push pink cup,video_2cam,"human video
push cup right",True,,0.22198,0.25706,0.23869,0.23262,,-0.13750,-0.15323,-0.05101,-0.00888,,0.21641,0.21809,0.22847,0.31652,,-0.66897,-1.06535,-1.18379,-1.35188,,1.21040,1.44456,1.31783,0.61702,,-1.62530,-1.18189,-1.29674,-1.34738,,-0.19022,0.03447,0.20086,0.10123,,-0.00661,-0.01685,-0.00617,-0.00609,,0.00234,-0.00610,0.00449,0.03258,,-0.01281,-0.00396,-0.01273,-0.01092,,0.02238,0.04506,-0.05557,-0.02511,,-0.02282,-0.03807,0.02518,-0.14591,,-0.02277,-0.02783,0.04683,0.08786,,0.00758,0.01248,-0.01813,0.05839
1251,240,push pink cup,video_2cam,"human video
push cup right",True,,0.22733,0.25487,0.25214,0.22674,,-0.14197,-0.15299,-0.06688,-0.00734,,0.21248,0.22245,0.21550,0.32109,,-0.69687,-1.04838,-1.21608,-1.34058,,1.24848,1.43254,1.43892,0.61506,,-1.59415,-1.20199,-1.29094,-1.35951,,-0.16708,0.02054,0.18614,0.10829,,-0.00669,-0.01592,-0.00655,-0.00491,,0.00187,-0.00653,0.00387,0.03531,,-0.01370,-0.00444,-0.01279,-0.01072,,0.02095,0.04314,-0.05435,-0.03511,,-0.02104,-0.03454,0.02849,-0.14213,,-0.01978,-0.02519,0.04820,0.09302,,0.00704,0.01337,-0.01916,0.05525
1251,241,push pink cup,video_2cam,"human video
push cup right",True,,0.23166,0.25716,0.26491,0.22628,,-0.14416,-0.15854,-0.08217,-0.00795,,0.20625,0.22397,0.19922,0.32445,,-0.72472,-1.03737,-1.27499,-1.34692,,1.27773,1.44362,1.59357,0.56343,,-1.56105,-1.20567,-1.25244,-1.37812,,-0.14165,0.02431,0.17054,0.07950,,-0.00745,-0.01671,-0.00765,-0.00732,,0.00143,-0.00620,0.00340,0.03749,,-0.01306,-0.00254,-0.01101,-0.00695,,0.02350,0.04705,-0.04865,-0.01951,,-0.02257,-0.03931,0.03000,-0.15173,,-0.02164,-0.02934,0.04436,0.08580,,0.00655,0.01272,-0.02016,0.04790
1251,242,push pink cup,video_2cam,"human video
push cup right",True,,0.23827,0.25956,0.27490,0.22759,,-0.14519,-0.16041,-0.10407,-0.00541,,0.20019,0.22528,0.18320,0.32495,,-0.76584,-1.03474,-1.30222,-1.35031,,1.31517,1.45174,1.75278,0.57556,,-1.51639,-1.20908,-1.21988,-1.37255,,-0.10623,0.02826,0.15453,0.08426,,-0.00818,-0.01648,-0.00886,-0.00816,,0.00148,-0.00580,0.00329,0.04071,,-0.01054,-0.00068,-0.00872,-0.00259,,0.02693,0.04850,-0.04741,-0.00581,,-0.02644,-0.04134,0.03281,-0.16060,,-0.02557,-0.03129,0.04174,0.07711,,0.00558,0.01188,-0.02315,0.03415
1251,243,push pink cup,video_2cam,"human video
push cup right",True,,0.23840,0.26007,0.28516,0.22778,,-0.15206,-0.16215,-0.10465,-0.00733,,0.19998,0.22514,0.17811,0.32464,,-0.74738,-1.02924,-1.36880,-1.34035,,1.32513,1.45550,1.83198,0.59984,,-1.53014,-1.21359,-1.20592,-1.37570,,-0.10894,0.02854,0.14635,0.10253,,-0.00793,-0.01625,-0.00957,-0.00810,,0.00163,-0.00582,0.00402,0.04166,,-0.01066,-0.00026,-0.00751,-0.00129,,0.02581,0.04854,-0.05052,-0.00097,,-0.02635,-0.04133,0.03277,-0.16260,,-0.02438,-0.03130,0.04134,0.07543,,0.00536,0.01170,-0.02377,0.03127
1251,244,push pink cup,video_2cam,"human video
push cup right",True,,0.23940,0.26285,0.28317,0.23123,,-0.15210,-0.16035,-0.10604,-0.00802,,0.19761,0.22471,0.17561,0.33119,,-0.75695,-1.04449,-1.37479,-1.32065,,1.33086,1.46354,1.83596,0.61480,,-1.51857,-1.19951,-1.20537,-1.38317,,-0.10248,0.03421,0.14398,0.07015,,-0.00814,-0.01645,-0.00957,-0.00864,,0.00084,-0.00519,0.00347,0.04067,,-0.01078,-0.00090,-0.00718,-0.00203,,0.02771,0.04709,-0.04828,0.00154,,-0.02543,-0.04210,0.03213,-0.16003,,-0.02546,-0.02951,0.04071,0.06577,,0.00550,0.01142,-0.02397,0.02932
1251,245,push pink cup,video_2cam,"human video
push cup right",True,,0.24367,0.26603,0.28115,0.23455,,-0.15238,-0.16015,-0.12407,-0.01704,,0.19077,0.21638,0.16335,0.32374,,-0.79060,-1.06212,-1.33610,-1.31734,,1.35864,1.47972,1.93552,0.64250,,-1.48053,-1.17721,-1.18526,-1.38411,,-0.07390,0.05085,0.14487,0.08488,,-0.00838,-0.01641,-0.00979,-0.00821,,-0.00046,-0.00496,0.00323,0.03818,,-0.00901,-0.00000,-0.00622,-0.00137,,0.03252,0.04771,-0.05754,0.01528,,-0.02547,-0.04338,0.03521,-0.15540,,-0.02970,-0.03080,0.04019,0.06409,,0.00522,0.01093,-0.02529,0.03259
1251,246,push pink cup,video_2cam,"human video
push cup right",True,,0.24687,0.26741,0.28142,0.23221,,-0.14918,-0.15525,-0.13647,-0.02149,,0.18566,0.21307,0.15673,0.31946,,-0.83136,-1.07666,-1.28033,-1.28553,,1.38220,1.47876,1.96967,0.70034,,-1.44168,-1.16705,-1.18590,-1.37954,,-0.04485,0.05879,0.12475,0.07532,,-0.00861,-0.01657,-0.00968,-0.00802,,-0.00170,-0.00449,0.00235,0.03617,,-0.00780,0.00072,-0.00682,-0.00140,,0.03596,0.04838,-0.06379,0.02309,,-0.02470,-0.04484,0.04128,-0.14887,,-0.03251,-0.03244,0.04101,0.05682,,0.00470,0.01043,-0.02552,0.02641
1251,247,push pink cup,video_2cam,"human video
push cup right",True,,0.25057,0.26762,0.28744,0.23180,,-0.14692,-0.15196,-0.14038,-0.03184,,0.18188,0.20496,0.14795,0.30636,,-0.85788,-1.09648,-1.32323,-1.26852,,1.39461,1.48537,2.04825,0.73513,,-1.41680,-1.14825,-1.19013,-1.37604,,-0.03410,0.06304,0.13242,0.12036,,-0.00829,-0.01529,-0.00938,-0.00365,,-0.00016,-0.00418,0.00311,0.03148,,-0.00784,-0.00252,-0.00677,-0.00602,,0.03127,0.04045,-0.06516,0.01609,,-0.02612,-0.03886,0.04183,-0.11756,,-0.02874,-0.02334,0.04053,0.06957,,0.00456,0.01101,-0.02520,0.04800
1251,248,push pink cup,video_2cam,"human video
push cup right",True,,0.25444,0.26899,0.29433,0.23357,,-0.14363,-0.14972,-0.14727,-0.04153,,0.17676,0.19694,0.13457,0.28782,,-0.88878,-1.11611,-1.38265,-1.27744,,1.40757,1.49594,2.15496,0.79449,,-1.38779,-1.13051,-1.18379,-1.34830,,-0.02100,0.07382,0.15472,0.18516,,-0.00785,-0.01424,-0.00911,-0.00171,,0.00167,-0.00389,0.00387,0.02796,,-0.00758,-0.00337,-0.00637,-0.00547,,0.02606,0.03629,-0.06237,0.03077,,-0.02802,-0.03581,0.04168,-0.11403,,-0.02489,-0.01927,0.03824,0.07097,,0.00442,0.01065,-0.02599,0.05447
1251,249,push pink cup,video_2cam,"human video
push cup right",True,,0.26042,0.27027,0.29674,0.23544,,-0.14101,-0.14501,-0.15337,-0.04777,,0.17036,0.18939,0.12041,0.27246,,-0.92881,-1.13367,-1.48545,-1.26645,,1.42823,1.49852,2.27604,0.87131,,-1.34936,-1.11687,-1.16677,-1.34389,,0.00118,0.08677,0.16492,0.22644,,-0.00740,-0.01356,-0.00922,-0.00195,,0.00309,-0.00388,0.00516,0.02422,,-0.00542,-0.00176,-0.00468,-0.00340,,0.02386,0.03688,-0.05284,0.04451,,-0.03105,-0.03539,0.03595,-0.10805,,-0.02454,-0.02139,0.03750,0.06708,,0.00397,0.01015,-0.03016,0.04979
1251,250,push pink cup,video_2cam,"human video
push cup right",False,,,,,,,,,,,,,,,,,,,,,,,,,,,,,,,,,,,,,,,,,,,,,,,,,,,,,,,,,,,,,,,,,,,,,,
1251,251,push pink cup,video_2cam,"human video
push cup right",False,,,,,,,,,,,,,,,,,,,,,,,,,,,,,,,,,,,,,,,,,,,,,,,,,,,,,,,,,,,,,,,,,,,,,,
1251,252,push pink cup,video_2cam,"human video
push cup right",False,,,,,,,,,,,,,,,,,,,,,,,,,,,,,,,,,,,,,,,,,,,,,,,,,,,,,,,,,,,,,,,,,,,,,,
1251,253,push pink cup,video_2cam,"human video
push cup right",False,,,,,,,,,,,,,,,,,,,,,,,,,,,,,,,,,,,,,,,,,,,,,,,,,,,,,,,,,,,,,,,,,,,,,,
1251,254,push pink cup,video_2cam,"human video
push cup right",False,,,,,,,,,,,,,,,,,,,,,,,,,,,,,,,,,,,,,,,,,,,,,,,,,,,,,,,,,,,,,,,,,,,,,,
1251,255,push pink cup,video_2cam,"human video
push cup right",False,,,,,,,,,,,,,,,,,,,,,,,,,,,,,,,,,,,,,,,,,,,,,,,,,,,,,,,,,,,,,,,,,,,,,,
1251,256,push pink cup,video_2cam,"human video
push cup right",False,,,,,,,,,,,,,,,,,,,,,,,,,,,,,,,,,,,,,,,,,,,,,,,,,,,,,,,,,,,,,,,,,,,,,,
1251,257,push pink cup,video_2cam,"human video
push cup right",False,,,,,,,,,,,,,,,,,,,,,,,,,,,,,,,,,,,,,,,,,,,,,,,,,,,,,,,,,,,,,,,,,,,,,,
1251,258,push pink cup,video_2cam,"human video
push cup right",False,,,,,,,,,,,,,,,,,,,,,,,,,,,,,,,,,,,,,,,,,,,,,,,,,,,,,,,,,,,,,,,,,,,,,,
581,0,milk on pink plate,robot_3cam,"robot demo
milk on plate",True,0.25095,0.26415,0.27496,0.25291,0.24727,-0.00951,-0.02580,-0.03775,-0.01796,-0.02522,0.15933,0.11119,0.11375,0.14611,0.17787,-1.34192,-1.37096,-1.53138,-1.26831,-1.20886,1.13796,1.37866,1.48317,1.25815,1.11732,-1.37911,-1.02145,-0.90437,-1.27047,-1.29694,0.05246,0.15211,0.23658,0.07677,0.03017,0.00000,0.00176,0.00099,0.00040,0.00080,0.00000,0.00109,-0.00057,0.00067,0.00311,0.00000,0.00407,-0.00303,0.00206,-0.00080,0.00028,0.01157,-0.00506,-0.00191,-0.00645,0.00020,-0.01066,0.00436,0.00407,-0.01297,0.00028,-0.02129,0.00287,-0.00265,0.00232,0.00000,0.00466,-0.00331,0.00914,0.00178
581,1,milk on pink plate,robot_3cam,"robot demo
milk on plate",True,0.25094,0.26477,0.27469,0.25232,0.25085,-0.00990,-0.02955,-0.03322,-0.01763,-0.02259,0.15933,0.11217,0.10873,0.14763,0.17667,-1.34130,-1.36040,-1.54500,-1.24598,-1.21499,1.13921,1.37951,1.48073,1.25029,1.11469,-1.38021,-1.03225,-0.89584,-1.27045,-1.31040,0.05246,0.14046,0.24021,0.07833,0.04029,0.00000,0.00346,0.00325,0.00064,0.00128,0.00000,0.00045,-0.00171,0.00134,-0.00013,0.00000,0.00293,-0.00212,0.00168,-0.00114,0.00028,0.00775,-0.00719,-0.00067,-0.00581,0.00020,-0.00472,0.01119,0.00425,-0.00188,0.00028,-0.01660,0.00445,-0.00060,0.00060,0.00000,0.00527,-0.00238,0.00808,-0.00459
581,2,milk on pink plate,robot_3cam,"robot demo
milk on plate",True,0.25094,0.26566,0.27294,0.25216,0.25483,-0.00990,-0.02857,-0.03002,-0.01493,-0.02566,0.15933,0.11242,0.11420,0.14920,0.18247,-1.34130,-1.36619,-1.53737,-1.24817,-1.23897,1.13921,1.37846,1.46433,1.22169,1.09537,-1.38021,-1.02569,-0.90731,-1.27899,-1.32287,0.05246,0.14415,0.22657,0.08624,0.01670,0.00000,0.00233,0.00305,0.00043,0.00166,0.00000,0.00075,-0.00116,0.00077,0.00028,0.00000,0.00324,-0.00345,0.00162,-0.00223,-0.00028,0.01010,-0.00903,-0.00288,-0.00476,-0.00020,-0.00802,0.01156,0.00753,-0.00417,-0.00028,-0.01903,0.00706,-0.00248,0.00314,0.00008,0.00502,-0.00163,0.00866,-0.00436
581,3,milk on pink plate,robot_3cam,"robot demo
milk on plate",True,0.25094,0.26658,0.27602,0.25075,0.25147,-0.00990,-0.02408,-0.03384,-0.01573,-0.02849,0.15933,0.11126,0.11126,0.15024,0.16947,-1.34130,-1.38637,-1.54612,-1.23759,-1.28775,1.13921,1.37981,1.48240,1.20797,1.07939,-1.38021,-1.00775,-0.88996,-1.27519,-1.27222,0.05246,0.15165,0.23823,0.09370,0.05696,0.00000,0.00194,0.00183,0.00065,0.00070,0.00000,0.00111,-0.00053,0.00085,0.00200,0.00000,0.00286,-0.00338,0.00127,-0.00183,0.00000,0.00946,-0.00732,-0.00596,-0.00151,0.00000,-0.00881,0.00709,0.00945,-0.00805,0.00000,-0.01837,0.00543,-0.00128,0.00236,0.00000,0.00502,-0.00236,0.01057,0.00496
581,4,milk on pink plate,robot_3cam,"robot demo
milk on plate",True,0.25094,0.26645,0.27841,0.25081,0.24884,-0.00990,-0.02080,-0.03453,-0.00681,-0.02150,0.15933,0.10864,0.10376,0.15353,0.16046,-1.34130,-1.39687,-1.56164,-1.23529,-1.29601,1.13921,1.37636,1.49535,1.18033,1.07048,-1.38021,-0.99642,-0.86636,-1.28660,-1.22295,0.05246,0.15888,0.25697,0.07744,0.12105,0.00000,0.00087,0.00037,0.00050,0.00089,0.00000,0.00146,-0.00035,0.00021,0.00265,0.00000,0.00359,-0.00180,0.00120,-0.00035,-0.00028,0.01216,-0.00232,-0.00735,0.00958,-0.00020,-0.01254,0.00151,0.01189,-0.01352,-0.00028,-0.02162,-0.00092,-0.00312,-0.00303,0.00000,0.00488,-0.00314,0.00999,0.00107
581,5,milk on pink plate,robot_3cam,"robot demo
milk on plate",True,0.25094,0.26534,0.27497,0.25258,0.25328,-0.00990,-0.02057,-0.03033,-0.01192,-0.01454,0.15933,0.11084,0.10578,0.15069,0.17383,-1.34130,-1.38542,-1.54980,-1.23927,-1.26067,1.13921,1.36821,1.47406,1.21439,1.07700,-1.38021,-1.01023,-0.88488,-1.28265,-1.28486,0.05246,0.15285,0.24571,0.07508,0.07407,0.00000,0.00123,0.00112,0.00037,0.00081,0.00000,0.00218,-0.00084,0.00060,0.00130,0.00000,0.00492,-0.00136,0.00183,-0.00024,-0.00028,0.01175,-0.00241,-0.00173,0.00401,-0.00020,-0.01427,0.00419,0.00455,-0.00982,-0.00028,-0.02270,-0.00129,-0.00222,-0.00292,-0.00008,0.00466,-0.00239,0.00828,-0.00305
581,6,milk on pink plate,robot_3cam,"robot demo
milk on plate",True,0.25094,0.26560,0.27289,0.25228,0.25396,-0.00990,-0.02195,-0.03320,-0.01223,-0.02202,0.15933,0.10978,0.10996,0.14888,0.17851,-1.34130,-1.38698,-1.53281,-1.26769,-1.24370,1.13921,1.37701,1.46831,1.23272,1.09573,-1.38021,-1.00530,-0.90093,-1.27054,-1.31103,0.05246,0.15894,0.23529,0.07730,0.03222,0.00000,0.00068,0.00066,0.00027,0.00069,0.00000,0.00226,-0.00056,0.00038,0.00234,0.00000,0.00459,-0.00262,0.00175,-0.00074,-0.00028,0.01223,-0.00343,-0.00413,0.00199,-0.00020,-0.01537,0.00368,0.00670,-0.01075,-0.00028,-0.02284,0.00053,-0.00219,-0.00129,0.00000,0.00449,-0.00238,0.01028,-0.00593
581,7,milk on pink plate,robot_3cam,"robot demo
milk on plate",True,0.25094,0.26524,0.27445,0.25141,0.25340,-0.00990,-0.01706,-0.03514,-0.00059,-0.02428,0.15933,0.10833,0.11036,0.15779,0.17675,-1.34130,-1.39573,-1.53319,-1.23364,-1.25257,1.13921,1.36495,1.47548,1.17532,1.08037,-1.38021,-0.99831,-0.89789,-1.29992,-1.30455,0.05246,0.15804,0.23795,0.05658,0.05241,0.00000,0.00055,0.00066,0.00034,0.00072,0.00000,0.00264,-0.00052,0.00022,0.00242,0.00000,0.00522,-0.00201,0.00165,-0.00055,0.00028,0.01298,-0.00269,-0.00272,0.00369,0.00020,-0.01686,0.00283,0.00717,-0.01159,0.00028,-0.02438,-0.00012,-0.00423,-0.00192,0.00000,0.00480,-0.00250,0.00935,-0.00297
581,8,milk on pink plate,robot_3cam,"robot demo
milk on plate",True,0.25094,0.26672,0.27517,0.25129,0.25353,-0.00990,-0.02178,-0.03533,-0.00911,-0.02110,0.15933,0.10873,0.10612,0.15006,0.16870,-1.34130,-1.39114,-1.53702,-1.23398,-1.26343,1.13921,1.37716,1.48075,1.20587,1.10286,-1.38021,-1.00068,-0.89241,-1.26305,-1.28971,0.05246,0.15619,0.24542,0.08147,0.07865,0.00000,0.00099,0.00076,0.00041,0.00091,0.00000,0.00278,-0.00066,0.00083,0.00131,0.00000,0.00374,-0.00103,0.00109,-0.00013,0.00028,0.00945,-0.00145,-0.01037,0.00388,0.00020,-0.01465,0.00226,0.01067,-0.01015,0.00028,-0.01996,-0.00206,0.00012,-0.00410,0.00000,0.00481,-0.00283,0.01126,-0.00039
581,9,milk on pink plate,robot_3cam,"robot demo
milk on plate",True,0.25094,0.26876,0.27457,0.24786,0.25439,-0.00990,-0.02299,-0.03604,-0.01291,-0.02775,0.15933,0.11109,0.11128,0.15018,0.17338,-1.34017,-1.39475,-1.53227,-1.21637,-1.28095,1.14002,1.38206,1.47800,1.20288,1.07158,-1.37911,-0.99974,-0.89782,-1.26637,-1.29995,0.05246,0.15415,0.23300,0.08722,0.03447,-0.00000,0.00118,0.00132,0.00031,0.00027,0.00000,0.00343,-0.00057,0.00138,0.00221,0.00010,0.00302,-0.00362,0.00066,-0.00191,0.00058,0.00626,-0.00631,-0.01444,-0.00418,-0.00007,-0.01428,0.00600,0.01071,-0.00621,0.00007,-0.01668,0.00476,0.00331,0.00345,0.00000,0.00459,-0.00183,0.01105,0.00298
581,10,milk on pink plate,robot_3cam,"robot demo
milk on plate",True,0.25094,0.26798,0.27456,0.25262,0.25329,-0.00990,-0.02639,-0.03862,-0.01499,-0.02691,0.15933,0.10896,0.10979,0.14463,0.17484,-1.34130,-1.38480,-1.52772,-1.23731,-1.24258,1.13921,1.38764,1.48134,1.23211,1.08033,-1.38021,-1.00396,-0.89736,-1.23199,-1.29852,0.05246,0.15313,0.23673,0.10324,0.04380,-0.00000,0.00170,0.00082,0.00059,0.00039,0.00000,0.00263,-0.00081,0.00120,0.00217,0.00010,0.00258,-0.00248,0.00067,-0.00124,0.00058,0.00655,-0.00331,-0.01521,-0.00080,-0.00007,-0.01174,0.00384,0.01325,-0.00729,0.00007,-0.01622,0.00123,0.00220,0.00153,0.00008,0.00504,-0.00201,0.01289,0.00058
581,11,milk on pink plate,robot_3cam,"robot demo
milk on plate",True,0.25095,0.26518,0.27462,0.24960,0.25143,-0.00951,-0.02091,-0.03290,-0.00395,-0.02004,0.15933,0.11063,0.10745,0.15442,0.17759,-1.34079,-1.37722,-1.54104,-1.20790,-1.23883,1.13877,1.36143,1.47349,1.17389,1.08390,-1.37800,-1.01484,-0.89154,-1.28821,-1.29195,0.05246,0.14546,0.24683,0.07456,0.07836,-0.00001,0.00070,0.00015,0.00007,0.00094,0.00000,0.00354,-0.00052,0.00098,0.00203,0.00019,0.00424,0.00010,0.00093,0.00108,0.00061,0.00981,0.00137,-0.01160,0.01505,-0.00053,-0.01724,-0.00027,0.00932,-0.01768,-0.00042,-0.02132,-0.00588,-0.00010,-0.00923,0.00000,0.00492,-0.00320,0.01093,-0.00824
581,12,milk on pink plate,robot_3cam,"robot demo
milk on plate",True,0.25094,0.26725,0.27526,0.24818,0.25393,-0.00990,-0.02426,-0.03617,-0.00581,-0.02360,0.15933,0.11359,0.11003,0.15529,0.17631,-1.34130,-1.37741,-1.53062,-1.23154,-1.24908,1.13921,1.37033,1.47808,1.18315,1.11264,-1.38021,-1.01710,-0.90083,-1.31124,-1.30080,0.05246,0.14815,0.24445,0.07135,0.07533,-0.00001,0.00034,0.00007,-0.00038,0.00093,-0.00014,0.00343,-0.00041,0.00081,0.00211,0.00019,0.00453,0.00027,0.00124,0.00122,0.00093,0.01048,0.00156,-0.00675,0.01340,0.00010,-0.01795,-0.00112,0.00507,-0.01956,-0.00096,-0.02170,-0.00573,-0.00016,-0.00812,0.00000,0.00419,-0.00356,0.00831,-0.00568
581,13,milk on pink plate,robot_3cam,"robot demo
milk on plate",True,0.25103,0.26797,0.27314,0.25239,0.25366,-0.00990,-0.02188,-0.02970,-0.00285,-0.01990,0.16012,0.10722,0.10941,0.15479,0.18224,-1.33764,-1.40358,-1.53633,-1.24644,-1.24281,1.13604,1.38399,1.46188,1.18587,1.10218,-1.38279,-0.98909,-0.90343,-1.30282,-1.31956,0.05246,0.16614,0.23989,0.06146,0.05660,-0.00003,0.00078,0.00126,0.00034,0.00120,-0.00029,0.00114,-0.00086,-0.00042,0.00098,0.00048,0.00454,0.00059,0.00169,0.00130,0.00216,0.01397,0.00021,-0.00352,0.01223,-0.00006,-0.01314,0.00286,0.01134,-0.01493,-0.00213,-0.02350,-0.00499,-0.00607,-0.00969,0.00000,0.00462,-0.00281,0.00767,-0.00732
581,14,milk on pink plate,robot_3cam,"robot demo
milk on plate",True,0.25092,0.26304,0.27172,0.25576,0.25586,-0.01028,-0.02429,-0.02578,-0.00631,-0.01247,0.16163,0.10666,0.10635,0.15051,0.18413,-1.33215,-1.37687,-1.54056,-1.31825,-1.25688,1.13306,1.37770,1.45178,1.24587,1.11418,-1.38732,-1.00989,-0.90286,-1.27264,-1.32077,0.05246,0.15857,0.24564,0.06861,0.05929,-0.00010,0.00171,0.00076,0.00042,0.00152,-0.00087,-0.00098,-0.00102,-0.00120,0.00036,0.00182,0.00451,0.00260,0.00257,0.00378,0.00745,0.01729,0.00439,0.00234,0.02652,-0.00143,-0.00815,0.00032,0.01112,-0.02148,-0.00749,-0.02579,-0.01112,-0.01262,-0.02004,0.00000,0.00542,-0.00334,0.00912,-0.01287
581,15,milk on pink plate,robot_3cam,"robot demo
milk on plate",True,0.25089,0.26517,0.27140,0.25711,0.25770,-0.01096,-0.02537,-0.02117,-0.01299,-0.00874,0.16202,0.10933,0.10497,0.15143,0.18059,-1.33083,-1.37841,-1.54352,-1.33009,-1.30050,1.13370,1.38346,1.44294,1.27443,1.12685,-1.39149,-1.01142,-0.90499,-1.28339,-1.32542,0.05246,0.15485,0.24549,0.07380,0.08551,-0.00023,0.00319,0.00147,0.00074,0.00198,-0.00202,-0.00039,-0.00123,-0.00035,-0.00054,0.00326,0.00478,0.00369,0.00261,0.00469,0.01462,0.01281,0.00476,0.00726,0.02730,-0.00036,-0.00572,0.00175,0.00563,-0.02304,-0.01489,-0.02194,-0.01226,-0.00853,-0.02230,0.00000,0.00548,-0.00304,0.00976,-0.01218
581,16,milk on pink plate,robot_3cam,"robot demo
milk on plate",True,0.25085,0.26705,0.26952,0.25762,0.25932,-0.01183,-0.02417,-0.01817,-0.01677,-0.01025,0.16202,0.11240,0.10684,0.15472,0.18027,-1.32782,-1.38029,-1.53744,-1.28205,-1.32031,1.13824,1.37968,1.42907,1.26923,1.16989,-1.39366,-1.01479,-0.91954,-1.30081,-1.31365,0.05246,0.14817,0.24434,0.07647,0.08400,-0.00044,0.00444,0.00221,0.00105,0.00227,-0.00435,0.00087,-0.00220,0.00068,-0.00111,0.00461,0.00579,0.00697,0.00256,0.00702,0.02442,0.00861,0.00914,0.00896,0.04103,0.00617,-0.00560,0.00224,0.00136,-0.03262,-0.02603,-0.01935,-0.01863,-0.00404,-0.03030,-0.00008,0.00547,-0.00331,0.00945,-0.01312
581,17,milk on pink plate,robot_3cam,"robot demo
milk on plate",True,0.25073,0.26649,0.26711,0.25550,0.25947,-0.01377,-0.02997,-0.01046,-0.01327,-0.01129,0.16357,0.11059,0.10717,0.15888,0.17759,-1.31916,-1.38187,-1.54059,-1.32429,-1.38455,1.14148,1.40357,1.40655,1.25097,1.20320,-1.40364,-1.00734,-0.93140,-1.32490,-1.33226,0.05246,0.16524,0.25098,0.06299,0.05183,-0.00072,0.00459,0.00138,0.00074,0.00130,-0.00632,-0.00413,-0.00200,-0.00372,-0.00296,0.00671,0.00584,0.01159,0.00394,0.01085,0.03545,0.01837,0.01726,0.02244,0.06270,0.00865,0.00267,-0.00382,0.01212,-0.04480,-0.03794,-0.02517,-0.03081,-0.02236,-0.05080,-0.00008,0.00553,-0.00529,0.00971,-0.02640
581,18,milk on pink plate,robot_3cam,"robot demo
milk on plate",True,0.25065,0.26564,0.26550,0.25640,0.25925,-0.01580,-0.03603,-0.00473,-0.01242,-0.00263,0.16823,0.11247,0.10275,0.16170,0.16988,-1.29817,-1.36624,-1.54462,-1.31220,-1.43137,1.13405,1.41380,1.39401,1.25927,1.18921,-1.42200,-1.01922,-0.93337,-1.33236,-1.31621,0.05246,0.16665,0.25418,0.04089,0.04360,-0.00093,0.00572,0.00214,0.00099,0.00156,-0.00737,-0.00767,-0.00261,-0.00693,-0.00511,0.00853,0.00694,0.01350,0.00531,0.01203,0.04352,0.02485,0.01917,0.04136,0.06165,0.00767,0.00969,-0.00235,0.02441,-0.03882,-0.04524,-0.02964,-0.03442,-0.03916,-0.05850,-0.00008,0.00578,-0.00514,0.00733,-0.02715
581,19,milk on pink plate,robot_3cam,"robot demo
milk on plate",True,0.24964,0.26630,0.26349,0.25494,0.25965,-0.02037,-0.03108,0.00235,-0.00897,0.00402,0.17668,0.11524,0.10368,0.16578,0.17904,-1.26657,-1.37927,-1.54913,-1.34152,-1.39726,1.12961,1.40785,1.37602,1.24733,1.17652,-1.45212,-1.01298,-0.94148,-1.35756,-1.29419,0.05246,0.16517,0.24741,0.04370,0.05756,-0.00102,0.00720,0.00576,0.00195,0.00572,-0.00731,-0.00832,-0.00481,-0.00782,-0.00756,0.00901,0.00791,0.01632,0.00694,0.01418,0.04482,0.02420,0.01843,0.04778,0.05113,0.00612,0.01363,0.00801,0.02769,-0.03101,-0.04512,-0.02933,-0.03474,-0.04295,-0.06789,0.00000,0.00617,-0.00337,0.00684,-0.01695
581,20,milk on pink plate,robot_3cam,"robot demo
milk on plate",True,0.24846,0.26565,0.26388,0.25159,0.26267,-0.02297,-0.02704,0.00688,-0.01297,0.00561,0.18394,0.11821,0.10529,0.16689,0.16975,-1.24751,-1.38542,-1.55740,-1.26976,-1.43995,1.12498,1.39646,1.36737,1.21696,1.18956,-1.46988,-1.01362,-0.93714,-1.36375,-1.25427,0.05246,0.16451,0.25210,0.04327,0.06319,-0.00102,0.00674,0.00397,0.00203,0.00455,-0.00644,-0.00875,-0.00435,-0.00837,-0.00665,0.00922,0.00864,0.01745,0.00752,0.01582,0.04123,0.02692,0.02335,0.05574,0.06435,0.00331,0.01287,0.00216,0.02354,-0.04400,-0.04056,-0.03220,-0.04103,-0.04472,-0.07351,0.00000,0.00585,-0.00412,0.00664,-0.02264
581,21,milk on pink plate,robot_3cam,"robot demo
milk on plate",True,0.24712,0.26539,0.26159,0.25324,0.26118,-0.02439,-0.02616,0.00220,-0.01388,-0.00205,0.19197,0.11693,0.10695,0.16428,0.17746,-1.23278,-1.39338,-1.54272,-1.26187,-1.39577,1.11880,1.39991,1.36718,1.23912,1.18923,-1.48258,-1.00617,-0.94767,-1.34035,-1.28627,0.05246,0.17404,0.24417,0.05030,0.03970,-0.00069,0.00651,0.00348,0.00182,0.00244,-0.00442,-0.01036,-0.00402,-0.00966,-0.00687,0.01022,0.00979,0.01536,0.00822,0.01372,0.03646,0.03208,0.02109,0.06330,0.06004,-0.00495,0.01388,0.00213,0.02736,-0.03593,-0.03183,-0.03675,-0.03766,-0.04913,-0.05941,0.00008,0.00568,-0.00417,0.00461,-0.02740
581,22,milk on pink plate,robot_3cam,"robot demo
milk on plate",True,0.24608,0.27080,0.26301,0.24760,0.25894,-0.02429,-0.01830,-0.00673,-0.01372,-0.00160,0.19968,0.12457,0.11356,0.17550,0.18626,-1.22416,-1.41977,-1.51483,-1.20597,-1.30323,1.11114,1.39274,1.37626,1.18910,1.16074,-1.48823,-0.99599,-0.96321,-1.39483,-1.29551,0.05246,0.17407,0.23091,0.03959,0.07175,0.00035,0.00626,0.00419,0.00172,0.00307,-0.00235,-0.00504,-0.00472,-0.00613,-0.00692,0.01144,0.01232,0.01530,0.01054,0.01217,0.02769,0.02361,0.02059,0.05628,0.04726,-0.00732,0.00333,0.00431,0.00378,-0.02992,-0.01779,-0.03331,-0.03488,-0.03148,-0.05261,0.00008,0.00418,-0.00254,0.00802,-0.01481
581,23,milk on pink plate,robot_3cam,"robot demo
milk on plate",True,0.24539,0.27404,0.25598,0.24138,0.26362,-0.02423,-0.01086,-0.00382,-0.01608,-0.01147,0.20711,0.13310,0.13324,0.18307,0.19393,-1.21812,-1.44029,-1.46221,-1.11662,-1.27913,1.10746,1.38225,1.32836,1.15117,1.19200,-1.49028,-0.99156,-1.03621,-1.40747,-1.33802,0.05246,0.17534,0.19676,0.03916,0.06299,0.00177,0.00589,0.00407,0.00225,0.00316,-0.00116,-0.00228,-0.00482,-0.00295,-0.00481,0.01393,0.01522,0.01805,0.01453,0.01596,0.02140,0.02145,0.02543,0.05323,0.04706,-0.00628,-0.00382,0.00210,-0.01864,-0.04740,-0.00788,-0.03459,-0.04113,-0.02112,-0.05610,0.00008,0.00279,-0.00314,0.00690,-0.01605
581,24,milk on pink plate,robot_3cam,"robot demo
milk on plate",True,0.24646,0.27995,0.25318,0.23469,0.25970,-0.02433,-0.00897,-0.00120,-0.01999,-0.01434,0.21106,0.14092,0.15167,0.19507,0.20297,-1.22551,-1.46930,-1.43045,-1.04620,-1.29189,1.11404,1.39599,1.30040,1.10139,1.19979,-1.48547,-0.97669,-1.08550,-1.43458,-1.36944,0.05246,0.18881,0.16645,0.03113,0.03835,0.00412,0.00473,0.00407,0.00237,0.00445,-0.00026,-0.00035,-0.00395,0.00039,0.00075,0.01657,0.01675,0.01686,0.01776,0.01770,0.01311,0.01985,0.02286,0.04515,0.03239,0.00116,-0.00990,0.00228,-0.03351,-0.05101,0.00642,-0.03446,-0.03749,-0.00983,-0.04157,0.00000,0.00073,-0.00344,0.00262,-0.00927
581,25,milk on pink plate,robot_3cam,"robot demo
milk on plate",True,0.24883,0.27731,0.24524,0.23956,0.25666,-0.02377,-0.01516,-0.00011,-0.02330,-0.01526,0.21484,0.14960,0.16256,0.20238,0.20772,-1.23243,-1.41709,-1.38143,-1.04115,-1.23328,1.12873,1.37959,1.25820,1.16561,1.17891,-1.46628,-1.02960,-1.14761,-1.40734,-1.37391,0.05246,0.16332,0.14040,0.05335,0.03907,0.00686,0.00707,0.00599,0.00558,0.00573,-0.00009,-0.00031,-0.00614,0.00126,-0.00003,0.01865,0.02042,0.02192,0.02023,0.02180,0.00498,0.02036,0.02932,0.03319,0.00996,0.01052,-0.00870,0.00598,-0.02979,-0.04042,0.01690,-0.03759,-0.04620,-0.00182,-0.03834,0.00000,0.00080,-0.00268,0.00504,-0.00234
581,26,milk on pink plate,robot_3cam,"robot demo
milk on plate",True,0.25220,0.27822,0.24845,0.25055,0.25830,-0.02367,-0.00759,-0.00050,-0.01866,-0.01563,0.21710,0.15606,0.16602,0.21075,0.20970,-1.24451,-1.42547,-1.38857,-1.09650,-1.22471,1.14650,1.36209,1.26615,1.16002,1.16345,-1.44809,-1.03607,-1.14063,-1.36663,-1.35452,0.05246,0.14750,0.14281,0.04298,0.04136,0.01024,0.00984,0.00685,0.01181,0.00684,0.00016,0.00192,-0.00672,0.00477,-0.00135,0.02040,0.02124,0.02367,0.01893,0.02258,-0.00712,0.01044,0.03068,-0.00116,0.00949,0.02083,-0.00606,0.00726,-0.01745,-0.03078,0.02788,-0.03050,-0.04746,0.02893,-0.03220,0.00000,0.00110,-0.00221,0.00677,-0.00775
581,27,milk on pink plate,robot_3cam,"robot demo
milk on plate",True,0.25667,0.27971,0.24431,0.25579,0.25854,-0.02365,-0.00780,0.00141,-0.02066,-0.01968,0.21817,0.16539,0.17438,0.22417,0.21644,-1.26465,-1.42464,-1.36454,-1.12844,-1.18042,1.16466,1.36404,1.24404,1.17168,1.17860,-1.43186,-1.04423,-1.18457,-1.36990,-1.40952,0.05246,0.14558,0.13306,0.03637,0.02331,0.01272,0.01027,0.00668,0.01432,0.00683,0.00052,0.00136,-0.00624,0.00502,0.00432,0.02095,0.02250,0.02602,0.01974,0.02717,-0.01859,0.01177,0.03362,-0.01621,-0.01988,0.02457,-0.00475,0.00405,-0.00385,-0.04781,0.03318,-0.03190,-0.05271,0.04036,-0.02054,0.00000,0.00048,-0.00479,0.00856,-0.00852
581,28,milk on pink plate,robot_3cam,"robot demo
milk on plate",True,0.26093,0.28472,0.24858,0.25616,0.26230,-0.02331,0.00224,-0.00538,-0.01680,-0.02964,0.22053,0.16720,0.18429,0.22817,0.22162,-1.27935,-1.48239,-1.35667,-1.16284,-1.16516,1.17606,1.37013,1.26124,1.15556,1.23417,-1.41855,-1.00237,-1.19265,-1.37495,-1.41739,0.05246,0.16656,0.13658,0.01985,0.04826,0.01467,0.00968,0.00524,0.01595,0.00567,0.00014,0.00133,-0.00573,0.00556,0.00817,0.02095,0.02335,0.02785,0.02237,0.03127,-0.02553,0.01251,0.03833,-0.02157,-0.02586,0.02886,-0.00559,-0.00277,0.00347,-0.06258,0.03454,-0.03267,-0.05750,0.03741,-0.01302,0.00000,-0.00049,-0.00670,0.00488,-0.01504
581,29,milk on pink plate,robot_3cam,"robot demo
milk on plate",True,0.26487,0.28262,0.25157,0.25830,0.26564,-0.02334,0.00485,-0.00607,-0.00593,-0.02739,0.22422,0.17660,0.19076,0.23967,0.23084,-1.28848,-1.45373,-1.36519,-1.18736,-1.20452,1.18246,1.33682,1.27092,1.12644,1.22640,-1.41156,-1.03714,-1.19422,-1.33976,-1.39413,0.05246,0.13947,0.13466,0.01591,0.03569,0.01602,0.00969,0.00769,0.01637,0.01023,-0.00002,0.00376,-0.00542,0.00803,0.01211,0.02194,0.02458,0.02916,0.02222,0.03154,-0.02851,0.01003,0.03428,-0.03067,-0.02954,0.02567,-0.01065,0.00159,-0.00064,-0.07631,0.02954,-0.03300,-0.05309,0.05201,0.00263,0.00000,-0.00054,-0.00725,0.00168,-0.03019
581,30,milk on pink plate,robot_3cam,"robot demo
milk on plate",True,0.26826,0.28690,0.25985,0.26171,0.28080,-0.02303,0.00414,-0.00203,-0.00897,-0.01295,0.22891,0.17566,0.19263,0.23901,0.23633,-1.29342,-1.49149,-1.41728,-1.17953,-1.32080,1.18326,1.37309,1.30261,1.12482,1.24688,-1.40684,-1.00123,-1.15585,-1.37154,-1.30404,0.05246,0.16256,0.14376,-0.00489,-0.05412,0.01656,0.01054,0.01150,0.01870,0.01540,-0.00003,0.00149,-0.00478,0.00740,0.01718,0.02334,0.02270,0.02658,0.02131,0.02963,-0.02753,0.00889,0.02090,-0.05291,-0.05876,0.02112,-0.00240,0.01269,0.01754,-0.07610,0.02490,-0.02869,-0.03728,0.04530,0.03754,0.00000,-0.00063,-0.00720,0.00365,-0.05471
581,31,milk on pink plate,robot_3cam,"robot demo
milk on plate",True,0.27135,0.28579,0.26024,0.26867,0.27931,-0.02286,0.00111,-0.00338,-0.01620,-0.00988,0.23504,0.18440,0.19763,0.23997,0.23847,-1.29167,-1.47788,-1.40920,-1.16946,-1.32786,1.17986,1.37521,1.30434,1.17236,1.26643,-1.40743,-1.01839,-1.17377,-1.37079,-1.27927,0.05246,0.16287,0.14015,-0.04813,-0.06286,0.01633,0.01079,0.01315,0.02101,0.01669,-0.00027,-0.00193,-0.00518,0.00308,0.01810,0.02543,0.02451,0.02821,0.02553,0.03231,-0.02155,0.01766,0.01993,-0.05399,-0.06779,0.01437,0.00222,0.01565,0.03533,-0.07094,0.01736,-0.03579,-0.03670,0.03303,0.04417,-0.00008,-0.00109,-0.00803,0.00444,-0.04982
581,32,milk on pink plate,robot_3cam,"robot demo
milk on plate",True,0.27430,0.28069,0.26366,0.27113,0.27863,-0.02280,0.01146,-0.00947,-0.01184,-0.00142,0.24223,0.19006,0.20086,0.23768,0.24612,-1.28872,-1.45489,-1.41154,-1.25153,-1.35607,1.17535,1.32134,1.32898,1.17586,1.25429,-1.40888,-1.05342,-1.17751,-1.28012,-1.25512,0.05246,0.12895,0.14366,0.00444,-0.04893,0.01752,0.01266,0.01635,0.02334,0.02018,-0.00079,0.00073,-0.00642,0.00745,0.01709,0.02841,0.02654,0.02958,0.02848,0.03218,-0.01435,0.01212,0.01604,-0.04994,-0.09486,0.01091,0.00014,0.02344,0.01891,-0.04757,0.01176,-0.03465,-0.03218,0.04031,0.06957,0.00000,-0.00030,-0.00861,0.00315,-0.03824
581,33,milk on pink plate,robot_3cam,"robot demo
milk on plate",True,0.27802,0.28202,0.26380,0.27541,0.27653,-0.02310,0.00858,-0.00938,-0.01258,-0.00410,0.24737,0.19678,0.20795,0.23701,0.25054,-1.29238,-1.43801,-1.39990,-1.28345,-1.37269,1.18047,1.31466,1.32820,1.18051,1.24387,-1.40439,-1.07686,-1.20705,-1.25260,-1.25828,0.05246,0.11219,0.13979,0.02664,-0.00555,0.01908,0.01401,0.01735,0.02509,0.02069,-0.00063,0.00207,-0.00658,0.00853,0.01400,0.03174,0.02717,0.03062,0.02845,0.03276,-0.00951,0.00692,0.01508,-0.06336,-0.08833,0.00807,0.00062,0.02491,0.02213,-0.02309,0.01130,-0.03094,-0.03197,0.04356,0.06929,-0.00008,-0.00060,-0.01067,0.00237,-0.03071
581,34,milk on pink plate,robot_3cam,"robot demo
milk on plate",True,0.28209,0.28120,0.26880,0.27476,0.28703,-0.02299,-0.00366,-0.01012,-0.02666,0.00492,0.25466,0.20849,0.19584,0.23610,0.25162,-1.29423,-1.39823,-1.44122,-1.25985,-1.36080,1.18033,1.32356,1.35529,1.23908,1.23181,-1.40243,-1.11864,-1.15508,-1.28651,-1.26878,0.05246,0.10196,0.16796,-0.00895,-0.04554,0.01983,0.01519,0.01943,0.02962,0.02530,-0.00082,-0.00259,-0.00784,0.00226,0.01853,0.03395,0.02853,0.03493,0.03222,0.03656,-0.00463,0.01546,0.01818,-0.06407,-0.09491,0.00607,0.00953,0.02788,0.04072,-0.04892,0.00916,-0.03658,-0.03664,0.01529,0.07747,-0.00008,-0.00118,-0.00987,0.00491,-0.03167
581,35,milk on pink plate,robot_3cam,"robot demo
milk on plate",True,0.28634,0.27803,0.27502,0.27220,0.29567,-0.02332,-0.01419,-0.01671,-0.02558,0.00646,0.26297,0.22182,0.18994,0.25242,0.25926,-1.29303,-1.32616,-1.45767,-1.22337,-1.30192,1.17925,1.30362,1.38869,1.20231,1.18940,-1.40328,-1.18806,-1.12366,-1.32341,-1.32000,0.05246,0.06595,0.18520,0.01262,-0.06103,0.02198,0.01485,0.02098,0.02733,0.02734,0.00003,-0.00062,-0.00860,0.00385,0.01751,0.03544,0.02911,0.03761,0.03303,0.03730,-0.00797,0.01392,0.01942,-0.06159,-0.09278,0.00313,0.00443,0.02972,0.03426,-0.05452,0.01351,-0.03683,-0.03755,0.02537,0.07061,-0.00008,-0.00176,-0.00908,0.00588,-0.02321
581,36,milk on pink plate,robot_3cam,"robot demo
milk on plate",True,0.29182,0.28809,0.28418,0.29555,0.30601,-0.02375,-0.01365,-0.02791,-0.02411,-0.00780,0.27060,0.22281,0.19677,0.25385,0.27276,-1.29427,-1.36767,-1.46438,-1.26625,-1.16978,1.18218,1.33455,1.43254,1.16910,1.21296,-1.40048,-1.15481,-1.10768,-1.25268,-1.37390,0.05246,0.08002,0.19849,0.03917,0.12175,0.02297,0.01556,0.02119,0.02692,0.02858,0.00207,0.00479,-0.00936,0.01134,0.02332,0.03963,0.02945,0.03989,0.03174,0.03629,-0.00783,-0.00069,0.02265,-0.07013,-0.11373,-0.00645,-0.00200,0.02794,0.02081,-0.04913,0.01934,-0.02566,-0.03961,0.04272,0.09444,0.00008,-0.00308,-0.00974,0.00047,-0.01167
581,37,milk on pink plate,robot_3cam,"robot demo
milk on plate",True,0.29634,0.29367,0.28432,0.30339,0.30365,-0.02319,-0.01805,-0.03620,-0.03088,-0.00024,0.27975,0.22924,0.21115,0.25586,0.27642,-1.29322,-1.37161,-1.43168,-1.27049,-1.23609,1.17941,1.34645,1.43369,1.20623,1.16944,-1.39801,-1.15455,-1.14093,-1.20625,-1.33653,0.05246,0.07691,0.18277,0.00711,0.07359,0.02286,0.01539,0.02065,0.02703,0.02780,0.00530,0.00631,-0.00916,0.01333,0.02729,0.04054,0.02914,0.04046,0.03015,0.03686,-0.01778,-0.00474,0.02441,-0.08112,-0.13233,-0.01241,-0.00403,0.02512,0.01897,-0.05089,0.03226,-0.02186,-0.04033,0.05338,0.11042,-0.00008,-0.00385,-0.01046,-0.00252,-0.01040
581,38,milk on pink plate,robot_3cam,"robot demo
milk on plate",True,0.30109,0.29835,0.29814,0.30117,0.31641,-0.02216,-0.02899,-0.04928,-0.03480,-0.01158,0.28795,0.23958,0.20607,0.26065,0.27457,-1.29526,-1.36341,-1.47346,-1.26286,-1.25925,1.17944,1.37425,1.50562,1.21206,1.24719,-1.39080,-1.17106,-1.07902,-1.27650,-1.32358,0.05246,0.08540,0.22404,-0.00065,0.12455,0.02215,0.01528,0.02056,0.02843,0.02849,0.00986,0.00486,-0.00914,0.01018,0.03431,0.03996,0.03141,0.04451,0.03555,0.04140,-0.03269,-0.00068,0.02945,-0.06504,-0.11643,-0.02011,-0.00356,0.01957,0.01794,-0.09612,0.04724,-0.02525,-0.04538,0.03548,0.09739,0.00000,-0.00608,-0.01206,-0.00224,-0.01823
581,39,milk on pink plate,robot_3cam,"robot demo
milk on plate",True,0.30644,0.30683,0.30628,0.29668,0.32829,-0.01829,-0.03197,-0.05497,-0.02160,-0.01450,0.29515,0.24104,0.20496,0.27736,0.27519,-1.30835,-1.38545,-1.49235,-1.28120,-1.27722,1.17489,1.40124,1.53424,1.16149,1.29350,-1.37582,-1.14997,-1.04377,-1.26415,-1.31748,0.05246,0.09792,0.25440,0.00994,0.14566,0.02199,0.01486,0.01801,0.02699,0.02846,0.01622,0.00925,-0.00922,0.01804,0.03595,0.03926,0.03288,0.05181,0.03649,0.04747,-0.05499,-0.00832,0.04528,-0.06532,-0.08571,-0.02632,-0.01252,0.00587,-0.00939,-0.12657,0.07054,-0.02069,-0.06405,0.04200,0.06467,0.00008,-0.00741,-0.01336,-0.00225,-0.02378
581,40,milk on pink plate,robot_3cam,"robot demo
milk on plate",True,0.30999,0.30811,0.30465,0.30008,0.31902,-0.01163,-0.03288,-0.05523,-0.01864,0.00062,0.30443,0.23923,0.22394,0.28040,0.28799,-1.32223,-1.38361,-1.44769,-1.29566,-1.31936,1.16191,1.40601,1.50839,1.14535,1.21490,-1.35706,-1.14830,-1.10431,-1.24272,-1.27032,0.05246,0.10448,0.23786,0.02207,0.06498,0.01964,0.01503,0.01543,0.02592,0.02590,0.02226,0.01038,-0.00846,0.02136,0.03632,0.03885,0.03612,0.05578,0.04253,0.04950,-0.06920,-0.00667,0.05557,-0.04480,-0.07919,-0.03489,-0.01735,-0.00553,-0.03755,-0.10338,0.08724,-0.02482,-0.07651,0.01950,0.08477,0.00008,-0.00774,-0.01603,-0.00494,-0.01302
581,41,milk on pink plate,robot_3cam,"robot demo
milk on plate",True,0.31424,0.30231,0.30693,0.29981,0.31321,-0.00426,-0.03901,-0.06126,-0.02029,-0.00021,0.31220,0.24357,0.23167,0.28762,0.30572,-1.34226,-1.32450,-1.41920,-1.27806,-1.28476,1.15395,1.37852,1.51218,1.13961,1.18602,-1.33431,-1.20212,-1.12446,-1.26611,-1.27961,0.05246,0.07546,0.23100,0.02016,-0.01366,0.01853,0.01485,0.01341,0.02533,0.02339,0.02922,0.01020,-0.00778,0.01898,0.03445,0.03478,0.03645,0.05666,0.04153,0.04618,-0.09465,-0.00386,0.06040,-0.05072,-0.08484,-0.03552,-0.01875,-0.01301,-0.02638,-0.08029,0.11128,-0.02815,-0.08064,0.02258,0.08718,0.00000,-0.00740,-0.01637,-0.00348,-0.00778
581,42,milk on pink plate,robot_3cam,"robot demo
milk on plate",True,0.31781,0.31017,0.31519,0.29399,0.31745,0.00304,-0.04226,-0.06429,-0.01243,-0.00159,0.32024,0.24034,0.23037,0.29887,0.29803,-1.36305,-1.34131,-1.45631,-1.30544,-1.32876,1.14785,1.39392,1.54853,1.12366,1.20720,-1.31210,-1.18399,-1.07523,-1.23953,-1.23442,0.05246,0.07908,0.24819,0.03043,0.02804,0.01684,0.01452,0.01234,0.02326,0.02227,0.03476,0.01479,-0.00707,0.02425,0.03649,0.03292,0.03702,0.05453,0.03879,0.04487,-0.10746,-0.01273,0.05846,-0.05415,-0.09520,-0.04191,-0.02740,-0.01518,-0.03302,-0.08193,0.12430,-0.02225,-0.07662,0.02726,0.08595,0.00008,-0.00810,-0.01608,-0.00214,-0.01634
581,43,milk on pink plate,robot_3cam,"robot demo
milk on plate",True,0.32187,0.31528,0.31872,0.30481,0.31230,0.01272,-0.03541,-0.05508,-0.00351,0.02155,0.32449,0.24511,0.21862,0.30316,0.30909,-1.39636,-1.35336,-1.49517,-1.30758,-1.47028,1.14086,1.37305,1.54490,1.17053,1.07021,-1.27777,-1.17716,-1.01578,-1.16832,-1.28336,0.05246,0.05972,0.25879,0.06536,0.08038,0.01533,0.01435,0.01111,0.01980,0.02215,0.04003,0.02117,-0.00585,0.03268,0.04132,0.03090,0.03665,0.05385,0.03588,0.04688,-0.12312,-0.02553,0.05936,-0.06209,-0.12852,-0.04446,-0.03723,-0.01830,-0.03933,-0.12214,0.13877,-0.01373,-0.07687,0.04261,0.06376,0.00000,-0.00786,-0.01261,-0.00411,-0.03716
581,44,milk on pink plate,robot_3cam,"robot demo
milk on plate",True,0.32527,0.31961,0.31703,0.30548,0.30915,0.02216,-0.04196,-0.05721,0.00192,0.01806,0.32788,0.24546,0.22580,0.31298,0.31658,-1.43079,-1.35817,-1.47039,-1.32264,-1.38249,1.13663,1.40339,1.54268,1.17146,1.06673,-1.24772,-1.16742,-1.05227,-1.18482,-1.25709,0.05246,0.07156,0.24072,0.04832,-0.00701,0.01273,0.01360,0.01143,0.01786,0.02028,0.04310,0.02311,-0.00481,0.03421,0.04607,0.02775,0.03603,0.04910,0.03479,0.04009,-0.13098,-0.02976,0.05022,-0.07731,-0.11925,-0.04622,-0.04133,-0.01497,-0.03393,-0.10437,0.14413,-0.00981,-0.06540,0.04792,0.09263,-0.00008,-0.00880,-0.01378,-0.00530,-0.02954
581,45,milk on pink plate,robot_3cam,"robot demo
milk on plate",True,0.32715,0.32271,0.32300,0.31099,0.30880,0.02938,-0.03553,-0.06421,0.01608,0.03850,0.33465,0.24468,0.22485,0.32363,0.31801,-1.44860,-1.38833,-1.49215,-1.33591,-1.41151,1.12936,1.40313,1.58187,1.16237,1.02359,-1.23044,-1.14127,-1.01307,-1.18800,-1.18614,0.05246,0.07381,0.24025,0.03038,0.03026,0.01083,0.01243,0.01014,0.01511,0.01679,0.04760,0.02657,-0.00281,0.03625,0.04784,0.02458,0.03318,0.03916,0.02696,0.03081,-0.14655,-0.03861,0.03603,-0.10290,-0.17612,-0.04881,-0.04619,-0.01257,-0.01148,-0.06146,0.15541,-0.00165,-0.04496,0.06969,0.11623,-0.00008,-0.00889,-0.01264,-0.00058,-0.03303
581,46,milk on pink plate,robot_3cam,"robot demo
milk on plate",True,0.33024,0.33170,0.33507,0.32076,0.32305,0.03964,-0.02564,-0.06055,0.02295,0.04346,0.33699,0.24391,0.21063,0.31538,0.31489,-1.48214,-1.45638,-1.57780,-1.37865,-1.48166,1.12117,1.41634,1.63372,1.18472,1.01074,-1.19853,-1.08593,-0.91118,-1.16589,-1.12961,0.05246,0.09596,0.27916,0.03212,0.13608,0.00839,0.01174,0.00827,0.01460,0.01250,0.04795,0.02986,-0.00073,0.04144,0.04170,0.02095,0.03402,0.03433,0.02798,0.02645,-0.14866,-0.04463,0.02997,-0.10342,-0.15429,-0.04822,-0.05260,-0.01578,-0.02853,-0.06352,0.14962,0.00221,-0.03660,0.07194,0.08432,-0.00008,-0.00989,-0.01240,-0.00103,-0.03717
581,47,milk on pink plate,robot_3cam,"robot demo
milk on plate",True,0.33106,0.33340,0.34933,0.32124,0.32948,0.04993,-0.01158,-0.05421,0.03623,0.06253,0.33843,0.24587,0.19908,0.31236,0.28986,-1.51968,-1.49261,-1.67281,-1.42202,-1.79680,1.11568,1.39348,1.68118,1.17973,1.11408,-1.16631,-1.06039,-0.78961,-1.13347,-0.99109,0.05246,0.09742,0.31315,0.02682,0.27864,0.00576,0.01067,0.00570,0.01254,0.00761,0.04867,0.03253,0.00145,0.04807,0.02861,0.01737,0.03477,0.02892,0.02693,0.02122,-0.15408,-0.04675,0.02504,-0.12467,-0.18144,-0.04451,-0.05929,-0.01990,-0.03978,-0.04755,0.14840,0.00195,-0.02797,0.09820,0.08839,-0.00008,-0.00996,-0.00968,-0.00009,-0.01883
581,48,milk on pink plate,robot_3cam,"robot demo
milk on plate",True,0.33135,0.33715,0.35462,0.31627,0.35697,0.06104,-0.00423,-0.06153,0.05110,0.06756,0.34104,0.23847,0.20357,0.31465,0.31807,-1.55281,-1.54357,-1.68936,-1.48781,-1.66682,1.10217,1.40361,1.71570,1.17119,1.13998,-1.13875,-1.00989,-0.75545,-1.10239,-0.99564,0.05246,0.11745,0.30442,0.03962,0.21839,0.00317,0.00875,0.00348,0.00882,0.00604,0.04946,0.03382,0.00326,0.04907,0.03421,0.01424,0.03214,0.01701,0.02219,0.01669,-0.15651,-0.04932,0.01041,-0.13625,-0.18459,-0.04675,-0.06268,-0.01767,-0.03537,-0.03207,0.14302,0.00554,-0.00594,0.12188,0.09620,0.00008,-0.00995,-0.00802,0.00386,-0.00138
581,49,milk on pink plate,robot_3cam,"robot demo
milk on plate",True,0.33150,0.33492,0.35154,0.32013,0.36292,0.07064,0.01598,-0.06567,0.07083,0.06814,0.34408,0.24039,0.21520,0.32375,0.33356,-1.57901,-1.57512,-1.65977,-1.55437,-1.65452,1.09132,1.35207,1.70095,1.16457,1.16642,-1.11756,-0.99380,-0.77349,-1.04892,-1.01500,0.05246,0.10302,0.27813,0.05743,0.13909,0.00096,0.00645,-0.00052,0.00356,0.00328,0.05077,0.03810,0.00456,0.05167,0.03091,0.01212,0.02979,0.01041,0.01716,0.01181,-0.16014,-0.05564,0.00859,-0.14353,-0.17917,-0.04922,-0.07181,-0.02350,-0.02817,-0.00667,0.14031,0.00951,-0.00039,0.14627,0.09855,0.00016,-0.00970,-0.00673,0.00630,0.00448
581,50,milk on pink plate,robot_3cam,"robot demo
milk on plate",True,0.33090,0.33685,0.35338,0.32180,0.36635,0.08104,0.03785,-0.06383,0.07982,0.04497,0.34517,0.23803,0.21380,0.31647,0.33297,-1.61083,-1.63861,-1.67505,-1.63304,-1.67492,1.08135,1.32269,1.70307,1.14156,1.25286,-1.09078,-0.94549,-0.75206,-0.99987,-1.03830,0.05246,0.11423,0.29111,0.06230,0.09201,-0.00169,0.00389,-0.00452,-0.00110,-0.00066,0.04876,0.04270,0.00593,0.05564,0.01979,0.00867,0.03006,0.01022,0.01535,0.00954,-0.15997,-0.05956,0.01519,-0.15243,-0.13725,-0.04697,-0.08428,-0.03521,-0.03356,-0.00317,0.13211,0.00990,-0.00801,0.15633,0.06161,0.00041,-0.01015,-0.00797,0.00835,-0.00099
581,51,milk on pink plate,robot_3cam,"robot demo
milk on plate",True,0.33043,0.33172,0.35509,0.32461,0.34601,0.08992,0.04920,-0.05152,0.09092,0.02116,0.34695,0.23410,0.20818,0.32121,0.31242,-1.63935,-1.64601,-1.72773,-1.65738,-1.64181,1.07290,1.29419,1.69582,1.13624,1.39814,-1.07173,-0.93380,-0.69545,-0.98595,-1.04838,0.05410,0.10388,0.29636,0.04146,0.13266,-0.00466,0.00275,-0.00624,-0.00303,-0.00329,0.05032,0.04405,0.00786,0.05842,-0.00192,0.00515,0.02607,0.00509,0.00888,-0.00107,-0.16857,-0.06329,0.00956,-0.14290,-0.16284,-0.05027,-0.08532,-0.03623,-0.04270,0.06170,0.13743,0.01425,-0.00076,0.16562,0.06310,0.00049,-0.00847,-0.00603,-0.00705,-0.00701
581,52,milk on pink plate,robot_3cam,"robot demo
milk on plate",True,0.33004,0.33180,0.35425,0.32594,0.34391,0.09986,0.05163,-0.04831,0.09756,0.01484,0.34656,0.22868,0.20711,0.31816,0.32142,-1.67473,-1.66009,-1.73918,-1.68733,-1.56730,1.06385,1.29515,1.69004,1.17989,1.38872,-1.04836,-0.91522,-0.67773,-0.95486,-1.06945,0.05246,0.10304,0.29328,0.07114,0.06813,-0.00659,0.00213,-0.00847,-0.00341,-0.00705,0.04968,0.04501,0.00846,0.05695,0.00197,0.00135,0.02189,0.00059,0.00241,-0.00447,-0.17359,-0.06910,0.00748,-0.14053,-0.16746,-0.04787,-0.08424,-0.03811,-0.03283,0.04824,0.14169,0.02165,0.00299,0.16758,0.08003,0.00049,-0.00759,-0.00491,-0.00538,-0.00755
581,53,milk on pink plate,robot_3cam,"robot demo
milk on plate",True,0.32807,0.32782,0.34641,0.32346,0.32280,0.11087,0.06410,-0.04682,0.11284,0.00736,0.34438,0.23262,0.21412,0.32273,0.31015,-1.71664,-1.66739,-1.71867,-1.71608,-1.54744,1.05264,1.25642,1.65906,1.14106,1.35718,-1.01718,-0.91576,-0.70151,-0.94271,-1.00190,0.05246,0.09129,0.27449,0.06483,0.01278,-0.00968,-0.00089,-0.01258,-0.00633,-0.01050,0.05032,0.04763,0.00975,0.06000,0.00734,-0.00351,0.01955,-0.00447,-0.00039,-0.00997,-0.18173,-0.07029,0.00787,-0.14873,-0.15022,-0.04371,-0.09269,-0.04510,-0.04378,0.01326,0.15729,0.02199,0.00322,0.17491,0.09467,0.00041,-0.00771,-0.00568,-0.00415,-0.00366
581,54,milk on pink plate,robot_3cam,"robot demo
milk on plate",True,0.32537,0.32916,0.34789,0.32026,0.33708,0.12176,0.07713,-0.02788,0.12604,-0.00781,0.34318,0.23090,0.22989,0.31273,0.32691,-1.75306,-1.70858,-1.75172,-1.74033,-1.31269,1.03661,1.23732,1.62108,1.11716,1.47698,-0.98771,-0.88100,-0.68397,-0.90526,-1.07800,0.05246,0.09732,0.26712,0.10651,-0.13128,-0.01213,-0.00366,-0.01941,-0.00905,-0.01607,0.04878,0.04999,0.01293,0.06047,0.01215,-0.00866,0.01780,-0.00837,-0.00161,-0.01739,-0.18433,-0.07132,0.01352,-0.14212,-0.09008,-0.03762,-0.10050,-0.06153,-0.04894,-0.01773,0.16686,0.02254,-0.00257,0.16865,0.10584,0.00032,-0.00778,-0.00640,0.00278,0.01460
581,55,milk on pink plate,robot_3cam,"robot demo
milk on plate",True,0.32278,0.32628,0.34247,0.32471,0.30828,0.13283,0.07945,-0.02275,0.12819,-0.01944,0.34008,0.23177,0.23657,0.31850,0.29506,-1.78550,-1.70110,-1.74268,-1.72576,-1.49798,1.03632,1.22363,1.59077,1.11885,1.54659,-0.94540,-0.88468,-0.69472,-0.90281,-0.94450,0.05246,0.07822,0.24302,0.11182,-0.10272,-0.01440,-0.00309,-0.02086,-0.00668,-0.01724,0.04920,0.04936,0.01352,0.05925,0.01509,-0.01309,0.01256,-0.01355,-0.00593,-0.02348,-0.19152,-0.07685,0.00919,-0.12944,-0.10612,-0.03072,-0.09309,-0.06035,-0.03786,-0.02522,0.18046,0.03099,0.00389,0.16637,0.13657,0.00008,-0.00598,-0.00455,-0.00150,0.02404
581,56,milk on pink plate,robot_3cam,"robot demo
milk on plate",True,0.32008,0.32665,0.33698,0.32808,0.29431,0.14167,0.09610,-0.03799,0.13675,-0.00137,0.33494,0.23118,0.24589,0.30839,0.30234,-1.81822,-1.75482,-1.67714,-1.73539,-1.71031,1.04474,1.20389,1.58349,1.12025,1.36652,-0.90036,-0.84602,-0.74309,-0.86445,-0.93745,0.05246,0.08709,0.21491,0.13690,-0.02295,-0.01579,-0.00496,-0.02105,-0.00910,-0.01453,0.04698,0.05059,0.01212,0.05779,0.02355,-0.01760,0.01031,-0.01408,-0.00955,-0.02390,-0.19113,-0.07894,0.01118,-0.13524,-0.17756,-0.01709,-0.09606,-0.05919,-0.02818,-0.04478,0.19040,0.03335,0.00409,0.17619,0.15798,0.00000,-0.00615,-0.00287,-0.00078,0.02033
581,57,milk on pink plate,robot_3cam,"robot demo
milk on plate",True,0.31658,0.32588,0.32367,0.31968,0.27690,0.15171,0.11343,-0.04375,0.14596,0.00535,0.32981,0.22838,0.25985,0.29610,0.29415,-1.85621,-1.81392,-1.60754,-1.77614,-1.90570,1.04181,1.18530,1.54006,1.10108,1.32862,-0.85807,-0.80006,-0.81450,-0.82077,-0.91755,0.05246,0.10002,0.15994,0.18384,-0.00062,-0.01832,-0.00721,-0.02049,-0.01148,-0.01170,0.04722,0.05015,0.01140,0.05433,0.03160,-0.02200,0.00684,-0.02126,-0.01358,-0.02972,-0.19707,-0.07819,0.00153,-0.13686,-0.20732,-0.01587,-0.09608,-0.04991,-0.02565,-0.06285,0.19959,0.03473,0.01780,0.18067,0.19535,0.00000,-0.00598,-0.00038,-0.00243,0.01954
581,58,milk on pink plate,robot_3cam,"robot demo
milk on plate",True,0.31288,0.32429,0.32273,0.31852,0.26356,0.16077,0.12872,-0.03043,0.15353,-0.03726,0.32286,0.22076,0.25934,0.28267,0.26284,-1.89524,-1.86804,-1.64942,-1.80714,-2.12193,1.04883,1.17129,1.52374,1.15229,1.28686,-0.81302,-0.74984,-0.77839,-0.77900,-0.81344,0.05246,0.11045,0.15236,0.21675,0.03968,-0.01965,-0.00810,-0.02099,-0.01283,-0.01154,0.04414,0.04814,0.01183,0.04820,0.02407,-0.02683,0.00222,-0.02847,-0.01767,-0.04086,-0.20207,-0.07768,-0.00780,-0.13092,-0.19887,-0.00701,-0.08975,-0.04373,-0.01494,-0.06284,0.20009,0.03792,0.02982,0.17981,0.20421,0.00000,-0.00437,0.00221,-0.01150,0.01570
581,59,milk on pink plate,robot_3cam,"robot demo
milk on plate",True,0.30890,0.32306,0.30571,0.31709,0.26569,0.16942,0.14593,-0.02820,0.16601,-0.04446,0.31612,0.21782,0.27889,0.28251,0.25977,-1.93426,-1.92369,-1.58527,-1.77592,-2.12052,1.05089,1.16005,1.45465,1.17010,1.24280,-0.77210,-0.70384,-0.85982,-0.76873,-0.87894,0.05246,0.12990,0.08366,0.19338,-0.00760,-0.02076,-0.00926,-0.01887,-0.01512,-0.00926,0.04095,0.04736,0.01063,0.04617,0.02172,-0.03141,0.00130,-0.03613,-0.01978,-0.04866,-0.21141,-0.07500,-0.02057,-0.15453,-0.16205,0.00000,-0.08930,-0.02844,-0.01456,-0.05814,0.20037,0.03610,0.04645,0.19132,0.20115,0.00000,-0.00406,0.00561,-0.01702,0.00406
581,60,milk on pink plate,robot_3cam,"robot demo
milk on plate",True,0.30429,0.32463,0.29849,0.31199,0.28171,0.17811,0.16019,-0.02874,0.16651,0.02835,0.30922,0.21290,0.28944,0.26750,0.29105,-1.97296,-1.99045,-1.55675,-1.82911,-2.03434,1.04938,1.16238,1.42236,1.15794,1.09517,-0.72952,-0.64465,-0.88912,-0.70377,-0.89994,0.05246,0.15623,0.06179,0.18400,-0.04198,-0.02190,-0.01152,-0.02022,-0.01674,-0.01051,0.03708,0.04685,0.00893,0.04263,0.03227,-0.03644,-0.00134,-0.03629,-0.02098,-0.04625,-0.22518,-0.07332,-0.01502,-0.13782,-0.22494,0.00080,-0.09003,-0.02880,-0.02976,-0.09446,0.19722,0.03656,0.04079,0.17939,0.19995,0.00000,-0.00410,0.00697,-0.01852,0.00667
581,61,milk on pink plate,robot_3cam,"robot demo
milk on plate",True,0.29923,0.32381,0.28516,0.30522,0.27321,0.18625,0.16147,0.00975,0.16406,0.10210,0.30101,0.21618,0.29088,0.26627,0.30255,-2.01782,-1.99883,-1.61135,-1.84045,-1.80617,1.04360,1.16391,1.32734,1.15494,1.03908,-0.68632,-0.63782,-0.88121,-0.67417,-0.76894,0.05246,0.16043,0.04892,0.13704,-0.07474,-0.02263,-0.01327,-0.02261,-0.01751,-0.01116,0.03451,0.04528,0.00877,0.03988,0.04817,-0.04094,-0.00392,-0.04036,-0.02392,-0.04817,-0.23547,-0.06987,-0.01462,-0.13574,-0.24509,0.00052,-0.08856,-0.02703,-0.02706,-0.09481,0.20111,0.03604,0.03645,0.18467,0.20550,-0.00008,-0.00432,0.00755,-0.01908,0.01073
581,62,milk on pink plate,robot_3cam,"robot demo
milk on plate",True,0.29352,0.31471,0.28614,0.30800,0.27674,0.19389,0.20308,0.02789,0.18561,0.14220,0.29022,0.22597,0.27332,0.27380,0.29526,-2.07393,-2.06312,-1.68431,-1.87178,-1.88088,1.03468,1.07024,1.32024,1.19354,0.86313,-0.64585,-0.61108,-0.81838,-0.67113,-0.67167,0.05246,0.14210,0.08637,0.10556,-0.06299,-0.02253,-0.01430,-0.02414,-0.01850,-0.01213,0.03066,0.04509,0.00845,0.03398,0.05243,-0.04355,-0.00656,-0.03859,-0.03051,-0.04728,-0.23435,-0.06962,-0.00859,-0.14239,-0.25751,0.01260,-0.08602,-0.03069,-0.00271,-0.10050,0.21198,0.03564,0.02608,0.19857,0.19201,-0.00008,-0.00296,0.00663,-0.02632,0.01691
581,63,milk on pink plate,robot_3cam,"robot demo
milk on plate",True,0.28896,0.30754,0.27757,0.30424,0.28863,0.19889,0.21602,0.04135,0.19029,0.11106,0.27966,0.23902,0.24987,0.27697,0.28615,-2.13298,-2.04783,-1.68369,-1.89616,-1.89284,1.03371,1.01032,1.28548,1.16713,1.03585,-0.61329,-0.63957,-0.82908,-0.67446,-0.73918,0.05246,0.11381,0.09265,0.10374,-0.05572,-0.02017,-0.01625,-0.02272,-0.02093,-0.01283,0.02688,0.04446,0.00894,0.03203,0.03234,-0.04429,-0.00763,-0.03817,-0.03436,-0.04931,-0.22317,-0.06385,-0.01164,-0.14729,-0.16605,0.01805,-0.08788,-0.02714,0.00062,-0.04969,0.21030,0.03035,0.02561,0.20940,0.15324,-0.00008,-0.00259,0.00624,-0.03038,0.01932
581,64,milk on pink plate,robot_3cam,"robot demo
milk on plate",True,0.28540,0.30635,0.27842,0.30534,0.28770,0.20208,0.23110,0.03619,0.19913,0.10479,0.27018,0.23524,0.21942,0.26955,0.25729,-2.18423,-2.09583,-1.69415,-1.92791,-1.87312,1.03950,0.99788,1.31762,1.13372,1.03459,-0.57582,-0.59938,-0.79654,-0.65215,-0.65870,0.05246,0.12113,0.12151,0.09895,-0.07713,-0.01577,-0.01637,-0.02060,-0.02010,-0.01459,0.02411,0.04412,0.00809,0.03083,0.02025,-0.04324,-0.01109,-0.03804,-0.03577,-0.04756,-0.19919,-0.06743,-0.01536,-0.14085,-0.10976,0.02896,-0.08343,-0.02145,-0.00609,-0.04473,0.20308,0.03564,0.02881,0.20231,0.12138,-0.00008,-0.00149,0.00684,-0.02977,0.02012
581,65,milk on pink plate,robot_3cam,"robot demo
milk on plate",True,0.28199,0.31181,0.27763,0.30267,0.32196,0.20610,0.22804,0.07879,0.19472,0.11993,0.26103,0.22683,0.19464,0.26446,0.24741,-2.22354,-2.13867,-1.81900,-1.95204,-1.96085,1.05246,1.04480,1.28404,1.16433,1.02623,-0.51673,-0.55421,-0.71517,-0.62403,-0.77919,0.05246,0.15031,0.14492,0.09023,-0.10609,-0.00982,-0.01439,-0.01507,-0.01510,-0.01033,0.02150,0.04178,0.00720,0.02797,0.02246,-0.04120,-0.01242,-0.04234,-0.03604,-0.05076,-0.15958,-0.07033,-0.03245,-0.13745,-0.14056,0.04651,-0.07341,0.00111,0.00954,-0.00970,0.19636,0.04131,0.04383,0.19191,0.15751,-0.00008,-0.00123,0.00937,-0.02353,0.02469
581,66,milk on pink plate,robot_3cam,"robot demo
milk on plate",True,0.28049,0.31071,0.28479,0.30537,0.32579,0.20954,0.24800,0.08196,0.20812,0.11379,0.25267,0.21923,0.16446,0.25363,0.19159,-2.25121,-2.20881,-1.88247,-2.03964,-2.34709,1.06623,1.03259,1.32969,1.15878,1.14580,-0.46651,-0.49169,-0.63578,-0.59805,-0.66481,0.05246,0.15993,0.18031,0.07452,-0.01490,-0.00361,-0.01200,-0.00941,-0.01190,-0.00781,0.01700,0.03817,0.00522,0.02449,0.02265,-0.04008,-0.01673,-0.04284,-0.03949,-0.04910,-0.13180,-0.07311,-0.04329,-0.12912,-0.12879,0.06546,-0.05695,0.01860,0.02683,-0.01402,0.17718,0.04817,0.05580,0.18336,0.15511,0.00000,0.00168,0.01261,-0.02149,0.01496
581,67,milk on pink plate,robot_3cam,"robot demo
milk on plate",True,0.28213,0.31908,0.28088,0.31258,0.29566,0.21041,0.22037,0.10295,0.21580,0.13335,0.24597,0.18363,0.15250,0.24291,0.16425,-2.26764,-2.23929,-1.89290,-2.09780,-2.38552,1.08050,1.15610,1.29329,1.08360,1.21467,-0.44043,-0.41584,-0.66083,-0.60032,-0.50640,0.05246,0.21773,0.17535,0.04635,0.09081,0.00273,-0.00789,-0.00430,-0.00670,-0.00288,0.01179,0.03080,0.00669,0.01940,0.01385,-0.03853,-0.02151,-0.04195,-0.03568,-0.04205,-0.10759,-0.07405,-0.05517,-0.08041,-0.07321,0.07638,-0.03272,0.02995,0.02923,0.01164,0.14242,0.05803,0.06511,0.14841,0.12346,0.00000,0.00426,0.01187,-0.00500,0.01540
581,68,milk on pink plate,robot_3cam,"robot demo
milk on plate",True,0.28325,0.33105,0.28343,0.32315,0.28205,0.21153,0.20636,0.11510,0.19726,0.13551,0.23825,0.15289,0.16076,0.21865,0.14519,-2.28181,-2.31711,-1.89432,-2.10722,-2.27097,1.09442,1.26963,1.27624,1.25973,1.42163,-0.41329,-0.31240,-0.68794,-0.46755,-0.38818,0.05246,0.28058,0.15780,0.04603,0.11697,0.00624,-0.00221,-0.00001,-0.00192,-0.00006,0.00798,0.02473,0.00789,0.01411,0.00904,-0.03808,-0.02461,-0.04161,-0.03503,-0.03683,-0.08641,-0.08001,-0.06560,-0.07170,-0.06286,0.09290,-0.00730,0.03941,0.04818,0.03779,0.12946,0.07075,0.07620,0.13162,0.11089,0.00000,0.00663,0.01212,0.00300,0.02752
581,69,milk on pink plate,robot_3cam,"robot demo
milk on plate",True,0.28438,0.33737,0.28394,0.32430,0.28075,0.21122,0.19786,0.14331,0.18515,0.17237,0.22892,0.14053,0.14502,0.20493,0.13739,-2.29657,-2.36750,-1.94828,-2.17012,-2.33344,1.11506,1.34078,1.24754,1.36485,1.48635,-0.38772,-0.25015,-0.66915,-0.39833,-0.28211,0.05410,0.32295,0.17035,0.05274,0.22430,0.00872,-0.00037,0.00470,-0.00047,0.00244,0.00386,0.01863,0.00876,0.01074,0.00504,-0.03854,-0.02808,-0.03984,-0.03745,-0.03073,-0.07557,-0.07760,-0.07459,-0.07990,-0.03777,0.10409,0.01045,0.05033,0.06719,0.03678,0.11652,0.07549,0.08192,0.12035,0.06441,-0.00008,0.00752,0.01218,0.01114,0.04039
581,70,milk on pink plate,robot_3cam,"robot demo
milk on plate",True,0.28602,0.33923,0.28390,0.32204,0.28530,0.21060,0.21209,0.13113,0.18896,0.16501,0.21800,0.11874,0.16221,0.18837,0.15526,-2.31125,-2.45919,-1.89679,-2.23182,-2.30550,1.13863,1.36489,1.25089,1.44583,1.36545,-0.36139,-0.15332,-0.72447,-0.32350,-0.33514,0.05246,0.37193,0.14964,0.07393,0.16529,0.00996,-0.00052,0.00438,-0.00132,0.00252,0.00019,0.01472,0.01041,0.00980,0.00431,-0.03836,-0.03008,-0.03879,-0.03641,-0.02894,-0.06860,-0.07214,-0.07468,-0.07850,-0.03264,0.10860,0.01870,0.04512,0.06253,0.03680,0.10547,0.07399,0.08298,0.10641,0.06608,-0.00008,0.00916,0.00987,0.03161,0.03622
581,71,milk on pink plate,robot_3cam,"robot demo
milk on plate",True,0.28820,0.34782,0.27876,0.31055,0.29615,0.20730,0.19974,0.13960,0.18058,0.13180,0.20574,0.10342,0.18194,0.18400,0.16859,-2.32812,-2.50680,-1.86053,-2.17708,-2.16083,1.16935,1.44167,1.20139,1.58176,1.32731,-0.33708,-0.09474,-0.79477,-0.24036,-0.44804,0.05246,0.42268,0.12408,0.08576,0.16090,0.00960,-0.00002,0.00510,-0.00070,0.00177,-0.00165,0.01083,0.01115,0.00670,0.00630,-0.03854,-0.03058,-0.03323,-0.03548,-0.02816,-0.06186,-0.06839,-0.06903,-0.08128,-0.03501,0.10684,0.02660,0.04149,0.07672,0.03940,0.10423,0.07452,0.07389,0.09816,0.07874,-0.00016,0.00848,0.00761,0.03967,0.04984
581,72,milk on pink plate,robot_3cam,"robot demo
milk on plate",True,0.28990,0.35321,0.29012,0.30294,0.29753,0.20499,0.19104,0.12056,0.17784,0.12749,0.19374,0.09419,0.20957,0.18213,0.17417,-2.34179,-2.53441,-1.84748,-2.20368,-2.22256,1.19483,1.49508,1.25164,1.62068,1.32883,-0.31329,-0.05569,-0.79777,-0.19978,-0.43478,0.05246,0.46183,0.11092,0.12800,0.12606,0.00885,-0.00014,0.00414,-0.00110,0.00185,-0.00274,0.00757,0.01253,0.00402,0.00402,-0.04125,-0.02913,-0.03584,-0.03397,-0.03206,-0.05946,-0.06074,-0.07284,-0.07218,-0.03373,0.10532,0.03006,0.03778,0.07974,0.04095,0.10580,0.06943,0.08331,0.09237,0.09968,-0.00049,0.00796,0.00698,0.04462,0.02392
581,73,milk on pink plate,robot_3cam,"robot demo
milk on plate",True,0.29026,0.34824,0.31194,0.30535,0.30554,0.20240,0.20454,0.13664,0.18933,0.15583,0.18055,0.09302,0.23359,0.17699,0.18407,-2.36306,-2.57357,-1.96348,-2.33008,-2.38489,1.22193,1.48695,1.29616,1.64988,1.20699,-0.28699,-0.02735,-0.71668,-0.15534,-0.39018,0.05246,0.47464,0.13590,0.12111,0.03808,0.00922,0.00099,0.00410,-0.00171,0.00341,-0.00430,0.00235,0.01583,0.00287,0.00692,-0.04296,-0.03155,-0.03686,-0.03725,-0.03694,-0.05714,-0.05579,-0.07949,-0.06063,-0.06832,0.09668,0.04427,0.03456,0.08515,0.05138,0.08979,0.06880,0.09181,0.09684,0.13019,-0.00057,0.00911,0.00444,0.04223,0.00401
581,74,milk on pink plate,robot_3cam,"robot demo
milk on plate",True,0.28971,0.33669,0.32284,0.31149,0.31393,0.20158,0.21584,0.15351,0.19777,0.13987,0.16948,0.09811,0.25092,0.17305,0.17984,-2.37935,-2.54899,-2.04799,-2.36312,-2.40572,1.23825,1.43201,1.30501,1.66577,1.28197,-0.25834,-0.05737,-0.66283,-0.15821,-0.44515,0.05246,0.44790,0.14810,0.13650,-0.01538,0.00789,0.00144,0.00451,-0.00228,0.00555,-0.00378,-0.00182,0.01657,0.00190,0.01171,-0.04592,-0.03334,-0.03692,-0.03910,-0.04263,-0.05848,-0.04814,-0.08178,-0.05558,-0.10500,0.08557,0.05364,0.03576,0.08588,0.05393,0.08871,0.06381,0.09430,0.09773,0.15429,-0.00049,0.01103,0.00379,0.03254,0.00288
581,75,milk on pink plate,robot_3cam,"robot demo
milk on plate",True,0.29044,0.33060,0.33814,0.31683,0.32372,0.20220,0.22692,0.13873,0.19599,0.10732,0.15758,0.10350,0.24906,0.17031,0.18059,-2.38993,-2.56830,-2.10629,-2.35661,-2.27094,1.24820,1.40963,1.38870,1.79716,1.46794,-0.23750,-0.04786,-0.58423,-0.14160,-0.49709,0.05246,0.44945,0.19088,0.10433,0.03107,0.00612,-0.00001,0.00536,-0.00440,0.00883,-0.00336,-0.00716,0.01490,-0.00077,0.01279,-0.04834,-0.03688,-0.03409,-0.04187,-0.04473,-0.05945,-0.03820,-0.07841,-0.05289,-0.11441,0.07547,0.06321,0.03603,0.08631,0.05887,0.08747,0.05940,0.09219,0.10342,0.16701,-0.00049,0.01170,0.00324,0.02227,0.00526
581,76,milk on pink plate,robot_3cam,"robot demo
milk on plate",True,0.29252,0.32157,0.34735,0.32024,0.32664,0.20160,0.23841,0.13294,0.19613,0.08966,0.14749,0.10477,0.25496,0.15655,0.18118,-2.39691,-2.57460,-2.16357,-2.34397,-2.19278,1.25706,1.37508,1.43510,1.88267,1.53777,-0.23276,-0.04693,-0.51500,-0.13155,-0.50828,0.05246,0.42805,0.21379,0.10974,0.05422,0.00377,0.00017,0.00247,-0.00443,0.01022,-0.00239,-0.01155,0.01478,-0.00295,0.00942,-0.05155,-0.04586,-0.03740,-0.04665,-0.05317,-0.06355,-0.03989,-0.07713,-0.06036,-0.10814,0.06632,0.07987,0.03145,0.09859,0.05042,0.08852,0.06812,0.09333,0.10779,0.16722,-0.00041,0.01426,0.00296,0.02218,0.01642
581,77,milk on pink plate,robot_3cam,"robot demo
milk on plate",True,0.29360,0.30089,0.33752,0.30871,0.31995,0.20070,0.24542,0.14278,0.20253,0.08149,0.13732,0.11565,0.22891,0.13316,0.16786,-2.40613,-2.48931,-2.20183,-2.37317,-2.12145,1.26920,1.29009,1.42134,1.73946,1.45084,-0.22273,-0.13560,-0.48168,-0.13171,-0.53001,0.05246,0.35118,0.22892,0.18377,0.09516,0.00222,0.00085,0.00362,-0.00471,0.00766,-0.00020,-0.01402,0.01282,-0.00352,0.01181,-0.05033,-0.05746,-0.04312,-0.05356,-0.05355,-0.06229,-0.04786,-0.08540,-0.06656,-0.08936,0.05362,0.09601,0.04346,0.10267,0.02859,0.08673,0.08181,0.10053,0.12035,0.14791,-0.00008,0.01762,0.00373,0.01845,0.02364
581,78,milk on pink plate,robot_3cam,"robot demo
milk on plate",True,0.29271,0.28581,0.32709,0.28364,0.30016,0.20220,0.24311,0.16137,0.19477,0.10732,0.12788,0.12635,0.17604,0.11714,0.12810,-2.41859,-2.39603,-2.28673,-2.39050,-2.38309,1.27122,1.22321,1.40838,1.62341,1.37503,-0.20132,-0.22750,-0.38541,-0.12015,-0.37492,0.05410,0.28893,0.27863,0.19296,0.05057,-0.00043,-0.00125,0.00476,-0.00651,0.00049,0.00191,-0.01384,0.00864,-0.00316,0.00852,-0.04945,-0.06439,-0.04570,-0.05580,-0.05370,-0.06376,-0.05006,-0.08605,-0.05959,-0.07062,0.04378,0.09665,0.05653,0.09553,0.01622,0.09399,0.08648,0.09681,0.11246,0.12562,0.00000,0.01864,0.00664,0.02119,0.01270
581,79,milk on pink plate,robot_3cam,"robot demo
milk on plate",True,0.29296,0.28250,0.31950,0.28460,0.29530,0.20275,0.23907,0.14439,0.19556,0.10749,0.12012,0.12017,0.15451,0.11425,0.11581,-2.42300,-2.37528,-2.25311,-2.40327,-2.42151,1.27980,1.21914,1.42431,1.53964,1.24522,-0.18844,-0.23972,-0.37836,-0.13181,-0.32767,0.05246,0.27625,0.28069,0.21976,0.03444,-0.00277,-0.00075,0.00459,-0.00601,-0.00162,0.00339,-0.01423,0.00608,-0.00368,0.00582,-0.04872,-0.06795,-0.04938,-0.05564,-0.05362,-0.06446,-0.05420,-0.08732,-0.05181,-0.07772,0.03588,0.10111,0.06217,0.09219,0.01482,0.09878,0.09239,0.10010,0.10462,0.11669,0.00000,0.01981,0.00948,0.01964,0.01173
581,80,milk on pink plate,robot_3cam,"robot demo
milk on plate",True,0.29245,0.28028,0.30627,0.31333,0.27323,0.20345,0.21447,0.14021,0.20297,0.13855,0.11260,0.11283,0.14251,0.10774,0.10081,-2.43152,-2.28987,-2.18141,-2.22391,-2.52021,1.28361,1.23781,1.39042,1.47756,1.19124,-0.17494,-0.30224,-0.44417,-0.19338,-0.20808,0.05246,0.25237,0.25542,0.18030,0.10495,-0.00371,0.00015,0.00492,-0.00530,-0.00227,0.00437,-0.01094,0.00622,-0.00224,0.00670,-0.04433,-0.06919,-0.05290,-0.05292,-0.04769,-0.05874,-0.06400,-0.09285,-0.06742,-0.06856,0.02631,0.09690,0.06587,0.08775,0.00499,0.09293,0.10030,0.10591,0.09727,0.09244,0.00000,0.01968,0.00986,0.00746,0.01166
581,81,milk on pink plate,robot_3cam,"robot demo
milk on plate",True,0.29102,0.28022,0.29869,0.31275,0.26901,0.20457,0.19937,0.13618,0.20700,0.16032,0.10639,0.10434,0.13636,0.09960,0.09532,-2.43933,-2.25094,-2.13010,-2.32210,-2.50854,1.28417,1.26343,1.37184,1.51311,1.18834,-0.16006,-0.31919,-0.49096,-0.20953,-0.18766,0.05246,0.26144,0.23272,0.20436,0.13267,-0.00294,-0.00149,0.00737,-0.00670,0.00054,0.00438,-0.00929,0.00542,-0.00097,0.00815,-0.03816,-0.06733,-0.05472,-0.04867,-0.04193,-0.04853,-0.06099,-0.09941,-0.06904,-0.05159,0.02026,0.08722,0.07467,0.07352,-0.00665,0.07728,0.09567,0.11370,0.08846,0.07027,0.00000,0.01891,0.01150,0.00960,0.01168
581,82,milk on pink plate,robot_3cam,"robot demo
milk on plate",True,0.29008,0.28686,0.30196,0.32108,0.28429,0.20604,0.17330,0.12818,0.20387,0.14651,0.10053,0.08958,0.11886,0.08116,0.08454,-2.44197,-2.21903,-2.13628,-2.38362,-2.40115,1.28573,1.32885,1.40227,1.56921,1.36436,-0.14335,-0.32734,-0.45904,-0.21199,-0.24253,0.05246,0.28879,0.26570,0.13462,0.10666,-0.00220,-0.00220,0.00487,-0.00756,-0.00302,0.00391,-0.00585,0.00501,0.00095,0.00594,-0.03610,-0.06300,-0.05159,-0.04271,-0.04163,-0.04300,-0.06253,-0.08933,-0.07050,-0.06035,0.01872,0.07409,0.06514,0.05625,0.00467,0.06776,0.09348,0.10158,0.08139,0.07569,0.00000,0.01661,0.01052,0.00309,0.00906
581,83,milk on pink plate,robot_3cam,"robot demo
milk on plate",True,0.28956,0.28622,0.30223,0.32807,0.27904,0.20605,0.15313,0.09362,0.19800,0.14201,0.09493,0.08031,0.12061,0.07356,0.06981,-2.44746,-2.14802,-2.02463,-2.35742,-2.38169,1.28876,1.34866,1.43672,1.56258,1.36733,-0.13645,-0.37206,-0.52207,-0.27030,-0.21492,0.05246,0.27823,0.24875,0.11149,0.10458,-0.00160,0.00012,0.00295,-0.00520,-0.00116,0.00310,-0.00392,0.00530,0.00123,0.00520,-0.03201,-0.05861,-0.04993,-0.03824,-0.03508,-0.03679,-0.06440,-0.08304,-0.07344,-0.04547,0.01585,0.06982,0.05541,0.05073,-0.00407,0.05533,0.09135,0.09833,0.07192,0.05599,0.00000,0.01705,0.01071,0.00394,0.00115
581,84,milk on pink plate,robot_3cam,"robot demo
milk on plate",True,0.28920,0.29221,0.30764,0.33503,0.28101,0.20651,0.15141,0.09210,0.19575,0.15289,0.09026,0.07085,0.11759,0.06887,0.06238,-2.45136,-2.18634,-2.03452,-2.32631,-2.35234,1.29041,1.38548,1.45804,1.62709,1.48370,-0.12864,-0.33022,-0.51208,-0.26820,-0.17428,0.05246,0.30699,0.26310,0.10397,0.07333,0.00002,0.00150,0.00321,-0.00371,-0.00035,0.00242,-0.00449,0.00631,0.00094,0.00665,-0.02651,-0.05686,-0.04806,-0.03665,-0.03001,-0.02696,-0.06518,-0.08271,-0.07137,-0.03469,0.01312,0.07232,0.05237,0.05010,-0.01041,0.03733,0.09197,0.09742,0.07050,0.04697,0.00000,0.01696,0.00920,0.00340,0.00379
581,85,milk on pink plate,robot_3cam,"robot demo
milk on plate",True,0.28893,0.30210,0.31529,0.33009,0.29185,0.20698,0.14699,0.08510,0.20022,0.13547,0.08390,0.05462,0.10850,0.05918,0.05457,-2.45814,-2.25009,-2.06007,-2.43531,-2.29200,1.29220,1.44961,1.50296,1.64829,1.69008,-0.12319,-0.25545,-0.47605,-0.23424,-0.17680,0.05246,0.36638,0.29360,0.09563,0.10422,0.00125,0.00077,0.00362,-0.00290,0.00028,0.00193,-0.00594,0.00612,0.00014,0.00732,-0.02531,-0.05325,-0.04543,-0.03287,-0.02784,-0.02436,-0.05773,-0.08034,-0.06553,-0.03028,0.01395,0.06952,0.05025,0.04443,-0.00848,0.02760,0.08496,0.09434,0.06446,0.04479,0.00008,0.01595,0.00775,0.00182,0.00107
581,86,milk on pink plate,robot_3cam,"robot demo
milk on plate",True,0.28832,0.30814,0.31778,0.33350,0.28627,0.20693,0.14516,0.07540,0.20199,0.12739,0.07896,0.04103,0.10757,0.05112,0.04465,-2.46473,-2.29145,-2.03704,-2.40025,-2.29469,1.29600,1.48964,1.52015,1.68748,1.78950,-0.11520,-0.21095,-0.48602,-0.19467,-0.14070,0.05246,0.40269,0.30246,0.07873,0.11773,0.00180,0.00170,0.00207,-0.00185,-0.00041,0.00177,-0.00532,0.00649,0.00066,0.00697,-0.02305,-0.05019,-0.04207,-0.03049,-0.02548,-0.02180,-0.05879,-0.07287,-0.05904,-0.02776,0.01188,0.06758,0.04171,0.04051,-0.00677,0.02171,0.08423,0.08587,0.06269,0.04265,0.00008,0.01520,0.00632,-0.00372,0.00018
581,87,milk on pink plate,robot_3cam,"robot demo
milk on plate",True,0.28838,0.30887,0.31239,0.34437,0.26946,0.20697,0.14058,0.06291,0.20429,0.14818,0.07374,0.03640,0.11165,0.05063,0.04642,-2.47054,-2.28447,-1.96542,-2.36744,-2.43172,1.29970,1.50308,1.51344,1.64698,1.58977,-0.11010,-0.20867,-0.55196,-0.22760,-0.10293,0.05246,0.40301,0.27134,0.04940,0.21374,0.00181,0.00335,0.00576,-0.00047,0.00207,0.00160,-0.00577,0.00533,0.00010,0.00527,-0.02058,-0.05029,-0.04197,-0.03040,-0.02330,-0.01962,-0.06109,-0.07898,-0.05628,-0.02527,0.01141,0.07172,0.05162,0.04173,-0.00508,0.01921,0.08681,0.09410,0.05650,0.03381,0.00008,0.01611,0.00777,-0.00191,0.00146
581,88,milk on pink plate,robot_3cam,"robot demo
milk on plate",True,0.28847,0.31441,0.31405,0.34196,0.27461,0.20768,0.14323,0.06564,0.20403,0.15780,0.06954,0.02900,0.10761,0.05024,0.05835,-2.47498,-2.32413,-1.97537,-2.33597,-2.44428,1.29999,1.52392,1.51821,1.65551,1.51658,-0.10665,-0.17014,-0.54887,-0.19867,-0.12139,0.05246,0.42190,0.27960,0.03929,0.38497,0.00316,0.00490,0.00727,0.00061,0.00261,0.00222,-0.00508,0.00550,0.00049,0.00456,-0.01952,-0.04884,-0.04008,-0.02953,-0.02119,-0.01519,-0.06494,-0.08005,-0.05474,-0.02026,0.00967,0.07304,0.05346,0.04158,-0.00395,0.01422,0.08949,0.09401,0.05272,0.03060,0.00024,0.01627,0.00699,-0.00199,-0.00022
581,89,milk on pink plate,robot_3cam,"robot demo
milk on plate",True,0.28857,0.31778,0.31311,0.33739,0.28339,0.20709,0.14928,0.07283,0.21120,0.17213,0.06495,0.02156,0.10436,0.04305,0.06342,-2.48098,-2.34889,-1.98309,-2.37927,-2.45703,1.30635,1.52168,1.50470,1.65910,1.44658,-0.10087,-0.14384,-0.54778,-0.19371,-0.15055,0.05410,0.43827,0.28249,0.05041,0.43939,0.00342,0.00340,0.00680,-0.00027,0.00211,0.00230,-0.00074,0.00601,0.00259,0.00508,-0.01851,-0.04458,-0.03955,-0.02734,-0.01973,-0.01376,-0.06515,-0.07889,-0.05168,-0.01393,0.00829,0.05827,0.05161,0.03007,-0.00590,0.01217,0.08448,0.09152,0.04447,0.02724,0.00081,0.01544,0.00665,-0.00342,-0.00162
581,90,milk on pink plate,robot_3cam,"robot demo
milk on plate",True,0.28904,0.31799,0.31536,0.33228,0.29001,0.20740,0.16230,0.07616,0.21512,0.18349,0.06149,0.01894,0.09631,0.03509,0.05222,-2.48446,-2.37039,-1.99990,-2.36250,-2.47052,1.30856,1.49491,1.51019,1.67617,1.48344,-0.09777,-0.12873,-0.52596,-0.17985,-0.14048,0.05246,0.43484,0.29748,0.04425,0.34147,0.00352,0.00328,0.00585,-0.00053,0.00138,0.00237,0.00385,0.00616,0.00414,0.00554,-0.01789,-0.04257,-0.03851,-0.02616,-0.01830,-0.01286,-0.07121,-0.07562,-0.04111,-0.00441,0.00775,0.04882,0.04818,0.02361,-0.00650,0.01145,0.08561,0.08716,0.03762,0.02461,0.00073,0.01563,0.00659,-0.00978,-0.00252
581,91,milk on pink plate,robot_3cam,"robot demo
milk on plate",True,0.28998,0.32031,0.31315,0.32825,0.28163,0.20799,0.15680,0.07223,0.21270,0.17905,0.05804,0.01594,0.10211,0.02710,0.05435,-2.48446,-2.37117,-1.97215,-2.39251,-2.47280,1.30856,1.51757,1.50095,1.60526,1.46861,-0.09777,-0.11957,-0.55206,-0.15296,-0.14552,0.05410,0.45296,0.28644,0.09778,0.36207,0.00381,0.00166,0.00514,-0.00132,0.00110,0.00256,0.00456,0.00628,0.00453,0.00574,-0.01780,-0.04074,-0.03766,-0.02490,-0.01800,-0.01142,-0.06714,-0.07284,-0.04225,-0.00612,0.00749,0.04190,0.04521,0.02094,-0.00743,0.01057,0.08076,0.08431,0.03846,0.02492,0.00073,0.01461,0.00634,-0.00855,-0.00249
581,92,milk on pink plate,robot_3cam,"robot demo
milk on plate",True,0.29051,0.32766,0.31271,0.32171,0.30494,0.20833,0.15090,0.08546,0.20837,0.18410,0.05395,0.00535,0.09075,0.01876,0.05999,-2.48677,-2.40189,-2.00680,-2.41100,-2.38483,1.31004,1.56159,1.48668,1.51158,1.49243,-0.09571,-0.07842,-0.52531,-0.09628,-0.23188,0.05410,0.49689,0.30371,0.19392,0.33165,0.00346,0.00009,0.00497,-0.00143,0.00046,0.00233,0.00496,0.00612,0.00346,0.00629,-0.01807,-0.03507,-0.03576,-0.02174,-0.01737,-0.01284,-0.05836,-0.06953,-0.04304,0.00189,0.00775,0.03187,0.04428,0.02400,-0.00448,0.01151,0.06981,0.07808,0.03377,0.02613,0.00081,0.01300,0.00630,-0.00256,0.00070
581,93,milk on pink plate,robot_3cam,"robot demo
milk on plate",True,0.29040,0.32756,0.31648,0.33492,0.31161,0.20826,0.14694,0.08992,0.21101,0.18498,0.04946,0.00043,0.08424,0.01586,0.05363,-2.49255,-2.40297,-2.03949,-2.37873,-2.32438,1.31373,1.57523,1.49739,1.59400,1.53669,-0.09053,-0.06960,-0.48976,-0.09674,-0.22501,0.05410,0.51352,0.32205,0.16800,0.22837,0.00209,-0.00107,0.00424,-0.00170,0.00039,0.00144,0.00256,0.00621,0.00230,0.00700,-0.01900,-0.03359,-0.03504,-0.02098,-0.01775,-0.01664,-0.04889,-0.06718,-0.03618,0.00582,0.01008,0.03125,0.04187,0.02603,-0.00328,0.01480,0.06171,0.07488,0.03290,0.02871,0.00073,0.01270,0.00629,0.00117,0.00023
581,94,milk on pink plate,robot_3cam,"robot demo
milk on plate",True,0.29025,0.32762,0.31906,0.34237,0.30172,0.20816,0.14598,0.07926,0.21162,0.18362,0.04498,-0.00529,0.08101,0.01652,0.03939,-2.49832,-2.42080,-2.02687,-2.35125,-2.34001,1.31741,1.59447,1.52269,1.65524,1.58918,-0.08533,-0.04886,-0.48570,-0.10171,-0.16580,0.05410,0.52094,0.32738,0.10134,0.18380,0.00142,0.00102,0.00469,-0.00097,0.00025,0.00100,-0.00080,0.00553,0.00183,0.00613,-0.02023,-0.03697,-0.03436,-0.02192,-0.01682,-0.01898,-0.05121,-0.06646,-0.02912,0.01064,0.01152,0.04482,0.04238,0.02606,-0.00687,0.01684,0.06805,0.07527,0.03080,0.02560,0.00057,0.01403,0.00675,0.00085,0.00018
581,95,milk on pink plate,robot_3cam,"robot demo
milk on plate",True,0.29010,0.32969,0.31820,0.34168,0.28953,0.20872,0.14460,0.06780,0.21013,0.17810,0.04113,-0.01015,0.08338,0.01560,0.02413,-2.50172,-2.44570,-1.99760,-2.29509,-2.39116,1.31959,1.61907,1.53469,1.65679,1.66571,-0.08152,-0.02251,-0.49912,-0.08529,-0.11904,0.05410,0.53963,0.31424,0.09926,0.06668,0.00067,0.00150,0.00569,-0.00019,0.00083,0.00086,-0.00328,0.00440,0.00115,0.00507,-0.01961,-0.03807,-0.03619,-0.02208,-0.01822,-0.01845,-0.04944,-0.06958,-0.02231,-0.00182,0.01101,0.05122,0.04743,0.02739,-0.00329,0.01774,0.06895,0.08120,0.02994,0.02688,0.00073,0.01415,0.00858,0.00038,0.00070
581,96,milk on pink plate,robot_3cam,"robot demo
milk on plate",True,0.29005,0.32721,0.32160,0.34829,0.29497,0.20899,0.14170,0.07381,0.20877,0.19367,0.03740,-0.00808,0.07820,0.01724,0.02739,-2.50546,-2.41682,-2.02663,-2.27799,-2.37641,1.31974,1.60752,1.54109,1.64738,1.62043,-0.08102,-0.04709,-0.47282,-0.12377,-0.09515,0.05410,0.52735,0.32764,0.05315,0.11069,-0.00007,0.00211,0.00593,0.00001,0.00113,0.00064,-0.00385,0.00469,0.00070,0.00550,-0.02097,-0.03651,-0.03558,-0.02156,-0.01762,-0.02017,-0.04649,-0.06976,-0.02261,0.00669,0.01180,0.05153,0.04739,0.02812,-0.00548,0.02097,0.06530,0.08068,0.02937,0.02558,0.00073,0.01457,0.00855,0.00343,0.00204
581,97,milk on pink plate,robot_3cam,"robot demo
milk on plate",True,0.28932,0.32350,0.32411,0.34944,0.29340,0.20952,0.14753,0.07377,0.21425,0.19288,0.03363,-0.00654,0.07912,0.01728,0.02794,-2.50945,-2.40600,-2.03479,-2.32266,-2.33652,1.31940,1.58016,1.54731,1.63958,1.62684,-0.07564,-0.05954,-0.46114,-0.14077,-0.08063,0.05410,0.51300,0.33391,0.01994,0.12299,0.00040,0.00206,0.00439,-0.00033,0.00063,0.00120,-0.00307,0.00539,0.00095,0.00583,-0.02001,-0.03656,-0.03534,-0.02186,-0.01747,-0.01631,-0.04693,-0.06702,-0.02508,0.01313,0.00918,0.05006,0.04221,0.02745,-0.00903,0.01940,0.06465,0.07782,0.02894,0.02396,0.00065,0.01523,0.00807,0.00412,0.00096
581,98,milk on pink plate,robot_3cam,"robot demo
milk on plate",True,0.28991,0.32448,0.32529,0.35325,0.29079,0.21086,0.14129,0.06271,0.20861,0.17818,0.03060,-0.00942,0.07769,0.01537,0.02453,-2.50864,-2.40076,-2.01380,-2.31372,-2.33649,1.31921,1.60095,1.56695,1.64378,1.69256,-0.07726,-0.05915,-0.47291,-0.14299,-0.08852,0.05410,0.51494,0.33930,0.01289,0.09710,0.00131,0.00425,0.00603,0.00096,0.00120,0.00179,-0.00460,0.00403,0.00057,0.00462,-0.01921,-0.03732,-0.03131,-0.02171,-0.01657,-0.01424,-0.04972,-0.06332,-0.02264,0.00472,0.00793,0.05805,0.04356,0.02760,-0.00202,0.01767,0.06884,0.07344,0.02636,0.02945,0.00065,0.01591,0.00771,0.00426,-0.00161
581,99,milk on pink plate,robot_3cam,"robot demo
milk on plate",True,0.29034,0.32741,0.32980,0.35543,0.29409,0.21180,0.12852,0.05757,0.20118,0.17245,0.02733,-0.01398,0.06941,0.00922,0.01610,-2.50661,-2.38476,-2.02991,-2.29872,-2.35281,1.32564,1.63435,1.59612,1.65122,1.78291,-0.07454,-0.06318,-0.44455,-0.13681,-0.06106,0.05410,0.52222,0.35721,0.04127,0.01339,0.00188,0.00597,0.00770,0.00178,0.00201,0.00216,-0.00566,0.00254,-0.00003,0.00393,-0.01878,-0.03621,-0.02912,-0.02072,-0.01680,-0.01363,-0.05010,-0.06214,-0.02355,-0.01033,0.00758,0.06196,0.04728,0.02815,0.00942,0.01719,0.06970,0.07226,0.02405,0.03651,0.00024,0.01601,0.00853,0.00795,-0.00691
581,100,milk on pink plate,robot_3cam,"robot demo
milk on plate",True,0.28974,0.33234,0.33103,0.34872,0.29983,0.21206,0.12614,0.06241,0.19959,0.18085,0.02303,-0.01734,0.06565,0.01136,0.02589,-2.51453,-2.39868,-2.04337,-2.31934,-2.36244,1.32813,1.65162,1.59372,1.61401,1.72128,-0.06803,-0.04812,-0.43760,-0.14005,-0.09059,0.05410,0.52717,0.36959,0.07260,0.01653,0.00239,0.00798,0.00820,0.00281,0.00248,0.00216,-0.00471,0.00226,0.00015,0.00710,-0.01897,-0.03502,-0.02527,-0.01998,-0.01378,-0.01443,-0.05542,-0.05752,-0.02751,-0.01623,0.00826,0.06391,0.04564,0.02926,0.00913,0.01659,0.07377,0.06510,0.02181,0.03876,0.00008,0.01627,0.00771,0.00504,-0.00385
581,101,milk on pink plate,robot_3cam,"robot demo
milk on plate",True,0.29044,0.33714,0.33148,0.34188,0.29916,0.21318,0.12525,0.06292,0.19951,0.18483,0.01968,-0.02472,0.06417,0.00987,0.02317,-2.51668,-2.42820,-2.04923,-2.32794,-2.36226,1.32692,1.67729,1.59627,1.58057,1.63757,-0.06667,-0.01573,-0.42977,-0.12193,-0.09319,0.05410,0.54199,0.36857,0.09842,-0.03858,0.00304,0.00962,0.00981,0.00361,0.00334,0.00232,-0.00462,0.00105,0.00026,0.00816,-0.01766,-0.03540,-0.02531,-0.01974,-0.01394,-0.01297,-0.06040,-0.05940,-0.03238,-0.02694,0.00765,0.06802,0.05155,0.03166,0.01253,0.01367,0.07905,0.06766,0.02050,0.04152,0.00008,0.01675,0.00924,0.00215,0.00624
581,102,milk on pink plate,robot_3cam,"robot demo
milk on plate",True,0.29037,0.33421,0.33335,0.34087,0.29925,0.21313,0.11683,0.06150,0.19810,0.17808,0.01565,-0.02379,0.06320,0.00383,0.02409,-2.52026,-2.39092,-2.05797,-2.33043,-2.33303,1.33179,1.67946,1.60777,1.61227,1.62316,-0.06221,-0.04734,-0.42043,-0.10323,-0.09836,0.05410,0.52718,0.37182,0.08151,-0.05785,0.00302,0.01118,0.01127,0.00449,0.00405,0.00204,-0.00599,0.00045,-0.00045,0.00748,-0.01782,-0.03649,-0.02522,-0.02016,-0.01389,-0.01386,-0.06193,-0.06180,-0.02986,-0.02778,0.00847,0.07424,0.05583,0.03127,0.01474,0.01277,0.08178,0.07065,0.02014,0.04099,0.00008,0.01731,0.00969,0.00476,0.00513
581,103,milk on pink plate,robot_3cam,"robot demo
milk on plate",True,0.29042,0.33363,0.33030,0.33829,0.29541,0.21351,0.10612,0.06251,0.19585,0.18763,0.01157,-0.02441,0.06071,-0.00764,0.01902,-2.52441,-2.35969,-2.04644,-2.31998,-2.42279,1.33416,1.69238,1.59656,1.62678,1.50577,-0.05612,-0.06779,-0.42988,-0.07076,-0.07916,0.05410,0.53127,0.36301,0.03306,-0.02659,0.00264,0.01010,0.01159,0.00364,0.00485,0.00230,-0.00699,0.00039,-0.00095,0.00540,-0.01745,-0.03435,-0.02687,-0.01923,-0.01471,-0.01381,-0.05446,-0.06451,-0.03040,-0.01957,0.00703,0.07053,0.05846,0.03211,0.01870,0.01367,0.07434,0.07404,0.02167,0.03480,0.00000,0.01658,0.01069,0.01130,0.00458
581,104,milk on pink plate,robot_3cam,"robot demo
milk on plate",True,0.29072,0.33110,0.32668,0.34067,0.29819,0.21402,0.11117,0.06732,0.20041,0.19956,0.00770,-0.02076,0.06105,-0.01778,0.02159,-2.52818,-2.34801,-2.03639,-2.35690,-2.46043,1.33427,1.66269,1.57456,1.65838,1.49781,-0.05568,-0.08345,-0.44676,-0.04442,-0.09033,0.05410,0.52579,0.35734,0.03859,0.01543,0.00231,0.00642,0.01045,0.00133,0.00403,0.00200,-0.00375,0.00110,0.00006,0.00508,-0.01671,-0.03247,-0.02674,-0.01866,-0.01421,-0.01449,-0.05021,-0.06260,-0.03298,-0.01078,0.00753,0.05495,0.05491,0.02829,0.01768,0.01373,0.06691,0.07086,0.02393,0.03311,0.00008,0.01520,0.01001,0.01572,0.00571
581,105,milk on pink plate,robot_3cam,"robot demo
milk on plate",True,0.29081,0.33470,0.33093,0.34151,0.29742,0.21443,0.11412,0.06480,0.20074,0.19779,0.00413,-0.02405,0.05752,-0.01281,0.01575,-2.53117,-2.37772,-2.05516,-2.33360,-2.46932,1.33590,1.67361,1.59706,1.63268,1.52781,-0.05061,-0.05591,-0.41888,-0.05505,-0.04841,0.05410,0.53663,0.36763,0.05735,-0.01056,0.00234,0.00698,0.01019,0.00178,0.00416,0.00246,-0.00352,0.00129,0.00023,0.00423,-0.01757,-0.03261,-0.02832,-0.01855,-0.01557,-0.01392,-0.05270,-0.06474,-0.03358,-0.01008,0.00678,0.05637,0.05513,0.02782,0.01715,0.01615,0.06947,0.07437,0.02319,0.03293,0.00008,0.01535,0.01042,0.01197,-0.00148
581,106,milk on pink plate,robot_3cam,"robot demo
milk on plate",True,0.29052,0.33204,0.33689,0.34221,0.31960,0.21556,0.11286,0.07231,0.20272,0.19529,0.00087,-0.02306,0.04767,-0.00753,0.02144,-2.53663,-2.35548,-2.11631,-2.32550,-2.43812,1.33420,1.66334,1.61660,1.57681,1.48859,-0.04688,-0.07386,-0.35558,-0.10110,-0.12502,0.05410,0.51825,0.39759,0.03087,-0.04590,0.00174,0.00930,0.00933,0.00281,0.00359,0.00224,-0.00466,0.00127,-0.00012,0.00766,-0.01762,-0.03362,-0.02810,-0.01900,-0.01614,-0.01599,-0.05545,-0.06283,-0.03210,-0.00986,0.00792,0.06414,0.05324,0.02946,0.00682,0.01920,0.07297,0.07145,0.02178,0.04106,0.00008,0.01692,0.01040,0.01032,0.00134
581,107,milk on pink plate,robot_3cam,"robot demo
milk on plate",True,0.29039,0.33040,0.33983,0.34141,0.31659,0.21614,0.11018,0.06984,0.20112,0.20502,-0.00294,-0.01956,0.04558,-0.00819,0.01622,-2.54224,-2.33485,-2.12317,-2.32652,-2.48874,1.33518,1.65630,1.63146,1.58381,1.43612,-0.04241,-0.09442,-0.33961,-0.09816,-0.09350,0.05410,0.51137,0.39976,0.00839,-0.03860,0.00128,0.00880,0.01019,0.00257,0.00472,0.00194,-0.00472,0.00065,-0.00029,0.00681,-0.01819,-0.03273,-0.02909,-0.01877,-0.01686,-0.01889,-0.05285,-0.06528,-0.03060,-0.01236,0.01038,0.06202,0.05699,0.02896,0.01081,0.02218,0.06992,0.07555,0.02199,0.03913,0.00016,0.01651,0.01190,0.01234,0.00157
581,108,milk on pink plate,robot_3cam,"robot demo
milk on plate",True,0.29101,0.33031,0.34161,0.33964,0.32114,0.21655,0.11646,0.07202,0.20543,0.21030,-0.00613,-0.02132,0.04592,-0.01011,0.01806,-2.54351,-2.34890,-2.13588,-2.35764,-2.45483,1.33860,1.64391,1.63421,1.60488,1.51281,-0.04003,-0.08592,-0.32856,-0.08378,-0.08477,0.05410,0.50995,0.40645,0.02159,-0.05873,0.00145,0.00897,0.00896,0.00260,0.00398,0.00155,-0.00339,0.00135,0.00010,0.00703,-0.01832,-0.03251,-0.02908,-0.01853,-0.01711,-0.01915,-0.05571,-0.06362,-0.03317,-0.00917,0.01136,0.06022,0.05297,0.02780,0.00888,0.02127,0.07138,0.07342,0.02088,0.03986,0.00016,0.01663,0.01112,0.00947,-0.00046
581,109,milk on pink plate,robot_3cam,"robot demo
milk on plate",True,0.29160,0.32774,0.34343,0.35377,0.30943,0.21695,0.11510,0.06390,0.20904,0.21795,-0.00934,-0.02741,0.04324,-0.01017,0.00512,-2.54580,-2.34404,-2.12103,-2.34050,-2.52895,1.34007,1.64589,1.65024,1.64795,1.49748,-0.03794,-0.08381,-0.32933,-0.11431,-0.02119,0.05410,0.50723,0.41161,-0.02087,-0.05022,0.00152,0.01121,0.00882,0.00411,0.00450,0.00159,-0.00687,0.00091,-0.00078,0.00670,-0.01867,-0.03382,-0.02722,-0.01872,-0.01554,-0.01885,-0.05421,-0.06015,-0.02694,-0.00084,0.01117,0.07174,0.05079,0.03024,0.00316,0.02105,0.07255,0.07005,0.01696,0.03410,0.00008,0.01838,0.01128,0.00785,0.00419
581,110,milk on pink plate,robot_3cam,"robot demo
milk on plate",True,0.29154,0.32743,0.34115,0.35757,0.30440,0.21691,0.11575,0.06184,0.21079,0.21880,-0.01274,-0.02942,0.04268,-0.01281,0.00060,-2.55040,-2.35323,-2.10353,-2.34004,-2.59299,1.34301,1.65301,1.64451,1.65370,1.43785,-0.03376,-0.07185,-0.34420,-0.10856,-0.01984,0.05410,0.51827,0.40306,-0.04497,-0.00917,0.00165,0.01013,0.00998,0.00337,0.00560,0.00133,-0.00771,0.00010,-0.00089,0.00598,-0.01806,-0.03416,-0.02717,-0.01904,-0.01519,-0.01844,-0.05063,-0.06137,-0.02844,-0.01044,0.01190,0.07098,0.05475,0.03081,0.01240,0.01873,0.07002,0.07174,0.01971,0.03074,0.00008,0.01822,0.01229,0.01236,0.00552
581,111,milk on pink plate,robot_3cam,"robot demo
milk on plate",True,0.29145,0.32956,0.34382,0.35748,0.31006,0.21719,0.11474,0.05600,0.20900,0.21038,-0.01656,-0.02738,0.03945,-0.01421,-0.00473,-2.55449,-2.35070,-2.10662,-2.31564,-2.55159,1.34539,1.65285,1.66474,1.64412,1.51196,-0.02760,-0.07380,-0.33223,-0.09421,-0.02278,0.05410,0.53411,0.41523,0.00753,0.00539,0.00189,0.00640,0.00926,0.00132,0.00523,0.00132,-0.00499,0.00016,-0.00055,0.00610,-0.01741,-0.02870,-0.02624,-0.01667,-0.01441,-0.01663,-0.04138,-0.05882,-0.02614,-0.00976,0.01094,0.05263,0.05135,0.02806,0.00610,0.01599,0.05674,0.06898,0.02123,0.02924,0.00032,0.01585,0.01146,0.01742,0.00455
581,112,milk on pink plate,robot_3cam,"robot demo
milk on plate",True,0.29242,0.32619,0.34302,0.35764,0.31474,0.21784,0.11539,0.05600,0.21446,0.20695,-0.02016,-0.02271,0.03509,-0.01719,-0.00622,-2.55564,-2.31422,-2.10904,-2.40527,-2.56987,1.34613,1.62085,1.66364,1.61588,1.51050,-0.02655,-0.10947,-0.32444,-0.10305,-0.05463,0.05410,0.51063,0.42398,0.04444,0.06663,0.00176,0.00558,0.00674,0.00024,0.00316,0.00123,-0.00235,0.00097,-0.00003,0.00494,-0.01757,-0.02715,-0.02625,-0.01626,-0.01463,-0.01711,-0.04169,-0.05444,-0.02418,0.02912,0.00997,0.04448,0.04386,0.02433,-0.01361,0.01589,0.05395,0.06349,0.02225,0.02592,0.00065,0.01580,0.01040,0.01711,0.01535
581,113,milk on pink plate,robot_3cam,"robot demo
milk on plate",True,0.29291,0.32275,0.34257,0.36248,0.30410,0.21816,0.11398,0.04848,0.21559,0.18837,-0.02265,-0.01838,0.03643,-0.01891,-0.01209,-2.55897,-2.28173,-2.09062,-2.40221,-2.56101,1.34564,1.59897,1.67039,1.62006,1.53392,-0.02472,-0.14160,-0.33344,-0.11422,-0.05188,0.05410,0.49798,0.42392,0.05011,0.09504,0.00142,0.00443,0.00535,-0.00089,0.00222,0.00092,-0.00192,0.00122,-0.00009,0.00413,-0.01727,-0.02488,-0.02560,-0.01546,-0.01421,-0.01728,-0.03624,-0.05086,-0.02059,0.03310,0.01144,0.03849,0.03884,0.02092,-0.01725,0.01613,0.04682,0.05988,0.02387,0.02324,0.00219,0.01530,0.00970,0.01525,0.02100
581,114,milk on pink plate,robot_3cam,"robot demo
milk on plate",True,0.29322,0.32021,0.34381,0.36258,0.30809,0.21837,0.11148,0.04397,0.21598,0.19378,-0.02568,-0.01402,0.03818,-0.01542,-0.01666,-2.56136,-2.25471,-2.08298,-2.44492,-2.50311,1.34980,1.58730,1.67779,1.55092,1.52794,-0.02128,-0.16472,-0.33226,-0.12749,-0.05185,0.05410,0.49650,0.42619,0.07272,0.09691,0.00129,0.00178,0.00306,-0.00234,0.00077,0.00101,-0.00157,0.00198,-0.00008,0.00255,-0.01598,-0.02227,-0.02604,-0.01404,-0.01496,-0.01530,-0.02710,-0.04752,-0.01696,0.03898,0.01007,0.02893,0.03200,0.01921,-0.01733,0.01553,0.03639,0.05688,0.02506,0.01680,0.00820,0.01424,0.00906,0.02011,0.02387
581,115,milk on pink plate,robot_3cam,"robot demo
milk on plate",True,0.29366,0.31745,0.34090,0.35639,0.29405,0.21866,0.10524,0.03408,0.21816,0.18712,-0.02799,-0.01072,0.04932,-0.02226,-0.02214,-2.56354,-2.21460,-2.03410,-2.47345,-2.40708,1.34858,1.57634,1.66968,1.63534,1.61203,-0.02050,-0.20034,-0.37430,-0.09444,-0.01623,0.05574,0.49296,0.40958,0.05767,0.07002,0.00059,-0.00076,-0.00002,-0.00320,-0.00102,0.00056,-0.00081,0.00323,0.00012,0.00217,-0.01400,-0.01853,-0.02613,-0.01150,-0.01464,-0.01497,-0.01774,-0.04241,-0.01543,0.02877,0.00923,0.01753,0.02186,0.01709,-0.01048,0.01495,0.02477,0.05219,0.02554,0.01405,0.02297,0.01275,0.00763,0.03614,0.02109
581,116,milk on pink plate,robot_3cam,"robot demo
milk on plate",True,0.29473,0.31943,0.34157,0.36677,0.28227,0.21937,0.10600,0.02207,0.21474,0.16984,-0.02915,-0.01491,0.05371,-0.02389,-0.03177,-2.56021,-2.23843,-2.00096,-2.38829,-2.34632,1.34907,1.59101,1.68232,1.69516,1.71307,-0.02234,-0.17823,-0.39735,-0.09023,0.01434,0.05738,0.50409,0.41022,0.01886,0.09735,-0.00014,-0.00033,-0.00152,-0.00301,-0.00175,0.00068,-0.00153,0.00363,0.00009,0.00133,-0.01201,-0.02009,-0.02326,-0.01239,-0.01200,-0.01320,-0.02008,-0.03573,-0.01754,-0.00511,0.00703,0.02147,0.01375,0.01869,0.00360,0.01722,0.02857,0.04487,0.02591,0.01497,0.04350,0.01283,0.00589,0.03406,0.01652
581,117,milk on pink plate,robot_3cam,"robot demo
milk on plate",True,0.29516,0.32211,0.34271,0.36122,0.28321,0.21966,0.10265,0.01286,0.22427,0.15378,-0.03028,-0.01936,0.05485,-0.02850,-0.03215,-2.55907,-2.24256,-1.97774,-2.46925,-2.36368,1.34833,1.60695,1.69567,1.68836,1.71689,-0.02339,-0.16619,-0.41678,-0.04679,0.00390,0.07541,0.52563,0.41599,0.10241,0.09766,-0.00013,-0.00136,-0.00091,-0.00230,-0.00142,0.00086,-0.00158,0.00334,-0.00024,0.00056,-0.00816,-0.01487,-0.01829,-0.00928,-0.00833,-0.00727,-0.01091,-0.02987,-0.00687,-0.02171,0.00448,0.01370,0.01019,0.01661,0.00883,0.01359,0.01720,0.03730,0.01830,0.01539,0.07126,0.01194,0.00423,0.04556,0.00730
581,118,milk on pink plate,robot_3cam,"robot demo
milk on plate",True,0.29610,0.32188,0.34078,0.36122,0.28642,0.22028,0.09215,0.01271,0.22417,0.16088,-0.03023,-0.01804,0.05049,-0.03472,-0.03274,-2.55678,-2.19986,-1.96472,-2.45755,-2.48601,1.34686,1.61080,1.69012,1.70193,1.79981,-0.02550,-0.20072,-0.43214,-0.03637,-0.01743,0.12459,0.51827,0.41679,0.19582,0.08372,0.00005,-0.00069,0.00081,-0.00165,-0.00037,0.00106,-0.00112,0.00241,0.00019,-0.00012,-0.00502,-0.01078,-0.01535,-0.00730,-0.00618,-0.00281,-0.00743,-0.02823,-0.00315,-0.01046,0.00098,0.00962,0.01307,0.01475,0.00709,0.00977,0.01122,0.03413,0.01450,0.00977,0.10714,0.01143,0.00420,0.07712,0.01121
581,119,milk on pink plate,robot_3cam,"robot demo
milk on plate",True,0.29673,0.32170,0.34136,0.34370,0.30236,0.22070,0.08572,0.01530,0.22027,0.17227,-0.03005,-0.01728,0.03903,-0.04577,-0.03019,-2.55449,-2.16774,-1.97938,-2.39615,-2.56384,1.34539,1.60743,1.69705,1.72694,1.78458,-0.02760,-0.23051,-0.42310,0.04541,-0.05199,0.18361,0.52130,0.43635,0.30862,0.20481,-0.00002,-0.00110,0.00339,-0.00130,0.00159,0.00119,-0.00019,0.00100,0.00053,-0.00039,-0.00267,-0.00324,-0.01045,-0.00389,-0.00469,0.00030,0.00150,-0.02540,0.01203,0.01097,-0.00110,-0.00092,0.01703,0.00217,-0.00295,0.00808,-0.00238,0.02820,0.00556,0.00388,0.13449,0.00987,0.00342,0.11007,0.05213
581,120,milk on pink plate,robot_3cam,"robot demo
milk on plate",True,0.29738,0.32271,0.34193,0.33636,0.30263,0.22113,0.08736,0.02320,0.22122,0.19716,-0.02910,-0.01853,0.02872,-0.04372,-0.02892,-2.55220,-2.17042,-2.00250,-2.44220,-2.51513,1.34392,1.60395,1.69177,1.77821,1.49685,-0.02970,-0.22886,-0.40531,0.05284,-0.07657,0.24754,0.52542,0.45714,0.38635,0.41898,0.00005,0.00020,0.00428,-0.00035,0.00292,0.00149,-0.00052,-0.00037,0.00050,0.00049,-0.00081,0.00115,-0.00508,-0.00210,-0.00148,0.00324,0.00535,-0.01801,0.00841,0.02452,-0.00315,-0.00183,0.01676,0.00135,-0.01963,0.00714,-0.00858,0.01698,0.00105,-0.00304,0.15486,0.00991,0.00315,0.11011,0.16354
581,121,milk on pink plate,robot_3cam,"robot demo
milk on plate",True,0.29819,0.32298,0.34095,0.33889,0.30312,0.22167,0.08208,0.02867,0.22147,0.19901,-0.02761,-0.01551,0.02432,-0.04096,-0.02837,-2.54772,-2.14576,-2.01306,-2.47403,-2.46535,1.34366,1.60367,1.68221,1.67561,1.36596,-0.03256,-0.24928,-0.40042,0.03012,-0.10516,0.30984,0.52235,0.46503,0.49695,0.55701,0.00041,0.00000,0.00458,-0.00028,0.00264,0.00113,-0.00002,-0.00078,0.00051,0.00019,0.00015,0.00457,-0.00249,-0.00098,-0.00100,0.00407,0.00965,-0.01442,-0.00039,0.01965,-0.00257,-0.00684,0.01616,0.00673,-0.01741,0.00250,-0.01489,0.01118,0.00134,-0.00050,0.17621,0.00933,0.00281,0.08387,0.18054
581,122,milk on pink plate,robot_3cam,"robot demo
milk on plate",True,0.29931,0.32234,0.34199,0.34433,0.30250,0.22241,0.08059,0.02937,0.22423,0.19659,-0.02602,-0.01653,0.02148,-0.04304,-0.03071,-2.54417,-2.13411,-2.02301,-2.53261,-2.46407,1.33877,1.60111,1.68661,1.68439,1.34350,-0.03703,-0.25706,-0.38672,0.02997,-0.11353,0.35574,0.51840,0.47010,0.55284,0.58074,0.00037,0.00007,0.00454,-0.00040,0.00227,0.00093,0.00086,-0.00108,0.00099,0.00035,0.00027,0.00516,-0.00256,-0.00076,-0.00143,0.00356,0.00891,-0.01404,0.00043,0.02413,-0.00276,-0.00900,0.01661,0.00748,-0.02451,0.00146,-0.01518,0.01089,0.00260,-0.00146,0.18611,0.00945,0.00335,0.09688,0.20654
581,123,milk on pink plate,robot_3cam,"robot demo
milk on plate",True,0.29966,0.32103,0.34174,0.35296,0.29993,0.22196,0.08195,0.02910,0.22454,0.19577,-0.02504,-0.01685,0.02282,-0.04381,-0.03003,-2.54097,-2.13211,-2.01905,-2.48027,-2.45993,1.34193,1.59405,1.68473,1.73839,1.36658,-0.03807,-0.26112,-0.39310,0.02320,-0.10141,0.39836,0.51853,0.46943,0.55111,0.61507,0.00030,-0.00012,0.00505,-0.00051,0.00223,0.00080,0.00048,-0.00147,0.00099,-0.00045,0.00030,0.00608,-0.00120,-0.00057,-0.00130,0.00286,0.01137,-0.01271,-0.00441,0.02179,-0.00226,-0.00981,0.01717,0.00960,-0.01975,0.00151,-0.01803,0.00901,0.00274,-0.00068,0.18335,0.00928,0.00322,0.08668,0.19958
581,124,milk on pink plate,robot_3cam,"robot demo
milk on plate",True,0.29997,0.32354,0.34080,0.35690,0.29417,0.22250,0.08400,0.02480,0.22988,0.18883,-0.02344,-0.02130,0.02287,-0.04331,-0.03296,-2.53901,-2.15815,-2.00319,-2.44834,-2.43527,1.33833,1.60607,1.68556,1.72505,1.42798,-0.04285,-0.23453,-0.40524,0.02873,-0.09148,0.45246,0.53273,0.47036,0.52734,0.70345,0.00003,-0.00024,0.00472,-0.00039,0.00163,0.00037,0.00009,-0.00180,0.00076,-0.00059,0.00016,0.00600,0.00087,-0.00071,-0.00055,0.00107,0.01185,-0.00864,-0.00647,0.01169,-0.00093,-0.00915,0.01453,0.00997,-0.01420,0.00140,-0.01794,0.00400,0.00157,0.00138,0.18043,0.00934,0.00264,0.08977,0.18697
581,125,milk on pink plate,robot_3cam,"robot demo
milk on plate",True,0.30030,0.32282,0.34191,0.34575,0.29290,0.22238,0.08393,0.02487,0.22810,0.19660,-0.02287,-0.01995,0.02208,-0.04277,-0.03140,-2.53637,-2.15415,-2.00610,-2.49469,-2.38474,1.33898,1.60550,1.68725,1.69427,1.42018,-0.04224,-0.24008,-0.40115,0.02563,-0.07625,0.50000,0.53147,0.47964,0.53949,0.74577,-0.00008,0.00035,0.00307,-0.00008,0.00074,-0.00005,-0.00034,-0.00121,0.00058,-0.00035,-0.00002,0.00651,0.00288,-0.00049,0.00044,0.00023,0.01208,-0.00304,-0.00378,-0.00253,0.00115,-0.00757,0.00760,0.00879,-0.00772,0.00042,-0.01830,-0.00315,0.00097,0.00604,0.16744,0.00933,0.00136,0.08469,0.15209
581,126,milk on pink plate,robot_3cam,"robot demo
milk on plate",True,0.30046,0.32109,0.34072,0.35709,0.30595,0.22214,0.08388,0.01970,0.23122,0.19587,-0.02290,-0.02186,0.02494,-0.04450,-0.02766,-2.53685,-2.14278,-1.98480,-2.55282,-2.42201,1.33955,1.59856,1.68840,1.73705,1.40359,-0.04419,-0.24629,-0.42015,0.02613,-0.12004,0.51311,0.52577,0.47036,0.58953,0.69660,0.00000,0.00043,0.00337,-0.00027,0.00184,0.00000,0.00009,-0.00073,0.00084,0.00006,0.00000,0.00643,0.00215,-0.00050,0.00113,0.00205,0.01174,-0.00535,-0.00103,0.00916,0.00387,-0.00841,0.00795,0.00748,-0.00556,0.00060,-0.01843,0.00008,0.00172,-0.00025,0.14391,0.00989,0.00113,0.10110,0.11380
581,127,milk on pink plate,robot_3cam,"robot demo
milk on plate",True,0.29998,0.32007,0.34151,0.36942,0.30882,0.22182,0.08477,0.01694,0.22822,0.19627,-0.02333,-0.01917,0.02636,-0.04044,-0.02450,-2.53591,-2.13755,-1.97886,-2.43746,-2.42726,1.34416,1.58856,1.69340,1.74819,1.41497,-0.04255,-0.25555,-0.42550,0.00317,-0.11862,0.51311,0.52560,0.47301,0.60111,0.66364,-0.00008,-0.00045,0.00279,-0.00070,0.00194,-0.00005,-0.00045,-0.00036,0.00047,0.00010,-0.00002,0.00823,0.00321,-0.00039,0.00184,0.00202,0.01710,-0.00319,-0.01526,0.00812,0.00453,-0.01126,0.00466,0.01589,0.00050,0.00094,-0.02433,-0.00257,0.00375,-0.00193,0.12232,0.00924,0.00013,0.06903,0.07053
581,128,milk on pink plate,robot_3cam,"robot demo
milk on plate",True,0.29966,0.32252,0.34190,0.35026,0.30867,0.22161,0.08697,0.01720,0.22857,0.19840,-0.02321,-0.02077,0.02655,-0.04572,-0.02398,-2.53591,-2.15991,-1.98212,-2.44826,-2.46879,1.34416,1.59802,1.69432,1.71983,1.40727,-0.04255,-0.23606,-0.42252,0.03553,-0.10496,0.51311,0.53492,0.47684,0.54479,0.65966,0.00000,-0.00080,0.00139,-0.00046,0.00142,0.00000,0.00047,0.00045,0.00083,0.00040,0.00000,0.00744,0.00294,-0.00024,0.00235,0.00282,0.01412,-0.00169,-0.01202,0.00857,0.00532,-0.01241,0.00021,0.01418,0.00108,0.00083,-0.02137,-0.00448,0.00196,-0.00313,0.10081,0.00891,-0.00084,0.07188,0.04111
581,129,milk on pink plate,robot_3cam,"robot demo
milk on plate",True,0.29918,0.32220,0.34293,0.35031,0.30668,0.22129,0.08369,0.01551,0.22349,0.19464,-0.02363,-0.01845,0.02815,-0.04720,-0.02683,-2.53601,-2.14479,-1.98187,-2.45803,-2.47074,1.34684,1.59721,1.69880,1.75311,1.44684,-0.04122,-0.25058,-0.41945,0.04230,-0.08924,0.51311,0.52807,0.47662,0.57016,0.64110,-0.00008,-0.00089,0.00087,-0.00057,0.00120,-0.00005,0.00110,0.00064,0.00118,0.00076,-0.00002,0.00722,0.00249,-0.00006,0.00218,0.00460,0.01274,-0.00143,-0.01012,0.00762,0.00936,-0.01355,-0.00108,0.01336,-0.00200,0.00169,-0.02029,-0.00419,0.00348,-0.00341,0.08263,0.00866,-0.00075,0.07782,0.04937
581,130,milk on pink plate,robot_3cam,"robot demo
milk on plate",True,0.29854,0.32120,0.34397,0.35991,0.31698,0.22087,0.08705,0.01896,0.22229,0.20069,-0.02459,-0.01758,0.02480,-0.04734,-0.02305,-2.53831,-2.14633,-1.99852,-2.44283,-2.45048,1.34832,1.58675,1.70197,1.75675,1.40745,-0.03914,-0.24950,-0.40614,0.03917,-0.11673,0.51311,0.52738,0.47981,0.56497,0.63422,-0.00020,-0.00199,0.00254,-0.00088,0.00193,-0.00013,0.00162,0.00019,0.00121,0.00005,-0.00013,0.00745,0.00206,-0.00013,0.00153,0.00664,0.01477,-0.00514,-0.01157,0.01522,0.01388,-0.01709,0.00439,0.01433,-0.00510,0.00263,-0.02279,-0.00018,0.00369,-0.00274,0.06948,0.00858,0.00001,0.07544,0.06260
581,131,milk on pink plate,robot_3cam,"robot demo
milk on plate",True,0.29806,0.32177,0.34442,0.35235,0.31513,0.22055,0.08578,0.02041,0.21898,0.20312,-0.02501,-0.01419,0.02503,-0.04413,-0.02317,-2.53946,-2.13982,-2.00380,-2.43865,-2.47620,1.34906,1.58543,1.70109,1.70046,1.40729,-0.03810,-0.25879,-0.40193,0.02920,-0.10145,0.51475,0.52358,0.48171,0.59795,0.63555,-0.00004,-0.00170,0.00201,-0.00028,0.00162,-0.00011,0.00189,0.00052,0.00100,0.00011,-0.00003,0.00840,0.00198,0.00042,0.00160,0.00785,0.01461,-0.00454,-0.01418,0.01515,0.01576,-0.01767,0.00277,0.01660,-0.00538,0.00219,-0.02331,-0.00098,0.00279,-0.00290,0.05917,0.00824,-0.00024,0.06268,0.06040
581,132,milk on pink plate,robot_3cam,"robot demo
milk on plate",True,0.29773,0.32315,0.34446,0.34584,0.31848,0.22034,0.08601,0.01633,0.21868,0.19190,-0.02490,-0.01524,0.02812,-0.04771,-0.02445,-2.53946,-2.15148,-1.99438,-2.41603,-2.50921,1.34906,1.59261,1.70566,1.70723,1.50084,-0.03810,-0.24766,-0.40579,0.04896,-0.11458,0.51475,0.52678,0.47531,0.53163,0.53837,0.00004,-0.00184,0.00094,-0.00061,0.00180,-0.00006,0.00212,0.00131,0.00126,0.00059,-0.00001,0.00671,-0.00055,-0.00019,0.00082,0.00970,0.01184,-0.00681,-0.01080,0.01783,0.01847,-0.01653,0.00101,0.01338,-0.01082,0.00237,-0.01964,0.00294,0.00278,-0.00695,0.04910,0.00828,-0.00024,0.07545,0.04238
581,133,milk on pink plate,robot_3cam,"robot demo
milk on plate",True,0.29741,0.32068,0.34522,0.35019,0.31368,0.22012,0.08516,0.01830,0.21789,0.19333,-0.02478,-0.01351,0.02432,-0.04442,-0.02832,-2.53841,-2.13606,-2.00846,-2.43721,-2.44300,1.35100,1.58516,1.70928,1.68346,1.42069,-0.03781,-0.26050,-0.39127,0.03073,-0.11245,0.51475,0.52074,0.48189,0.52783,0.56721,-0.00016,-0.00191,0.00165,-0.00088,0.00171,-0.00019,0.00104,0.00055,0.00086,0.00099,-0.00014,0.00672,-0.00011,-0.00045,0.00081,0.00888,0.01491,-0.00678,-0.01107,0.01136,0.01835,-0.01518,0.00362,0.01521,-0.01409,0.00282,-0.02207,0.00261,0.00346,-0.00287,0.04204,0.00860,0.00033,0.06401,0.11466
581,134,milk on pink plate,robot_3cam,"robot demo
milk on plate",True,0.29773,0.31939,0.34613,0.34158,0.32064,0.22033,0.08552,0.02337,0.21965,0.20499,-0.02371,-0.01369,0.02167,-0.04330,-0.02467,-2.53401,-2.13162,-2.02402,-2.49956,-2.46246,1.35339,1.58303,1.70663,1.68733,1.40369,-0.03928,-0.26456,-0.38134,0.02724,-0.11030,0.51475,0.51609,0.48969,0.51991,0.60486,-0.00004,-0.00095,0.00161,-0.00060,0.00146,-0.00011,0.00060,0.00080,0.00077,0.00034,0.00002,0.00604,0.00098,-0.00056,0.00123,0.00765,0.01311,-0.00556,-0.00427,0.01163,0.01460,-0.01167,0.00249,0.01029,-0.00841,0.00177,-0.01988,0.00016,0.00251,-0.00269,0.03498,0.00913,-0.00019,0.07048,0.09367
581,135,milk on pink plate,robot_3cam,"robot demo
milk on plate",True,0.29805,0.31854,0.34318,0.35033,0.30640,0.22020,0.08254,0.01712,0.21865,0.19467,-0.02320,-0.01390,0.02843,-0.04276,-0.02767,-2.53122,-2.11930,-1.98867,-2.50545,-2.52187,1.35708,1.58427,1.69791,1.71777,1.45606,-0.04168,-0.27279,-0.41196,0.02018,-0.08263,0.51475,0.51290,0.47451,0.54638,0.59412,0.00016,-0.00091,0.00046,-0.00092,0.00110,0.00010,0.00017,0.00118,0.00072,0.00106,0.00024,0.00581,0.00057,-0.00074,0.00152,0.00576,0.01392,-0.00390,-0.00454,0.01169,0.00927,-0.01092,-0.00095,0.01082,-0.00873,0.00098,-0.02025,-0.00083,0.00370,-0.00482,0.03328,0.00932,-0.00037,0.07674,0.06950
581,136,milk on pink plate,robot_3cam,"robot demo
milk on plate",True,0.29771,0.31689,0.34481,0.35119,0.30854,0.22031,0.08432,0.01020,0.21889,0.17825,-0.02258,-0.01526,0.02881,-0.04651,-0.02922,-2.53050,-2.11863,-1.98135,-2.49581,-2.46189,1.35688,1.57932,1.71279,1.76841,1.53815,-0.04407,-0.27288,-0.40995,0.03230,-0.09122,0.51639,0.51393,0.47803,0.54497,0.56494,-0.00000,-0.00138,-0.00001,-0.00125,0.00083,0.00008,0.00022,0.00108,0.00088,0.00112,0.00014,0.00575,0.00113,-0.00075,0.00132,0.00405,0.01498,-0.00206,-0.00346,0.00677,0.00641,-0.01213,-0.00308,0.01006,-0.00846,0.00127,-0.02144,-0.00221,0.00471,-0.00475,0.04010,0.00935,-0.00060,0.07891,0.06455
581,137,milk on pink plate,robot_3cam,"robot demo
milk on plate",True,0.29783,0.31816,0.34426,0.34635,0.31278,0.22106,0.08568,0.01268,0.22016,0.18731,-0.02075,-0.01552,0.02688,-0.04765,-0.02848,-2.52585,-2.12860,-1.98507,-2.48747,-2.46583,1.35389,1.58131,1.70903,1.75928,1.50498,-0.04755,-0.26599,-0.40995,0.03601,-0.09724,0.51639,0.51589,0.47999,0.52021,0.61183,0.00004,-0.00118,0.00021,-0.00099,0.00109,0.00011,0.00078,0.00107,0.00108,0.00100,0.00028,0.00558,0.00140,-0.00067,0.00184,0.00329,0.01277,-0.00218,-0.00162,0.00804,0.00430,-0.01221,-0.00262,0.00852,-0.00661,0.00071,-0.01954,-0.00269,0.00413,-0.00484,0.05178,0.00921,-0.00083,0.08274,0.05338
581,138,milk on pink plate,robot_3cam,"robot demo
milk on plate",True,0.29796,0.31755,0.34488,0.34973,0.31138,0.22115,0.08526,0.01319,0.22048,0.18975,-0.01903,-0.01206,0.02808,-0.04259,-0.02735,-2.52239,-2.11399,-1.98481,-2.48390,-2.46989,1.35165,1.57089,1.70773,1.71399,1.52728,-0.05061,-0.28248,-0.41042,0.00880,-0.08365,0.52951,0.50812,0.48145,0.58630,0.62138,0.00027,-0.00087,-0.00027,-0.00037,0.00069,0.00026,0.00121,0.00116,0.00098,0.00079,0.00103,0.00770,0.00242,0.00011,0.00189,0.00446,0.01427,0.00019,-0.00460,0.00257,0.00290,-0.01435,-0.00486,0.01107,-0.00195,-0.00067,-0.02264,-0.00558,0.00342,-0.00380,0.06534,0.00900,-0.00106,0.06772,0.05130
581,139,milk on pink plate,robot_3cam,"robot demo
milk on plate",True,0.29824,0.31712,0.34742,0.34916,0.31765,0.22168,0.08724,0.01099,0.22077,0.17836,-0.01744,-0.01071,0.02914,-0.04230,-0.02384,-2.52039,-2.11329,-1.98934,-2.46459,-2.42673,1.34805,1.56368,1.71760,1.69952,1.59429,-0.05530,-0.28617,-0.40231,0.00509,-0.09224,0.56885,0.50732,0.48949,0.61530,0.60120,0.00035,-0.00119,-0.00149,-0.00015,0.00029,0.00023,0.00189,0.00152,0.00097,0.00102,0.00146,0.00885,0.00368,0.00073,0.00203,0.00493,0.01506,0.00404,-0.00443,-0.00264,0.00201,-0.01726,-0.00988,0.01099,-0.00097,-0.00201,-0.02462,-0.00994,0.00321,-0.00334,0.07483,0.00865,-0.00189,0.06254,0.03277
581,140,milk on pink plate,robot_3cam,"robot demo
milk on plate",True,0.29901,0.31838,0.34712,0.34873,0.31678,0.22185,0.08477,0.01854,0.21735,0.20179,-0.01526,-0.00924,0.02404,-0.04246,-0.02642,-2.51429,-2.10697,-2.00915,-2.47274,-2.45993,1.34643,1.56741,1.70999,1.71624,1.48643,-0.05770,-0.29237,-0.38852,0.01268,-0.07376,0.61803,0.50538,0.49553,0.68928,0.68213,0.00054,-0.00114,-0.00115,0.00013,0.00014,0.00035,0.00315,0.00137,0.00126,0.00084,0.00213,0.00949,0.00356,0.00122,0.00215,0.00635,0.01295,0.00333,-0.00460,-0.00702,0.00108,-0.01983,-0.00812,0.01069,0.00083,-0.00331,-0.02365,-0.01010,0.00393,-0.00052,0.08068,0.00825,-0.00161,0.07477,0.06177
581,141,milk on pink plate,robot_3cam,"robot demo
milk on plate",True,0.29945,0.31548,0.34436,0.38160,0.30358,0.22214,0.08933,0.02540,0.22203,0.21671,-0.01364,-0.00971,0.02495,-0.03674,-0.02343,-2.50977,-2.10096,-2.00572,-2.42233,-2.55494,1.34610,1.54597,1.68636,1.77718,1.38983,-0.06041,-0.29945,-0.40026,-0.04196,-0.04286,0.64426,0.50011,0.49182,0.71812,0.69473,0.00061,-0.00132,-0.00179,-0.00056,-0.00061,0.00040,0.00271,0.00154,0.00054,0.00031,0.00265,0.01121,0.00509,0.00164,0.00240,0.00616,0.01741,0.00691,-0.01702,-0.01798,-0.00140,-0.02142,-0.01074,0.01799,0.00831,-0.00439,-0.02910,-0.01545,0.00972,0.00275,0.07524,0.00859,-0.00183,0.06401,0.04713
581,142,milk on pink plate,robot_3cam,"robot demo
milk on plate",True,0.29990,0.31848,0.34582,0.38176,0.30606,0.22244,0.09732,0.02380,0.22750,0.21310,-0.01223,-0.01195,0.02579,-0.03610,-0.02025,-2.50850,-2.13848,-2.00855,-2.41688,-2.52576,1.34270,1.54604,1.69399,1.81288,1.38909,-0.06275,-0.26857,-0.39764,-0.02908,-0.04800,0.64426,0.51817,0.49478,0.76302,0.68085,0.00061,-0.00271,-0.00159,-0.00134,-0.00037,0.00039,0.00431,0.00164,0.00106,0.00006,0.00338,0.01330,0.00551,0.00331,0.00249,0.00624,0.01909,0.00682,-0.01884,-0.01494,-0.00339,-0.02867,-0.01098,0.01457,0.01024,-0.00539,-0.03277,-0.01531,0.00732,0.00210,0.06599,0.00772,-0.00226,0.06109,0.02731
581,143,milk on pink plate,robot_3cam,"robot demo
milk on plate",True,0.29987,0.31820,0.34679,0.37128,0.31423,0.22243,0.09761,0.02529,0.22598,0.21444,-0.01125,-0.01163,0.02529,-0.03798,-0.02214,-2.50734,-2.13940,-2.01960,-2.45113,-2.51508,1.34195,1.54706,1.69828,1.79280,1.41936,-0.06375,-0.26785,-0.38738,-0.01994,-0.05983,0.64262,0.51992,0.49310,0.75775,0.68408,0.00028,-0.00287,-0.00076,-0.00139,0.00014,0.00018,0.00418,0.00161,0.00103,0.00065,0.00402,0.01328,0.00335,0.00342,0.00201,0.00595,0.01961,0.00196,-0.01487,-0.00634,-0.00321,-0.02877,-0.00672,0.01332,0.00231,-0.00513,-0.03317,-0.00910,0.00586,-0.00038,0.05284,0.00763,-0.00145,0.05444,0.05688
581,144,milk on pink plate,robot_3cam,"robot demo
milk on plate",True,0.30001,0.31890,0.34475,0.36030,0.30121,0.22287,0.10042,0.03192,0.22884,0.21886,-0.01035,-0.01363,0.02157,-0.03701,-0.02490,-2.50470,-2.15669,-2.02760,-2.46355,-2.47698,1.34252,1.55261,1.68240,1.70457,1.37258,-0.06248,-0.25200,-0.38548,-0.03463,-0.02962,0.64262,0.53045,0.49854,0.72564,0.77413,-0.00029,-0.00266,-0.00073,-0.00120,-0.00083,-0.00010,0.00337,0.00076,0.00049,-0.00013,0.00540,0.01396,0.00587,0.00363,0.00326,0.00579,0.02144,0.00669,-0.00995,-0.01706,-0.00317,-0.02745,-0.00716,0.01179,0.00543,-0.00438,-0.03476,-0.01615,0.00479,0.00338,0.04342,0.00764,-0.00140,0.03846,0.07514
581,145,milk on pink plate,robot_3cam,"robot demo
milk on plate",True,0.30080,0.31883,0.34420,0.38765,0.28866,0.22202,0.11247,0.03794,0.23504,0.21199,-0.00883,-0.01717,0.02470,-0.03404,-0.01259,-2.50037,-2.19145,-2.02761,-2.37629,-2.42643,1.34489,1.53669,1.66217,1.83381,1.35532,-0.06515,-0.22650,-0.39138,-0.07958,-0.03457,0.64098,0.54705,0.50608,0.73815,0.71442,-0.00135,-0.00321,-0.00369,-0.00315,-0.00312,-0.00096,0.00309,0.00124,-0.00082,-0.00208,0.00685,0.01826,0.01063,0.00550,0.00585,0.00387,0.02869,0.01943,-0.03137,-0.02197,-0.00244,-0.03209,-0.01921,0.01359,0.00502,-0.00412,-0.04438,-0.03259,0.01767,0.00695,0.03506,0.00722,-0.00303,0.03781,0.01896
581,146,milk on pink plate,robot_3cam,"robot demo
milk on plate",True,0.30159,0.32347,0.34830,0.36793,0.31248,0.22082,0.11680,0.04423,0.23316,0.20328,-0.00691,-0.02265,0.01442,-0.03500,0.00033,-2.49753,-2.23710,-2.07080,-2.47086,-2.31092,1.34594,1.56005,1.67598,1.76350,1.38233,-0.07011,-0.18414,-0.35381,-0.03987,-0.12422,0.64098,0.57803,0.53561,0.66698,0.75232,-0.00199,-0.00180,-0.00247,-0.00246,-0.00206,-0.00172,0.00122,0.00014,-0.00300,-0.00475,0.01046,0.02240,0.01512,0.00759,0.00812,0.00608,0.03385,0.02418,-0.05353,-0.02419,-0.00258,-0.02938,-0.01848,0.03356,0.01689,-0.00583,-0.05024,-0.04044,0.02232,0.00111,0.02889,0.00699,-0.00385,0.01986,-0.00441
581,147,milk on pink plate,robot_3cam,"robot demo
milk on plate",True,0.30244,0.32148,0.34518,0.35979,0.29373,0.22000,0.11411,0.05811,0.22889,0.18379,-0.00311,-0.02393,0.01650,-0.02787,-0.00338,-2.49089,-2.23179,-2.07799,-2.56180,-2.21242,1.34679,1.56991,1.63777,1.63659,1.57320,-0.07481,-0.18428,-0.36252,-0.05238,-0.06304,0.64098,0.58762,0.53274,0.70724,0.90889,-0.00222,-0.00056,-0.00134,-0.00320,-0.00266,-0.00306,-0.00346,-0.00208,-0.00586,-0.00679,0.01341,0.02423,0.02038,0.00788,0.01249,0.00779,0.04369,0.03256,-0.05294,-0.02250,-0.00003,-0.02102,-0.01600,0.04870,0.00438,-0.00999,-0.05778,-0.05227,0.02529,0.00255,0.02281,0.00759,-0.00247,0.00939,0.00484
581,148,milk on pink plate,robot_3cam,"robot demo
milk on plate",True,0.30267,0.32698,0.34561,0.37346,0.28947,0.22016,0.12683,0.06147,0.22141,0.16997,0.00199,-0.03128,0.01851,-0.01468,0.00078,-2.48404,-2.31537,-2.08206,-2.56983,-2.21946,1.34493,1.59151,1.63117,1.73441,1.54650,-0.07950,-0.10770,-0.36838,-0.07228,-0.07095,0.63934,0.64169,0.53867,0.63597,0.85570,-0.00202,-0.00155,-0.00042,-0.00435,-0.00157,-0.00562,-0.00698,-0.00307,-0.00952,-0.00642,0.01857,0.02986,0.02509,0.01164,0.01786,0.01380,0.05920,0.03849,-0.04816,-0.02710,0.00491,-0.02207,-0.01644,0.05091,0.00802,-0.01702,-0.07310,-0.06077,0.02868,-0.00466,0.01867,0.00680,-0.00320,0.00320,-0.00759
581,149,milk on pink plate,robot_3cam,"robot demo
milk on plate",True,0.30433,0.32822,0.34696,0.37948,0.27957,0.21986,0.14395,0.07049,0.21215,0.16833,0.00919,-0.03052,0.02591,-0.00473,0.00586,-2.47267,-2.37046,-2.09535,-2.52347,-2.24333,1.34009,1.57741,1.61355,1.78343,1.52587,-0.08956,-0.06705,-0.36722,-0.09378,-0.07238,0.63934,0.66998,0.53719,0.64096,0.80690,-0.00205,-0.00172,-0.00011,-0.00515,-0.00004,-0.00924,-0.00930,-0.00396,-0.01145,-0.00688,0.02286,0.03691,0.02848,0.01951,0.02107,0.01638,0.07330,0.04403,-0.04397,-0.02909,0.01387,-0.02460,-0.01672,0.04767,0.01693,-0.02473,-0.08942,-0.06792,0.02501,-0.00847,0.01542,0.00626,-0.00255,0.00378,-0.00927
581,150,milk on pink plate,robot_3cam,"robot demo
milk on plate",True,0.30763,0.32946,0.34760,0.37647,0.29325,0.21718,0.15633,0.08449,0.21112,0.16360,0.01690,-0.02218,0.02598,0.00685,0.01770,-2.45804,-2.40056,-2.12896,-2.60205,-2.36092,1.34151,1.56043,1.59477,1.68527,1.40465,-0.10631,-0.05173,-0.35432,-0.10621,-0.13614,0.63934,0.67720,0.54946,0.70212,0.78464,-0.00159,-0.00055,0.00077,-0.00203,0.00203,-0.01399,-0.01122,-0.00492,-0.01313,-0.00721,0.02725,0.04204,0.03336,0.02688,0.02731,0.01974,0.08147,0.05029,-0.00965,-0.01784,0.02719,-0.02275,-0.01657,0.03956,0.02669,-0.03440,-0.09916,-0.07798,0.00218,-0.02181,0.01234,0.00619,-0.00315,0.00579,-0.02101
581,151,milk on pink plate,robot_3cam,"robot demo
milk on plate",True,0.31033,0.32868,0.34498,0.38372,0.30120,0.21411,0.16304,0.10015,0.19744,0.15151,0.02589,-0.01252,0.03676,0.01368,0.02655,-2.44291,-2.41231,-2.13987,-2.47363,-2.35141,1.34691,1.55068,1.55157,1.72679,1.42999,-0.11734,-0.04918,-0.36850,-0.15083,-0.19219,0.63770,0.68981,0.54207,0.75410,0.82963,-0.00058,-0.00125,0.00063,-0.00230,0.00311,-0.01896,-0.01454,-0.00599,-0.01592,-0.00746,0.03082,0.04719,0.03779,0.03263,0.03718,0.02515,0.09667,0.05870,0.02662,0.00756,0.04213,-0.02326,-0.01802,0.02959,0.01938,-0.04295,-0.11450,-0.08976,-0.01083,-0.03583,0.00974,0.00536,-0.00304,0.01005,-0.01776
581,152,milk on pink plate,robot_3cam,"robot demo
milk on plate",True,0.31341,0.32951,0.34598,0.36602,0.31117,0.20889,0.19252,0.11436,0.19743,0.15964,0.03496,-0.00526,0.03890,0.03018,0.03522,-2.42861,-2.50299,-2.17630,-2.31947,-2.32130,1.35823,1.52260,1.53318,1.70053,1.47367,-0.12990,0.01119,-0.35155,-0.17209,-0.19420,0.63770,0.72702,0.55105,0.72859,0.86211,0.00100,-0.00074,0.00111,-0.00305,0.00345,-0.02435,-0.02026,-0.00688,-0.02031,-0.00860,0.03687,0.05614,0.04104,0.03974,0.04372,0.03711,0.11845,0.06347,0.04375,0.03246,0.05734,-0.01943,-0.01739,0.02663,0.00810,-0.05129,-0.13731,-0.09733,-0.02806,-0.04471,0.00828,0.00491,-0.00314,0.00759,-0.01988
581,153,milk on pink plate,robot_3cam,"robot demo
milk on plate",True,0.31534,0.33250,0.34672,0.33632,0.31674,0.20334,0.21273,0.12156,0.20130,0.16498,0.04508,0.00002,0.04286,0.04615,0.04126,-2.41508,-2.58129,-2.19189,-2.30150,-2.33066,1.36958,1.51466,1.52260,1.72541,1.51923,-0.13969,0.06409,-0.34767,-0.17036,-0.20744,0.63770,0.75745,0.54888,0.70266,0.86241,0.00288,0.00052,0.00370,-0.00319,0.00576,-0.02873,-0.02463,-0.00892,-0.02368,-0.01264,0.03963,0.06156,0.04372,0.04337,0.04977,0.04596,0.13052,0.06447,0.03991,0.07527,0.07173,-0.01289,-0.00977,0.04096,0.00117,-0.06011,-0.14928,-0.09913,-0.04154,-0.06332,0.00666,0.00449,-0.00157,0.00559,-0.03235
581,154,milk on pink plate,robot_3cam,"robot demo
milk on plate",True,0.31749,0.33264,0.34947,0.32731,0.31434,0.19697,0.22689,0.13966,0.19713,0.18118,0.05438,0.00998,0.04463,0.06377,0.05506,-2.40093,-2.62782,-2.24274,-2.24627,-2.35773,1.38340,1.50511,1.50531,1.71439,1.44453,-0.15187,0.08930,-0.32295,-0.22505,-0.19626,0.63770,0.77449,0.56297,0.71212,0.87232,0.00615,0.00186,0.00469,-0.00300,0.00656,-0.03226,-0.03019,-0.00942,-0.02849,-0.01019,0.04293,0.06522,0.04773,0.04528,0.05440,0.05996,0.14312,0.06857,0.04925,0.08698,0.07851,-0.00282,-0.00891,0.05746,-0.01140,-0.07335,-0.16003,-0.10663,-0.05668,-0.05960,0.00536,0.00432,-0.00216,0.00462,-0.03911
581,155,milk on pink plate,robot_3cam,"robot demo
milk on plate",True,0.31878,0.32231,0.35234,0.34152,0.30834,0.18988,0.24448,0.15545,0.19684,0.19461,0.06409,0.02095,0.05064,0.07450,0.06368,-2.38988,-2.62450,-2.28971,-2.18753,-2.39748,1.39113,1.44563,1.48953,1.76454,1.43020,-0.16433,0.06744,-0.30083,-0.27658,-0.17223,0.63770,0.76030,0.57220,0.76211,0.87319,0.00955,0.00299,0.00642,-0.00378,0.01006,-0.03595,-0.03662,-0.01094,-0.03320,-0.00912,0.04785,0.06842,0.05213,0.04800,0.06048,0.08108,0.15977,0.07306,0.07949,0.11181,0.08429,0.00764,-0.00517,0.06305,-0.02275,-0.08712,-0.17511,-0.11391,-0.06645,-0.06980,0.00381,0.00540,-0.00188,0.00079,-0.03159
581,156,milk on pink plate,robot_3cam,"robot demo
milk on plate",True,0.31947,0.31991,0.35982,0.33692,0.30946,0.18258,0.25034,0.16048,0.19540,0.19823,0.07296,0.04595,0.04872,0.08401,0.07039,-2.38231,-2.59165,-2.34247,-2.25631,-2.38655,1.39348,1.39774,1.51485,1.71285,1.43032,-0.17821,0.00558,-0.26057,-0.26712,-0.17250,0.63607,0.71225,0.59684,0.78927,0.84826,0.01086,0.00722,0.00991,0.00075,0.01529,-0.03864,-0.03699,-0.01260,-0.03606,-0.00793,0.04998,0.07055,0.05659,0.04996,0.06433,0.09002,0.15414,0.07344,0.09654,0.11359,0.08243,0.01702,0.00195,0.07035,-0.02856,-0.09635,-0.17157,-0.11594,-0.07988,-0.08326,0.00333,0.00551,-0.00218,-0.00544,-0.01996
581,157,milk on pink plate,robot_3cam,"robot demo
milk on plate",True,0.32109,0.32202,0.35922,0.32710,0.31025,0.17336,0.24708,0.15556,0.18820,0.17637,0.08270,0.06357,0.06495,0.08803,0.07356,-2.36182,-2.58261,-2.31929,-2.32507,-2.32809,1.40730,1.40247,1.50910,1.69612,1.53412,-0.19671,-0.02216,-0.29590,-0.23134,-0.16677,0.63607,0.70226,0.58556,0.76770,0.87205,0.01018,0.00910,0.01079,0.00381,0.01740,-0.03953,-0.03858,-0.01351,-0.03967,-0.00901,0.04988,0.07174,0.06078,0.05043,0.06850,0.08947,0.15318,0.07862,0.08785,0.10848,0.07008,0.02389,0.00125,0.08811,-0.03619,-0.10093,-0.17003,-0.12228,-0.08688,-0.09773,0.00227,0.00420,-0.00348,-0.00667,-0.01858
581,158,milk on pink plate,robot_3cam,"robot demo
milk on plate",True,0.32116,0.33353,0.36349,0.31925,0.31538,0.16420,0.24206,0.15661,0.17783,0.17143,0.09123,0.05959,0.07537,0.08635,0.08499,-2.35161,-2.65980,-2.33586,-2.27537,-2.25914,1.41017,1.48292,1.51564,1.68974,1.61017,-0.21547,0.05077,-0.29232,-0.19611,-0.16918,0.63607,0.76257,0.59701,0.67632,0.91166,0.00854,0.00952,0.00985,0.00650,0.01587,-0.04426,-0.04232,-0.01320,-0.04096,-0.00920,0.05140,0.07260,0.06548,0.04820,0.07126,0.09564,0.15731,0.08658,0.08885,0.10265,0.06993,0.03143,-0.00600,0.10147,-0.04747,-0.10780,-0.17041,-0.13270,-0.09144,-0.10425,0.00170,0.00245,-0.00606,-0.00410,-0.01677
581,159,milk on pink plate,robot_3cam,"robot demo
milk on plate",True,0.32012,0.33109,0.36376,0.31773,0.31151,0.15476,0.22974,0.14492,0.16749,0.15372,0.09926,0.07395,0.10114,0.08598,0.09076,-2.33912,-2.62083,-2.29941,-2.26345,-2.18003,1.42167,1.49950,1.51627,1.67174,1.66259,-0.23056,0.01239,-0.33267,-0.20765,-0.17119,0.63607,0.75940,0.57399,0.66634,0.90470,0.00420,0.00893,0.00975,0.00741,0.01935,-0.04607,-0.04766,-0.01410,-0.04884,-0.01332,0.04804,0.07191,0.06762,0.04663,0.07536,0.08284,0.16831,0.09114,0.10783,0.11494,0.06404,0.03963,-0.00768,0.11401,-0.04390,-0.09846,-0.17654,-0.13605,-0.11061,-0.12016,0.00122,0.00152,-0.00654,-0.00763,-0.01775
581,160,milk on pink plate,robot_3cam,"robot demo
milk on plate",True,0.31839,0.33060,0.36610,0.32034,0.31467,0.14299,0.20372,0.13621,0.15528,0.14687,0.10597,0.08757,0.10481,0.09036,0.09578,-2.32957,-2.54818,-2.28647,-2.27317,-2.13519,1.43514,1.52747,1.53503,1.68359,1.65238,-0.24695,-0.05473,-0.34210,-0.19782,-0.18475,0.63607,0.74206,0.57709,0.70343,0.87305,-0.00019,0.00711,0.00915,0.00614,0.01669,-0.04895,-0.04966,-0.01312,-0.05274,-0.01419,0.04422,0.06831,0.06848,0.04309,0.07239,0.07222,0.17046,0.09206,0.11411,0.09748,0.06224,0.04183,-0.01229,0.12421,-0.04121,-0.09365,-0.17422,-0.13679,-0.11577,-0.11675,0.00146,-0.00050,-0.00842,-0.00429,-0.01636
581,161,milk on pink plate,robot_3cam,"robot demo
milk on plate",True,0.31606,0.33827,0.37032,0.31560,0.31736,0.13144,0.18634,0.12607,0.14385,0.13561,0.11161,0.07995,0.11567,0.09324,0.10655,-2.32056,-2.56971,-2.27420,-2.31444,-2.19065,1.44800,1.60068,1.55889,1.66929,1.63227,-0.25964,-0.02190,-0.35564,-0.17017,-0.19555,0.63607,0.78227,0.58039,0.67762,0.74839,-0.00203,0.00408,0.00605,0.00289,0.00989,-0.05256,-0.05033,-0.00987,-0.05146,-0.01593,0.04044,0.06504,0.06782,0.03755,0.06509,0.06989,0.17125,0.09301,0.12260,0.08234,0.06857,0.03919,-0.02528,0.11900,-0.03160,-0.09273,-0.17091,-0.13729,-0.10506,-0.10797,0.00106,-0.00272,-0.01268,-0.00244,-0.01250
581,162,milk on pink plate,robot_3cam,"robot demo
milk on plate",True,0.31290,0.34010,0.36928,0.30815,0.32446,0.11889,0.16842,0.11170,0.13669,0.11949,0.11626,0.08223,0.11615,0.09713,0.10737,-2.31716,-2.54947,-2.24231,-2.36653,-2.20463,1.46073,1.64588,1.57814,1.64431,1.62165,-0.27508,-0.03395,-0.37538,-0.16923,-0.21833,0.63607,0.79509,0.57626,0.66718,0.64674,-0.00298,0.00102,0.00524,0.00157,0.00600,-0.05803,-0.05138,-0.00871,-0.05366,-0.02315,0.03760,0.06059,0.06610,0.03032,0.05822,0.07307,0.17237,0.09057,0.11177,0.07924,0.07942,0.03813,-0.02861,0.12552,-0.00453,-0.09783,-0.16753,-0.13340,-0.08984,-0.11106,0.00089,-0.00468,-0.01423,-0.00395,-0.01358
581,163,milk on pink plate,robot_3cam,"robot demo
milk on plate",True,0.30975,0.33091,0.36278,0.32434,0.33127,0.10608,0.13719,0.09658,0.12703,0.08973,0.11962,0.09963,0.13269,0.10201,0.10640,-2.31261,-2.39588,-2.16607,-2.31455,-2.12391,1.47473,1.63370,1.56437,1.67747,1.65285,-0.28996,-0.16845,-0.44766,-0.21228,-0.27484,0.63607,0.73088,0.54042,0.65423,0.51249,-0.00317,-0.00067,0.00506,-0.00004,0.00800,-0.05627,-0.05070,-0.00880,-0.05752,-0.02475,0.03061,0.05504,0.06547,0.02702,0.06261,0.06446,0.16917,0.09052,0.09651,0.10425,0.06862,0.03675,-0.02929,0.13285,-0.02117,-0.09049,-0.16166,-0.13149,-0.08893,-0.13993,0.00073,-0.00522,-0.01450,-0.00552,-0.01923
581,164,milk on pink plate,robot_3cam,"robot demo
milk on plate",True,0.30685,0.33569,0.37034,0.33294,0.35511,0.09240,0.10693,0.07453,0.12012,0.06683,0.12128,0.10312,0.12593,0.12291,0.11598,-2.30654,-2.33693,-2.16531,-2.30583,-2.13145,1.49186,1.68552,1.63266,1.74400,1.62779,-0.30260,-0.20704,-0.42190,-0.22702,-0.33628,0.63607,0.72184,0.56345,0.61765,0.33497,-0.00191,-0.00277,0.00384,-0.00349,0.00665,-0.06122,-0.04937,-0.00689,-0.05781,-0.02382,0.02796,0.04974,0.06363,0.02254,0.05921,0.08182,0.16304,0.08716,0.07860,0.12055,0.08321,0.03412,-0.03561,0.12764,-0.02901,-0.09912,-0.15200,-0.12578,-0.08062,-0.14504,0.00057,-0.00662,-0.01714,-0.00041,-0.02206
581,165,milk on pink plate,robot_3cam,"robot demo
milk on plate",True,0.30431,0.33954,0.36605,0.33507,0.33936,0.07825,0.08086,0.06193,0.10814,0.05612,0.12241,0.10201,0.13172,0.15100,0.11890,-2.29662,-2.30486,-2.11929,-2.24856,-2.16103,1.50713,1.74636,1.63481,1.77709,1.64166,-0.31612,-0.21731,-0.45473,-0.23391,-0.31839,0.63607,0.73087,0.53535,0.71257,0.41345,-0.00205,-0.00509,0.00343,-0.00646,0.00705,-0.06443,-0.05151,-0.00582,-0.05961,-0.02920,0.02126,0.04353,0.05704,0.01679,0.04731,0.08273,0.16336,0.07753,0.07905,0.12860,0.08957,0.03769,-0.03286,0.11470,-0.00534,-0.09757,-0.14572,-0.11164,-0.06690,-0.13865,0.00024,-0.00746,-0.01623,0.00733,-0.01447
581,166,milk on pink plate,robot_3cam,"robot demo
milk on plate",True,0.30092,0.32958,0.35156,0.32474,0.33140,0.06485,0.04535,0.04853,0.08225,0.02152,0.12205,0.10849,0.13740,0.14610,0.11269,-2.28486,-2.17090,-2.01387,-2.16153,-2.10036,1.52630,1.77004,1.59628,1.80994,1.67732,-0.31458,-0.32175,-0.54609,-0.23790,-0.35995,0.63607,0.69169,0.47994,0.65004,0.38704,-0.00390,-0.00564,0.00378,-0.00744,0.00934,-0.06472,-0.05608,-0.00594,-0.06469,-0.02580,0.01469,0.03540,0.05120,0.01258,0.04555,0.08041,0.16472,0.06952,0.09333,0.12911,0.08822,0.04970,-0.02691,0.12635,-0.00913,-0.08643,-0.13914,-0.09977,-0.06790,-0.14149,0.00024,-0.00696,-0.01382,0.00361,-0.01986
581,167,milk on pink plate,robot_3cam,"robot demo
milk on plate",True,0.29777,0.32502,0.34755,0.31374,0.33298,0.05177,0.00500,0.02024,0.05498,-0.03137,0.12067,0.11066,0.13899,0.13468,0.11069,-2.27793,-2.05481,-1.94040,-2.13562,-2.00493,1.53930,1.82312,1.62394,1.82646,1.78172,-0.31661,-0.40130,-0.58341,-0.25939,-0.41434,0.63607,0.66252,0.45920,0.62335,0.24463,-0.00604,-0.00584,0.00111,-0.00770,0.00793,-0.06455,-0.05967,-0.00454,-0.06679,-0.01521,0.00518,0.02521,0.04456,0.00638,0.04355,0.07146,0.16000,0.06407,0.12315,0.12105,0.09296,0.06300,-0.03164,0.10637,-0.04700,-0.06653,-0.12547,-0.08925,-0.06429,-0.12776,0.00032,-0.00624,-0.01408,-0.00028,-0.02011
581,168,milk on pink plate,robot_3cam,"robot demo
milk on plate",True,0.29501,0.32562,0.34740,0.30199,0.34537,0.03805,-0.02447,-0.00503,0.03948,-0.06629,0.11734,0.11160,0.12989,0.13215,0.11527,-2.27174,-2.00016,-1.90521,-2.23022,-1.88587,1.56067,1.88478,1.67025,1.78572,1.90353,-0.32053,-0.42647,-0.57619,-0.27827,-0.55691,0.63607,0.66362,0.46120,0.55336,0.24091,-0.00930,-0.00918,-0.00340,-0.00974,0.00216,-0.06380,-0.06166,-0.00159,-0.06831,-0.00930,-0.00278,0.01584,0.03607,0.00031,0.03121,0.06129,0.15874,0.05764,0.12518,0.09662,0.09985,0.06680,-0.04140,0.11016,-0.05151,-0.04470,-0.11595,-0.07797,-0.05642,-0.08834,0.00041,-0.00675,-0.01530,-0.00040,-0.01679
581,169,milk on pink plate,robot_3cam,"robot demo
milk on plate",True,0.29229,0.32183,0.33060,0.32087,0.30066,0.02554,-0.04599,-0.01016,0.01457,-0.06961,0.11281,0.10825,0.12975,0.12368,0.08364,-2.27385,-1.92987,-1.82308,-2.23820,-1.99462,1.58082,1.89566,1.62019,1.86031,1.99531,-0.32508,-0.46833,-0.64912,-0.31621,-0.44040,0.63607,0.64050,0.40803,0.48614,0.44251,-0.01258,-0.01351,-0.00437,-0.01451,0.00092,-0.05991,-0.06114,-0.00058,-0.06368,-0.02386,-0.01183,0.00690,0.02601,-0.00562,0.01611,0.04493,0.15687,0.04510,0.08125,0.09641,0.09890,0.06314,-0.03572,0.12972,-0.01126,-0.01360,-0.10864,-0.06126,-0.02679,-0.06355,0.00041,-0.00639,-0.01293,-0.00348,-0.03561
581,170,milk on pink plate,robot_3cam,"robot demo
milk on plate",True,0.28932,0.31254,0.32188,0.31451,0.27556,0.01625,-0.05847,-0.03382,-0.00697,-0.05115,0.10779,0.11094,0.13573,0.11456,0.09621,-2.27336,-1.83858,-1.74063,-2.20989,-1.85380,1.59783,1.86393,1.62384,1.89023,2.07833,-0.31689,-0.54608,-0.69769,-0.30990,-0.42217,0.63607,0.58057,0.36218,0.49729,0.68724,-0.01451,-0.01473,-0.00688,-0.01746,-0.01325,-0.05245,-0.05765,0.00096,-0.05906,-0.05130,-0.01961,-0.00331,0.01341,-0.01412,-0.01081,0.02700,0.14097,0.03119,0.05729,0.03504,0.08732,0.06320,-0.03399,0.12186,0.10132,0.01559,-0.09043,-0.03932,-0.00635,-0.00755,0.00041,-0.00507,-0.01077,-0.00145,-0.01643
581,171,milk on pink plate,robot_3cam,"robot demo
milk on plate",True,0.28703,0.31650,0.32259,0.33688,0.31693,0.00816,-0.05672,-0.05486,-0.01932,-0.04238,0.10199,0.09952,0.13922,0.10599,0.12099,-2.27477,-1.88366,-1.72798,-2.22260,-1.58875,1.61180,1.88118,1.67206,1.92145,2.05228,-0.30791,-0.49806,-0.67707,-0.37961,-0.50327,0.63607,0.57591,0.33041,0.38964,0.43599,-0.01522,-0.01595,-0.00790,-0.01633,-0.01589,-0.04355,-0.05439,0.00368,-0.05008,-0.04599,-0.02515,-0.01697,-0.00712,-0.02223,-0.02771,0.01260,0.11798,0.00062,0.03812,0.02997,0.07158,0.06888,-0.02288,0.09233,0.09332,0.03981,-0.06208,0.00410,0.01500,0.02562,0.00041,-0.00362,-0.00772,-0.00101,0.01119
581,172,milk on pink plate,robot_3cam,"robot demo
milk on plate",True,0.28519,0.31893,0.32252,0.36246,0.29884,0.00190,-0.05946,-0.04249,-0.03053,-0.10906,0.09728,0.09663,0.13246,0.09774,0.08798,-2.27201,-1.87362,-1.79289,-2.20060,-1.55164,1.62519,1.87880,1.68009,1.97925,2.19109,-0.29871,-0.50351,-0.62490,-0.40963,-0.50037,0.63607,0.54216,0.31785,0.23630,0.39636,-0.01409,-0.01534,-0.00504,-0.01076,-0.00716,-0.03388,-0.04670,0.00586,-0.03966,-0.01425,-0.02874,-0.02632,-0.02346,-0.02645,-0.02778,0.00360,0.08861,-0.03180,0.02407,-0.00915,0.05107,0.06681,-0.00255,0.06545,0.02166,0.05516,-0.03347,0.04382,0.02025,0.03312,0.00024,-0.00238,-0.00514,-0.00372,-0.00047
581,173,milk on pink plate,robot_3cam,"robot demo
milk on plate",True,0.28376,0.31628,0.31829,0.36099,0.27512,-0.00315,-0.04974,-0.02979,-0.03678,-0.12196,0.09182,0.10039,0.12965,0.08443,0.06918,-2.27675,-1.85694,-1.81670,-2.11308,-1.66232,1.63589,1.82474,1.65787,2.07074,2.16154,-0.29221,-0.53108,-0.61559,-0.34981,-0.41448,0.63607,0.48432,0.29972,0.19108,0.50622,-0.01138,-0.01399,-0.00220,-0.00783,-0.00384,-0.02636,-0.03877,0.00580,-0.03226,-0.00729,-0.02890,-0.03429,-0.03096,-0.03120,-0.02929,0.00032,0.05995,-0.04827,-0.00293,-0.02187,0.03162,0.06497,0.01290,0.04559,0.01914,0.05762,-0.00756,0.06329,0.02467,0.04394,0.00016,-0.00063,-0.00241,-0.00441,0.00464
581,174,milk on pink plate,robot_3cam,"robot demo
milk on plate",True,0.28450,0.31664,0.31880,0.36099,0.27242,-0.00574,-0.04025,-0.02421,-0.05858,-0.10133,0.08797,0.10388,0.12161,0.06571,0.06087,-2.27436,-1.85315,-1.84829,-2.01985,-1.73601,1.64198,1.78453,1.66183,2.14308,2.05494,-0.28834,-0.54963,-0.58314,-0.27061,-0.32670,0.63607,0.43126,0.30813,0.34654,0.58466,-0.00703,-0.01034,-0.00213,-0.00406,-0.00346,-0.01709,-0.03054,0.00588,-0.02393,-0.00585,-0.02816,-0.04096,-0.03422,-0.03665,-0.02983,-0.00735,0.02653,-0.05319,0.00814,-0.03447,0.00151,0.06697,0.01645,0.00770,0.02224,0.05094,0.02202,0.06902,0.03917,0.04784,0.00008,0.00117,-0.00154,-0.00386,0.00573
581,175,milk on pink plate,robot_3cam,"robot demo
milk on plate",True,0.28487,0.32078,0.32531,0.37468,0.28163,-0.00566,-0.03313,-0.01726,-0.05139,-0.04399,0.08335,0.09132,0.10624,0.06459,0.07280,-2.27460,-1.87562,-1.89772,-2.06728,-2.09189,1.64152,1.77777,1.68797,1.97858,1.79615,-0.27362,-0.52695,-0.54001,-0.28855,-0.30535,0.63607,0.42446,0.33774,0.45513,0.80773,-0.00133,-0.00665,0.00104,-0.00148,-0.00003,-0.00995,-0.02409,0.00571,-0.01786,-0.00341,-0.02493,-0.03906,-0.03211,-0.03421,-0.02322,-0.00633,0.00792,-0.05748,0.00691,-0.02941,-0.02198,0.06274,0.02281,0.00850,0.00705,0.03583,0.03393,0.07191,0.03509,0.03781,0.00000,0.00248,-0.00202,-0.00338,0.00210
581,176,milk on pink plate,robot_3cam,"robot demo
milk on plate",True,0.28613,0.32590,0.32300,0.37225,0.28024,-0.00615,-0.03199,-0.01033,-0.05928,-0.00649,0.07853,0.08692,0.10304,0.05020,0.07327,-2.27571,-1.87533,-1.89882,-2.06621,-2.21009,1.64254,1.77727,1.67252,1.89679,1.61740,-0.26533,-0.52711,-0.54900,-0.30497,-0.28802,0.63607,0.41043,0.33097,0.49763,0.89902,0.00374,-0.00397,0.00303,-0.00015,0.00193,-0.00686,-0.01538,0.00560,-0.01022,-0.00373,-0.02342,-0.03727,-0.03281,-0.03163,-0.02138,-0.00513,-0.01374,-0.06258,-0.00368,-0.02209,-0.02854,0.05278,0.02921,0.01043,0.00561,0.02072,0.04777,0.07690,0.03305,0.02868,0.00000,0.00264,-0.00129,-0.00507,-0.00165
581,177,milk on pink plate,robot_3cam,"robot demo
milk on plate",True,0.28726,0.32689,0.32423,0.38201,0.28986,-0.00648,-0.01682,-0.00401,-0.04619,0.00971,0.07363,0.08419,0.10236,0.04200,0.07707,-2.27739,-1.89352,-1.91971,-2.10904,-2.27422,1.64442,1.73907,1.67045,1.94210,1.55808,-0.25744,-0.52117,-0.53553,-0.25979,-0.29493,0.63607,0.38691,0.33071,0.60583,0.95360,0.00813,-0.00073,0.00466,0.00116,0.00315,-0.00316,-0.00868,0.00529,-0.00470,-0.00323,-0.02130,-0.03591,-0.03391,-0.02810,-0.02190,-0.00236,-0.03225,-0.06725,-0.01467,-0.02125,-0.03553,0.04827,0.03526,0.00873,0.00772,0.00948,0.05930,0.08218,0.02890,0.02793,0.00000,0.00388,-0.00028,-0.00612,-0.00351
581,178,milk on pink plate,robot_3cam,"robot demo
milk on plate",True,0.28846,0.32989,0.32808,0.39174,0.30777,-0.00667,-0.01993,-0.00090,-0.05951,0.00328,0.06757,0.07880,0.09501,0.04044,0.07769,-2.28024,-1.88525,-1.95525,-2.08414,-2.25098,1.64785,1.74577,1.68796,1.96700,1.62600,-0.24807,-0.52753,-0.50168,-0.27230,-0.33803,0.63607,0.37984,0.34892,0.56198,0.89682,0.01113,0.00352,0.00659,0.00446,0.00404,-0.00130,-0.00607,0.00431,-0.00298,-0.00229,-0.02168,-0.03224,-0.03250,-0.02521,-0.02164,-0.00406,-0.04208,-0.06847,-0.02069,-0.01889,-0.03470,0.04964,0.04032,0.01296,0.00817,0.00438,0.06453,0.08275,0.02916,0.02924,0.00000,0.00455,0.00004,-0.00802,-0.00223
581,179,milk on pink plate,robot_3cam,"robot demo
milk on plate",True,0.29153,0.33265,0.32717,0.39349,0.31704,-0.00596,-0.02388,0.00334,-0.06663,0.01053,0.06287,0.07813,0.09285,0.04000,0.07515,-2.28044,-1.86895,-1.96154,-2.10648,-2.23985,1.64492,1.74800,1.68196,1.97587,1.60305,-0.24587,-0.54186,-0.50108,-0.30149,-0.36839,0.63607,0.36633,0.34302,0.61054,0.79212,0.01288,0.00630,0.00965,0.00618,0.00597,-0.00039,-0.00266,0.00299,-0.00125,-0.00048,-0.02195,-0.03019,-0.03289,-0.02287,-0.02071,-0.00242,-0.05234,-0.07382,-0.02033,-0.01601,-0.02723,0.04813,0.05065,0.01170,0.00543,0.00459,0.07081,0.08876,0.02941,0.03049,0.00000,0.00491,0.00187,-0.00721,-0.00172
581,180,milk on pink plate,robot_3cam,"robot demo
milk on plate",True,0.29328,0.33014,0.32075,0.39144,0.30589,-0.00533,-0.02462,0.00270,-0.06606,-0.00386,0.05685,0.08883,0.09288,0.03596,0.06848,-2.28620,-1.83664,-1.93950,-2.12220,-2.10009,1.64541,1.72411,1.66048,2.04325,1.62984,-0.23392,-0.58280,-0.51517,-0.29276,-0.34093,0.63607,0.33065,0.32335,0.59758,0.66496,0.01295,0.00764,0.01002,0.00642,0.00588,-0.00009,-0.00085,0.00120,0.00007,-0.00024,-0.02474,-0.03333,-0.03572,-0.02506,-0.02511,-0.00324,-0.06283,-0.07569,-0.02885,-0.01115,-0.01414,0.05156,0.05715,0.01567,0.00736,0.01467,0.08108,0.09230,0.03915,0.04204,-0.00008,0.00528,0.00488,-0.00729,-0.00239
581,181,milk on pink plate,robot_3cam,"robot demo
milk on plate",True,0.29569,0.33013,0.32141,0.38124,0.31461,-0.00432,-0.02239,0.00541,-0.05808,-0.00418,0.05140,0.09049,0.08895,0.04475,0.06917,-2.28876,-1.83443,-1.95010,-2.17478,-2.04312,1.64542,1.71731,1.66132,1.98690,1.63699,-0.22653,-0.58899,-0.50509,-0.31408,-0.39684,0.63607,0.32008,0.32865,0.56792,0.50444,0.01175,0.01012,0.01100,0.00800,0.00585,0.00028,-0.00036,0.00044,0.00015,0.00043,-0.02715,-0.03278,-0.03477,-0.02449,-0.02506,-0.00686,-0.06833,-0.07548,-0.03253,-0.01199,-0.00459,0.05603,0.06003,0.01609,0.00633,0.02773,0.08534,0.09161,0.04020,0.04539,-0.00016,0.00602,0.00554,-0.00329,-0.00006
581,182,milk on pink plate,robot_3cam,"robot demo
milk on plate",True,0.29821,0.32847,0.32231,0.36996,0.30990,-0.00406,-0.02612,-0.00238,-0.07038,-0.03270,0.04554,0.09408,0.08800,0.04272,0.05814,-2.29233,-1.82448,-1.94070,-2.18204,-1.90393,1.64653,1.72250,1.67518,2.00765,1.76350,-0.22100,-0.59945,-0.49992,-0.27567,-0.37465,0.63607,0.32046,0.33142,0.53085,0.38335,0.01019,0.00954,0.01051,0.00857,0.00527,-0.00005,-0.00286,-0.00050,-0.00123,0.00053,-0.02989,-0.03414,-0.03430,-0.02568,-0.02719,-0.01225,-0.06397,-0.07248,-0.02860,-0.01608,0.00558,0.06016,0.05912,0.01793,0.01067,0.03786,0.08371,0.08931,0.04226,0.05600,-0.00024,0.00573,0.00626,-0.00481,0.00152
581,183,milk on pink plate,robot_3cam,"robot demo
milk on plate",True,0.29985,0.32402,0.32653,0.36102,0.33075,-0.00412,-0.02081,-0.00402,-0.06269,-0.04001,0.03940,0.09440,0.08133,0.03784,0.05754,-2.29584,-1.81973,-1.96905,-2.15932,-1.85508,1.65081,1.70234,1.69893,2.00694,1.80624,-0.21206,-0.60317,-0.45859,-0.26804,-0.40283,0.63443,0.31350,0.34655,0.50258,0.29629,0.00916,0.00845,0.01018,0.00718,0.00508,0.00039,-0.00354,-0.00109,-0.00127,0.00056,-0.03162,-0.03592,-0.03577,-0.02726,-0.02976,-0.01443,-0.06148,-0.07321,-0.03047,-0.01777,0.01005,0.06041,0.06032,0.01905,0.00981,0.04509,0.08238,0.09124,0.04277,0.06315,-0.00032,0.00640,0.00741,-0.00309,0.00313
581,184,milk on pink plate,robot_3cam,"robot demo
milk on plate",True,0.30128,0.31394,0.32901,0.33088,0.34746,-0.00293,-0.01503,-0.00868,-0.05679,-0.05060,0.03283,0.10288,0.07037,0.02906,0.04841,-2.30147,-1.77102,-1.98824,-2.10174,-1.83141,1.65114,1.64363,1.72203,1.94214,1.93909,-0.19943,-0.65880,-0.41763,-0.21380,-0.41095,0.63443,0.27202,0.36736,0.50855,0.30352,0.00751,0.00818,0.00789,0.00588,0.00404,0.00114,-0.00343,-0.00161,-0.00098,-0.00107,-0.03235,-0.03786,-0.03661,-0.02897,-0.03413,-0.01783,-0.06176,-0.06884,-0.03189,-0.02264,0.01016,0.06111,0.05568,0.01869,0.01437,0.05075,0.08244,0.08708,0.04990,0.07165,-0.00049,0.00725,0.00796,-0.00272,0.00119
581,185,milk on pink plate,robot_3cam,"robot demo
milk on plate",True,0.30202,0.31110,0.33557,0.32910,0.36328,-0.00211,-0.01206,-0.00375,-0.03722,-0.03339,0.02577,0.09743,0.06138,0.02312,0.04695,-2.30513,-1.78198,-2.03236,-2.04635,-2.01465,1.65567,1.64600,1.74318,1.92135,1.91118,-0.18492,-0.64366,-0.36997,-0.21372,-0.40627,0.63443,0.28892,0.39538,0.52458,0.47635,0.00602,0.00586,0.00629,0.00419,0.00234,0.00140,-0.00443,-0.00049,-0.00151,0.00011,-0.03353,-0.03836,-0.03595,-0.02902,-0.03259,-0.01999,-0.05523,-0.06629,-0.02529,-0.03294,0.01277,0.05775,0.04953,0.02190,0.01791,0.05712,0.07707,0.08343,0.03881,0.07163,-0.00049,0.00691,0.00691,-0.00169,0.00125
581,186,milk on pink plate,robot_3cam,"robot demo
milk on plate",True,0.30341,0.30958,0.33579,0.34070,0.36178,-0.00136,-0.00796,-0.00056,-0.03130,-0.02313,0.01930,0.10197,0.06008,0.01313,0.03898,-2.30977,-1.78684,-2.04313,-2.07999,-2.05368,1.65473,1.63111,1.73927,1.91213,1.95476,-0.17672,-0.64337,-0.35407,-0.18724,-0.34717,0.63443,0.28298,0.39592,0.51601,0.62459,0.00565,0.00319,0.00425,0.00138,0.00135,0.00179,-0.00403,0.00027,-0.00133,0.00005,-0.03297,-0.04183,-0.03861,-0.03230,-0.03421,-0.02040,-0.05477,-0.06644,-0.03125,-0.03346,0.00939,0.05482,0.04612,0.02374,0.01786,0.05279,0.07850,0.08442,0.04516,0.06793,-0.00170,0.00659,0.00752,-0.00143,-0.00703
581,187,milk on pink plate,robot_3cam,"robot demo
milk on plate",True,0.30409,0.30726,0.33858,0.33676,0.38216,-0.00098,-0.00658,0.00228,-0.02000,-0.01197,0.01235,0.10154,0.04868,0.01253,0.03357,-2.31242,-1.76928,-2.06950,-2.05458,-2.02770,1.65799,1.61361,1.75204,1.85569,1.97345,-0.16664,-0.65911,-0.32006,-0.19670,-0.38197,0.63443,0.26189,0.41447,0.47275,0.73863,0.00474,0.00515,0.00395,0.00238,0.00126,0.00226,-0.00309,0.00021,-0.00091,0.00172,-0.03305,-0.04303,-0.03846,-0.03244,-0.03298,-0.02196,-0.06140,-0.06565,-0.03868,-0.03289,0.00895,0.05860,0.04542,0.02755,0.01422,0.05411,0.08435,0.08307,0.04443,0.06569,-0.00958,0.00798,0.00789,-0.00094,-0.00925
581,188,milk on pink plate,robot_3cam,"robot demo
milk on plate",True,0.30473,0.30737,0.33890,0.32432,0.38655,-0.00013,-0.00270,0.00210,-0.00804,-0.00650,0.00583,0.10242,0.04352,0.00675,0.02746,-2.31573,-1.76355,-2.07210,-2.05632,-2.02743,1.65877,1.59352,1.75462,1.79839,1.98962,-0.15812,-0.66988,-0.31031,-0.19393,-0.38111,0.63443,0.24293,0.42276,0.45863,0.79425,0.00266,0.00610,0.00233,0.00198,0.00060,0.00190,0.00079,0.00060,0.00104,0.00281,-0.03258,-0.04348,-0.03831,-0.03281,-0.03239,-0.02321,-0.07178,-0.06240,-0.05091,-0.03302,0.01293,0.05492,0.04059,0.03044,0.00983,0.05737,0.09163,0.07920,0.04911,0.06216,-0.02321,0.00831,0.00757,-0.00190,-0.01049
581,189,milk on pink plate,robot_3cam,"robot demo
milk on plate",True,0.30442,0.31150,0.33791,0.34047,0.37273,0.00038,-0.00037,0.00768,-0.00981,0.00581,-0.00078,0.09905,0.04723,0.00313,0.02578,-2.31705,-1.78800,-2.06620,-2.10021,-2.09071,1.66377,1.60266,1.73587,1.88742,1.99680,-0.14772,-0.64355,-0.32431,-0.19755,-0.38116,0.63279,0.26270,0.41985,0.58742,0.74182,0.00111,0.00369,0.00036,0.00034,-0.00082,0.00203,0.00334,0.00200,0.00229,0.00324,-0.03213,-0.04095,-0.03729,-0.03139,-0.02980,-0.02462,-0.06898,-0.05840,-0.05197,-0.03256,0.01464,0.04296,0.03312,0.02468,0.00670,0.06131,0.08636,0.07369,0.04878,0.05426,-0.03888,0.00714,0.00630,-0.00315,-0.01002
581,190,milk on pink plate,robot_3cam,"robot demo
milk on plate",True,0.30465,0.31695,0.33691,0.35650,0.36261,0.00053,0.00394,0.00238,-0.00428,0.01180,-0.00658,0.09288,0.05051,0.00507,0.02305,-2.31947,-1.82293,-2.03675,-2.14637,-2.10324,1.66664,1.61172,1.73440,1.92932,1.92667,-0.14256,-0.61139,-0.34957,-0.20444,-0.33919,0.61475,0.28227,0.40840,0.60474,0.76664,-0.00082,0.00346,0.00097,-0.00020,-0.00009,0.00287,0.00596,0.00189,0.00404,0.00176,-0.03004,-0.03707,-0.03689,-0.02806,-0.02832,-0.02628,-0.06964,-0.05890,-0.04896,-0.02561,0.01259,0.03460,0.03403,0.01373,0.00720,0.06279,0.08332,0.07499,0.04757,0.04790,-0.05365,0.00633,0.00669,-0.01167,-0.01320
581,191,milk on pink plate,robot_3cam,"robot demo
milk on plate",True,0.30361,0.31609,0.33686,0.36735,0.36518,0.00037,-0.00218,-0.00745,-0.01040,0.00036,-0.01184,0.08149,0.04820,-0.01077,0.01739,-2.32176,-1.81484,-2.00849,-2.12856,-2.12975,1.67264,1.62979,1.74531,2.08921,1.89852,-0.13393,-0.60458,-0.36702,-0.18694,-0.36656,0.55738,0.30507,0.41488,0.51748,0.76776,-0.00271,0.00250,0.00010,-0.00124,-0.00074,0.00294,0.00469,0.00192,0.00297,0.00154,-0.02794,-0.03313,-0.03313,-0.02432,-0.02563,-0.02594,-0.05939,-0.05188,-0.04046,-0.02138,0.01382,0.02952,0.02740,0.01644,0.00685,0.06487,0.07212,0.06643,0.03798,0.04415,-0.06323,0.00593,0.00519,-0.01858,-0.00765
581,192,milk on pink plate,robot_3cam,"robot demo
milk on plate",True,0.30285,0.31729,0.33197,0.37938,0.35065,0.00064,-0.00391,-0.01542,-0.01241,-0.00909,-0.01632,0.07812,0.05532,-0.02301,0.00958,-2.32474,-1.80763,-1.95231,-2.07623,-2.09541,1.67616,1.62741,1.72845,2.17457,1.78700,-0.12689,-0.60548,-0.41809,-0.20646,-0.33471,0.51639,0.31322,0.39703,0.50169,0.78174,-0.00436,-0.00000,-0.00184,-0.00367,-0.00098,0.00255,0.00740,0.00258,0.00445,0.00075,-0.02454,-0.02952,-0.03189,-0.02086,-0.02367,-0.02419,-0.05454,-0.04646,-0.03398,-0.01446,0.01501,0.01535,0.01988,0.01067,0.00651,0.06312,0.06384,0.06055,0.03914,0.03337,-0.06574,0.00479,0.00417,-0.03004,-0.01302
581,193,milk on pink plate,robot_3cam,"robot demo
milk on plate",True,0.30164,0.31985,0.32763,0.38978,0.33440,0.00188,-0.00427,-0.01994,-0.00412,-0.01765,-0.02008,0.06848,0.05936,-0.01895,0.00031,-2.33022,-1.84155,-1.91220,-2.13865,-2.08912,1.67603,1.65655,1.71231,2.11516,1.76237,-0.11924,-0.56499,-0.45480,-0.24462,-0.30518,0.51475,0.35187,0.38405,0.55944,0.73025,-0.00505,-0.00188,-0.00342,-0.00455,-0.00165,0.00310,0.00547,0.00299,0.00313,-0.00054,-0.02112,-0.02719,-0.03112,-0.01912,-0.02229,-0.02443,-0.04424,-0.04223,-0.03033,-0.00585,0.01206,0.01184,0.01436,0.01273,0.00521,0.06079,0.05444,0.05578,0.03408,0.02375,-0.06290,0.00392,0.00355,-0.03593,-0.01595
581,194,milk on pink plate,robot_3cam,"robot demo
milk on plate",True,0.30171,0.32401,0.33146,0.36511,0.33997,0.00251,-0.00622,-0.02941,0.00664,-0.04364,-0.02249,0.05817,0.05484,-0.03334,-0.00364,-2.33228,-1.86020,-1.90221,-2.07473,-1.64382,1.67508,1.67723,1.73836,2.02533,1.74473,-0.11950,-0.54147,-0.45442,-0.18202,-0.34299,0.51475,0.37278,0.40232,0.50978,0.56157,-0.00446,-0.00067,-0.00324,-0.00313,-0.00244,0.00294,0.00611,0.00249,0.00321,-0.00036,-0.01715,-0.02280,-0.02563,-0.01493,-0.01931,-0.02209,-0.04301,-0.03458,-0.02981,-0.00142,0.00842,0.00888,0.00938,0.01146,0.00079,0.05116,0.05045,0.04616,0.02840,0.02315,-0.06339,0.00366,0.00197,-0.03571,-0.00580
581,195,milk on pink plate,robot_3cam,"robot demo
milk on plate",True,0.30126,0.32089,0.33002,0.34323,0.33546,0.00302,-0.00226,-0.03341,0.01589,-0.04663,-0.02391,0.05453,0.05500,-0.04300,-0.00918,-2.33407,-1.84609,-1.87596,-2.12540,-1.64382,1.67392,1.65168,1.73298,1.96951,1.78575,-0.11730,-0.55397,-0.47987,-0.14274,-0.32459,0.51475,0.36580,0.40700,0.42189,0.51891,-0.00326,-0.00030,-0.00478,-0.00312,-0.00352,0.00222,0.00675,0.00306,0.00365,0.00160,-0.01296,-0.01903,-0.02093,-0.01139,-0.01424,-0.01624,-0.03893,-0.02537,-0.02398,0.00186,0.00636,0.00435,-0.00009,0.00533,-0.00470,0.03966,0.04324,0.03404,0.02459,0.01709,-0.08352,0.00407,-0.00031,-0.01442,-0.01172
581,196,milk on pink plate,robot_3cam,"robot demo
milk on plate",True,0.30140,0.32371,0.33194,0.31850,0.32403,0.00364,-0.00102,-0.03347,0.03381,-0.03845,-0.02509,0.05295,0.05261,-0.04394,-0.01477,-2.33801,-1.84450,-1.87906,-2.10538,-1.80115,1.67186,1.64664,1.73914,1.91377,1.78239,-0.11597,-0.55635,-0.47881,-0.12348,-0.29203,0.51148,0.36565,0.41702,0.36790,0.50070,-0.00243,0.00103,-0.00408,-0.00297,-0.00328,0.00170,0.00988,0.00282,0.00428,0.00293,-0.00980,-0.01349,-0.01738,-0.00804,-0.01164,-0.01291,-0.04088,-0.02173,-0.01498,0.00290,0.00566,-0.00332,-0.00145,-0.00435,-0.00747,0.03179,0.03972,0.02867,0.02114,0.01737,-0.11753,0.00371,-0.00117,-0.02378,-0.03254
581,197,milk on pink plate,robot_3cam,"robot demo
milk on plate",True,0.30064,0.32829,0.33711,0.32940,0.34651,0.00372,-0.00206,-0.04648,0.05323,-0.07964,-0.02680,0.03974,0.05090,-0.04179,-0.00436,-2.34021,-1.88882,-1.87312,-2.15124,-1.75386,1.67448,1.68765,1.77622,1.95677,1.97627,-0.10838,-0.50592,-0.46960,-0.11965,-0.34725,0.46393,0.40747,0.43112,0.45438,0.34190,-0.00167,0.00257,-0.00318,-0.00138,-0.00302,0.00160,0.00639,0.00188,0.00189,0.00204,-0.00708,-0.00972,-0.01397,-0.00643,-0.01087,-0.01078,-0.03310,-0.01799,-0.01226,-0.00044,0.00312,0.00208,-0.00228,-0.00294,-0.00250,0.02481,0.03274,0.02501,0.00992,0.02079,-0.17126,0.00378,-0.00166,-0.00007,-0.02373
581,198,milk on pink plate,robot_3cam,"robot demo
milk on plate",True,0.30025,0.32729,0.33929,0.33493,0.35503,0.00377,-0.00983,-0.04390,0.05004,-0.05279,-0.02766,0.03574,0.04474,-0.03999,-0.00308,-2.34130,-1.86781,-1.88682,-2.02050,-2.08325,1.67579,1.69830,1.78487,1.86434,1.99539,-0.10458,-0.51828,-0.46148,-0.13238,-0.34937,0.36721,0.40854,0.44133,0.43009,0.49067,-0.00098,0.00395,-0.00053,-0.00025,-0.00114,0.00089,0.00393,0.00125,0.00038,0.00450,-0.00538,-0.00816,-0.01153,-0.00550,-0.00713,-0.00674,-0.02854,-0.01971,-0.00715,-0.00488,0.00322,0.00695,0.00303,0.00206,-0.00705,0.01810,0.02899,0.02567,0.00430,0.01564,-0.21598,0.00424,-0.00174,0.02235,-0.02642
581,199,milk on pink plate,robot_3cam,"robot demo
milk on plate",True,0.29906,0.32570,0.33679,0.33798,0.33698,0.00389,-0.01626,-0.04331,0.03381,-0.04338,-0.02932,0.03505,0.04418,-0.02981,-0.01058,-2.34215,-1.85344,-1.87582,-1.97365,-2.11413,1.68016,1.71218,1.77669,1.76979,2.05190,-0.09668,-0.52798,-0.47832,-0.15576,-0.30261,0.23934,0.41338,0.43377,0.42498,0.48857,-0.00110,0.00472,0.00167,0.00073,0.00032,0.00032,0.00067,0.00049,-0.00065,0.00493,-0.00445,-0.00787,-0.01094,-0.00552,-0.00531,-0.00444,-0.02318,-0.02261,-0.00208,-0.00226,0.00539,0.01339,0.00919,0.00136,-0.01080,0.01640,0.02584,0.02843,0.00252,0.01303,-0.24569,0.00434,-0.00126,-0.00633,-0.03633
581,200,milk on pink plate,robot_3cam,"robot demo
milk on plate",True,0.29852,0.32753,0.33826,0.33934,0.33150,0.00395,-0.01876,-0.04511,0.04054,-0.04114,-0.02993,0.03398,0.04254,-0.03609,-0.01305,-2.34377,-1.85991,-1.87717,-1.99561,-2.06786,1.68211,1.72773,1.78290,1.78070,2.01836,-0.09097,-0.51770,-0.47560,-0.14449,-0.28638,0.12131,0.43219,0.44641,0.37323,0.44531,-0.00154,0.00312,0.00131,0.00106,-0.00017,0.00018,0.00039,-0.00005,-0.00150,0.00396,-0.00328,-0.00520,-0.00661,-0.00490,-0.00408,-0.00406,-0.01606,-0.01515,-0.00367,0.00387,0.00574,0.00755,0.00479,0.00513,-0.01589,0.01510,0.01812,0.01868,-0.00020,0.01172,-0.25388,0.00326,-0.00236,0.00861,-0.00423
581,201,milk on pink plate,robot_3cam,"robot demo
milk on plate",True,0.29875,0.32160,0.33818,0.35794,0.32807,0.00393,-0.02105,-0.04602,0.01165,-0.04409,-0.02961,0.03787,0.04474,-0.04049,-0.01122,-2.34377,-1.81701,-1.86804,-1.90958,-2.02705,1.68211,1.70014,1.77896,1.74187,1.99737,-0.09097,-0.55422,-0.48337,-0.13164,-0.28007,0.04918,0.41743,0.44638,0.38398,0.40524,-0.00206,0.00127,0.00040,0.00082,-0.00053,0.00024,-0.00133,-0.00003,-0.00152,0.00262,-0.00231,-0.00363,-0.00485,-0.00387,-0.00411,-0.00438,-0.00461,-0.01061,0.00379,0.01314,0.00530,0.00381,0.00077,0.00113,-0.01896,0.01503,0.00699,0.01329,0.00553,0.00790,-0.24065,0.00336,-0.00274,0.01468,-0.00456
581,202,milk on pink plate,robot_3cam,"robot demo
milk on plate",True,0.29877,0.32037,0.33674,0.35611,0.31389,0.00347,-0.02281,-0.03878,0.00509,-0.00945,-0.02884,0.04264,0.04478,-0.04956,-0.01440,-2.34198,-1.79734,-1.86447,-1.99333,-2.22657,1.68328,1.69284,1.75630,1.85048,1.88934,-0.09316,-0.57227,-0.49596,-0.12602,-0.22299,0.05082,0.42153,0.45286,0.42987,0.41060,-0.00270,-0.00136,-0.00152,0.00035,-0.00053,0.00039,-0.00040,0.00043,-0.00198,0.00287,-0.00128,0.00020,-0.00015,-0.00218,-0.00027,-0.00475,0.00448,-0.00027,0.01691,0.02431,0.00495,-0.00764,-0.00853,-0.00345,-0.01854,0.01621,-0.00438,-0.00090,0.00800,-0.00332,-0.20616,0.00186,-0.00439,-0.01919,-0.04085
581,203,milk on pink plate,robot_3cam,"robot demo
milk on plate",True,0.29904,0.32329,0.34064,0.36168,0.32425,0.00298,-0.01987,-0.03448,0.01019,-0.00671,-0.02696,0.04662,0.04155,-0.04941,-0.01257,-2.33964,-1.81112,-1.89081,-2.08661,-2.20599,1.68380,1.69194,1.76263,1.93873,1.87203,-0.09726,-0.56452,-0.47082,-0.15898,-0.22646,0.05082,0.43385,0.47683,0.45532,0.27096,-0.00419,-0.00331,-0.00433,-0.00046,-0.00280,0.00056,0.00134,0.00137,-0.00220,0.00435,-0.00001,0.00409,0.00332,-0.00045,0.00308,-0.00580,0.00954,0.00929,0.01000,0.01355,0.00625,-0.01827,-0.02004,0.00723,-0.01165,0.02000,-0.01223,-0.01346,0.01260,0.00745,-0.17231,0.00022,-0.00657,-0.07078,-0.10384
581,204,milk on pink plate,robot_3cam,"robot demo
milk on plate",True,0.30048,0.32400,0.34574,0.36607,0.34241,0.00282,-0.01249,-0.03035,0.02291,-0.00666,-0.02276,0.04600,0.03513,-0.04745,-0.00729,-2.33639,-1.83347,-1.93096,-2.12804,-2.22434,1.67989,1.68263,1.77992,1.95205,1.92000,-0.10868,-0.54835,-0.43206,-0.15856,-0.25509,0.05082,0.43915,0.50378,0.49499,0.26164,-0.00687,-0.00365,-0.00560,-0.00084,-0.00392,0.00102,0.00205,0.00202,-0.00194,0.00418,0.00125,0.00509,0.00529,0.00006,0.00336,-0.00800,0.00996,0.01356,-0.00206,0.01324,0.00906,-0.02081,-0.02590,0.01420,-0.00884,0.03004,-0.01379,-0.01971,0.01354,0.01179,-0.14455,0.00011,-0.00822,-0.07462,-0.13372
581,205,milk on pink plate,robot_3cam,"robot demo
milk on plate",True,0.30033,0.32121,0.34929,0.35463,0.34913,0.00313,-0.01357,-0.03221,-0.01255,-0.03209,-0.01934,0.05506,0.03030,-0.04136,-0.01450,-2.33517,-1.80454,-1.95035,-2.12800,-2.19595,1.67524,1.66083,1.79567,2.06152,1.92459,-0.11351,-0.57746,-0.39852,-0.18154,-0.25772,0.04918,0.43455,0.52469,0.47806,0.24338,-0.00886,-0.00733,-0.00924,-0.00631,-0.00734,0.00133,0.00191,0.00256,-0.00095,0.00266,0.00398,0.00823,0.00611,0.00196,0.00193,-0.00842,0.02312,0.02182,-0.01370,0.02654,0.00963,-0.03219,-0.03682,0.02809,-0.00877,0.03271,-0.02799,-0.02896,0.02866,0.02033,-0.11826,-0.00136,-0.00905,-0.07258,-0.08742
581,206,milk on pink plate,robot_3cam,"robot demo
milk on plate",True,0.30178,0.31821,0.34876,0.35063,0.34149,0.00314,-0.00788,-0.02369,-0.02038,-0.01866,-0.01328,0.05814,0.03064,-0.03142,-0.01022,-2.33289,-1.80136,-1.96308,-2.05027,-2.21312,1.66908,1.63994,1.77760,2.14927,1.87833,-0.12952,-0.58561,-0.39503,-0.17030,-0.26697,0.05082,0.43683,0.53239,0.55168,0.27913,-0.00906,-0.00908,-0.01053,-0.00942,-0.00990,0.00185,0.00190,0.00238,-0.00011,0.00040,0.00863,0.01119,0.00953,0.00470,0.00388,-0.00442,0.03121,0.02980,-0.03428,0.02035,0.00507,-0.03901,-0.04226,0.04321,-0.00193,0.02622,-0.03775,-0.03991,0.03316,0.02147,-0.09886,-0.00216,-0.00980,-0.06863,-0.07630
581,207,milk on pink plate,robot_3cam,"robot demo
milk on plate",True,0.30346,0.31757,0.34832,0.34342,0.34397,0.00324,0.00160,-0.01028,-0.02821,0.00136,-0.00555,0.06659,0.02921,-0.01074,0.00808,-2.32639,-1.80869,-1.98540,-1.94277,-2.19350,1.66152,1.61305,1.75475,2.17827,1.86047,-0.14722,-0.59200,-0.39556,-0.17812,-0.30153,0.04918,0.43813,0.54778,0.53487,0.32977,-0.00771,-0.01028,-0.01061,-0.01096,-0.00886,0.00184,0.00284,0.00227,0.00077,0.00016,0.01535,0.01652,0.01600,0.01197,0.01073,0.00277,0.03878,0.03916,-0.03115,-0.00145,-0.00285,-0.04785,-0.04736,0.03753,0.00487,0.00423,-0.04895,-0.05461,0.02484,0.01075,-0.08076,-0.00344,-0.01203,-0.04295,-0.08357
581,208,milk on pink plate,robot_3cam,"robot demo
milk on plate",True,0.30566,0.31928,0.34869,0.33085,0.35036,0.00300,0.00536,-0.00090,-0.03739,-0.01282,0.00168,0.07384,0.02861,0.00457,0.01014,-2.31953,-1.81142,-2.00598,-2.01601,-2.13177,1.65348,1.60405,1.73987,2.17495,1.95154,-0.16973,-0.60041,-0.38912,-0.18399,-0.27760,0.05082,0.44063,0.56077,0.51928,0.39258,-0.00343,-0.00848,-0.00914,-0.00883,-0.00751,0.00183,0.00233,0.00017,0.00163,-0.00069,0.02271,0.02351,0.02318,0.02392,0.01829,0.01444,0.04480,0.04895,-0.00503,-0.00578,-0.01694,-0.04929,-0.04656,0.01475,0.00094,-0.02898,-0.05861,-0.06867,0.00212,0.00157,-0.06777,-0.00420,-0.01216,-0.02889,-0.06578
581,209,milk on pink plate,robot_3cam,"robot demo
milk on plate",True,0.30796,0.32689,0.34812,0.34640,0.36494,0.00322,0.00620,0.00783,-0.04642,-0.01649,0.01163,0.07715,0.03019,0.00290,0.01914,-2.31196,-1.84674,-2.01747,-2.11380,-2.04763,1.64149,1.62846,1.72036,2.37661,1.88392,-0.19737,-0.57170,-0.39295,-0.18743,-0.32525,0.05082,0.46512,0.56963,0.43364,0.50140,0.00345,-0.00731,-0.00818,-0.00693,-0.00472,0.00103,0.00134,-0.00151,0.00180,0.00080,0.03317,0.02924,0.03024,0.03227,0.02676,0.03134,0.05051,0.05917,-0.01252,0.00518,-0.03672,-0.04978,-0.04757,0.01796,-0.01987,-0.08488,-0.06604,-0.08320,-0.01718,-0.01531,-0.05738,-0.00522,-0.01271,-0.02979,-0.06246
581,210,milk on pink plate,robot_3cam,"robot demo
milk on plate",True,0.31149,0.32477,0.34637,0.35440,0.37433,0.00284,0.01733,0.02470,-0.04562,-0.00932,0.02132,0.08994,0.04068,0.02643,0.04238,-2.29848,-1.84685,-2.03209,-2.04841,-2.07837,1.63254,1.59618,1.68264,2.00980,1.88651,-0.22996,-0.59345,-0.41683,-0.28832,-0.40306,0.05082,0.44966,0.55837,0.34368,0.50740,0.01023,-0.00239,-0.00296,0.00068,0.00346,0.00052,-0.00119,-0.00382,-0.00024,0.00454,0.04146,0.03567,0.03644,0.04194,0.03711,0.04767,0.05369,0.05986,0.04377,0.07396,-0.05633,-0.03981,-0.03545,-0.01390,-0.06534,-0.13345,-0.07218,-0.08707,-0.06417,-0.07001,-0.04618,-0.00464,-0.01199,-0.03140,-0.03928
581,211,milk on pink plate,robot_3cam,"robot demo
milk on plate",True,0.31608,0.31984,0.34391,0.32788,0.37516,0.00235,0.01895,0.04350,-0.05715,0.00665,0.03173,0.11309,0.04967,0.03807,0.06056,-2.28020,-1.80173,-2.05501,-2.16627,-1.95708,1.62148,1.55861,1.64099,1.94725,1.79431,-0.27093,-0.65548,-0.43104,-0.29110,-0.45632,0.04918,0.42090,0.55562,0.09811,0.40320,0.01646,-0.00111,-0.00166,0.00420,0.00636,-0.00007,-0.00404,-0.00445,-0.00178,0.00546,0.04967,0.04008,0.04126,0.05361,0.04489,0.06492,0.06322,0.06481,0.05699,0.08899,-0.07540,-0.03596,-0.03414,-0.03040,-0.07697,-0.18139,-0.08256,-0.09624,-0.11555,-0.09865,-0.03880,-0.00529,-0.01313,-0.03444,-0.04659
581,212,milk on pink plate,robot_3cam,"robot demo
milk on plate",True,0.32032,0.31905,0.34673,0.35623,0.37430,0.00189,0.03115,0.04886,-0.04241,0.00236,0.04460,0.12699,0.05822,0.06447,0.06650,-2.25814,-1.80874,-2.07421,-2.09548,-1.93593,1.60638,1.52406,1.63609,1.83819,1.78656,-0.32027,-0.67005,-0.42395,-0.31351,-0.44776,0.04918,0.40884,0.55931,0.03651,0.44421,0.02192,0.00116,-0.00021,0.00711,0.00632,0.00028,-0.00479,-0.00628,-0.00355,0.00640,0.05734,0.04566,0.04608,0.06291,0.05250,0.08669,0.06723,0.07094,0.06463,0.09470,-0.09406,-0.03395,-0.03188,-0.03989,-0.09556,-0.21946,-0.08978,-0.10415,-0.15183,-0.10818,-0.03182,-0.00549,-0.01267,-0.03809,-0.03318
581,213,milk on pink plate,robot_3cam,"robot demo
milk on plate",True,0.32329,0.32197,0.34598,0.37012,0.37281,0.00157,0.04474,0.05640,0.00035,0.00290,0.05589,0.13737,0.07181,0.08810,0.07865,-2.23876,-1.84239,-2.07285,-2.07720,-1.89710,1.59130,1.50226,1.61336,1.74618,1.78256,-0.36390,-0.65765,-0.45054,-0.34598,-0.49435,0.05082,0.40613,0.54592,-0.00427,0.38059,0.02506,0.00218,0.00164,0.01006,0.00841,0.00006,-0.00343,-0.00640,-0.00482,0.00386,0.06285,0.04871,0.04881,0.06825,0.05556,0.10407,0.06554,0.07104,0.08832,0.10858,-0.10566,-0.03542,-0.02894,-0.05103,-0.08843,-0.24862,-0.09097,-0.10554,-0.18388,-0.12219,-0.02646,-0.00597,-0.01334,-0.04053,-0.03387
581,214,milk on pink plate,robot_3cam,"robot demo
milk on plate",True,0.32738,0.31570,0.34481,0.36975,0.37188,0.00163,0.05171,0.05902,0.01036,0.00013,0.06732,0.15354,0.08278,0.09982,0.08438,-2.21306,-1.80377,-2.06566,-2.05840,-1.90636,1.57578,1.45053,1.59838,1.74227,1.76970,-0.41207,-0.71218,-0.47198,-0.34021,-0.52054,0.05082,0.36857,0.53495,0.00391,0.32596,0.02639,0.00298,0.00197,0.01242,0.00966,0.00047,-0.00234,-0.00629,-0.00417,0.00070,0.06484,0.05002,0.05010,0.07188,0.05695,0.11972,0.06423,0.07208,0.11405,0.12090,-0.11273,-0.03626,-0.02918,-0.06988,-0.08033,-0.25918,-0.09215,-0.10721,-0.19753,-0.13800,-0.02135,-0.00602,-0.01406,-0.04651,-0.03429
581,215,milk on pink plate,robot_3cam,"robot demo
milk on plate",True,0.33069,0.31699,0.34444,0.35578,0.37485,0.00280,0.05172,0.06550,0.01692,0.01093,0.07881,0.16834,0.09775,0.11338,0.09485,-2.18808,-1.79347,-2.06552,-2.04880,-1.94643,1.55837,1.43996,1.57644,1.69875,1.69908,-0.45604,-0.73491,-0.49511,-0.38053,-0.53995,0.04918,0.35273,0.52789,0.06802,0.26233,0.02797,0.00217,0.00157,0.01639,0.00874,0.00075,-0.00078,-0.00593,-0.00039,-0.00388,0.06862,0.04916,0.05374,0.07227,0.06160,0.14398,0.06094,0.07768,0.12770,0.12998,-0.11663,-0.03892,-0.03352,-0.08948,-0.08060,-0.27550,-0.08921,-0.11515,-0.19745,-0.16273,-0.01818,-0.00715,-0.01590,-0.03825,-0.03925
581,216,milk on pink plate,robot_3cam,"robot demo
milk on plate",True,0.33453,0.32132,0.34663,0.34992,0.36656,0.00395,0.05284,0.06491,0.03396,0.01895,0.09159,0.17423,0.11118,0.11926,0.10017,-2.15795,-1.80982,-2.06783,-2.04972,-2.01513,1.53866,1.44558,1.57866,1.65071,1.64078,-0.50499,-0.72484,-0.50433,-0.40530,-0.51562,0.05082,0.35528,0.51850,0.11797,0.30974,0.02752,0.00204,0.00236,0.01885,0.01257,0.00091,-0.00010,-0.00548,-0.00048,-0.00337,0.06893,0.04974,0.05368,0.07401,0.06244,0.15964,0.05992,0.07519,0.14282,0.16533,-0.11514,-0.04018,-0.03216,-0.09344,-0.09475,-0.27749,-0.08850,-0.11172,-0.20976,-0.18177,-0.01510,-0.00771,-0.01651,-0.03905,-0.03700
581,217,milk on pink plate,robot_3cam,"robot demo
milk on plate",True,0.33865,0.32099,0.34723,0.33526,0.37275,0.00511,0.04812,0.07311,0.00993,0.02806,0.10308,0.17716,0.12243,0.10937,0.11300,-2.12152,-1.80645,-2.07436,-2.01972,-1.97628,1.52414,1.45608,1.56014,1.70529,1.60869,-0.55026,-0.73008,-0.51909,-0.41239,-0.56132,0.04918,0.36123,0.51455,0.12083,0.19349,0.02617,0.00041,0.00058,0.02072,0.00978,0.00089,-0.00207,-0.00330,0.00125,-0.00718,0.06798,0.04812,0.05464,0.07518,0.05797,0.17499,0.06452,0.07750,0.14217,0.15839,-0.10744,-0.03897,-0.04009,-0.11031,-0.08691,-0.27089,-0.09030,-0.11568,-0.22519,-0.16135,-0.01226,-0.00868,-0.01907,-0.03906,-0.04083
581,218,milk on pink plate,robot_3cam,"robot demo
milk on plate",True,0.34221,0.31271,0.34838,0.31651,0.37391,0.00687,0.03611,0.06472,-0.03119,0.02079,0.11499,0.18262,0.13441,0.10776,0.12414,-2.08441,-1.73284,-2.04808,-1.97177,-1.91722,1.50597,1.44209,1.56750,1.75597,1.60087,-0.59474,-0.79361,-0.54479,-0.47601,-0.59468,0.05082,0.33576,0.50262,0.07983,0.15262,0.02505,-0.00002,-0.00010,0.02020,0.00719,0.00207,-0.00523,-0.00241,0.00124,-0.00712,0.06777,0.04666,0.05437,0.07435,0.05615,0.18582,0.07157,0.07735,0.11822,0.13980,-0.10852,-0.03451,-0.04354,-0.10509,-0.08088,-0.26363,-0.09459,-0.11421,-0.21432,-0.14051,-0.01023,-0.00833,-0.02016,-0.02955,-0.02797
581,219,milk on pink plate,robot_3cam,"robot demo
milk on plate",True,0.34556,0.31545,0.34401,0.32117,0.37487,0.00817,0.03353,0.07300,-0.04384,0.02301,0.12745,0.18080,0.15932,0.09868,0.13620,-2.04198,-1.74619,-2.01335,-1.98483,-1.87200,1.49046,1.45869,1.52113,1.81606,1.61945,-0.63817,-0.78107,-0.61252,-0.45220,-0.65178,0.05082,0.34612,0.46144,0.08526,0.11231,0.02362,-0.00043,0.00147,0.01983,0.00881,0.00326,-0.00521,-0.00147,0.00284,-0.00898,0.06888,0.04605,0.05441,0.07426,0.05746,0.20022,0.07065,0.07318,0.11807,0.16543,-0.10803,-0.03471,-0.04013,-0.11434,-0.07908,-0.25482,-0.09296,-0.10964,-0.21857,-0.15265,-0.00820,-0.00893,-0.02051,-0.03091,-0.02802
581,220,milk on pink plate,robot_3cam,"robot demo
milk on plate",True,0.34847,0.32108,0.33115,0.33358,0.36650,0.00822,0.03175,0.07390,-0.04316,0.01515,0.13887,0.17359,0.19641,0.10197,0.14647,-1.99875,-1.77390,-1.91226,-1.98267,-1.85314,1.47799,1.48521,1.44538,1.77592,1.60571,-0.67774,-0.74916,-0.74569,-0.44642,-0.72111,0.05082,0.36383,0.38178,0.10783,0.10106,0.02160,-0.00073,0.00254,0.01685,0.01133,0.00512,-0.00288,-0.00022,0.00439,0.00034,0.06871,0.04580,0.05166,0.07269,0.06505,0.20461,0.06514,0.06631,0.12504,0.18706,-0.11465,-0.03886,-0.03607,-0.11734,-0.11056,-0.23733,-0.08847,-0.10038,-0.21158,-0.16907,-0.00690,-0.00934,-0.02025,-0.03035,-0.02701
581,221,milk on pink plate,robot_3cam,"robot demo
milk on plate",True,0.35144,0.32091,0.32632,0.35119,0.35626,0.01013,0.02893,0.06840,-0.04479,0.00542,0.15157,0.17526,0.21821,0.11708,0.14852,-1.95070,-1.75196,-1.85626,-1.95185,-1.86073,1.45828,1.47650,1.41855,1.73632,1.60741,-0.71945,-0.77189,-0.80919,-0.49284,-0.70692,0.05082,0.34175,0.34321,0.13773,0.16349,0.01933,-0.00017,0.00258,0.01544,0.01265,0.00730,0.00104,-0.00028,0.00823,-0.00153,0.07021,0.04329,0.05121,0.06641,0.06990,0.20922,0.05257,0.06615,0.12132,0.20229,-0.12608,-0.04167,-0.03561,-0.11700,-0.11417,-0.22620,-0.07769,-0.09855,-0.18253,-0.19618,-0.00576,-0.00926,-0.01981,-0.02104,-0.02031
581,222,milk on pink plate,robot_3cam,"robot demo
milk on plate",True,0.35397,0.31085,0.32030,0.33982,0.34777,0.01157,0.03229,0.07095,-0.04106,0.01206,0.16321,0.18800,0.26258,0.14459,0.16492,-1.90545,-1.68083,-1.77585,-1.79732,-1.83408,1.43805,1.40968,1.35632,1.66169,1.55710,-0.75789,-0.85086,-0.91992,-0.62602,-0.70347,0.05082,0.28223,0.26612,0.08213,0.15530,0.01667,0.00103,0.00366,0.01420,0.01664,0.00956,0.00307,0.00087,0.01119,-0.00462,0.07215,0.04178,0.04882,0.06314,0.07624,0.21398,0.04603,0.05990,0.09826,0.25758,-0.14183,-0.04125,-0.03163,-0.11110,-0.12107,-0.21940,-0.07334,-0.08852,-0.14969,-0.24682,-0.00438,-0.00818,-0.01839,-0.00804,-0.02024
581,223,milk on pink plate,robot_3cam,"robot demo
milk on plate",True,0.35463,0.30969,0.31129,0.34455,0.35077,0.01423,0.03351,0.08170,-0.03383,0.01788,0.17413,0.19393,0.27981,0.16645,0.17114,-1.86895,-1.66265,-1.73127,-1.68309,-1.79490,1.41349,1.39040,1.29322,1.63390,1.53343,-0.78949,-0.87455,-0.99290,-0.70777,-0.74306,0.05082,0.26191,0.22480,0.06479,0.10359,0.01247,0.00113,0.00341,0.01023,0.01658,0.01097,0.00574,0.00236,0.01613,0.00290,0.07289,0.04109,0.04780,0.06260,0.07934,0.21594,0.03960,0.05769,0.10094,0.26836,-0.15141,-0.04455,-0.03230,-0.12178,-0.14850,-0.21090,-0.06878,-0.08689,-0.14686,-0.24492,-0.00349,-0.00833,-0.01886,-0.00084,-0.02328
581,224,milk on pink plate,robot_3cam,"robot demo
milk on plate",True,0.35497,0.30898,0.30124,0.35413,0.36016,0.01584,0.03476,0.08246,-0.03238,0.01997,0.18704,0.20556,0.29184,0.18035,0.19288,-1.82505,-1.63956,-1.65971,-1.65068,-1.71295,1.38332,1.36452,1.24180,1.62054,1.47077,-0.83083,-0.90635,-1.08375,-0.73217,-0.82340,0.05082,0.23969,0.19254,0.11346,0.03290,0.00721,0.00030,0.00289,0.00445,0.00550,0.01261,0.00808,0.00372,0.02259,0.00185,0.07158,0.04186,0.05081,0.06658,0.07278,0.21490,0.03783,0.06172,0.11848,0.23418,-0.15869,-0.05070,-0.03811,-0.15388,-0.12020,-0.19865,-0.06914,-0.09351,-0.15550,-0.21490,-0.00341,-0.00907,-0.02118,-0.00038,-0.01511
581,225,milk on pink plate,robot_3cam,"robot demo
milk on plate",True,0.35423,0.30289,0.29113,0.35181,0.35874,0.01859,0.03098,0.08055,-0.03007,0.03525,0.19877,0.20836,0.28517,0.19551,0.20336,-1.77966,-1.58964,-1.61565,-1.61830,-1.73845,1.35158,1.33793,1.21140,1.57815,1.39465,-0.86675,-0.95197,-1.12964,-0.77777,-0.82301,0.05082,0.21562,0.18723,0.07088,-0.01804,0.00060,-0.00075,0.00145,-0.00140,-0.00374,0.01313,0.00888,0.00392,0.02038,-0.00228,0.06736,0.04132,0.05325,0.06241,0.06698,0.20792,0.03907,0.06820,0.11452,0.22123,-0.15455,-0.05471,-0.04428,-0.13583,-0.10143,-0.18056,-0.07110,-0.10346,-0.14764,-0.20156,-0.00235,-0.00902,-0.02322,-0.00015,-0.01314
581,226,milk on pink plate,robot_3cam,"robot demo
milk on plate",True,0.35295,0.29436,0.28094,0.33118,0.35260,0.02244,0.02536,0.07585,-0.01705,0.03953,0.20889,0.21123,0.28295,0.21938,0.21158,-1.73820,-1.52367,-1.55885,-1.53366,-1.74380,1.31899,1.30693,1.18196,1.45527,1.36298,-0.89490,-1.01005,-1.18324,-0.88119,-0.82303,0.05082,0.18523,0.16539,0.00049,-0.04840,-0.00540,-0.00124,0.00159,-0.00210,-0.00633,0.01288,0.00836,0.00331,0.01643,-0.00490,0.06093,0.04057,0.05283,0.05671,0.06188,0.20003,0.04219,0.06850,0.09714,0.21973,-0.14298,-0.05542,-0.04277,-0.11509,-0.09023,-0.15932,-0.07410,-0.10421,-0.12379,-0.19977,-0.00219,-0.00841,-0.02287,-0.00084,-0.00978
581,227,milk on pink plate,robot_3cam,"robot demo
milk on plate",True,0.34954,0.29546,0.26951,0.32420,0.34685,0.02575,0.01081,0.06873,-0.01768,0.02512,0.21738,0.19939,0.25376,0.22417,0.19917,-1.70102,-1.50505,-1.54354,-1.53284,-1.77998,1.29106,1.34206,1.18054,1.40886,1.45818,-0.91963,-1.00287,-1.17306,-0.92340,-0.87928,0.05082,0.19173,0.17301,-0.00981,-0.02050,-0.01186,-0.00428,0.00089,-0.00691,-0.00678,0.01200,0.01068,0.00230,0.01677,-0.00658,0.05245,0.03419,0.04726,0.04458,0.05333,0.18687,0.03588,0.06355,0.11341,0.20724,-0.12794,-0.06104,-0.03820,-0.11805,-0.07598,-0.13759,-0.06504,-0.09897,-0.13098,-0.20045,-0.00203,-0.00830,-0.02183,-0.00656,-0.01420
581,228,milk on pink plate,robot_3cam,"robot demo
milk on plate",True,0.34622,0.29714,0.26373,0.32450,0.34561,0.02821,0.01622,0.06156,-0.01552,0.02698,0.22436,0.18989,0.26690,0.21443,0.22417,-1.66359,-1.55288,-1.47699,-1.54121,-1.72974,1.27078,1.35740,1.15427,1.39771,1.43623,-0.93669,-0.95193,-1.23673,-0.93462,-0.92281,0.05082,0.22341,0.14395,0.02020,-0.02759,-0.01649,-0.00828,-0.00289,-0.00986,-0.01167,0.00999,0.01054,0.00475,0.01606,-0.00509,0.04336,0.03159,0.04573,0.04161,0.04773,0.17382,0.04066,0.06677,0.10126,0.18522,-0.10849,-0.06713,-0.05020,-0.10228,-0.06995,-0.12218,-0.06747,-0.10153,-0.12993,-0.19064,-0.00162,-0.00900,-0.02342,-0.00641,-0.01942
581,229,milk on pink plate,robot_3cam,"robot demo
milk on plate",True,0.34204,0.29331,0.26036,0.32418,0.34408,0.02854,0.01258,0.04818,-0.01335,0.02101,0.23041,0.18481,0.26059,0.21121,0.23161,-1.62167,-1.55397,-1.45481,-1.56446,-1.73691,1.25881,1.37057,1.16905,1.43138,1.42817,-0.95306,-0.93928,-1.22843,-0.94727,-0.98897,0.05082,0.24212,0.14157,0.05060,0.02878,-0.02009,-0.01316,-0.00820,-0.01597,-0.01818,0.00607,0.00762,0.00675,0.01122,-0.00790,0.03436,0.02685,0.03788,0.03718,0.03906,0.16172,0.05114,0.06462,0.09508,0.16917,-0.08631,-0.06929,-0.06003,-0.09078,-0.05463,-0.11832,-0.07240,-0.09613,-0.11928,-0.18388,-0.00122,-0.00953,-0.02373,-0.00864,-0.02225
581,230,milk on pink plate,robot_3cam,"robot demo
milk on plate",True,0.33719,0.28541,0.26087,0.32019,0.33799,0.02961,0.00715,0.03355,-0.01153,0.02338,0.23606,0.18699,0.24645,0.22830,0.23744,-1.59246,-1.51336,-1.45677,-1.52414,-1.75949,1.23603,1.35751,1.20765,1.38652,1.39976,-0.97512,-0.97066,-1.19194,-0.99756,-1.00442,0.05082,0.22791,0.15435,0.05801,0.04597,-0.02202,-0.01573,-0.01091,-0.01903,-0.01869,0.00178,0.00436,0.00739,0.00513,-0.00867,0.02737,0.02178,0.03125,0.03076,0.03157,0.15342,0.05812,0.06004,0.12037,0.15913,-0.07017,-0.06559,-0.06277,-0.09335,-0.04403,-0.12494,-0.07425,-0.08814,-0.11853,-0.18060,-0.00146,-0.00902,-0.02319,-0.00934,-0.03856
581,231,milk on pink plate,robot_3cam,"robot demo
milk on plate",True,0.33270,0.28645,0.25119,0.33757,0.33805,0.02913,0.00984,0.02917,-0.00811,0.00721,0.24096,0.18998,0.25425,0.22830,0.24460,-1.56221,-1.54404,-1.39915,-1.56084,-1.65464,1.22095,1.36909,1.16937,1.39079,1.41869,-1.00311,-0.94347,-1.23970,-0.94649,-1.06052,0.05082,0.24842,0.12523,0.10196,-0.03742,-0.02327,-0.02034,-0.01492,-0.02281,-0.02307,-0.00228,0.00324,0.00769,0.00347,-0.01098,0.02152,0.01806,0.02859,0.02535,0.02617,0.14663,0.06445,0.06537,0.12628,0.16559,-0.05640,-0.06985,-0.07068,-0.09520,-0.05530,-0.13422,-0.07661,-0.09280,-0.11119,-0.19499,-0.00097,-0.01041,-0.02248,-0.00707,-0.03262
581,232,milk on pink plate,robot_3cam,"robot demo
milk on plate",True,0.32805,0.28717,0.25724,0.34116,0.33936,0.02774,0.01846,0.03161,-0.00568,0.00428,0.24540,0.19000,0.23758,0.21577,0.23851,-1.53352,-1.58651,-1.44783,-1.61134,-1.68085,1.20421,1.36882,1.19734,1.41377,1.40303,-1.03881,-0.90836,-1.17249,-0.87979,-1.08308,0.05082,0.26352,0.16211,0.11424,-0.03724,-0.02415,-0.02249,-0.01951,-0.02412,-0.02564,-0.00678,0.00169,0.00976,-0.00036,-0.00724,0.01723,0.01516,0.02667,0.02100,0.02058,0.14235,0.06785,0.06955,0.13550,0.13468,-0.04852,-0.06853,-0.08348,-0.09286,-0.05146,-0.14967,-0.07689,-0.09767,-0.11310,-0.17171,-0.00073,-0.01061,-0.02372,-0.01216,-0.03000
581,233,milk on pink plate,robot_3cam,"robot demo
milk on plate",True,0.32409,0.28082,0.25992,0.33286,0.34177,0.02450,0.00839,0.01278,0.00159,-0.00696,0.25028,0.19952,0.21322,0.25467,0.25183,-1.50125,-1.52348,-1.47027,-1.44521,-1.42002,1.19072,1.35385,1.25913,1.31769,1.27847,-1.07971,-0.96787,-1.09978,-1.01154,-1.22182,0.05082,0.23127,0.19074,0.05871,-0.02185,-0.02438,-0.02285,-0.02050,-0.02550,-0.02427,-0.00923,-0.00010,0.00767,-0.00509,-0.00684,0.01404,0.01116,0.02106,0.01290,0.01433,0.13825,0.06799,0.06620,0.12333,0.12125,-0.04333,-0.06310,-0.07922,-0.07308,-0.05003,-0.15366,-0.07381,-0.09052,-0.11123,-0.16134,-0.00065,-0.01033,-0.02099,-0.00991,-0.03354
581,234,milk on pink plate,robot_3cam,"robot demo
milk on plate",True,0.31918,0.27736,0.25591,0.32801,0.33919,0.02190,0.00404,0.00359,0.00111,-0.01040,0.25449,0.20426,0.20831,0.26640,0.25169,-1.47011,-1.49015,-1.43862,-1.38446,-1.29279,1.17491,1.34229,1.25801,1.28020,1.33354,-1.11475,-1.00193,-1.11393,-1.04426,-1.22775,0.05082,0.21493,0.19051,0.03957,-0.00866,-0.02461,-0.02334,-0.02035,-0.02633,-0.02593,-0.00998,0.00001,0.00495,-0.00564,-0.00718,0.01233,0.01000,0.02438,0.01052,0.01614,0.13521,0.06753,0.07440,0.11887,0.11547,-0.04660,-0.06355,-0.07855,-0.06783,-0.05740,-0.15201,-0.07300,-0.09978,-0.11252,-0.16701,-0.00041,-0.01066,-0.01963,-0.00457,-0.03279
581,235,milk on pink plate,robot_3cam,"robot demo
milk on plate",True,0.31397,0.27337,0.25487,0.31650,0.33133,0.01959,0.00482,-0.01404,0.00032,-0.01245,0.25739,0.20925,0.20070,0.27062,0.24925,-1.44203,-1.46444,-1.40946,-1.34234,-1.19606,1.16106,1.31862,1.28259,1.24401,1.30554,-1.14498,-1.02808,-1.10550,-1.06946,-1.24264,0.05082,0.19921,0.19686,0.05166,-0.00795,-0.02450,-0.02553,-0.02398,-0.02754,-0.02836,-0.00922,0.00142,0.00450,-0.00351,-0.00277,0.01024,0.00874,0.02252,0.00939,0.01386,0.12878,0.06848,0.08034,0.11512,0.09639,-0.04825,-0.06981,-0.08662,-0.06757,-0.06327,-0.13861,-0.07433,-0.10412,-0.11112,-0.13787,-0.00008,-0.01104,-0.01902,0.00160,-0.03219
581,236,milk on pink plate,robot_3cam,"robot demo
milk on plate",True,0.30967,0.26585,0.25496,0.31171,0.32893,0.01757,-0.00168,-0.01241,-0.00721,-0.02136,0.25986,0.21220,0.19335,0.27752,0.24406,-1.41724,-1.40091,-1.42737,-1.26649,-1.19204,1.14724,1.29456,1.29075,1.24452,1.30955,-1.17262,-1.08498,-1.08494,-1.12038,-1.26104,0.05082,0.16677,0.20113,0.04912,-0.00557,-0.02381,-0.02413,-0.02398,-0.02730,-0.02643,-0.00836,0.00053,0.00529,-0.00436,-0.00147,0.00851,0.00776,0.01828,0.00711,0.01073,0.12079,0.06773,0.07314,0.11046,0.09495,-0.04998,-0.06528,-0.08374,-0.06405,-0.06230,-0.12589,-0.07331,-0.09542,-0.11227,-0.13035,-0.00008,-0.00997,-0.01875,-0.00028,-0.03455
581,237,milk on pink plate,robot_3cam,"robot demo
milk on plate",True,0.30557,0.26043,0.25381,0.30463,0.32941,0.01496,-0.00048,-0.02393,-0.01181,-0.01775,0.26100,0.21010,0.19876,0.26998,0.25524,-1.39320,-1.37194,-1.38561,-1.25924,-1.13698,1.13991,1.27069,1.29769,1.25322,1.31233,-1.19835,-1.11215,-1.11562,-1.12884,-1.26706,0.05082,0.14950,0.18281,0.03715,-0.01800,-0.02229,-0.02276,-0.02246,-0.02626,-0.02523,-0.00594,0.00065,0.00442,-0.00397,-0.00202,0.00586,0.00864,0.01764,0.00826,0.01041,0.11016,0.06685,0.07024,0.11199,0.09712,-0.05245,-0.06391,-0.07892,-0.06460,-0.06159,-0.10527,-0.07397,-0.09009,-0.11505,-0.12755,-0.00008,-0.00909,-0.01737,0.00003,-0.03383
581,238,milk on pink plate,robot_3cam,"robot demo
milk on plate",True,0.30136,0.26151,0.26149,0.29849,0.32011,0.01439,0.00177,-0.02637,-0.00811,-0.01842,0.26159,0.20188,0.18783,0.25110,0.25528,-1.37725,-1.39292,-1.41855,-1.29536,-1.20412,1.12845,1.28113,1.33670,1.25502,1.25411,-1.21203,-1.08789,-1.06546,-1.11297,-1.28689,0.05082,0.15380,0.20325,0.03997,0.02942,-0.02076,-0.02252,-0.02442,-0.02347,-0.02559,-0.00490,0.00281,0.00685,-0.00026,0.00260,0.00379,0.00478,0.01270,0.00587,0.00567,0.10451,0.05646,0.06388,0.09667,0.08882,-0.05409,-0.06310,-0.08329,-0.06462,-0.06695,-0.09406,-0.06319,-0.08108,-0.10329,-0.10937,-0.00008,-0.00843,-0.01768,0.00075,-0.02339
581,239,milk on pink plate,robot_3cam,"robot demo
milk on plate",True,0.29805,0.26328,0.27118,0.29883,0.31359,0.01439,0.00057,-0.03182,-0.00490,-0.02347,0.25963,0.19823,0.17894,0.25009,0.25418,-1.36580,-1.40446,-1.46407,-1.28159,-1.18913,1.11776,1.29353,1.39301,1.24876,1.19668,-1.22067,-1.07272,-1.00330,-1.12663,-1.31660,0.05082,0.14914,0.21840,0.04597,0.03783,-0.01921,-0.02097,-0.02341,-0.02054,-0.02182,-0.00347,0.00283,0.00855,-0.00054,0.00185,-0.00077,0.00023,0.00487,0.00181,0.00033,0.09073,0.04703,0.04777,0.08770,0.07347,-0.05340,-0.05506,-0.07671,-0.05953,-0.05858,-0.07804,-0.05141,-0.05950,-0.09868,-0.08541,-0.00008,-0.00712,-0.01658,-0.00091,-0.01705
581,240,milk on pink plate,robot_3cam,"robot demo
milk on plate",True,0.29536,0.26464,0.27356,0.30351,0.30715,0.01440,-0.00016,-0.01274,-0.00744,-0.02270,0.25676,0.19288,0.17181,0.24293,0.24892,-1.35872,-1.42219,-1.52859,-1.24208,-1.26256,1.10558,1.31047,1.39003,1.27008,1.24879,-1.23170,-1.05325,-0.95787,-1.14965,-1.28270,0.05082,0.14089,0.21153,0.04255,0.01260,-0.01774,-0.01795,-0.01869,-0.01668,-0.01569,-0.00256,0.00235,0.00905,-0.00162,0.00205,-0.00541,-0.00704,-0.00444,-0.00595,-0.00415,0.07768,0.03159,0.02362,0.07465,0.06750,-0.05069,-0.04007,-0.05539,-0.04741,-0.05220,-0.06752,-0.03214,-0.03092,-0.08200,-0.06208,-0.00008,-0.00513,-0.01314,0.00095,-0.01474
581,241,milk on pink plate,robot_3cam,"robot demo
milk on plate",True,0.29241,0.26021,0.27653,0.29462,0.29859,0.01366,0.00001,-0.01538,-0.01029,-0.01877,0.25389,0.18672,0.16254,0.23306,0.24234,-1.34582,-1.41288,-1.55512,-1.23800,-1.27101,1.09349,1.30391,1.41841,1.28483,1.28878,-1.24638,-1.05870,-0.91815,-1.19500,-1.24165,0.05082,0.12573,0.21409,0.06888,0.04607,-0.01702,-0.01587,-0.01636,-0.01488,-0.01261,-0.00184,0.00092,0.00842,-0.00231,0.00086,-0.01068,-0.01223,-0.01091,-0.01091,-0.00889,0.06923,0.02393,0.01007,0.04025,0.06102,-0.04832,-0.02838,-0.04285,-0.02840,-0.03904,-0.05895,-0.02154,-0.01295,-0.06252,-0.04208,-0.00008,-0.00318,-0.01031,0.00350,-0.01300
581,242,milk on pink plate,robot_3cam,"robot demo
milk on plate",True,0.29001,0.25563,0.26832,0.29560,0.29470,0.01145,-0.00581,-0.00424,-0.01140,-0.01495,0.25011,0.20186,0.16976,0.23810,0.24133,-1.33124,-1.37309,-1.55871,-1.23402,-1.29522,1.08885,1.29025,1.37833,1.30307,1.26749,-1.26043,-1.10341,-0.92420,-1.20699,-1.24915,0.05082,0.09255,0.17184,0.04595,0.05702,-0.01614,-0.01642,-0.01604,-0.01547,-0.01141,-0.00158,-0.00150,0.00912,-0.00316,0.00222,-0.01523,-0.01956,-0.02399,-0.01840,-0.01937,0.05814,0.02079,-0.00933,0.01894,0.06148,-0.04319,-0.01818,-0.02940,-0.01848,-0.04231,-0.05067,-0.01268,0.01237,-0.05445,-0.03222,-0.00008,-0.00280,-0.00632,0.00400,-0.01893
581,243,milk on pink plate,robot_3cam,"robot demo
milk on plate",True,0.28706,0.24937,0.26502,0.29564,0.28834,0.01104,0.00246,0.00139,-0.01120,-0.02580,0.24670,0.21247,0.16979,0.23717,0.22648,-1.32024,-1.35946,-1.55950,-1.24688,-1.32731,1.08036,1.25070,1.36236,1.30539,1.28726,-1.26910,-1.12967,-0.92926,-1.21625,-1.22691,0.05082,0.06598,0.15467,0.03092,0.07266,-0.01622,-0.01672,-0.01419,-0.01571,-0.00947,-0.00057,-0.00254,0.00868,-0.00297,0.00207,-0.01951,-0.02307,-0.02857,-0.02288,-0.02352,0.05027,0.01969,-0.01897,0.01289,0.03757,-0.04158,-0.01321,-0.01926,-0.01507,-0.03155,-0.04134,-0.00963,0.02433,-0.04954,-0.02392,-0.00008,-0.00221,-0.00409,0.00528,-0.01144
581,244,milk on pink plate,robot_3cam,"robot demo
milk on plate",True,0.28382,0.23950,0.25666,0.28833,0.28545,0.01108,0.01379,0.00157,-0.00934,-0.01838,0.24249,0.22204,0.17616,0.22972,0.24590,-1.31087,-1.32412,-1.51973,-1.25830,-1.23153,1.06983,1.18303,1.32570,1.27526,1.22816,-1.27773,-1.17781,-0.96957,-1.21909,-1.29328,0.05082,0.02561,0.13051,0.02640,0.04695,-0.01673,-0.01751,-0.01585,-0.01657,-0.01198,-0.00012,-0.00125,0.00828,-0.00114,0.00351,-0.02199,-0.02473,-0.02976,-0.02477,-0.02396,0.04905,0.01826,-0.01593,0.00981,0.05069,-0.04343,-0.01548,-0.02132,-0.01802,-0.04588,-0.03926,-0.00951,0.02121,-0.04384,-0.02903,-0.00008,-0.00164,-0.00331,0.00741,-0.01052
581,245,milk on pink plate,robot_3cam,"robot demo
milk on plate",True,0.27972,0.23858,0.25678,0.28745,0.28797,0.01113,0.01320,0.00189,-0.01030,-0.01488,0.23903,0.21683,0.17824,0.22451,0.24894,-1.29797,-1.33155,-1.52005,-1.26396,-1.23080,1.05606,1.19109,1.32419,1.28313,1.23399,-1.28876,-1.16628,-0.97184,-1.21977,-1.27962,0.05082,0.03832,0.13178,0.03335,0.03979,-0.01746,-0.01830,-0.01608,-0.01779,-0.01319,0.00041,-0.00293,0.00797,-0.00270,0.00374,-0.02330,-0.02481,-0.02869,-0.02338,-0.02368,0.04953,0.02329,-0.01353,0.01656,0.05219,-0.04697,-0.01474,-0.02244,-0.02279,-0.04993,-0.03809,-0.01314,0.01819,-0.04550,-0.02805,0.00000,-0.00167,-0.00366,0.00752,-0.00600
581,246,milk on pink plate,robot_3cam,"robot demo
milk on plate",True,0.27523,0.22796,0.24983,0.28359,0.28572,0.01076,0.00736,0.00212,-0.01678,-0.00847,0.23662,0.22144,0.18981,0.21881,0.26240,-1.27991,-1.26308,-1.47351,-1.25725,-1.19814,1.04101,1.16072,1.28449,1.30202,1.21827,-1.30212,-1.22386,-1.02633,-1.22612,-1.28163,0.05082,0.01368,0.11316,0.04792,0.01864,-0.01844,-0.01966,-0.01858,-0.02028,-0.01664,0.00142,-0.00660,0.00815,-0.00411,0.00580,-0.02349,-0.02559,-0.02512,-0.02209,-0.02033,0.05106,0.03523,-0.00281,0.02582,0.07494,-0.05424,-0.01230,-0.03200,-0.03084,-0.07792,-0.03677,-0.02246,0.00478,-0.05486,-0.04298,0.00000,-0.00089,-0.00502,0.00884,-0.00671
581,247,milk on pink plate,robot_3cam,"robot demo
milk on plate",True,0.27022,0.22454,0.25034,0.27884,0.28689,0.01153,0.00942,-0.00593,-0.01499,-0.01174,0.23442,0.21620,0.18018,0.20594,0.25678,-1.26009,-1.25008,-1.45908,-1.25414,-1.15036,1.01909,1.14341,1.29909,1.28199,1.20870,-1.31430,-1.23529,-1.02203,-1.21142,-1.28965,0.05082,0.00896,0.12767,0.03814,0.03055,-0.01901,-0.02034,-0.01894,-0.02127,-0.01817,0.00158,-0.00478,0.00668,-0.00221,0.00457,-0.02382,-0.02456,-0.02109,-0.01907,-0.01817,0.05139,0.03481,0.00559,0.02713,0.06843,-0.05546,-0.01844,-0.03528,-0.03682,-0.07236,-0.03638,-0.02441,-0.00519,-0.04866,-0.03617,0.00008,-0.00100,-0.00481,0.00927,-0.00511
581,248,milk on pink plate,robot_3cam,"robot demo
milk on plate",True,0.26547,0.22375,0.23854,0.27547,0.28495,0.01188,0.01167,-0.00179,-0.01512,-0.02299,0.23009,0.21453,0.18117,0.20357,0.24155,-1.24651,-1.24234,-1.41165,-1.23104,-1.12590,1.00296,1.12737,1.24596,1.24994,1.28947,-1.32468,-1.24384,-1.07665,-1.21705,-1.28256,0.05082,-0.00144,0.10513,0.04494,0.03496,-0.01928,-0.01984,-0.01845,-0.02053,-0.01990,0.00188,-0.00288,0.00458,-0.00106,0.00451,-0.02413,-0.02362,-0.01796,-0.01839,-0.01912,0.04996,0.03156,0.01244,0.02893,0.05891,-0.05594,-0.02159,-0.03317,-0.03764,-0.06965,-0.03441,-0.02347,-0.01478,-0.04603,-0.02910,0.00024,-0.00071,-0.00366,0.01009,-0.00643
581,249,milk on pink plate,robot_3cam,"robot demo
milk on plate",True,0.26134,0.22242,0.23377,0.27502,0.28114,0.01310,0.00454,0.00973,-0.02415,-0.01329,0.22520,0.20815,0.17883,0.19523,0.24039,-1.23750,-1.23081,-1.42337,-1.22304,-1.12201,0.98715,1.14467,1.22015,1.28467,1.20243,-1.32830,-1.24588,-1.07904,-1.24939,-1.28275,0.05410,0.00055,0.08551,0.04549,0.00016,-0.01779,-0.01818,-0.01429,-0.01902,-0.01595,0.00183,-0.00570,0.00297,-0.00271,0.00425,-0.02381,-0.02525,-0.02235,-0.01988,-0.02406,0.04353,0.03186,-0.00034,0.02584,0.04095,-0.05023,-0.01226,-0.01512,-0.02633,-0.05268,-0.02979,-0.02105,0.00007,-0.04617,-0.01801,0.00041,0.00029,-0.00022,0.01177,-0.00658
581,250,milk on pink plate,robot_3cam,"robot demo
milk on plate",True,0.25770,0.20628,0.22553,0.26430,0.27123,0.01343,0.00436,0.01318,-0.03460,-0.01549,0.22054,0.21586,0.17449,0.20073,0.23092,-1.23310,-1.11154,-1.38990,-1.18630,-1.05532,0.97784,1.05348,1.18512,1.23524,1.15604,-1.33431,-1.36384,-1.11378,-1.31085,-1.31689,0.05410,-0.08333,0.06815,0.06352,0.02409,-0.01659,-0.01449,-0.01305,-0.01690,-0.01483,0.00151,-0.00433,0.00170,-0.00036,0.00432,-0.02397,-0.02515,-0.02172,-0.02388,-0.02406,0.04078,0.02542,0.00006,0.00492,0.03292,-0.04581,-0.00801,-0.01020,-0.01732,-0.05322,-0.02816,-0.01834,-0.00124,-0.04010,-0.02196,0.00106,0.00298,0.00148,0.00746,0.00250
581,251,milk on pink plate,robot_3cam,"robot demo
milk on plate",True,0.25492,0.20533,0.22868,0.26301,0.26576,0.01386,0.00005,0.01281,-0.03668,-0.01445,0.21544,0.21059,0.16510,0.19613,0.22416,-1.23106,-1.08357,-1.41887,-1.19962,-1.11035,0.97269,1.04792,1.21054,1.25057,1.15038,-1.33664,-1.38467,-1.07827,-1.32151,-1.28277,0.05410,-0.10222,0.07111,0.08230,0.03490,-0.01406,-0.01185,-0.00869,-0.01442,-0.00988,0.00085,-0.00183,0.00026,0.00169,0.00375,-0.02383,-0.02500,-0.02585,-0.02412,-0.02741,0.03268,0.01557,-0.01353,-0.01304,0.00109,-0.03443,-0.00707,0.00658,-0.00785,-0.02873,-0.02332,-0.01116,0.01587,-0.03138,-0.00085,0.00170,0.00409,0.00456,0.00498,0.00249
581,252,milk on pink plate,robot_3cam,"robot demo
milk on plate",True,0.25317,0.20555,0.22614,0.26798,0.26712,0.01320,0.00857,0.02298,-0.03454,-0.01963,0.21000,0.19467,0.15702,0.18780,0.22013,-1.23062,-1.11546,-1.43280,-1.22505,-1.08095,0.97243,1.04229,1.19287,1.24460,1.13620,-1.34204,-1.34799,-1.07471,-1.30790,-1.35425,0.05410,-0.08512,0.07604,0.08097,0.05341,-0.01163,-0.01104,-0.00872,-0.01314,-0.00980,0.00042,-0.00131,0.00091,0.00248,0.00269,-0.02506,-0.02191,-0.02627,-0.02055,-0.02632,0.02068,0.01747,-0.01492,-0.02450,0.02010,-0.02065,-0.00965,0.00675,0.00117,-0.03358,-0.01531,-0.01564,0.01559,-0.02415,-0.01081,0.00195,0.00507,0.00404,0.00591,-0.00603
581,253,milk on pink plate,robot_3cam,"robot demo
milk on plate",True,0.25180,0.20898,0.23079,0.27009,0.27088,0.01283,0.00422,0.03569,-0.03222,-0.01223,0.20533,0.19385,0.14935,0.18786,0.21401,-1.22518,-1.12346,-1.49355,-1.21642,-1.17563,0.96735,1.06241,1.20134,1.26375,1.12649,-1.34831,-1.33637,-1.01935,-1.29263,-1.31869,0.05410,-0.08186,0.08591,0.08004,0.02875,-0.00937,-0.01049,-0.00613,-0.01239,-0.00565,-0.00001,-0.00128,0.00021,0.00201,0.00328,-0.02592,-0.02390,-0.02990,-0.02216,-0.02966,0.00723,0.01315,-0.02481,-0.02447,0.00258,-0.00551,-0.00632,0.01861,0.00454,-0.02722,-0.00631,-0.00986,0.02741,-0.02197,0.00145,0.00243,0.00530,0.00681,0.00790,-0.00002
581,254,milk on pink plate,robot_3cam,"robot demo
milk on plate",True,0.25052,0.21083,0.23343,0.26791,0.26660,0.01255,0.00115,0.03757,-0.03315,-0.01177,0.20179,0.19850,0.13586,0.19442,0.20011,-1.21975,-1.11910,-1.51297,-1.19295,-1.23424,0.96424,1.07064,1.21502,1.24125,1.13614,-1.35242,-1.34099,-0.99295,-1.30468,-1.32962,0.05410,-0.08078,0.10869,0.08132,0.03744,-0.00747,-0.01094,-0.00710,-0.01281,-0.00606,0.00001,-0.00077,0.00084,0.00179,0.00189,-0.02614,-0.02335,-0.02873,-0.02214,-0.02816,-0.00550,0.01344,-0.02215,-0.01767,0.00220,0.00664,-0.00850,0.01409,-0.00123,-0.01852,0.00353,-0.01040,0.02318,-0.02476,0.00434,0.00252,0.00467,0.00589,0.00723,-0.00334
581,255,milk on pink plate,robot_3cam,"robot demo
milk on plate",True,0.24922,0.22046,0.23818,0.26781,0.26533,0.01228,0.00100,0.03361,-0.02768,-0.01019,0.19659,0.19366,0.12379,0.19555,0.18566,-1.22970,-1.17860,-1.54238,-1.19520,-1.24362,0.97527,1.11745,1.24677,1.23565,1.14083,-1.34650,-1.28159,-0.94345,-1.30476,-1.29087,0.05574,-0.04430,0.13142,0.08196,0.04371,-0.00565,-0.01126,-0.00741,-0.01228,-0.00448,0.00003,-0.00015,-0.00012,0.00111,0.00400,-0.02655,-0.02307,-0.02928,-0.02150,-0.02812,-0.02253,0.01117,-0.02118,-0.01791,-0.03398,0.02334,-0.00962,0.01477,-0.00004,-0.00184,0.01699,-0.00762,0.02300,-0.02380,0.02954,0.00243,0.00380,0.00714,0.00763,0.00560
581,256,milk on pink plate,robot_3cam,"robot demo
milk on plate",True,0.24896,0.22767,0.23964,0.26545,0.26587,0.01267,0.00618,0.01895,-0.01752,-0.01404,0.19012,0.18607,0.12587,0.19433,0.17798,-1.24714,-1.22416,-1.51272,-1.20223,-1.28658,0.99305,1.13520,1.26967,1.18080,1.17757,-1.33044,-1.23623,-0.95306,-1.31585,-1.26436,0.05574,-0.01576,0.12827,0.06329,0.03336,-0.00432,-0.01201,-0.00882,-0.01158,-0.00673,0.00006,0.00374,0.00038,0.00289,0.00168,-0.02641,-0.01849,-0.03037,-0.01611,-0.02686,-0.03718,0.00978,-0.02041,-0.01166,-0.02713,0.03691,-0.02181,0.01029,-0.00978,0.00817,0.02791,-0.01095,0.02424,-0.01739,0.02604,0.00179,0.00274,0.00690,0.00331,0.00389
581,257,milk on pink plate,robot_3cam,"robot demo
milk on plate",True,0.24927,0.23476,0.24632,0.26584,0.26564,0.01381,-0.00410,0.01137,-0.02036,-0.01389,0.18706,0.17547,0.11804,0.18355,0.17455,-1.25816,-1.25006,-1.53431,-1.19265,-1.29139,0.99829,1.18986,1.31157,1.21037,1.20331,-1.32060,-1.19811,-0.91986,-1.31655,-1.26076,0.05574,0.01381,0.15202,0.03587,0.05706,-0.00357,-0.01132,-0.00773,-0.01011,-0.00616,0.00054,0.00257,0.00009,0.00249,0.00167,-0.02485,-0.01897,-0.02862,-0.01551,-0.02416,-0.04543,0.00878,-0.02046,-0.02474,-0.02990,0.04344,-0.01806,0.01091,0.00374,0.00962,0.03717,-0.00794,0.02442,-0.01377,0.02853,0.00146,0.00261,0.00626,0.00412,0.00724
581,258,milk on pink plate,robot_3cam,"robot demo
milk on plate",True,0.24969,0.23771,0.25474,0.26457,0.26313,0.01419,-0.00745,-0.00835,-0.02254,-0.01572,0.18284,0.16103,0.11117,0.17135,0.16404,-1.27164,-1.27405,-1.52395,-1.24045,-1.33232,1.00901,1.22146,1.37415,1.22540,1.22295,-1.31068,-1.16402,-0.91057,-1.31888,-1.27115,0.05574,0.03662,0.17543,0.02870,0.06963,-0.00261,-0.00950,-0.00636,-0.00787,-0.00574,0.00133,0.00118,0.00063,0.00238,0.00090,-0.02228,-0.01840,-0.02543,-0.01472,-0.01747,-0.04959,0.00802,-0.02049,-0.03442,-0.01399,0.04347,-0.01271,0.00844,0.01617,0.00643,0.04331,-0.00650,0.02499,-0.00604,0.02404,0.00081,0.00339,0.00400,0.00503,0.00079
581,259,milk on pink plate,robot_3cam,"robot demo
milk on plate",True,0.25019,0.24434,0.26193,0.26627,0.26897,0.01457,-0.01432,-0.02102,-0.01908,-0.00679,0.17670,0.15524,0.11089,0.16643,0.15849,-1.28792,-1.28973,-1.52305,-1.28019,-1.36421,1.02748,1.25821,1.41346,1.23199,1.26563,-1.29316,-1.14059,-0.89246,-1.30510,-1.23325,0.05410,0.05207,0.19693,0.01806,0.07300,-0.00216,-0.00838,-0.00875,-0.00657,-0.00794,0.00182,0.00269,0.00133,0.00299,0.00065,-0.01980,-0.01774,-0.02202,-0.01361,-0.01466,-0.05025,0.00244,-0.01180,-0.03615,-0.01152,0.04105,-0.01333,-0.00304,0.01628,0.00594,0.04523,-0.00180,0.01575,-0.00066,0.02378,0.00057,0.00322,0.00210,0.00563,-0.00599
581,260,milk on pink plate,robot_3cam,"robot demo
milk on plate",True,0.25058,0.24881,0.26183,0.26279,0.26284,0.01524,-0.02179,-0.03040,-0.01750,-0.01369,0.16900,0.14672,0.11739,0.16419,0.16431,-1.30831,-1.29500,-1.48180,-1.29706,-1.29958,1.04986,1.28841,1.41504,1.22673,1.23991,-1.27000,-1.12587,-0.93146,-1.31205,-1.26564,0.05410,0.06525,0.19502,0.03161,0.04439,-0.00181,-0.00664,-0.00908,-0.00527,-0.00727,0.00214,0.00309,0.00116,0.00338,0.00317,-0.01569,-0.01591,-0.01589,-0.01198,-0.01089,-0.04362,-0.00022,-0.00224,-0.04331,-0.01402,0.03256,-0.01228,-0.01019,0.02045,-0.00642,0.04075,-0.00020,0.00397,0.00650,0.02242,-0.00008,0.00338,0.00021,0.00510,-0.01049
581,261,milk on pink plate,robot_3cam,"robot demo
milk on plate",False,,,,,,,,,,,,,,,,,,,,,,,,,,,,,,,,,,,,,,,,,,,,,,,,,,,,,,,,,,,,,,,,,,,,,,
581,262,milk on pink plate,robot_3cam,"robot demo
milk on plate",False,,,,,,,,,,,,,,,,,,,,,,,,,,,,,,,,,,,,,,,,,,,,,,,,,,,,,,,,,,,,,,,,,,,,,,
581,263,milk on pink plate,robot_3cam,"robot demo
milk on plate",False,,,,,,,,,,,,,,,,,,,,,,,,,,,,,,,,,,,,,,,,,,,,,,,,,,,,,,,,,,,,,,,,,,,,,,
581,264,milk on pink plate,robot_3cam,"robot demo
milk on plate",False,,,,,,,,,,,,,,,,,,,,,,,,,,,,,,,,,,,,,,,,,,,,,,,,,,,,,,,,,,,,,,,,,,,,,,
581,265,milk on pink plate,robot_3cam,"robot demo
milk on plate",False,,,,,,,,,,,,,,,,,,,,,,,,,,,,,,,,,,,,,,,,,,,,,,,,,,,,,,,,,,,,,,,,,,,,,,
581,266,milk on pink plate,robot_3cam,"robot demo
milk on plate",False,,,,,,,,,,,,,,,,,,,,,,,,,,,,,,,,,,,,,,,,,,,,,,,,,,,,,,,,,,,,,,,,,,,,,,
581,267,milk on pink plate,robot_3cam,"robot demo
milk on plate",False,,,,,,,,,,,,,,,,,,,,,,,,,,,,,,,,,,,,,,,,,,,,,,,,,,,,,,,,,,,,,,,,,,,,,,
581,268,milk on pink plate,robot_3cam,"robot demo
milk on plate",False,,,,,,,,,,,,,,,,,,,,,,,,,,,,,,,,,,,,,,,,,,,,,,,,,,,,,,,,,,,,,,,,,,,,,,
581,269,milk on pink plate,robot_3cam,"robot demo
milk on plate",False,,,,,,,,,,,,,,,,,,,,,,,,,,,,,,,,,,,,,,,,,,,,,,,,,,,,,,,,,,,,,,,,,,,,,,
1621,0,milk on pink plate,video_2cam,"human video
milk on plate",True,,0.23420,0.28568,0.25243,0.25771,,-0.10950,-0.09385,-0.10513,-0.04559,,0.17127,0.13390,0.10813,0.20632,,-0.78269,-1.38777,-1.50735,-1.65036,,1.18813,1.53465,2.01669,1.28637,,-1.50521,-0.89196,-0.83761,-1.04177,,-0.17785,0.18591,0.23654,0.26837,,0.00458,-0.00633,0.00061,0.00139,,0.00858,-0.00511,0.00786,0.00688,,-0.00292,-0.00233,-0.00106,-0.00901,,0.00066,0.02094,-0.04496,0.04738,,-0.01811,-0.01135,-0.01077,-0.06743,,-0.01343,-0.00982,0.03241,0.04691,,0.01356,0.01279,-0.00448,0.09949
1621,1,milk on pink plate,video_2cam,"human video
milk on plate",True,,0.23378,0.28651,0.25719,0.26083,,-0.11011,-0.09468,-0.09394,-0.04844,,0.17269,0.13674,0.11835,0.21390,,-0.78033,-1.38784,-1.52818,-1.66295,,1.18883,1.53727,1.97947,1.24481,,-1.51109,-0.89101,-0.87277,-1.06266,,-0.18008,0.18190,0.22104,0.29282,,0.00483,-0.00632,0.00020,0.00162,,0.00866,-0.00489,0.00821,0.00686,,-0.00355,-0.00353,-0.00094,-0.01059,,-0.00134,0.01899,-0.04089,0.03516,,-0.01691,-0.01060,-0.01123,-0.05857,,-0.01126,-0.00681,0.03142,0.05312,,0.01329,0.01315,-0.00337,0.10606
1621,2,milk on pink plate,video_2cam,"human video
milk on plate",True,,0.23558,0.28985,0.25767,0.25922,,-0.11300,-0.09519,-0.10610,-0.06044,,0.16725,0.12681,0.10708,0.18690,,-0.79267,-1.41056,-1.51817,-1.78310,,1.20912,1.55865,2.03792,1.41905,,-1.49288,-0.86555,-0.85497,-0.97675,,-0.16390,0.20233,0.18824,0.32829,,0.00527,-0.00554,0.00016,0.00003,,0.00672,-0.00486,0.00709,0.00418,,-0.00265,-0.00224,-0.00064,-0.00758,,0.00265,0.01864,-0.05156,0.04646,,-0.01380,-0.01014,-0.00674,-0.06402,,-0.01406,-0.00741,0.03247,0.04190,,0.01346,0.01229,-0.00479,0.11946
1621,3,milk on pink plate,video_2cam,"human video
milk on plate",True,,0.23947,0.28712,0.24978,0.25112,,-0.11612,-0.08265,-0.11412,-0.04229,,0.15787,0.10910,0.10913,0.14794,,-0.82537,-1.44371,-1.41448,-1.81244,,1.24824,1.54449,1.99232,1.67452,,-1.45357,-0.84261,-0.96372,-0.85760,,-0.12196,0.22461,0.09759,0.14502,,0.00636,-0.00384,0.00102,-0.00140,,0.00183,-0.00632,0.00410,-0.00197,,0.00284,0.00145,0.00172,-0.00465,,0.01678,0.02200,-0.06595,0.09947,,-0.00889,-0.00625,0.01446,-0.07267,,-0.02713,-0.01499,0.02166,0.00849,,0.01318,0.01216,-0.00473,0.11076
1621,4,milk on pink plate,video_2cam,"human video
milk on plate",True,,0.23873,0.28965,0.24855,0.25207,,-0.11650,-0.08056,-0.11723,-0.04621,,0.15675,0.10894,0.10680,0.15239,,-0.82142,-1.45526,-1.39382,-1.79295,,1.24781,1.54980,2.00567,1.66468,,-1.45510,-0.83369,-0.95766,-0.86905,,-0.12290,0.22939,0.09765,0.16718,,0.00690,-0.00322,0.00172,-0.00121,,0.00121,-0.00627,0.00368,-0.00169,,0.00311,0.00230,0.00156,-0.00361,,0.01759,0.02169,-0.07276,0.08556,,-0.00708,-0.00547,0.01960,-0.06264,,-0.02777,-0.01484,0.02111,0.01039,,0.01357,0.01216,-0.00528,0.11322
1621,5,milk on pink plate,video_2cam,"human video
milk on plate",True,,0.23765,0.28864,0.24731,0.25191,,-0.11948,-0.07952,-0.10936,-0.04199,,0.15606,0.10423,0.11409,0.14236,,-0.81289,-1.45738,-1.37324,-1.79912,,1.25276,1.54720,1.96569,1.75500,,-1.46181,-0.82815,-0.99673,-0.83560,,-0.12157,0.23264,0.07670,0.10444,,0.00748,-0.00304,0.00173,-0.00097,,-0.00035,-0.00694,0.00312,-0.00295,,0.00351,0.00279,0.00148,-0.00358,,0.02006,0.02295,-0.08580,0.09862,,-0.00384,-0.00438,0.03408,-0.06467,,-0.02942,-0.01659,0.02117,0.00254,,0.01364,0.01280,-0.00563,0.12168
1621,6,milk on pink plate,video_2cam,"human video
milk on plate",True,,0.23690,0.28617,0.23854,0.24877,,-0.11908,-0.08241,-0.10026,-0.04366,,0.15982,0.11019,0.12731,0.14510,,-0.80801,-1.43553,-1.35250,-1.79505,,1.24696,1.53616,1.87064,1.73027,,-1.46875,-0.85152,-1.05497,-0.82813,,-0.11763,0.22687,0.08473,0.13047,,0.00585,-0.00412,0.00138,-0.00025,,-0.00076,-0.00707,0.00213,0.00071,,0.00548,0.00514,0.00197,0.00066,,0.02701,0.02895,-0.08256,0.13002,,-0.00872,-0.00924,0.03720,-0.10588,,-0.03684,-0.02390,0.01587,-0.00499,,0.01274,0.01187,-0.00613,0.09524
1621,7,milk on pink plate,video_2cam,"human video
milk on plate",True,,0.23844,0.28406,0.23077,0.24523,,-0.11661,-0.07828,-0.09515,-0.04052,,0.16100,0.11138,0.13640,0.14236,,-0.82161,-1.43239,-1.31342,-1.72973,,1.24813,1.52015,1.76739,1.79355,,-1.45903,-0.86127,-1.08518,-0.81521,,-0.11146,0.22432,0.09849,0.08386,,0.00613,-0.00369,0.00270,0.00153,,-0.00142,-0.00790,0.00120,0.00005,,0.00704,0.00735,0.00244,0.00154,,0.02954,0.03240,-0.07980,0.15597,,-0.00821,-0.00858,0.03821,-0.12326,,-0.03964,-0.02887,0.01202,-0.01287,,0.01257,0.01210,-0.00337,0.07765
1621,8,milk on pink plate,video_2cam,"human video
milk on plate",True,,0.23951,0.28520,0.21960,0.24973,,-0.11625,-0.08204,-0.09781,-0.04939,,0.16024,0.11209,0.13681,0.14125,,-0.83025,-1.43213,-1.24494,-1.75241,,1.25421,1.52992,1.70350,1.83218,,-1.44817,-0.85859,-1.06909,-0.79946,,-0.10470,0.22810,0.10803,0.10739,,0.00693,-0.00356,0.00455,0.00145,,-0.00333,-0.00821,-0.00184,-0.00002,,0.00834,0.00829,0.00248,0.00240,,0.03374,0.03374,-0.07685,0.16971,,-0.00453,-0.00903,0.04466,-0.13857,,-0.04308,-0.03028,0.00290,-0.01469,,0.01305,0.01177,-0.00099,0.07898
1621,9,milk on pink plate,video_2cam,"human video
milk on plate",True,,0.23857,0.27880,0.21924,0.23997,,-0.11658,-0.07510,-0.08484,-0.03111,,0.16402,0.11261,0.15533,0.13454,,-0.82385,-1.41816,-1.22440,-1.72517,,1.25165,1.49455,1.60175,1.84501,,-1.45835,-0.88173,-1.11851,-0.77131,,-0.10507,0.21912,0.06866,0.06782,,0.00729,-0.00391,0.00517,0.00249,,-0.00464,-0.00915,-0.00315,0.00029,,0.00986,0.01014,0.00256,0.00310,,0.03751,0.03876,-0.07020,0.19452,,-0.00294,-0.00948,0.04825,-0.14899,,-0.04680,-0.03756,0.00071,-0.02036,,0.01272,0.01208,-0.00018,0.04278
1621,10,milk on pink plate,video_2cam,"human video
milk on plate",True,,0.23636,0.27461,0.21821,0.23351,,-0.11507,-0.06740,-0.07722,-0.02151,,0.17120,0.11697,0.17338,0.13896,,-0.80532,-1.40919,-1.24765,-1.68110,,1.23270,1.46242,1.57643,1.79626,,-1.48054,-0.90566,-1.15620,-0.77744,,-0.10893,0.21124,0.04976,0.03465,,0.00602,-0.00296,0.00520,0.00388,,-0.00490,-0.01041,-0.00486,-0.00026,,0.01382,0.01427,0.00392,0.00686,,0.04652,0.04452,-0.06289,0.22169,,-0.00929,-0.00829,0.05162,-0.15896,,-0.05772,-0.04608,-0.00502,-0.03508,,0.01182,0.01225,0.00084,0.02152
1621,11,milk on pink plate,video_2cam,"human video
milk on plate",True,,0.23483,0.27304,0.22422,0.24655,,-0.11625,-0.06105,-0.07055,-0.02398,,0.17674,0.11095,0.19277,0.13158,,-0.78662,-1.42665,-1.25724,-1.69312,,1.22250,1.45250,1.57027,1.95469,,-1.50345,-0.89256,-1.20755,-0.74623,,-0.11892,0.21902,-0.01510,0.04732,,0.00729,-0.00172,0.00695,0.00365,,-0.00620,-0.01205,-0.00615,-0.00777,,0.01596,0.01653,0.00459,0.00615,,0.04951,0.04728,-0.06369,0.24925,,-0.00639,-0.00431,0.05948,-0.13951,,-0.06125,-0.05070,-0.00941,-0.04844,,0.01181,0.01314,0.00686,0.02151
1621,12,milk on pink plate,video_2cam,"human video
milk on plate",True,,0.23581,0.26981,0.22669,0.23753,,-0.11123,-0.05768,-0.06981,-0.01638,,0.17893,0.11718,0.19916,0.13520,,-0.80195,-1.41054,-1.24376,-1.66179,,1.21671,1.42863,1.54536,1.86571,,-1.49493,-0.91762,-1.22431,-0.75585,,-0.11268,0.21004,-0.01784,0.01768,,0.00694,-0.00251,0.00756,0.00480,,-0.00599,-0.01199,-0.00701,-0.00466,,0.01812,0.01868,0.00617,0.01073,,0.05230,0.05223,-0.05915,0.26216,,-0.00921,-0.00800,0.06089,-0.15302,,-0.06531,-0.05733,-0.01723,-0.05952,,0.01127,0.01252,0.00796,0.00045
1621,13,milk on pink plate,video_2cam,"human video
milk on plate",True,,0.23445,0.26510,0.23440,0.22817,,-0.10791,-0.05087,-0.06605,-0.00357,,0.18749,0.12332,0.20918,0.13986,,-0.78911,-1.39367,-1.28763,-1.58226,,1.19325,1.39485,1.52944,1.76279,,-1.51814,-0.94915,-1.20035,-0.77352,,-0.12310,0.19708,-0.01007,-0.01783,,0.00552,-0.00257,0.00697,0.00602,,-0.00404,-0.01222,-0.00449,-0.00601,,0.02022,0.02086,0.00847,0.01349,,0.05393,0.05607,-0.04741,0.26300,,-0.01736,-0.00911,0.05125,-0.13970,,-0.06954,-0.06314,-0.01734,-0.06935,,0.01000,0.01221,0.00937,-0.00919
1621,14,milk on pink plate,video_2cam,"human video
milk on plate",True,,0.23450,0.26686,0.24078,0.23010,,-0.10999,-0.04069,-0.06752,-0.00893,,0.19096,0.12232,0.21332,0.13787,,-0.77136,-1.42429,-1.29228,-1.49021,,1.18719,1.38954,1.56118,1.77871,,-1.53745,-0.93812,-1.20126,-0.77527,,-0.13363,0.20676,-0.01923,-0.01136,,0.00734,-0.00066,0.00862,0.00697,,-0.00396,-0.01232,-0.00461,-0.01115,,0.02272,0.02328,0.00964,0.01536,,0.05341,0.05523,-0.04768,0.24211,,-0.01592,-0.00575,0.04809,-0.11528,,-0.07076,-0.06437,-0.01968,-0.08079,,0.01017,0.01131,0.01161,-0.00581
1621,15,milk on pink plate,video_2cam,"human video
milk on plate",True,,0.23015,0.27086,0.25106,0.23331,,-0.11335,-0.03755,-0.06391,-0.01185,,0.19631,0.12308,0.21957,0.13821,,-0.71654,-1.44949,-1.36580,-1.51175,,1.15622,1.40075,1.60072,1.74148,,-1.59165,-0.91864,-1.19089,-0.75773,,-0.17359,0.21400,-0.02541,0.01607,,0.01004,0.00006,0.01108,0.00738,,-0.00246,-0.01173,-0.00239,-0.00967,,0.02311,0.02298,0.00868,0.01598,,0.04656,0.05224,-0.06503,0.22158,,-0.01328,-0.00439,0.04431,-0.11899,,-0.06625,-0.06104,-0.00828,-0.07595,,0.01131,0.01097,0.01325,-0.00456
1621,16,milk on pink plate,video_2cam,"human video
milk on plate",True,,0.22224,0.26953,0.25891,0.23621,,-0.11046,-0.03557,-0.06617,-0.00596,,0.20628,0.13445,0.22711,0.15272,,-0.65399,-1.43150,-1.42419,-1.43190,,1.09716,1.38276,1.65219,1.61921,,-1.65886,-0.94647,-1.16559,-0.81221,,-0.22360,0.19711,-0.01334,0.01442,,0.01127,0.00012,0.01311,0.00964,,-0.00041,-0.01141,-0.00033,-0.00780,,0.02375,0.02347,0.00870,0.01902,,0.04272,0.05263,-0.06513,0.21422,,-0.01499,-0.00489,0.02792,-0.11364,,-0.06554,-0.06125,0.00125,-0.07644,,0.01229,0.01096,0.01317,-0.02091
1621,17,milk on pink plate,video_2cam,"human video
milk on plate",True,,0.21777,0.27041,0.26897,0.23637,,-0.11169,-0.03312,-0.06770,-0.00715,,0.21600,0.13235,0.23145,0.15049,,-0.60163,-1.44151,-1.49661,-1.41087,,1.05920,1.38452,1.71047,1.64734,,-1.71703,-0.94052,-1.11758,-0.80278,,-0.26384,0.20208,-0.01607,0.01924,,0.01242,0.00101,0.01364,0.01061,,0.00206,-0.01173,0.00265,-0.01195,,0.02405,0.02438,0.00918,0.01859,,0.03659,0.05229,-0.06847,0.21362,,-0.01700,-0.00292,0.01139,-0.09671,,-0.06219,-0.06149,0.01229,-0.08327,,0.01248,0.01089,0.01359,-0.02334
1621,18,milk on pink plate,video_2cam,"human video
milk on plate",True,,0.21776,0.26935,0.28061,0.23482,,-0.10924,-0.02621,-0.06777,-0.00683,,0.22028,0.13508,0.23134,0.15359,,-0.59023,-1.44544,-1.55927,-1.32715,,1.04053,1.36830,1.76194,1.57937,,-1.73373,-0.94969,-1.07816,-0.84038,,-0.28217,0.19905,-0.01397,0.01792,,0.01351,0.00073,0.01365,0.01082,,0.00452,-0.01082,0.00438,-0.00930,,0.02471,0.02478,0.01017,0.02116,,0.03038,0.05230,-0.05767,0.19589,,-0.01908,-0.00475,-0.00748,-0.09542,,-0.05855,-0.06263,0.01747,-0.08490,,0.01269,0.00996,0.01147,-0.03503
1621,19,milk on pink plate,video_2cam,"human video
milk on plate",True,,0.21602,0.27166,0.28410,0.24189,,-0.09997,-0.02181,-0.06948,-0.00660,,0.22444,0.13834,0.23083,0.15419,,-0.59136,-1.45679,-1.59519,-1.32055,,1.00789,1.36445,1.78561,1.56638,,-1.74111,-0.94116,-1.05140,-0.83533,,-0.29867,0.20304,0.00888,0.05075,,0.01299,-0.00133,0.01193,0.01092,,0.00747,-0.00952,0.00644,-0.00128,,0.02445,0.02509,0.01135,0.02568,,0.02566,0.05556,-0.03611,0.18320,,-0.02447,-0.01178,-0.03372,-0.12410,,-0.05629,-0.06649,0.01124,-0.07862,,0.01284,0.00917,0.00359,-0.04608
1621,20,milk on pink plate,video_2cam,"human video
milk on plate",True,,0.21651,0.27281,0.29007,0.24859,,-0.08965,-0.01623,-0.06951,-0.01344,,0.22888,0.13691,0.23821,0.15061,,-0.61308,-1.47470,-1.58383,-1.27056,,0.98771,1.36095,1.76834,1.62712,,-1.73259,-0.93260,-1.05578,-0.82918,,-0.30172,0.21424,0.00720,0.06109,,0.01342,-0.00116,0.01217,0.01289,,0.00829,-0.00959,0.00686,-0.00085,,0.02586,0.02818,0.01340,0.03084,,0.02470,0.05951,-0.01026,0.18874,,-0.02545,-0.01376,-0.04846,-0.13309,,-0.05701,-0.07279,0.00115,-0.09458,,0.01276,0.00811,0.00123,-0.04906
1621,21,milk on pink plate,video_2cam,"human video
milk on plate",True,,0.21303,0.27491,0.28600,0.25579,,-0.08176,-0.00900,-0.06329,-0.02286,,0.23809,0.13898,0.25152,0.16126,,-0.60523,-1.49759,-1.52435,-1.21505,,0.95567,1.35792,1.71244,1.58654,,-1.75309,-0.92568,-1.06131,-0.90091,,-0.32095,0.22129,-0.03791,0.06104,,0.01425,-0.00046,0.01398,0.01435,,0.00825,-0.00890,0.00539,0.00262,,0.02612,0.02997,0.01264,0.03546,,0.02379,0.05943,0.00101,0.16474,,-0.02325,-0.01421,-0.03857,-0.13657,,-0.05690,-0.07428,0.00174,-0.10451,,0.01303,0.00675,-0.00175,-0.05246
1621,22,milk on pink plate,video_2cam,"human video
milk on plate",True,,0.21251,0.27287,0.28498,0.25914,,-0.07510,-0.00805,-0.06290,-0.01916,,0.24020,0.14480,0.25491,0.16743,,-0.61783,-1.48217,-1.49867,-1.22361,,0.94220,1.34335,1.69230,1.54708,,-1.74700,-0.94637,-1.07453,-0.91796,,-0.32234,0.21080,-0.05034,0.02471,,0.01429,-0.00038,0.01431,0.01418,,0.00824,-0.00910,0.00403,0.00329,,0.02660,0.03091,0.01270,0.03786,,0.02447,0.06104,0.00837,0.16111,,-0.02319,-0.01442,-0.03242,-0.13825,,-0.05804,-0.07625,-0.00223,-0.10742,,0.01317,0.00683,-0.00241,-0.05225
1621,23,milk on pink plate,video_2cam,"human video
milk on plate",True,,0.20926,0.27853,0.28534,0.25966,,-0.06408,-0.01589,-0.06342,-0.04067,,0.24345,0.14275,0.25658,0.16621,,-0.62384,-1.49355,-1.45498,-1.17015,,0.90944,1.37665,1.69476,1.63815,,-1.75009,-0.92644,-1.08004,-0.92720,,-0.33434,0.22798,-0.08088,0.05344,,0.01512,0.00059,0.01584,0.01477,,0.00800,-0.00981,0.00146,0.00127,,0.02740,0.03387,0.01172,0.03942,,0.02509,0.06365,0.01290,0.16613,,-0.02136,-0.01458,-0.01706,-0.14536,,-0.05967,-0.07912,-0.00433,-0.10439,,0.01398,0.00624,-0.00169,-0.05710
1621,24,milk on pink plate,video_2cam,"human video
milk on plate",True,,0.20553,0.27737,0.28444,0.26192,,-0.05440,-0.01593,-0.06305,-0.04719,,0.24948,0.14752,0.25940,0.17468,,-0.62090,-1.48233,-1.42269,-1.13919,,0.87361,1.36809,1.68648,1.60459,,-1.76397,-0.94343,-1.07654,-0.98455,,-0.34906,0.22308,-0.10606,0.01520,,0.01568,0.00059,0.01595,0.01464,,0.00764,-0.00972,-0.00071,0.00358,,0.02892,0.03555,0.01254,0.04236,,0.02741,0.06596,0.02594,0.15337,,-0.02068,-0.01625,-0.01129,-0.14861,,-0.06328,-0.08232,-0.01220,-0.10698,,0.01438,0.00553,0.00028,-0.05394
1621,25,milk on pink plate,video_2cam,"human video
milk on plate",True,,0.20115,0.28181,0.28324,0.26122,,-0.03354,-0.02094,-0.05789,-0.05441,,0.26582,0.14797,0.26290,0.17406,,-0.63880,-1.48386,-1.36334,-1.11529,,0.81666,1.38814,1.65875,1.65021,,-1.77213,-0.93184,-1.06968,-0.97630,,-0.36925,0.22824,-0.14214,0.05440,,0.01610,0.00017,0.01645,0.01328,,0.00670,-0.00933,-0.00626,0.00545,,0.03002,0.03551,0.01527,0.04187,,0.03054,0.06619,0.04667,0.14250,,-0.01779,-0.01836,0.01478,-0.15465,,-0.06720,-0.08138,-0.02885,-0.09327,,0.01476,0.00569,-0.00348,-0.05558
1621,26,milk on pink plate,video_2cam,"human video
milk on plate",True,,0.20320,0.28055,0.27915,0.26967,,-0.02882,-0.02414,-0.05825,-0.04409,,0.26564,0.15238,0.25898,0.17442,,-0.67651,-1.46707,-1.30988,-1.12834,,0.83062,1.38244,1.61523,1.68091,,-1.73904,-0.94287,-1.10315,-0.91401,,-0.34740,0.21995,-0.12420,0.02516,,0.01536,0.00015,0.01679,0.01275,,0.00432,-0.01057,-0.01008,-0.00197,,0.02984,0.03658,0.01733,0.04329,,0.03597,0.06965,0.04213,0.17748,,-0.01471,-0.01770,0.03074,-0.14692,,-0.07037,-0.08453,-0.03491,-0.10171,,0.01444,0.00693,-0.00474,-0.06235
1621,27,milk on pink plate,video_2cam,"human video
milk on plate",True,,0.20151,0.28312,0.27993,0.27299,,-0.01816,-0.01529,-0.05815,-0.03878,,0.26843,0.15350,0.25623,0.17128,,-0.70224,-1.49648,-1.28334,-1.19518,,0.81376,1.37929,1.57008,1.67361,,-1.72028,-0.92396,-1.13233,-0.85906,,-0.34213,0.22274,-0.10787,0.04070,,0.01412,0.00109,0.01720,0.01386,,0.00256,-0.01048,-0.01181,-0.00739,,0.02928,0.03598,0.02058,0.04203,,0.04191,0.06662,0.03774,0.17931,,-0.01349,-0.01424,0.03851,-0.12993,,-0.07474,-0.08135,-0.04400,-0.11123,,0.01473,0.00752,-0.00801,-0.06233
1621,28,milk on pink plate,video_2cam,"human video
milk on plate",True,,0.20145,0.28406,0.27758,0.26547,,-0.01370,-0.01158,-0.06034,-0.04152,,0.27351,0.15660,0.26215,0.16844,,-0.72120,-1.51175,-1.22020,-1.26103,,0.81183,1.37935,1.48741,1.64096,,-1.70644,-0.91867,-1.18587,-0.83870,,-0.33584,0.21899,-0.10182,0.09489,,0.01265,0.00286,0.01618,0.01528,,0.00033,-0.01049,-0.01136,-0.01157,,0.02762,0.03473,0.02396,0.03910,,0.04736,0.06096,0.02295,0.17376,,-0.01090,-0.00834,0.03605,-0.10528,,-0.07727,-0.07484,-0.04964,-0.11179,,0.01460,0.00788,-0.01255,-0.06559
1621,29,milk on pink plate,video_2cam,"human video
milk on plate",True,,0.20435,0.28853,0.27366,0.26442,,-0.00595,-0.02221,-0.05626,-0.05771,,0.27339,0.16457,0.26570,0.17196,,-0.76826,-1.50584,-1.16737,-1.32235,,0.82148,1.40646,1.41496,1.67342,,-1.66603,-0.91605,-1.22491,-0.81845,,-0.31373,0.21659,-0.09652,0.15015,,0.01082,0.00384,0.01390,0.01590,,-0.00005,-0.01104,-0.00999,-0.01537,,0.02669,0.03484,0.02653,0.03788,,0.04987,0.05953,0.01672,0.16635,,-0.01262,-0.00609,0.02679,-0.09787,,-0.07842,-0.07123,-0.05232,-0.09868,,0.01396,0.00829,-0.01850,-0.06620
1621,30,milk on pink plate,video_2cam,"human video
milk on plate",True,,0.20508,0.29476,0.26660,0.26412,,-0.00473,-0.02236,-0.05575,-0.07036,,0.26283,0.16478,0.25962,0.16889,,-0.79512,-1.53721,-1.17093,-1.39274,,0.83994,1.43252,1.42217,1.66920,,-1.63419,-0.88349,-1.24388,-0.77966,,-0.29222,0.22507,-0.07395,0.23149,,0.01031,0.00498,0.01521,0.01878,,-0.00068,-0.01076,-0.01089,-0.01462,,0.02565,0.03281,0.02266,0.03336,,0.05037,0.05351,0.01022,0.12527,,-0.01191,-0.00191,0.03963,-0.09021,,-0.07777,-0.06317,-0.04938,-0.07747,,0.01408,0.00882,-0.01476,-0.06540
1621,31,milk on pink plate,video_2cam,"human video
milk on plate",True,,0.20124,0.30234,0.26035,0.26411,,-0.00181,-0.02605,-0.05626,-0.09501,,0.26093,0.15998,0.25730,0.15170,,-0.78686,-1.57508,-1.17555,-1.44869,,0.82262,1.47267,1.41226,1.76538,,-1.64133,-0.83671,-1.24490,-0.69462,,-0.29830,0.24512,-0.04457,0.37489,,0.00969,0.00557,0.01563,0.02195,,-0.00133,-0.01075,-0.01140,-0.01484,,0.02493,0.03139,0.02103,0.03223,,0.05293,0.04972,0.00989,0.11546,,-0.01190,0.00031,0.04319,-0.11004,,-0.07984,-0.05773,-0.05117,-0.07127,,0.01455,0.00894,-0.01124,-0.05244
1621,32,milk on pink plate,video_2cam,"human video
milk on plate",True,,0.20625,0.30670,0.26142,0.26092,,-0.00617,-0.02878,-0.05937,-0.10331,,0.25579,0.15834,0.25930,0.13896,,-0.80509,-1.59955,-1.20146,-1.51809,,0.84859,1.49769,1.42059,1.79719,,-1.61791,-0.80982,-1.26690,-0.63116,,-0.28441,0.25911,-0.03883,0.38324,,0.00983,0.00549,0.01481,0.02213,,-0.00102,-0.01033,-0.01139,-0.01539,,0.02472,0.03075,0.02119,0.03203,,0.05100,0.04804,0.00614,0.11852,,-0.01185,-0.00030,0.04646,-0.12675,,-0.07745,-0.05553,-0.05469,-0.07446,,0.01443,0.00806,-0.00656,-0.04435
1621,33,milk on pink plate,video_2cam,"human video
milk on plate",True,,0.20206,0.31247,0.25838,0.26745,,0.00201,-0.03186,-0.04930,-0.11145,,0.24745,0.15023,0.25160,0.11518,,-0.81435,-1.63850,-1.21360,-1.59226,,0.82745,1.53300,1.40579,1.85142,,-1.61074,-0.75915,-1.24809,-0.52759,,-0.28504,0.28276,-0.01484,0.51259,,0.00999,0.00508,0.01650,0.02561,,-0.00077,-0.01056,-0.01217,-0.01654,,0.02448,0.02943,0.01767,0.03322,,0.05033,0.04694,0.02308,0.10990,,-0.01203,-0.00021,0.05291,-0.13466,,-0.07768,-0.05356,-0.05838,-0.09308,,0.01513,0.00810,-0.00005,-0.01915
1621,34,milk on pink plate,video_2cam,"human video
milk on plate",True,,0.19966,0.31904,0.25551,0.28353,,0.00456,-0.03272,-0.04447,-0.09828,,0.23365,0.13636,0.24266,0.10376,,-0.81910,-1.68388,-1.23319,-1.75238,,0.82285,1.57063,1.41542,1.77083,,-1.59666,-0.69564,-1.23441,-0.46476,,-0.28092,0.30627,0.00458,0.64592,,0.00994,0.00443,0.01786,0.02400,,0.00040,-0.01008,-0.01232,-0.02243,,0.02362,0.02513,0.01154,0.02238,,0.04771,0.04129,0.02499,0.07265,,-0.01406,0.00121,0.06144,-0.09956,,-0.07594,-0.04553,-0.05497,-0.06951,,0.01611,0.00925,0.00933,-0.00127
1621,35,milk on pink plate,video_2cam,"human video
milk on plate",True,,0.19741,0.32393,0.25413,0.30202,,0.00519,-0.03607,-0.04652,-0.07164,,0.22196,0.13280,0.23536,0.11077,,-0.81057,-1.70751,-1.27113,-2.01821,,0.81249,1.59693,1.42874,1.52437,,-1.59595,-0.65717,-1.21072,-0.43479,,-0.28877,0.31875,0.01645,0.63109,,0.00948,0.00159,0.01785,0.01702,,0.00384,-0.00838,-0.00849,-0.01743,,0.02140,0.02086,0.00522,0.01425,,0.03956,0.03897,0.02728,0.02232,,-0.01946,-0.00480,0.04877,-0.10168,,-0.06957,-0.04103,-0.03951,-0.01884,,0.01692,0.00899,0.01595,0.01001
1621,36,milk on pink plate,video_2cam,"human video
milk on plate",True,,0.19354,0.32504,0.26094,0.30334,,0.00744,-0.03760,-0.04081,-0.05762,,0.21455,0.12538,0.23165,0.10900,,-0.78201,-1.73056,-1.37478,-2.01684,,0.78118,1.61482,1.42481,1.43425,,-1.62074,-0.62773,-1.16264,-0.45604,,-0.31957,0.33335,0.02818,0.66357,,0.01043,-0.00167,0.01768,0.00410,,0.00967,-0.00588,-0.00106,-0.00883,,0.01905,0.01577,0.00039,0.00485,,0.02361,0.03513,0.03358,-0.05781,,-0.02543,-0.01211,0.00269,-0.08659,,-0.05772,-0.03628,-0.01584,0.04516,,0.01804,0.00693,0.01891,0.02200
1621,37,milk on pink plate,video_2cam,"human video
milk on plate",True,,0.19320,0.32487,0.26888,0.33899,,0.00958,-0.03246,-0.03389,-0.03304,,0.21298,0.11688,0.23800,0.12361,,-0.78185,-1.76651,-1.39692,-2.04805,,0.77113,1.62045,1.37165,1.32983,,-1.62050,-0.58726,-1.17396,-0.62403,,-0.33812,0.33851,0.04839,0.56056,,0.00991,-0.00268,0.01490,-0.00009,,0.01362,-0.00507,0.00427,0.01473,,0.01291,0.00874,-0.00391,-0.00234,,0.00871,0.02626,0.01153,-0.19225,,-0.02700,-0.00877,-0.02383,-0.07326,,-0.04258,-0.02500,0.01717,0.10028,,0.01876,0.00808,0.01593,0.01714
1621,38,milk on pink plate,video_2cam,"human video
milk on plate",True,,0.19526,0.32023,0.27475,0.33846,,0.00430,-0.02884,-0.01828,-0.00052,,0.21839,0.11336,0.24845,0.13725,,-0.76696,-1.76236,-1.39774,-2.25809,,0.77335,1.60353,1.35868,1.32811,,-1.63498,-0.58510,-1.19994,-0.65985,,-0.35838,0.32456,0.12361,0.52601,,0.00799,-0.00572,0.01175,-0.00558,,0.01851,-0.00292,0.01073,0.02187,,0.00645,0.00030,-0.00722,-0.01159,,-0.00622,0.01841,-0.00832,-0.19891,,-0.03276,-0.01115,-0.05443,-0.06314,,-0.02717,-0.01431,0.04798,0.12965,,0.01823,0.00893,0.00865,0.01935
1621,39,milk on pink plate,video_2cam,"human video
milk on plate",True,,0.19315,0.31502,0.28321,0.32856,,-0.00128,-0.01722,-0.00529,-0.00906,,0.22784,0.10628,0.25406,0.12743,,-0.72519,-1.79215,-1.38125,-2.21317,,0.75654,1.58347,1.39661,1.55850,,-1.67971,-0.56114,-1.19085,-0.70605,,-0.40168,0.31404,0.15391,0.43105,,0.00884,-0.00600,0.01219,-0.00601,,0.02135,-0.00210,0.01393,0.02712,,-0.00052,-0.00934,-0.01540,-0.01795,,-0.02274,0.00453,-0.01794,-0.27180,,-0.02860,-0.00285,-0.05520,-0.04470,,-0.00934,0.00247,0.07327,0.15397,,0.01892,0.01092,0.00673,0.03634
1621,40,milk on pink plate,video_2cam,"human video
milk on plate",True,,0.18951,0.30278,0.28165,0.30843,,0.00059,0.00488,0.01942,-0.00793,,0.23575,0.10391,0.27239,0.11121,,-0.70470,-1.80577,-1.34338,-2.06088,,0.73155,1.51941,1.34543,1.68552,,-1.70769,-0.57418,-1.23605,-0.67848,,-0.43594,0.28462,0.14305,0.30722,,0.00850,-0.00530,0.01251,-0.00643,,0.02361,-0.00162,0.01703,0.02581,,-0.00787,-0.01822,-0.02311,-0.02491,,-0.03609,-0.00957,-0.03196,-0.23408,,-0.02554,0.00874,-0.05551,-0.02798,,0.00588,0.01780,0.08701,0.14735,,0.01951,0.01306,0.00659,0.03527
1621,41,milk on pink plate,video_2cam,"human video
milk on plate",True,,0.18556,0.29555,0.27107,0.30810,,0.00097,0.01347,0.03249,0.02074,,0.24566,0.09812,0.29505,0.11282,,-0.68241,-1.80584,-1.28134,-2.17106,,0.71102,1.48860,1.22877,1.65050,,-1.73492,-0.57715,-1.33262,-0.64227,,-0.46525,0.27002,0.13648,0.39042,,0.00806,-0.00443,0.01245,-0.00788,,0.02325,-0.00287,0.01602,0.02070,,-0.01437,-0.02232,-0.02961,-0.03070,,-0.04240,-0.01514,-0.03574,-0.17996,,-0.01925,0.01761,-0.04175,-0.01010,,0.01572,0.02430,0.08796,0.14500,,0.02024,0.01577,-0.00241,0.04330
1621,42,milk on pink plate,video_2cam,"human video
milk on plate",True,,0.17801,0.28975,0.26843,0.31280,,0.00531,0.01696,0.03896,0.05257,,0.25163,0.09993,0.30058,0.12755,,-0.64874,-1.78914,-1.27433,-2.36884,,0.66947,1.46201,1.18361,1.51062,,-1.77434,-0.59277,-1.35900,-0.65129,,-0.49858,0.24998,0.10612,0.41221,,0.00840,-0.00534,0.01286,-0.00998,,0.02316,-0.00316,0.01552,0.01528,,-0.01738,-0.02657,-0.03253,-0.03454,,-0.04559,-0.01829,-0.03984,-0.13943,,-0.01556,0.02025,-0.03759,-0.00420,,0.01961,0.02908,0.08628,0.13508,,0.02121,0.01768,-0.00407,0.03903
1621,43,milk on pink plate,video_2cam,"human video
milk on plate",True,,0.17091,0.28508,0.26614,0.31320,,0.00428,0.03461,0.04012,0.08473,,0.25782,0.09788,0.30566,0.13576,,-0.60559,-1.81321,-1.25229,-2.45950,,0.63810,1.42428,1.11860,1.45314,,-1.81828,-0.58813,-1.39521,-0.67497,,-0.53087,0.24358,0.09443,0.37652,,0.00856,-0.00525,0.01333,-0.01189,,0.02194,-0.00343,0.01384,0.00808,,-0.02090,-0.02897,-0.03493,-0.04006,,-0.04669,-0.02122,-0.03691,-0.10637,,-0.01018,0.02470,-0.03228,0.02117,,0.02279,0.03106,0.07709,0.13109,,0.02217,0.01871,-0.00374,0.03783
1621,44,milk on pink plate,video_2cam,"human video
milk on plate",True,,0.16716,0.28034,0.25798,0.31279,,0.00491,0.04124,0.03606,0.08139,,0.25743,0.09822,0.30562,0.14144,,-0.60262,-1.82196,-1.20367,-2.26737,,0.63520,1.40299,1.03470,1.43965,,-1.82134,-0.58516,-1.41884,-0.69701,,-0.53287,0.23426,0.08299,0.27649,,0.00851,-0.00607,0.01409,-0.01306,,0.01924,-0.00384,0.01123,0.00287,,-0.02387,-0.03303,-0.03734,-0.04629,,-0.04472,-0.02440,-0.04244,-0.09208,,-0.00305,0.02779,-0.01614,0.04154,,0.02411,0.03500,0.06543,0.12657,,0.02275,0.01978,-0.00409,0.03679
1621,45,milk on pink plate,video_2cam,"human video
milk on plate",True,,0.16391,0.28063,0.25237,0.31627,,0.01059,0.05438,0.02875,0.09273,,0.25448,0.09671,0.30320,0.13539,,-0.61456,-1.85407,-1.17001,-2.22106,,0.62620,1.38522,0.99153,1.44275,,-1.81191,-0.56116,-1.41870,-0.69543,,-0.53099,0.23866,0.07611,0.32116,,0.00925,-0.00637,0.01584,-0.01234,,0.01651,-0.00484,0.00841,0.00689,,-0.02511,-0.03308,-0.03990,-0.04718,,-0.04198,-0.02228,-0.05703,-0.10995,,0.00436,0.02969,0.00646,0.02958,,0.02350,0.03199,0.06413,0.13734,,0.02370,0.02132,0.00002,0.03836
1621,46,milk on pink plate,video_2cam,"human video
milk on plate",True,,0.16332,0.28173,0.25375,0.32429,,0.00799,0.05009,0.02782,0.09895,,0.25031,0.09543,0.29893,0.13382,,-0.61195,-1.84775,-1.17584,-2.24131,,0.63377,1.39544,0.98639,1.36901,,-1.80912,-0.55645,-1.40794,-0.71121,,-0.52923,0.23486,0.08374,0.36072,,0.00985,-0.00583,0.01643,-0.01095,,0.01542,-0.00550,0.00742,0.00581,,-0.02612,-0.03481,-0.04048,-0.04704,,-0.04215,-0.02497,-0.06256,-0.10406,,0.00816,0.03327,0.01473,0.02706,,0.02492,0.03669,0.06122,0.13120,,0.02427,0.02296,0.00138,0.04037
1621,47,milk on pink plate,video_2cam,"human video
milk on plate",True,,0.16832,0.28235,0.24998,0.32613,,0.00189,0.05634,0.02435,0.11211,,0.24292,0.09557,0.29396,0.12825,,-0.63945,-1.85933,-1.17663,-2.22117,,0.67640,1.38698,0.95284,1.30975,,-1.77410,-0.54692,-1.41263,-0.70438,,-0.50756,0.23171,0.11825,0.37066,,0.01102,-0.00560,0.01860,-0.00977,,0.01329,-0.00587,0.00563,0.00672,,-0.02817,-0.03598,-0.04203,-0.04704,,-0.04401,-0.02639,-0.08222,-0.10459,,0.01640,0.03601,0.04127,0.01923,,0.02999,0.03877,0.06291,0.12756,,0.02471,0.02446,0.00308,0.03973
1621,48,milk on pink plate,video_2cam,"human video
milk on plate",True,,0.16914,0.28593,0.24683,0.34019,,0.00442,0.03774,0.01612,0.10334,,0.23778,0.09392,0.28333,0.12951,,-0.66679,-1.83947,-1.18623,-2.23641,,0.69134,1.43010,0.96077,1.24434,,-1.74602,-0.54079,-1.38633,-0.75067,,-0.49691,0.22888,0.15295,0.37285,,0.01268,-0.00334,0.02024,-0.00667,,0.01078,-0.00731,0.00276,0.00339,,-0.03041,-0.03811,-0.04489,-0.04717,,-0.04563,-0.03262,-0.09755,-0.09264,,0.02671,0.04418,0.06602,0.03408,,0.03447,0.04918,0.06246,0.11093,,0.02583,0.02651,-0.00253,0.05410
1621,49,milk on pink plate,video_2cam,"human video
milk on plate",True,,0.16951,0.29050,0.24628,0.34809,,0.01061,0.02387,0.01391,0.09316,,0.23268,0.09685,0.27883,0.13135,,-0.69691,-1.81459,-1.17692,-2.21585,,0.69447,1.46063,0.96057,1.27593,,-1.71764,-0.54982,-1.37630,-0.77543,,-0.48176,0.22791,0.15251,0.35615,,0.01253,-0.00222,0.01964,-0.00484,,0.00982,-0.00776,0.00128,0.00423,,-0.03030,-0.03667,-0.04565,-0.04551,,-0.04341,-0.03262,-0.09573,-0.10339,,0.02805,0.04499,0.07131,0.03581,,0.03285,0.05102,0.06235,0.10805,,0.02607,0.02688,-0.00431,0.06358
1621,50,milk on pink plate,video_2cam,"human video
milk on plate",True,,0.17467,0.29554,0.24572,0.34549,,-0.00414,0.00628,0.01216,0.06856,,0.22617,0.09694,0.27328,0.14042,,-0.69971,-1.78965,-1.15913,-2.03903,,0.75003,1.50034,0.95612,1.24929,,-1.69984,-0.55240,-1.38136,-0.88409,,-0.45888,0.23566,0.17803,0.30475,,0.01297,-0.00225,0.02013,-0.00520,,0.00809,-0.00826,0.00066,0.00599,,-0.03133,-0.03450,-0.04423,-0.04145,,-0.04322,-0.02913,-0.10031,-0.11374,,0.03250,0.04194,0.08090,0.03154,,0.03540,0.04874,0.05585,0.10714,,0.02579,0.02650,-0.00593,0.07535
1621,51,milk on pink plate,video_2cam,"human video
milk on plate",True,,0.17538,0.30017,0.24341,0.34106,,-0.00558,0.00366,0.00742,0.06768,,0.22397,0.09707,0.27366,0.13327,,-0.70859,-1.79663,-1.13974,-2.03865,,0.76127,1.51786,0.94157,1.30910,,-1.68667,-0.53964,-1.40130,-0.89739,,-0.44869,0.24489,0.19946,0.26163,,0.01222,-0.00320,0.02017,-0.00703,,0.00652,-0.00755,0.00009,0.00416,,-0.03203,-0.03391,-0.04480,-0.04078,,-0.03930,-0.02735,-0.10435,-0.11938,,0.03401,0.03757,0.08651,0.02417,,0.03338,0.04723,0.05616,0.10670,,0.02586,0.02589,-0.00455,0.07041
1621,52,milk on pink plate,video_2cam,"human video
milk on plate",True,,0.17773,0.30563,0.24000,0.33662,,-0.00590,-0.01702,0.00411,0.00672,,0.21712,0.09605,0.27065,0.13115,,-0.73833,-1.77578,-1.10346,-1.87837,,0.78655,1.56849,0.92770,1.47694,,-1.65228,-0.53577,-1.40846,-0.94531,,-0.42192,0.25143,0.19853,0.22569,,0.01138,-0.00249,0.01941,-0.00551,,0.00461,-0.00760,-0.00153,-0.00240,,-0.03197,-0.03409,-0.04482,-0.04203,,-0.03414,-0.02954,-0.10662,-0.10892,,0.03521,0.03770,0.09516,0.03086,,0.03011,0.05214,0.05461,0.10002,,0.02564,0.02559,-0.00395,0.07595
1621,53,milk on pink plate,video_2cam,"human video
milk on plate",True,,0.17993,0.31077,0.24190,0.32925,,-0.00642,-0.02391,0.00421,-0.00905,,0.20632,0.09616,0.26405,0.12332,,-0.76840,-1.77235,-1.06038,-1.89765,,0.81298,1.59178,0.91418,1.55559,,-1.61418,-0.52685,-1.40720,-0.96245,,-0.39212,0.26149,0.17243,0.12866,,0.01022,-0.00365,0.01702,-0.00569,,0.00347,-0.00714,-0.00287,-0.00453,,-0.03167,-0.03243,-0.04349,-0.04099,,-0.02942,-0.02546,-0.10109,-0.12199,,0.03394,0.03179,0.09840,0.03177,,0.02657,0.04831,0.04983,0.10263,,0.02543,0.02502,-0.00351,0.07326
1621,54,milk on pink plate,video_2cam,"human video
milk on plate",True,,0.18393,0.31022,0.24052,0.31240,,-0.01058,-0.03235,0.00714,-0.01748,,0.20038,0.10159,0.25696,0.11949,,-0.78383,-1.73446,-1.03775,-1.85014,,0.84024,1.59418,0.90138,1.66090,,-1.59194,-0.55863,-1.39060,-0.90105,,-0.37373,0.25038,0.17478,0.15750,,0.00999,-0.00448,0.01605,-0.00477,,0.00400,-0.00621,-0.00209,-0.00766,,-0.03091,-0.03229,-0.04150,-0.03886,,-0.02971,-0.02465,-0.09896,-0.10956,,0.03170,0.02749,0.09237,0.02911,,0.02660,0.04829,0.04996,0.08884,,0.02505,0.02421,-0.00576,0.06849
1621,55,milk on pink plate,video_2cam,"human video
milk on plate",True,,0.18039,0.31371,0.24289,0.32057,,-0.00829,-0.04257,0.00952,-0.05432,,0.19817,0.10362,0.25496,0.12987,,-0.77215,-1.72868,-1.04986,-1.65613,,0.82329,1.62067,0.91170,1.75783,,-1.60305,-0.55013,-1.37388,-0.97612,,-0.38315,0.25132,0.15350,0.14392,,0.01057,-0.00423,0.01547,-0.00299,,0.00361,-0.00665,-0.00333,-0.00764,,-0.03099,-0.03321,-0.04169,-0.03982,,-0.02943,-0.02605,-0.09424,-0.10914,,0.03334,0.02873,0.09726,0.02968,,0.02607,0.05189,0.04743,0.08981,,0.02575,0.02489,-0.00563,0.06787
1621,56,milk on pink plate,video_2cam,"human video
milk on plate",True,,0.18035,0.31645,0.24228,0.33628,,-0.01018,-0.05438,0.01255,-0.09859,,0.18808,0.10371,0.24164,0.14069,,-0.77354,-1.71755,-1.04277,-1.52291,,0.83148,1.64959,0.92930,1.94024,,-1.59353,-0.55112,-1.32767,-1.04969,,-0.37567,0.25483,0.12587,0.13987,,0.01176,-0.00322,0.01376,-0.00130,,0.00327,-0.00673,-0.00447,-0.01027,,-0.02966,-0.03300,-0.03926,-0.04087,,-0.02923,-0.02817,-0.08430,-0.09576,,0.03462,0.03009,0.10033,0.03101,,0.02510,0.05531,0.04323,0.08744,,0.02642,0.02434,-0.00741,0.06726
1621,57,milk on pink plate,video_2cam,"human video
milk on plate",True,,0.18107,0.31378,0.24485,0.33512,,-0.01080,-0.05889,0.01686,-0.09274,,0.18913,0.11196,0.24337,0.16244,,-0.77115,-1.68452,-1.06268,-1.46385,,0.83016,1.63715,0.93102,1.86376,,-1.59767,-0.58174,-1.33370,-1.11509,,-0.37871,0.24085,0.11563,0.07366,,0.01176,-0.00460,0.01363,-0.00202,,0.00418,-0.00665,-0.00358,-0.00950,,-0.02949,-0.03229,-0.03866,-0.04061,,-0.03109,-0.02401,-0.08168,-0.10558,,0.03300,0.02563,0.09516,0.03050,,0.02623,0.05118,0.04336,0.09148,,0.02616,0.02413,-0.00677,0.06752
1621,58,milk on pink plate,video_2cam,"human video
milk on plate",True,,0.18064,0.31717,0.24792,0.34128,,-0.01543,-0.06346,0.01728,-0.10486,,0.19012,0.11490,0.23850,0.16978,,-0.75082,-1.68574,-1.09085,-1.42244,,0.83068,1.65283,0.96584,1.92044,,-1.61556,-0.57484,-1.30786,-1.16603,,-0.39011,0.24529,0.11628,0.03236,,0.01314,-0.00537,0.01450,-0.00196,,0.00437,-0.00632,-0.00359,-0.00800,,-0.02972,-0.03196,-0.03855,-0.04032,,-0.03453,-0.02246,-0.08558,-0.12117,,0.03576,0.02244,0.10005,0.02605,,0.02940,0.05021,0.04223,0.09760,,0.02654,0.02369,-0.00756,0.06474
1621,59,milk on pink plate,video_2cam,"human video
milk on plate",True,,0.17960,0.32019,0.24968,0.35004,,-0.01798,-0.07001,0.01183,-0.13217,,0.18250,0.11393,0.22157,0.17758,,-0.75271,-1.68974,-1.15688,-1.26549,,0.84224,1.67597,1.02969,1.94516,,-1.60773,-0.56202,-1.24372,-1.24850,,-0.38699,0.24871,0.12819,-0.00502,,0.01506,-0.00400,0.01427,0.00053,,0.00213,-0.00706,-0.00608,-0.00811,,-0.03125,-0.03259,-0.03907,-0.04109,,-0.03591,-0.02552,-0.08661,-0.11922,,0.04486,0.02692,0.12069,0.02411,,0.03284,0.05493,0.03688,0.09656,,0.02771,0.02450,-0.01023,0.06757
1621,60,milk on pink plate,video_2cam,"human video
milk on plate",True,,0.18575,0.32150,0.25075,0.35534,,-0.01786,-0.07085,0.00794,-0.14061,,0.17288,0.11217,0.20582,0.17941,,-0.79921,-1.69857,-1.25066,-1.23622,,0.87822,1.68511,1.09330,1.97786,,-1.55831,-0.55323,-1.21893,-1.26046,,-0.35739,0.25293,0.15421,0.00558,,0.01608,-0.00278,0.01343,0.00220,,0.00145,-0.00752,-0.00685,-0.00780,,-0.03070,-0.03228,-0.03797,-0.04126,,-0.03723,-0.02727,-0.08390,-0.11916,,0.04804,0.03026,0.12734,0.02269,,0.03481,0.05687,0.03435,0.09854,,0.02779,0.02471,-0.01395,0.07106
1621,61,milk on pink plate,video_2cam,"human video
milk on plate",True,,0.18574,0.31957,0.24829,0.35638,,-0.01837,-0.07427,0.00793,-0.13829,,0.17663,0.11993,0.21398,0.19467,,-0.79882,-1.67726,-1.24066,-1.19335,,0.87876,1.67764,1.06167,1.91928,,-1.56077,-0.57463,-1.24811,-1.30539,,-0.35919,0.23828,0.16508,-0.03201,,0.01532,-0.00264,0.01393,0.00298,,0.00104,-0.00793,-0.00627,-0.00579,,-0.03218,-0.03279,-0.03905,-0.04155,,-0.03689,-0.02757,-0.09208,-0.12667,,0.04868,0.03153,0.12697,0.01325,,0.03579,0.05816,0.03593,0.10281,,0.02754,0.02526,-0.01209,0.07114
1621,62,milk on pink plate,video_2cam,"human video
milk on plate",True,,0.18550,0.32283,0.24898,0.35404,,-0.01824,-0.07271,0.00984,-0.13921,,0.17131,0.11926,0.20967,0.18681,,-0.80090,-1.69186,-1.20951,-1.23853,,0.88000,1.68748,1.06042,1.99633,,-1.55262,-0.56481,-1.24067,-1.25907,,-0.35212,0.24867,0.15614,0.02354,,0.01457,-0.00265,0.01239,0.00275,,0.00135,-0.00722,-0.00634,-0.00500,,-0.03121,-0.03150,-0.03749,-0.04016,,-0.03422,-0.02695,-0.08315,-0.13155,,0.04514,0.02922,0.12113,0.00903,,0.03246,0.05670,0.03541,0.10743,,0.02762,0.02399,-0.01259,0.06568
1621,63,milk on pink plate,video_2cam,"human video
milk on plate",True,,0.18765,0.32228,0.24557,0.36220,,-0.02214,-0.07833,0.00395,-0.15470,,0.16384,0.11755,0.20916,0.19245,,-0.82006,-1.68502,-1.15054,-1.25828,,0.90816,1.69664,1.04570,2.01644,,-1.52514,-0.56576,-1.25607,-1.28186,,-0.32560,0.25156,0.14733,0.01075,,0.01319,-0.00290,0.01057,0.00259,,-0.00063,-0.00730,-0.00701,-0.00426,,-0.03100,-0.03148,-0.03560,-0.04018,,-0.02743,-0.02637,-0.07768,-0.13604,,0.04479,0.02824,0.11872,0.00351,,0.02770,0.05618,0.03223,0.10699,,0.02719,0.02346,-0.00969,0.07297
1621,64,milk on pink plate,video_2cam,"human video
milk on plate",True,,0.18868,0.32512,0.24179,0.36558,,-0.02253,-0.07967,0.00181,-0.15586,,0.16531,0.11905,0.21988,0.19202,,-0.82372,-1.69305,-1.01169,-1.38440,,0.91018,1.70487,0.97768,2.07278,,-1.52221,-0.55350,-1.29241,-1.27160,,-0.31664,0.26392,0.11276,-0.00627,,0.01162,-0.00610,0.01035,-0.00083,,-0.00083,-0.00600,-0.00708,0.00071,,-0.02911,-0.03024,-0.03462,-0.03987,,-0.02138,-0.01952,-0.07125,-0.16774,,0.03976,0.01695,0.10663,-0.00903,,0.02123,0.04815,0.03493,0.12218,,0.02628,0.02163,-0.00592,0.06602
1621,65,milk on pink plate,video_2cam,"human video
milk on plate",True,,0.18860,0.32669,0.24127,0.36515,,-0.02587,-0.08214,-0.00371,-0.15889,,0.16605,0.11676,0.23116,0.19347,,-0.82440,-1.69257,-0.97119,-1.40841,,0.92099,1.71237,0.94683,2.06298,,-1.51945,-0.54752,-1.33390,-1.30273,,-0.30615,0.27490,0.08057,-0.03779,,0.01032,-0.00806,0.00996,-0.00323,,-0.00322,-0.00544,-0.00880,-0.00076,,-0.02918,-0.02848,-0.03359,-0.03905,,-0.01403,-0.01362,-0.04922,-0.17751,,0.04078,0.00927,0.09793,-0.00725,,0.01613,0.04102,0.02822,0.12142,,0.02575,0.02043,-0.00283,0.06370
1621,66,milk on pink plate,video_2cam,"human video
milk on plate",True,,0.19296,0.32570,0.23702,0.36059,,-0.03222,-0.08187,-0.00810,-0.15504,,0.15910,0.11164,0.22472,0.18698,,-0.84335,-1.68693,-0.96491,-1.39925,,0.95842,1.70877,0.97316,2.09364,,-1.49311,-0.55184,-1.32352,-1.29339,,-0.28139,0.28450,0.09268,-0.06381,,0.01058,-0.00964,0.00905,-0.00552,,-0.00457,-0.00483,-0.00969,-0.00253,,-0.02836,-0.02620,-0.03158,-0.03587,,-0.01173,-0.00783,-0.04089,-0.16608,,0.04265,0.00222,0.10062,-0.00689,,0.01498,0.03299,0.02273,0.10972,,0.02539,0.01886,-0.00306,0.05972
1621,67,milk on pink plate,video_2cam,"human video
milk on plate",True,,0.19579,0.32545,0.22766,0.36004,,-0.03814,-0.08279,-0.00946,-0.16903,,0.14906,0.10213,0.21560,0.18187,,-0.86386,-1.69450,-1.04585,-1.28211,,0.99720,1.71615,1.01210,2.07057,,-1.46186,-0.53475,-1.32789,-1.35599,,-0.25941,0.29383,0.14763,-0.16464,,0.01252,-0.00951,0.00891,-0.00471,,-0.00821,-0.00557,-0.01245,-0.00282,,-0.02926,-0.02647,-0.03072,-0.03529,,-0.01001,-0.00754,-0.02539,-0.14709,,0.05360,0.00379,0.11569,0.00008,,0.01662,0.03260,0.01173,0.10112,,0.02638,0.01964,-0.00624,0.06015
1621,68,milk on pink plate,video_2cam,"human video
milk on plate",True,,0.19725,0.33004,0.22810,0.36956,,-0.03510,-0.08656,-0.00935,-0.18367,,0.14819,0.10219,0.21633,0.18048,,-0.87947,-1.70321,-1.02650,-1.22637,,0.99778,1.73554,0.99194,2.07681,,-1.44968,-0.51635,-1.33275,-1.36227,,-0.25370,0.30343,0.14280,-0.14666,,0.01255,-0.01084,0.00871,-0.00573,,-0.00781,-0.00503,-0.01229,-0.00381,,-0.02851,-0.02630,-0.03061,-0.03591,,-0.01027,-0.00528,-0.02343,-0.15323,,0.05253,-0.00093,0.11380,0.00237,,0.01621,0.03092,0.01288,0.10337,,0.02620,0.01938,-0.00647,0.05787
1621,69,milk on pink plate,video_2cam,"human video
milk on plate",True,,0.20250,0.32801,0.22772,0.36577,,-0.03619,-0.08302,-0.00905,-0.16610,,0.14093,0.10208,0.20646,0.18306,,-0.91039,-1.69552,-1.04467,-1.21538,,1.02590,1.72104,1.01534,2.05062,,-1.41616,-0.53148,-1.29558,-1.36965,,-0.22551,0.30198,0.16483,-0.15082,,0.01198,-0.01071,0.00726,-0.00541,,-0.00678,-0.00501,-0.01153,-0.00390,,-0.02583,-0.02423,-0.02727,-0.03399,,-0.00887,-0.00259,-0.01317,-0.14880,,0.04704,-0.00227,0.10233,-0.00116,,0.01322,0.02652,0.00932,0.09838,,0.02521,0.01874,-0.00532,0.05020
1621,70,milk on pink plate,video_2cam,"human video
milk on plate",True,,0.20752,0.32772,0.22857,0.37015,,-0.03744,-0.08811,-0.00745,-0.16966,,0.13249,0.10588,0.18798,0.18758,,-0.93659,-1.67344,-1.12737,-1.17747,,1.05177,1.72309,1.07963,2.13181,,-1.38651,-0.55593,-1.21935,-1.35889,,-0.20131,0.29948,0.20486,-0.14259,,0.01209,-0.01059,0.00622,-0.00559,,-0.00500,-0.00458,-0.00975,-0.00577,,-0.02292,-0.02188,-0.02401,-0.03257,,-0.00998,-0.00022,-0.01623,-0.14071,,0.04148,-0.00527,0.09490,-0.00841,,0.01186,0.02327,0.00896,0.09389,,0.02446,0.01720,-0.00335,0.04421
1621,71,milk on pink plate,video_2cam,"human video
milk on plate",True,,0.21080,0.33044,0.23365,0.38086,,-0.03553,-0.09146,-0.00884,-0.18278,,0.12908,0.10064,0.18753,0.18185,,-0.96196,-1.67903,-1.09731,-1.18556,,1.06458,1.74023,1.06057,2.22997,,-1.36336,-0.54657,-1.22160,-1.35882,,-0.17736,0.31509,0.18392,-0.15912,,0.01062,-0.01057,0.00502,-0.00536,,-0.00402,-0.00445,-0.00888,-0.00912,,-0.01940,-0.01921,-0.02036,-0.03233,,-0.00526,0.00300,0.00325,-0.12809,,0.03330,-0.00839,0.07156,0.00293,,0.00503,0.01867,0.00504,0.08989,,0.02306,0.01587,0.00080,0.04220
1621,72,milk on pink plate,video_2cam,"human video
milk on plate",True,,0.21953,0.33222,0.24528,0.39399,,-0.03016,-0.08355,-0.01232,-0.16119,,0.13237,0.09261,0.19485,0.16192,,-1.01253,-1.69728,-1.02958,-1.14599,,1.08124,1.73489,1.05349,2.16889,,-1.32516,-0.53438,-1.27063,-1.30793,,-0.14032,0.33777,0.11250,-0.15168,,0.00623,-0.01249,0.00340,-0.00700,,0.00048,-0.00339,-0.00537,-0.01628,,-0.01359,-0.01470,-0.01514,-0.02860,,0.00015,0.01197,0.03999,-0.08966,,0.01143,-0.01853,0.01880,0.02074,,-0.00530,0.00559,0.00475,0.06584,,0.01939,0.01354,0.00912,0.01684
1621,73,milk on pink plate,video_2cam,"human video
milk on plate",True,,0.23195,0.32836,0.25263,0.37928,,-0.03358,-0.06984,-0.03168,-0.10655,,0.12433,0.08472,0.16636,0.13897,,-1.07900,-1.69896,-1.13836,-1.35795,,1.14397,1.70157,1.20167,1.99971,,-1.25891,-0.55488,-1.20964,-1.15331,,-0.07746,0.34739,0.11514,-0.08732,,0.00406,-0.01131,0.00167,-0.00583,,0.00181,-0.00360,-0.00236,-0.02165,,-0.00706,-0.00799,-0.00904,-0.02211,,0.00745,0.01919,0.04090,-0.02118,,-0.00135,-0.02053,-0.00398,0.02202,,-0.01536,-0.00735,-0.00305,0.03529,,0.01630,0.01170,0.01412,0.00641
1621,74,milk on pink plate,video_2cam,"human video
milk on plate",True,,0.23900,0.32964,0.25497,0.38050,,-0.03306,-0.06365,-0.04663,-0.08405,,0.11753,0.08657,0.14736,0.13872,,-1.12484,-1.69883,-1.19826,-1.44922,,1.17923,1.68930,1.30990,1.89282,,-1.21360,-0.56901,-1.18975,-1.12761,,-0.04030,0.35443,0.14495,-0.09755,,0.00508,-0.01002,0.00113,-0.00341,,0.00082,-0.00433,-0.00302,-0.02629,,-0.00190,-0.00089,-0.00702,-0.01775,,0.01259,0.02737,0.02398,0.02152,,-0.00210,-0.02248,0.01005,0.00484,,-0.02201,-0.01927,-0.00904,0.02678,,0.01550,0.01064,0.01100,0.02227
1621,75,milk on pink plate,video_2cam,"human video
milk on plate",True,,0.24080,0.33114,0.25633,0.38894,,-0.02597,-0.05328,-0.04500,-0.06284,,0.11901,0.07658,0.15184,0.11167,,-1.14987,-1.73186,-1.22459,-1.56460,,1.17553,1.68501,1.31694,1.81441,,-1.19547,-0.54438,-1.24484,-1.08115,,-0.02391,0.37438,0.16344,-0.00795,,0.00503,-0.00903,0.00040,-0.00320,,0.00001,-0.00502,-0.00377,-0.02761,,0.00330,0.00278,-0.00450,-0.01556,,0.02096,0.03119,0.02347,0.05004,,-0.00548,-0.02170,0.01438,-0.00483,,-0.03250,-0.02616,-0.01682,0.02044,,0.01487,0.01040,0.00480,0.02789
1621,76,milk on pink plate,video_2cam,"human video
milk on plate",True,,0.24815,0.33258,0.25055,0.38681,,-0.01770,-0.02580,-0.04199,-0.02110,,0.11448,0.06516,0.15390,0.08238,,-1.21123,-1.80323,-1.22539,-1.72976,,1.19491,1.65735,1.35325,1.82874,,-1.14230,-0.50030,-1.29516,-1.02515,,0.00849,0.39823,0.18497,0.36037,,0.00731,-0.00663,0.00199,-0.00427,,-0.00119,-0.00671,-0.00505,-0.02986,,0.00957,0.00752,-0.00036,-0.01204,,0.02555,0.03497,0.00121,0.11999,,-0.00363,-0.01551,0.02765,-0.01936,,-0.03945,-0.03469,-0.02852,0.00101,,0.01468,0.01136,-0.00102,0.03619
1621,77,milk on pink plate,video_2cam,"human video
milk on plate",True,,0.25152,0.33023,0.25722,0.37620,,-0.00574,-0.00352,-0.00831,0.02314,,0.11043,0.06748,0.16381,0.09405,,-1.25418,-1.83445,-1.18717,-1.76357,,1.18822,1.61071,1.27892,1.76206,,-1.10793,-0.49435,-1.31588,-1.00829,,0.03153,0.39809,0.11848,0.57830,,0.00934,-0.00474,0.00451,0.00094,,-0.00199,-0.00957,-0.00757,-0.03650,,0.01844,0.01303,0.00663,-0.00603,,0.03434,0.04296,0.00340,0.15940,,-0.00596,-0.00973,0.02589,0.01862,,-0.05280,-0.04666,-0.05126,-0.02549,,0.01463,0.01348,0.00069,0.00587
1621,78,milk on pink plate,video_2cam,"human video
milk on plate",True,,0.24822,0.33016,0.27377,0.36847,,0.00791,0.02063,0.04880,0.09629,,0.11214,0.06959,0.20120,0.10322,,-1.25429,-1.88288,-1.10294,-1.79380,,1.14616,1.56938,0.98161,1.53507,,-1.11648,-0.46791,-1.35993,-0.88125,,0.02582,0.40338,0.01744,0.62582,,0.01324,-0.00383,0.00692,0.00738,,-0.00410,-0.01215,-0.01060,-0.03844,,0.02865,0.01763,0.01306,0.00361,,0.04549,0.05144,0.03404,0.18674,,-0.00371,-0.00583,0.00567,0.06271,,-0.06931,-0.05865,-0.05748,-0.05349,,0.01585,0.01597,0.00473,-0.00132
1621,79,milk on pink plate,video_2cam,"human video
milk on plate",True,,0.24263,0.32592,0.28255,0.33862,,0.02629,0.03796,0.08527,0.15135,,0.11551,0.07157,0.22741,0.08308,,-1.26174,-1.90262,-1.01808,-1.90498,,1.09176,1.52315,0.78089,1.48148,,-1.12349,-0.46529,-1.34024,-0.64065,,0.02050,0.40451,0.02888,0.69144,,0.01595,-0.00376,0.00920,0.01076,,-0.00724,-0.01487,-0.01735,-0.04120,,0.03779,0.02332,0.01868,0.01718,,0.05986,0.06354,0.07443,0.23461,,-0.00118,-0.00530,0.00447,0.07405,,-0.08781,-0.07516,-0.04872,-0.08737,,0.01688,0.01748,0.00030,-0.00859
1621,80,milk on pink plate,video_2cam,"human video
milk on plate",True,,0.23151,0.32125,0.29336,0.34300,,0.05034,0.06624,0.07754,0.22299,,0.13014,0.07588,0.20972,0.07203,,-1.23113,-1.93786,-1.28409,-1.99947,,0.98712,1.45305,1.08221,1.33134,,-1.17780,-0.45588,-1.14155,-0.45486,,-0.02272,0.41032,0.08712,0.64489,,0.01910,-0.00612,0.01086,0.01034,,-0.00863,-0.01736,-0.02015,-0.04363,,0.04733,0.03113,0.02779,0.03745,,0.07167,0.08387,0.05326,0.30839,,-0.00089,-0.01221,0.02815,0.06922,,-0.10610,-0.10238,-0.04578,-0.14551,,0.01834,0.01863,-0.00623,-0.03398
1621,81,milk on pink plate,video_2cam,"human video
milk on plate",True,,0.22443,0.30851,0.28909,0.34721,,0.06711,0.09174,0.07841,0.24718,,0.14163,0.08645,0.20973,0.08260,,-1.22663,-1.92155,-1.34948,-1.95308,,0.92651,1.35454,1.26862,1.22106,,-1.19959,-0.50861,-1.01221,-0.41746,,-0.02728,0.38994,0.11327,0.60333,,0.01799,-0.00783,0.00648,0.00690,,-0.01184,-0.01918,-0.02344,-0.04409,,0.05571,0.03835,0.03530,0.05568,,0.09319,0.10125,0.05252,0.35159,,-0.00597,-0.01796,0.02798,0.03987,,-0.13055,-0.12685,-0.04989,-0.18028,,0.01778,0.01869,-0.00678,-0.06033
1621,82,milk on pink plate,video_2cam,"human video
milk on plate",True,,0.21939,0.29712,0.28733,0.36119,,0.07489,0.12310,0.06711,0.25809,,0.15178,0.09216,0.20111,0.09642,,-1.21642,-1.93011,-1.45985,-1.96659,,0.89198,1.25820,1.45996,1.06598,,-1.22020,-0.54226,-0.94134,-0.42331,,-0.02981,0.37681,0.15112,0.65017,,0.01595,-0.00893,0.00450,0.00314,,-0.01421,-0.02024,-0.02627,-0.04125,,0.05974,0.04437,0.03927,0.07049,,0.10850,0.11447,0.07098,0.36846,,-0.01038,-0.02179,0.01959,0.01904,,-0.14643,-0.14725,-0.06312,-0.20633,,0.01687,0.01856,-0.00373,-0.06976
1621,83,milk on pink plate,video_2cam,"human video
milk on plate",True,,0.22375,0.28959,0.27434,0.37607,,0.07464,0.14511,0.07117,0.24278,,0.15196,0.09477,0.21907,0.09176,,-1.25618,-1.93758,-1.31642,-1.95933,,0.92167,1.19435,1.38443,1.12005,,-1.18437,-0.56858,-1.02010,-0.44946,,0.01389,0.37301,0.11515,0.66863,,0.01048,-0.01081,0.00011,-0.00402,,-0.01444,-0.01927,-0.02091,-0.03695,,0.06153,0.04813,0.04443,0.07763,,0.12089,0.12299,0.10394,0.35939,,-0.02351,-0.02945,-0.04119,-0.00574,,-0.15800,-0.16145,-0.06229,-0.20780,,0.01369,0.01639,0.00624,-0.08888
1621,84,milk on pink plate,video_2cam,"human video
milk on plate",True,,0.22718,0.28702,0.26890,0.37371,,0.08229,0.15836,0.07111,0.22384,,0.15143,0.09209,0.22193,0.07764,,-1.30856,-1.94885,-1.28636,-1.91481,,0.93143,1.16805,1.26370,1.25059,,-1.13999,-0.58087,-1.08885,-0.43191,,0.04451,0.37554,0.06387,0.67613,,0.00445,-0.01131,-0.00126,-0.00763,,-0.01189,-0.01709,-0.01232,-0.03129,,0.05931,0.04874,0.04740,0.08242,,0.12393,0.12194,0.14134,0.33068,,-0.03823,-0.03346,-0.10290,-0.03931,,-0.16039,-0.16324,-0.05705,-0.21135,,0.01125,0.01386,0.01239,-0.08783
1621,85,milk on pink plate,video_2cam,"human video
milk on plate",True,,0.23538,0.28688,0.26001,0.34840,,0.06780,0.14976,0.06207,0.19984,,0.14207,0.09575,0.22673,0.06701,,-1.33919,-1.92488,-1.10635,-1.94565,,1.00055,1.18283,1.08076,1.38658,,-1.09596,-0.60577,-1.17118,-0.39211,,0.08432,0.36358,0.04661,0.71346,,-0.00082,-0.01205,-0.00368,-0.01051,,-0.00951,-0.01371,-0.00531,-0.02381,,0.05337,0.04302,0.04374,0.07499,,0.11988,0.11058,0.14950,0.26791,,-0.04825,-0.03576,-0.13613,-0.04687,,-0.15270,-0.14894,-0.04357,-0.18279,,0.00882,0.01142,0.01245,-0.06768
1621,86,milk on pink plate,video_2cam,"human video
milk on plate",True,,0.24030,0.29415,0.24738,0.33004,,0.05478,0.13454,0.04589,0.16208,,0.13424,0.08523,0.21960,0.05300,,-1.33618,-1.93711,-1.03656,-2.02126,,1.04045,1.24698,0.96931,1.59075,,-1.08574,-0.57708,-1.20955,-0.38176,,0.08497,0.38110,0.08555,0.74413,,-0.00252,-0.01213,-0.00415,-0.01479,,-0.00435,-0.01012,0.00019,-0.02016,,0.04562,0.03645,0.03757,0.05651,,0.10146,0.09569,0.13413,0.19293,,-0.05332,-0.03680,-0.14120,-0.02925,,-0.13296,-0.13004,-0.03616,-0.13535,,0.00833,0.00877,0.01226,-0.03859
1621,87,milk on pink plate,video_2cam,"human video
milk on plate",True,,0.24835,0.30326,0.23344,0.31619,,0.04087,0.10075,0.02198,0.10997,,0.12467,0.07573,0.19948,0.03092,,-1.35183,-1.91167,-1.02053,-1.94374,,1.09995,1.34040,0.93066,1.77559,,-1.05644,-0.56171,-1.22927,-0.34580,,0.09683,0.39996,0.18086,0.74839,,-0.00381,-0.01390,-0.00476,-0.01989,,0.00104,-0.00624,0.00425,-0.02248,,0.03728,0.03048,0.02996,0.03298,,0.08007,0.08483,0.08515,0.11462,,-0.05693,-0.04468,-0.11705,0.00419,,-0.10981,-0.11384,-0.02881,-0.07599,,0.00771,0.00532,0.00743,-0.03731
1621,88,milk on pink plate,video_2cam,"human video
milk on plate",True,,0.25140,0.31165,0.24521,0.30407,,0.03584,0.05978,0.01716,0.04969,,0.11182,0.06291,0.17735,0.00042,,-1.36927,-1.87970,-1.07830,-2.30003,,1.13103,1.44958,0.90223,2.11621,,-1.02684,-0.54493,-1.24497,-0.29574,,0.09042,0.41142,0.20979,0.74317,,-0.00252,-0.01232,-0.00514,-0.01681,,0.00451,-0.00371,0.00384,-0.02275,,0.02636,0.02206,0.01844,0.01268,,0.05527,0.06493,0.01193,0.08234,,-0.04918,-0.04038,-0.06240,-0.01012,,-0.08167,-0.08591,-0.01509,-0.03233,,0.00957,0.00383,0.00004,-0.02296
1621,89,milk on pink plate,video_2cam,"human video
milk on plate",True,,0.25011,0.31833,0.25605,0.27683,,0.00806,0.01369,0.00681,0.04052,,0.09542,0.06334,0.16403,-0.02980,,-1.32627,-1.81845,-1.11598,-2.65384,,1.19794,1.55372,1.05355,1.95871,,-1.03592,-0.56048,-1.31928,-0.18635,,0.07052,0.39118,0.15434,0.96447,,0.00326,-0.00757,0.00003,-0.00747,,-0.00036,-0.00234,-0.00507,-0.03078,,0.01123,0.01054,0.00151,-0.00514,,0.03346,0.03555,-0.00326,0.13577,,-0.01491,-0.02380,0.01944,-0.01964,,-0.04858,-0.04460,-0.03953,-0.00887,,0.01385,0.00481,-0.00897,0.08098
1621,90,milk on pink plate,video_2cam,"human video
milk on plate",True,,0.24824,0.32086,0.24973,0.27323,,-0.00220,0.00557,0.00658,0.08788,,0.09358,0.06024,0.18451,-0.00952,,-1.30747,-1.83074,-1.03842,-2.45225,,1.22086,1.59241,0.92983,1.58788,,-1.04733,-0.54352,-1.35242,-0.33271,,0.05086,0.37124,0.08181,0.73808,,0.00763,0.00096,0.00236,-0.00241,,-0.00470,-0.00426,-0.00570,-0.02295,,0.00268,0.00145,-0.00494,-0.01412,,0.02184,0.00640,0.01954,0.07052,,0.01020,0.00820,0.02336,-0.01646,,-0.02981,-0.00736,-0.02048,-0.01246,,0.01645,0.00954,-0.00836,0.21943
1621,91,milk on pink plate,video_2cam,"human video
milk on plate",True,,0.24827,0.31969,0.24306,0.26593,,-0.01057,0.01444,0.04109,0.08338,,0.08616,0.04814,0.20770,-0.03246,,-1.30570,-1.86310,-0.78598,-2.53564,,1.25346,1.58969,0.74051,1.74970,,-1.03741,-0.51939,-1.34580,-0.23200,,0.05560,0.37700,-0.03287,0.81307,,0.01259,0.00642,0.00439,0.00060,,-0.01093,-0.00714,-0.00908,-0.02307,,0.00090,0.00194,-0.00469,-0.01568,,0.02197,-0.00097,0.03292,0.07277,,0.03290,0.02638,0.03568,0.00437,,-0.02493,-0.00023,-0.03218,-0.02123,,0.01889,0.01237,-0.01674,0.22660
1621,92,milk on pink plate,video_2cam,"human video
milk on plate",True,,0.24431,0.31767,0.25156,0.27315,,-0.01669,0.01928,0.07752,0.05477,,0.08112,0.04789,0.22822,-0.03050,,-1.28982,-1.87258,-0.65611,-2.39990,,1.26722,1.57854,0.64515,1.78816,,-1.04661,-0.52048,-1.37252,-0.23688,,0.05729,0.37316,-0.20759,0.99531,,0.01786,0.01119,0.00680,0.00320,,-0.01954,-0.01065,-0.01594,-0.02651,,0.00231,0.00537,-0.00183,-0.01732,,0.03098,-0.00167,0.05503,0.08844,,0.05686,0.04080,0.06116,0.03269,,-0.02941,-0.00053,-0.06111,-0.01877,,0.02113,0.01476,-0.01804,0.16056
1621,93,milk on pink plate,video_2cam,"human video
milk on plate",True,,0.24033,0.31471,0.26508,0.28146,,-0.03030,0.02868,0.08309,0.04348,,0.08203,0.04506,0.22818,-0.01867,,-1.24296,-1.88377,-0.53200,-2.17157,,1.28327,1.55625,0.80482,1.76610,,-1.08242,-0.52370,-1.35221,-0.27249,,0.04620,0.37573,-0.32855,1.06356,,0.02356,0.01388,0.01236,0.00667,,-0.02829,-0.01303,-0.02632,-0.02690,,0.00395,0.00992,-0.00118,-0.01621,,0.04008,0.00222,0.03738,0.09853,,0.08156,0.04764,0.11416,0.05416,,-0.03383,-0.00741,-0.08762,-0.02467,,0.02336,0.01565,-0.00970,0.10589
1621,94,milk on pink plate,video_2cam,"human video
milk on plate",True,,0.23148,0.31277,0.27359,0.29529,,-0.03030,0.03627,0.10087,0.04892,,0.08995,0.04689,0.23174,0.00804,,-1.20049,-1.89086,-0.52456,-2.00489,,1.25241,1.53322,0.62984,1.60405,,-1.12717,-0.52576,-1.40954,-0.34878,,0.03332,0.37927,-0.43789,0.98537,,0.02519,0.01503,0.01727,0.01170,,-0.03615,-0.01589,-0.03674,-0.03401,,0.00849,0.01626,0.00119,-0.01115,,0.06051,0.01277,0.09189,0.14565,,0.09313,0.04957,0.11664,0.08228,,-0.05186,-0.02144,-0.12694,-0.05300,,0.02421,0.01673,-0.00823,0.04515
1621,95,milk on pink plate,video_2cam,"human video
milk on plate",True,,0.22114,0.31157,0.27229,0.29743,,-0.01339,0.05148,0.11935,0.06201,,0.09702,0.04027,0.23218,0.00506,,-1.18383,-1.92920,-0.55903,-1.99421,,1.18423,1.51106,0.47225,1.52709,,-1.15642,-0.50578,-1.45443,-0.29427,,0.01248,0.39880,-0.54028,0.90920,,0.02684,0.01627,0.02159,0.01482,,-0.04049,-0.01793,-0.04350,-0.03971,,0.01383,0.02270,0.00587,-0.00111,,0.07544,0.02190,0.14132,0.15999,,0.09868,0.05090,0.09855,0.11966,,-0.06814,-0.03574,-0.15867,-0.07518,,0.02569,0.01647,-0.00992,0.02006
1621,96,milk on pink plate,video_2cam,"human video
milk on plate",True,,0.21543,0.30964,0.27331,0.30855,,-0.00446,0.04770,0.11731,0.04809,,0.10496,0.04745,0.22385,0.01554,,-1.18253,-1.90563,-0.67226,-1.93179,,1.15359,1.50183,0.47586,1.56485,,-1.17002,-0.53239,-1.44393,-0.34431,,0.01101,0.39246,-0.57667,0.76224,,0.02733,0.01743,0.02409,0.02150,,-0.04599,-0.01980,-0.04982,-0.05069,,0.01752,0.02777,0.00905,0.00571,,0.09126,0.02921,0.17015,0.19905,,0.10554,0.05160,0.09863,0.12546,,-0.08257,-0.04481,-0.18624,-0.10297,,0.02586,0.01653,-0.00618,-0.01038
1621,97,milk on pink plate,video_2cam,"human video
milk on plate",True,,0.21038,0.30549,0.28281,0.32466,,-0.00623,0.04627,0.10530,0.03096,,0.11897,0.05005,0.21813,0.02128,,-1.14128,-1.88439,-0.78468,-1.91606,,1.12807,1.48536,0.62922,1.65077,,-1.21285,-0.55617,-1.42700,-0.39622,,-0.00874,0.38757,-0.55917,0.65631,,0.02614,0.01773,0.02564,0.02448,,-0.04884,-0.02126,-0.05373,-0.05443,,0.01830,0.03159,0.01061,0.01036,,0.10206,0.03609,0.16809,0.22079,,0.10670,0.05099,0.11277,0.12358,,-0.09168,-0.05381,-0.20459,-0.12241,,0.02575,0.01642,-0.00678,-0.01879
1621,98,milk on pink plate,video_2cam,"human video
milk on plate",True,,0.19636,0.30233,0.28649,0.34641,,-0.00246,0.04819,0.07568,0.01410,,0.13990,0.05323,0.18858,0.03564,,-1.06002,-1.87694,-1.10879,-1.90899,,1.05276,1.46758,0.97553,1.72649,,-1.30535,-0.57201,-1.35573,-0.49867,,-0.05750,0.38928,-0.45774,0.51644,,0.02556,0.01860,0.02649,0.02861,,-0.05281,-0.02366,-0.05863,-0.06079,,0.02041,0.03770,0.01266,0.01907,,0.11691,0.04617,0.19100,0.24356,,0.10941,0.05122,0.12312,0.14400,,-0.10598,-0.06733,-0.22614,-0.15045,,0.02599,0.01624,-0.00851,-0.02447
1621,99,milk on pink plate,video_2cam,"human video
milk on plate",True,,0.19000,0.30601,0.28319,0.37417,,0.00195,0.04845,0.06357,-0.00887,,0.15321,0.04577,0.17494,0.04158,,-1.02236,-1.91389,-1.25228,-1.91271,,1.00972,1.49040,1.10980,1.81777,,-1.35117,-0.53925,-1.32165,-0.55206,,-0.08226,0.41972,-0.37791,0.52649,,0.02461,0.01868,0.02669,0.02734,,-0.05338,-0.02386,-0.06086,-0.06462,,0.02240,0.04143,0.01486,0.02320,,0.12405,0.05091,0.19562,0.23716,,0.10633,0.04804,0.13536,0.16515,,-0.11425,-0.07501,-0.23690,-0.14729,,0.02571,0.01378,-0.01262,-0.02110
1621,100,milk on pink plate,video_2cam,"human video
milk on plate",True,,0.18791,0.30516,0.28922,0.38539,,-0.00031,0.03842,0.05842,-0.02939,,0.16326,0.05138,0.17551,0.04717,,-1.00292,-1.87911,-1.34724,-1.79884,,1.00219,1.49337,1.17679,1.94520,,-1.37437,-0.56287,-1.31367,-0.61556,,-0.08594,0.41370,-0.32477,0.46516,,0.02239,0.01725,0.02458,0.02700,,-0.05463,-0.02411,-0.06240,-0.06688,,0.02276,0.04348,0.01533,0.02658,,0.13185,0.05740,0.19126,0.24488,,0.10318,0.04214,0.14376,0.15601,,-0.12089,-0.08161,-0.23653,-0.15406,,0.02454,0.01336,-0.01768,-0.02994
1621,101,milk on pink plate,video_2cam,"human video
milk on plate",True,,0.18214,0.30763,0.29841,0.39625,,-0.00156,0.03174,0.05183,-0.04862,,0.17833,0.05121,0.17964,0.05074,,-0.95771,-1.87581,-1.38471,-1.71985,,0.97157,1.51042,1.17632,2.01882,,-1.42411,-0.55624,-1.30864,-0.66273,,-0.11240,0.42105,-0.30536,0.45894,,0.02017,0.01674,0.02190,0.02685,,-0.05506,-0.02441,-0.06082,-0.06936,,0.02127,0.04500,0.01656,0.02862,,0.13650,0.06093,0.16969,0.25436,,0.10038,0.03926,0.14604,0.15321,,-0.12440,-0.08514,-0.23216,-0.15626,,0.02395,0.01307,-0.02453,-0.03626
1621,102,milk on pink plate,video_2cam,"human video
milk on plate",True,,0.15412,0.30806,0.31593,0.40249,,-0.00647,0.01997,0.05045,-0.07645,,0.20250,0.05485,0.17515,0.05348,,-0.79881,-1.84877,-1.60726,-1.57055,,0.86864,1.52400,1.32728,2.13895,,-1.58108,-0.56929,-1.25009,-0.72734,,-0.19440,0.42032,-0.38985,0.44206,,0.02046,0.01485,0.01924,0.02556,,-0.06730,-0.02416,-0.06656,-0.06692,,0.01887,0.04585,0.01696,0.03146,,0.16349,0.06585,0.19369,0.26451,,0.12153,0.03243,0.14306,0.12718,,-0.14340,-0.08967,-0.24119,-0.15836,,0.02658,0.01218,-0.03128,-0.04315
1621,103,milk on pink plate,video_2cam,"human video
milk on plate",True,,0.15774,0.31384,0.31332,0.40678,,-0.02154,0.00048,0.04478,-0.12265,,0.20334,0.05523,0.18261,0.04784,,-0.78147,-1.83937,-1.56881,-1.45448,,0.90541,1.57282,1.34129,2.22939,,-1.58512,-0.55122,-1.26020,-0.76586,,-0.18171,0.43517,-0.37215,0.52305,,0.01813,0.01183,0.01747,0.02344,,-0.06786,-0.02307,-0.06643,-0.05953,,0.01817,0.04511,0.01503,0.03411,,0.16818,0.06948,0.16922,0.25975,,0.11748,0.02218,0.15609,0.08540,,-0.14596,-0.09150,-0.23573,-0.15453,,0.02535,0.01052,-0.02736,-0.04920
1621,104,milk on pink plate,video_2cam,"human video
milk on plate",True,,0.16068,0.31849,0.31129,0.40400,,-0.02508,-0.01838,0.04350,-0.16342,,0.20557,0.05939,0.18509,0.05240,,-0.79026,-1.81588,-1.57181,-1.53272,,0.92276,1.61161,1.37627,2.37142,,-1.57328,-0.54793,-1.25982,-0.81781,,-0.17399,0.43577,-0.36013,0.48578,,0.01747,0.01102,0.01646,0.02362,,-0.06915,-0.02344,-0.06752,-0.05692,,0.01707,0.04482,0.01413,0.03413,,0.17053,0.07121,0.15478,0.25674,,0.11943,0.01936,0.15686,0.06199,,-0.14609,-0.09041,-0.22976,-0.14545,,0.02522,0.01107,-0.03084,-0.05284
1621,105,milk on pink plate,video_2cam,"human video
milk on plate",True,,0.15702,0.32247,0.31190,0.40035,,-0.04196,-0.02836,0.03386,-0.19232,,0.20680,0.06062,0.18971,0.04679,,-0.73399,-1.80799,-1.55732,-1.56358,,0.93636,1.63816,1.41517,2.51703,,-1.61350,-0.54155,-1.26393,-0.81934,,-0.18705,0.44010,-0.37602,0.52965,,0.01689,0.00945,0.01609,0.02307,,-0.07227,-0.02208,-0.06871,-0.04805,,0.01389,0.04349,0.00979,0.03442,,0.17487,0.07072,0.15692,0.22670,,0.12522,0.01372,0.16465,0.02366,,-0.14612,-0.08823,-0.22425,-0.13313,,0.02556,0.01020,-0.02457,-0.04938
1621,106,milk on pink plate,video_2cam,"human video
milk on plate",True,,0.16241,0.32206,0.31047,0.40048,,-0.05062,-0.03900,0.03500,-0.22321,,0.19821,0.06340,0.19866,0.04441,,-0.74653,-1.77496,-1.49456,-1.50998,,0.97342,1.64692,1.38285,2.72207,,-1.58892,-0.56194,-1.27383,-0.85760,,-0.16404,0.43600,-0.35037,0.60744,,0.01494,0.00683,0.01460,0.02055,,-0.07051,-0.02056,-0.06705,-0.04147,,0.01364,0.04283,0.00824,0.03470,,0.17420,0.07344,0.15294,0.21324,,0.11779,0.00466,0.17588,-0.01023,,-0.14554,-0.09029,-0.22425,-0.12822,,0.02456,0.00872,-0.01872,-0.04835
1621,107,milk on pink plate,video_2cam,"human video
milk on plate",True,,0.18639,0.32214,0.29464,0.40929,,-0.05610,-0.04346,0.03617,-0.23578,,0.18233,0.06202,0.22108,0.04351,,-0.85084,-1.77354,-1.28606,-1.50201,,1.06672,1.65698,1.15648,2.76574,,-1.48363,-0.55994,-1.37167,-0.86484,,-0.10123,0.44144,-0.20654,0.65923,,0.01223,0.00622,0.01444,0.02018,,-0.05813,-0.02030,-0.05890,-0.03902,,0.01451,0.04280,0.00859,0.03556,,0.15045,0.07418,0.15599,0.20836,,0.09181,0.00237,0.17529,-0.00988,,-0.12875,-0.09121,-0.21912,-0.13351,,0.02077,0.00768,-0.00880,-0.04317
1621,108,milk on pink plate,video_2cam,"human video
milk on plate",True,,0.19072,0.32435,0.28763,0.42497,,-0.05451,-0.04940,0.03008,-0.24170,,0.18262,0.05090,0.23303,0.04423,,-0.87092,-1.78042,-1.23222,-1.49651,,1.07258,1.68132,1.05857,2.78434,,-1.46811,-0.53782,-1.42342,-0.89282,,-0.09703,0.46113,-0.17635,0.75734,,0.01038,0.00379,0.01394,0.01147,,-0.05386,-0.01890,-0.05554,-0.03688,,0.01308,0.04171,0.00845,0.02938,,0.14268,0.07570,0.17488,0.20580,,0.08254,-0.00544,0.16521,-0.00571,,-0.12274,-0.09294,-0.21589,-0.10335,,0.01963,0.00606,-0.00775,-0.02747
1621,109,milk on pink plate,video_2cam,"human video
milk on plate",True,,0.19799,0.32858,0.26585,0.42498,,-0.05875,-0.04887,0.02295,-0.23400,,0.17494,0.03818,0.25205,0.02684,,-0.89195,-1.81000,-1.07545,-1.59632,,1.09986,1.70443,0.95730,2.81762,,-1.43976,-0.49688,-1.50192,-0.82232,,-0.08095,0.48355,-0.03950,0.81896,,0.00793,0.00191,0.01224,0.00703,,-0.04772,-0.01707,-0.05019,-0.03082,,0.01232,0.03965,0.00703,0.02531,,0.13313,0.07414,0.19635,0.20569,,0.06763,-0.01106,0.14768,-0.02722,,-0.11623,-0.09118,-0.20645,-0.08238,,0.01828,0.00517,-0.00310,-0.01189
1621,110,milk on pink plate,video_2cam,"human video
milk on plate",True,,0.21124,0.33181,0.25439,0.41177,,-0.04827,-0.04758,0.00952,-0.21571,,0.16310,0.03244,0.25327,0.01561,,-0.97443,-1.83375,-0.95811,-1.75744,,1.12463,1.71964,0.96106,2.76481,,-1.36301,-0.46775,-1.52833,-0.73091,,-0.04569,0.49682,0.12664,0.88586,,0.00499,-0.00066,0.00742,0.00400,,-0.03597,-0.01479,-0.04025,-0.02119,,0.01433,0.03618,0.00730,0.02285,,0.11534,0.07154,0.22942,0.19931,,0.04081,-0.01765,0.08125,-0.05553,,-0.10697,-0.08778,-0.17763,-0.06856,,0.01596,0.00392,-0.00804,-0.00113
1621,111,milk on pink plate,video_2cam,"human video
milk on plate",True,,0.21729,0.33666,0.23834,0.38905,,-0.04388,-0.05321,-0.00267,-0.19992,,0.15236,0.02406,0.24935,0.00207,,-1.01972,-1.86018,-0.88998,-2.00809,,1.14453,1.75843,0.99386,2.53209,,-1.31863,-0.43194,-1.54998,-0.59028,,-0.02709,0.51286,0.17270,0.96996,,0.00373,-0.00130,0.00402,0.00195,,-0.02943,-0.01276,-0.03330,-0.01142,,0.01253,0.03110,0.00507,0.01888,,0.10060,0.06243,0.24799,0.08772,,0.02937,-0.01820,0.03446,-0.03822,,-0.09565,-0.07622,-0.14927,-0.05109,,0.01508,0.00263,-0.01002,0.01578
1621,112,milk on pink plate,video_2cam,"human video
milk on plate",True,,0.21938,0.33842,0.23452,0.36151,,-0.04507,-0.06662,-0.01871,-0.18267,,0.14541,0.02635,0.23980,-0.00269,,-1.01673,-1.84487,-0.93359,-2.24925,,1.14491,1.78918,1.06933,2.24600,,-1.31665,-0.43115,-1.52471,-0.42694,,-0.04103,0.50011,0.17673,0.95821,,0.00407,-0.00145,0.00280,0.00138,,-0.02307,-0.01118,-0.02638,-0.00554,,0.00896,0.02301,0.00189,0.01083,,0.08201,0.04901,0.22654,0.00490,,0.02292,-0.01449,0.01163,-0.02446,,-0.07998,-0.05713,-0.11459,-0.02827,,0.01552,0.00319,-0.00641,0.05180
1621,113,milk on pink plate,video_2cam,"human video
milk on plate",True,,0.22555,0.33938,0.24126,0.34244,,-0.03069,-0.07324,-0.02267,-0.14316,,0.13386,0.03507,0.22848,0.00706,,-1.07776,-1.83019,-1.01096,-2.16844,,1.13963,1.80246,1.06632,1.95018,,-1.26500,-0.44228,-1.48570,-0.33362,,-0.04205,0.47442,0.13137,0.77544,,0.00449,-0.00118,0.00211,0.00270,,-0.01321,-0.00866,-0.01670,0.00023,,0.00453,0.01343,-0.00252,0.00230,,0.05368,0.03150,0.12050,-0.09610,,0.01287,-0.00907,0.02742,0.00104,,-0.05686,-0.03335,-0.06368,0.00409,,0.01588,0.00395,0.00070,0.08599
1621,114,milk on pink plate,video_2cam,"human video
milk on plate",True,,0.22878,0.33738,0.24823,0.33035,,-0.01781,-0.06727,-0.03139,-0.12577,,0.13610,0.03743,0.21364,0.01551,,-1.11156,-1.84177,-1.04131,-2.03230,,1.11852,1.79225,1.07672,1.90447,,-1.24697,-0.43635,-1.40136,-0.37507,,-0.06091,0.45662,0.12669,0.49766,,0.00403,-0.00241,0.00285,0.00098,,-0.00476,-0.00592,-0.01068,0.00986,,-0.00109,0.00354,-0.00880,-0.00460,,0.02887,0.01666,0.08823,-0.13000,,0.00472,-0.00628,0.01954,-0.00522,,-0.03547,-0.01442,-0.02622,0.04140,,0.01579,0.00454,0.00661,0.10881
1621,115,milk on pink plate,video_2cam,"human video
milk on plate",True,,0.22506,0.33838,0.23428,0.32743,,-0.02010,-0.06319,-0.03437,-0.15791,,0.14322,0.03253,0.22190,0.00872,,-1.07564,-1.87461,-0.95305,-1.90615,,1.09967,1.80319,0.99224,1.98276,,-1.28710,-0.40487,-1.40581,-0.42808,,-0.09984,0.45221,0.07404,0.28231,,0.00746,0.00051,0.00599,0.00078,,-0.00483,-0.00637,-0.01058,0.01776,,-0.00546,-0.00319,-0.01420,-0.00717,,0.01657,0.00131,0.05802,-0.19048,,0.01687,0.00835,0.03244,0.01029,,-0.02181,0.00478,-0.01019,0.06718,,0.01742,0.00712,0.00915,0.07298
1621,116,milk on pink plate,video_2cam,"human video
milk on plate",True,,0.21947,0.33647,0.23242,0.32013,,-0.02012,-0.05711,-0.02586,-0.16363,,0.15271,0.03420,0.22336,0.01258,,-1.02408,-1.88958,-0.92732,-1.82013,,1.05913,1.79351,0.97431,2.06781,,-1.34495,-0.39989,-1.37634,-0.47069,,-0.14970,0.44114,0.07138,0.22856,,0.00943,0.00220,0.00683,0.00047,,-0.00225,-0.00675,-0.00910,0.02190,,-0.00885,-0.00747,-0.01936,-0.00894,,0.00370,-0.00783,0.03034,-0.22149,,0.02025,0.01774,0.04198,0.00469,,-0.01014,0.01585,0.01150,0.08777,,0.01849,0.00857,0.01067,0.05773
1621,117,milk on pink plate,video_2cam,"human video
milk on plate",True,,0.21968,0.33630,0.22831,0.33092,,-0.01866,-0.05834,-0.02055,-0.18547,,0.15472,0.03299,0.22536,0.01726,,-1.02834,-1.89958,-0.90715,-1.79312,,1.05530,1.80041,0.94709,2.06043,,-1.34584,-0.38477,-1.36523,-0.54475,,-0.16288,0.43734,0.05365,0.24588,,0.01119,0.00305,0.00931,0.00039,,-0.00243,-0.00744,-0.00996,0.02276,,-0.01216,-0.01091,-0.02301,-0.01013,,-0.00422,-0.01361,0.01506,-0.21980,,0.02815,0.02411,0.05876,0.00424,,-0.00066,0.02386,0.01405,0.09441,,0.01940,0.01021,0.00645,0.06041
1621,118,milk on pink plate,video_2cam,"human video
milk on plate",True,,0.21992,0.33260,0.22822,0.33036,,-0.01896,-0.05498,-0.01626,-0.17905,,0.16117,0.03236,0.23501,0.01619,,-1.02279,-1.89597,-0.89345,-1.82201,,1.05219,1.78367,0.92063,2.14165,,-1.35491,-0.38861,-1.39093,-0.55044,,-0.17166,0.42828,0.05269,0.31375,,0.01074,0.00231,0.01069,-0.00060,,-0.00165,-0.00724,-0.00949,0.02232,,-0.01391,-0.01348,-0.02443,-0.01152,,-0.00730,-0.01562,0.00417,-0.19662,,0.02795,0.02482,0.06036,-0.01152,,0.00296,0.02647,0.01629,0.09204,,0.01916,0.01105,0.00166,0.06672
1621,119,milk on pink plate,video_2cam,"human video
milk on plate",True,,0.21470,0.33413,0.22540,0.34002,,-0.01407,-0.04945,-0.01534,-0.17150,,0.16798,0.02503,0.24699,0.01940,,-1.00485,-1.93481,-0.90653,-1.86172,,1.02221,1.79125,0.89836,2.02446,,-1.37792,-0.34885,-1.41045,-0.59921,,-0.19181,0.44093,0.05670,0.45965,,0.01035,0.00233,0.01179,-0.00263,,-0.00235,-0.00759,-0.00993,0.02320,,-0.01587,-0.01585,-0.02618,-0.01328,,-0.00661,-0.01863,0.00049,-0.16281,,0.03023,0.02801,0.05768,-0.01642,,0.00333,0.02992,0.01396,0.09848,,0.01974,0.01189,-0.00512,0.06626
1621,120,milk on pink plate,video_2cam,"human video
milk on plate",True,,0.21366,0.33475,0.22745,0.33768,,-0.01519,-0.03785,-0.01217,-0.14500,,0.17754,0.02430,0.26491,0.02310,,-0.98562,-1.96965,-0.89716,-1.90546,,1.01040,1.78009,0.86866,1.89632,,-1.40112,-0.32648,-1.43898,-0.63247,,-0.20824,0.44694,0.05937,0.55472,,0.00921,0.00178,0.01380,-0.00596,,-0.00111,-0.00734,-0.00790,0.02429,,-0.01778,-0.01711,-0.02834,-0.01666,,-0.00910,-0.01959,-0.01548,-0.14414,,0.02779,0.02840,0.05388,-0.02117,,0.00612,0.03018,0.01984,0.12037,,0.01928,0.01190,-0.00195,0.05783
1621,121,milk on pink plate,video_2cam,"human video
milk on plate",True,,0.20491,0.33647,0.22782,0.36597,,-0.00900,-0.03774,-0.01340,-0.11586,,0.18343,0.01002,0.27564,0.04614,,-0.95427,-2.00348,-0.92869,-2.11358,,0.96391,1.79782,0.87061,1.45028,,-1.43916,-0.27327,-1.44562,-0.78669,,-0.23721,0.46867,0.04336,0.68066,,0.00932,0.00058,0.01373,-0.01026,,-0.00284,-0.00891,-0.00923,0.01516,,-0.01942,-0.01859,-0.02964,-0.02038,,-0.00640,-0.01702,0.00023,-0.06038,,0.03224,0.02907,0.05411,-0.01596,,0.00452,0.02792,0.01207,0.11249,,0.02024,0.01376,-0.00061,0.08712
1621,122,milk on pink plate,video_2cam,"human video
milk on plate",True,,0.20518,0.33481,0.23116,0.38323,,-0.01035,-0.03841,-0.01673,-0.11097,,0.18745,0.00268,0.27936,0.05072,,-0.96111,-2.00796,-0.87899,-2.08932,,0.97264,1.79910,0.85744,1.39531,,-1.43501,-0.25873,-1.46002,-0.83096,,-0.23409,0.47278,0.04026,0.71425,,0.00726,-0.00034,0.01384,-0.01120,,-0.00320,-0.00921,-0.00814,0.00985,,-0.02336,-0.02052,-0.03219,-0.02199,,-0.00718,-0.01726,-0.00966,-0.02226,,0.03245,0.02905,0.05837,-0.01289,,0.00824,0.02861,0.00926,0.09560,,0.01954,0.01460,0.00498,0.09501
1621,123,milk on pink plate,video_2cam,"human video
milk on plate",True,,0.20685,0.33621,0.23578,0.39917,,-0.00850,-0.04374,-0.01927,-0.12115,,0.17821,-0.00371,0.26104,0.05864,,-0.99295,-2.01489,-0.90448,-1.97265,,0.99269,1.81799,0.90968,1.31519,,-1.39966,-0.23546,-1.42361,-0.92259,,-0.21884,0.47698,0.05241,0.72908,,0.00867,0.00049,0.01235,-0.01085,,-0.00480,-0.01042,-0.00991,0.00645,,-0.02556,-0.02250,-0.03418,-0.02254,,-0.01021,-0.02024,-0.01480,-0.01396,,0.04051,0.03432,0.07562,0.00250,,0.01353,0.03361,0.00732,0.08629,,0.02059,0.01664,-0.00335,0.10232
1621,124,milk on pink plate,video_2cam,"human video
milk on plate",True,,0.20714,0.33865,0.23807,0.39596,,-0.00624,-0.04849,-0.01736,-0.12921,,0.17580,0.00184,0.24758,0.06391,,-0.99951,-2.00835,-0.96307,-1.88637,,0.99107,1.82707,0.96134,1.37498,,-1.39240,-0.23168,-1.38089,-0.96720,,-0.22495,0.47373,0.07926,0.58189,,0.01036,-0.00177,0.01254,-0.01239,,-0.00444,-0.00961,-0.00976,0.00480,,-0.02703,-0.02429,-0.03664,-0.02550,,-0.01623,-0.01887,-0.03589,-0.05247,,0.04524,0.02878,0.09094,0.01791,,0.01969,0.03393,0.01526,0.09540,,0.02169,0.01682,-0.00920,0.07689
1621,125,milk on pink plate,video_2cam,"human video
milk on plate",True,,0.20323,0.33597,0.24241,0.39803,,-0.01110,-0.05708,-0.02402,-0.14568,,0.17358,0.00906,0.24553,0.07083,,-0.98210,-1.97172,-0.90297,-1.76654,,0.99637,1.82339,0.97389,1.40176,,-1.40254,-0.25753,-1.38215,-1.03623,,-0.22439,0.45549,0.05907,0.48071,,0.00970,-0.00317,0.01132,-0.01281,,-0.00726,-0.00949,-0.01225,0.00202,,-0.02943,-0.02662,-0.03680,-0.02669,,-0.01172,-0.01901,-0.01815,-0.04813,,0.05016,0.02674,0.09468,0.01768,,0.01850,0.03616,0.00383,0.09411,,0.02205,0.01749,-0.00757,0.06954
1621,126,milk on pink plate,video_2cam,"human video
milk on plate",True,,0.20534,0.33283,0.24614,0.40185,,-0.01162,-0.06553,-0.02425,-0.16684,,0.17097,0.01601,0.24203,0.07261,,-1.00162,-1.93070,-0.89134,-1.72614,,1.01373,1.81761,0.98556,1.50202,,-1.38267,-0.29252,-1.38896,-1.04524,,-0.21057,0.43951,0.05293,0.38461,,0.00910,-0.00466,0.01026,-0.01200,,-0.00752,-0.00868,-0.01234,0.00192,,-0.03057,-0.02759,-0.03708,-0.02573,,-0.01220,-0.01803,-0.01731,-0.04470,,0.05055,0.02215,0.09417,0.00721,,0.02017,0.03612,0.00337,0.08887,,0.02169,0.01684,-0.00611,0.06563
1621,127,milk on pink plate,video_2cam,"human video
milk on plate",True,,0.20312,0.33433,0.24088,0.42535,,-0.00952,-0.08491,-0.02086,-0.21447,,0.16292,0.01864,0.22986,0.09309,,-0.99808,-1.89305,-1.06854,-1.59691,,1.00602,1.84604,1.05251,1.47486,,-1.37962,-0.30136,-1.34684,-1.18516,,-0.21475,0.43498,0.08287,0.33944,,0.01164,-0.00567,0.00971,-0.01114,,-0.00869,-0.00941,-0.01418,0.00388,,-0.02949,-0.02785,-0.03642,-0.02463,,-0.01262,-0.01520,-0.01783,-0.05290,,0.05655,0.01939,0.10833,0.00411,,0.02006,0.03579,0.00443,0.09243,,0.02343,0.01771,-0.01704,0.06931
1621,128,milk on pink plate,video_2cam,"human video
milk on plate",True,,0.20277,0.33677,0.23662,0.42990,,-0.01426,-0.09268,-0.01753,-0.25214,,0.16145,0.02401,0.23001,0.08779,,-0.97960,-1.88100,-1.05031,-1.66443,,1.00704,1.86283,1.01614,1.49957,,-1.39323,-0.31043,-1.34465,-1.18011,,-0.21969,0.43284,0.07701,0.25806,,0.01201,-0.00553,0.00970,-0.01024,,-0.00838,-0.00877,-0.01447,0.00604,,-0.02862,-0.02779,-0.03537,-0.02478,,-0.01262,-0.01650,-0.01523,-0.07088,,0.05555,0.01802,0.11076,0.00335,,0.01930,0.03813,0.00418,0.10492,,0.02347,0.01677,-0.01159,0.07049
1621,129,milk on pink plate,video_2cam,"human video
milk on plate",True,,0.20981,0.33603,0.23867,0.43176,,-0.02225,-0.09862,-0.01046,-0.26408,,0.15138,0.02567,0.23058,0.08169,,-1.00931,-1.85857,-1.03613,-1.67690,,1.05755,1.86778,0.98517,1.46250,,-1.35232,-0.33536,-1.38400,-1.14541,,-0.18183,0.43046,0.07184,0.18994,,0.01030,-0.00461,0.00741,-0.00876,,-0.00777,-0.00855,-0.01336,0.00513,,-0.02749,-0.02590,-0.03126,-0.02222,,-0.01021,-0.01632,-0.00472,-0.04752,,0.04941,0.01765,0.09854,0.00050,,0.01708,0.03731,0.00107,0.09393,,0.02219,0.01531,-0.00764,0.07952
1621,130,milk on pink plate,video_2cam,"human video
milk on plate",True,,0.21300,0.33699,0.22947,0.43336,,-0.01796,-0.10018,-0.00556,-0.26166,,0.14258,0.02298,0.22031,0.08040,,-1.03975,-1.85687,-1.07052,-1.69622,,1.06631,1.87342,0.94902,1.47770,,-1.32158,-0.33455,-1.35714,-1.13214,,-0.16611,0.43652,0.09840,0.19993,,0.01168,-0.00443,0.00718,-0.00795,,-0.00704,-0.00864,-0.01184,0.00432,,-0.02483,-0.02412,-0.02893,-0.02102,,-0.01152,-0.01414,-0.00934,-0.03693,,0.04875,0.01635,0.09309,0.00050,,0.01625,0.03433,0.00875,0.08642,,0.02251,0.01491,-0.00889,0.08972
1621,131,milk on pink plate,video_2cam,"human video
milk on plate",True,,0.21465,0.33735,0.22819,0.42473,,-0.02121,-0.09612,-0.00283,-0.25598,,0.13944,0.02398,0.22095,0.06807,,-1.03933,-1.86046,-1.02436,-1.75987,,1.07709,1.86822,0.91620,1.59857,,-1.31689,-0.34398,-1.35969,-1.04309,,-0.15523,0.43821,0.08382,0.17457,,0.01072,-0.00336,0.00610,-0.00656,,-0.00624,-0.00802,-0.01120,0.00576,,-0.02271,-0.02221,-0.02617,-0.01921,,-0.00849,-0.01475,0.00045,-0.03503,,0.04291,0.01658,0.08331,-0.00473,,0.01189,0.03353,0.00754,0.08299,,0.02181,0.01360,-0.00561,0.08822
1621,132,milk on pink plate,video_2cam,"human video
milk on plate",True,,0.21628,0.33828,0.23375,0.41779,,-0.02312,-0.09274,-0.00279,-0.24156,,0.13835,0.02186,0.22429,0.05494,,-1.04434,-1.87203,-0.95348,-1.83364,,1.08608,1.86922,0.90415,1.62326,,-1.31025,-0.34190,-1.35844,-0.94744,,-0.14244,0.44655,0.05948,0.20890,,0.00851,-0.00261,0.00439,-0.00597,,-0.00516,-0.00766,-0.01044,0.00685,,-0.02148,-0.02034,-0.02382,-0.01747,,-0.00487,-0.01446,0.01305,-0.03254,,0.03488,0.01634,0.06871,-0.00644,,0.00743,0.03165,0.00469,0.07917,,0.02057,0.01227,-0.00129,0.08689
1621,133,milk on pink plate,video_2cam,"human video
milk on plate",True,,0.21962,0.33752,0.23890,0.42051,,-0.02160,-0.09161,-0.00066,-0.23257,,0.13301,0.01830,0.22629,0.05830,,-1.08530,-1.87177,-0.96554,-1.80405,,1.11323,1.86549,0.88899,1.65237,,-1.26775,-0.33790,-1.39819,-0.97967,,-0.11447,0.44919,0.05665,0.22011,,0.00747,-0.00350,0.00337,-0.00657,,-0.00692,-0.00774,-0.01073,0.00466,,-0.02266,-0.02042,-0.02262,-0.01800,,-0.00158,-0.01245,0.03047,-0.01700,,0.03698,0.01441,0.05654,-0.00561,,0.00671,0.02928,-0.00317,0.06904,,0.02030,0.01256,-0.00608,0.09043
1621,134,milk on pink plate,video_2cam,"human video
milk on plate",True,,0.21916,0.33802,0.23633,0.42712,,-0.02260,-0.09937,-0.00090,-0.25785,,0.12707,0.02060,0.22178,0.05836,,-1.09670,-1.84924,-0.98995,-1.78314,,1.12807,1.87470,0.90498,1.69833,,-1.25257,-0.35183,-1.38645,-1.00133,,-0.10036,0.44382,0.06311,0.12858,,0.00842,-0.00340,0.00333,-0.00573,,-0.00988,-0.00776,-0.01197,0.00258,,-0.02245,-0.02021,-0.02107,-0.01763,,0.00260,-0.01233,0.04407,-0.00677,,0.04355,0.01382,0.05803,-0.00038,,0.00446,0.03015,-0.01314,0.06505,,0.02079,0.01267,-0.00664,0.10870
1621,135,milk on pink plate,video_2cam,"human video
milk on plate",True,,0.22091,0.33778,0.23888,0.43789,,-0.02591,-0.10428,-0.00278,-0.27548,,0.12803,0.02898,0.22424,0.05663,,-1.09569,-1.82148,-0.98084,-1.78156,,1.13920,1.87151,0.92462,1.85552,,-1.25156,-0.38217,-1.39468,-1.00288,,-0.09064,0.43687,0.05935,0.05563,,0.00719,-0.00448,0.00276,-0.00537,,-0.00942,-0.00682,-0.01205,0.00018,,-0.02072,-0.01808,-0.01950,-0.01796,,0.00614,-0.00823,0.05392,-0.00283,,0.03831,0.00732,0.05157,0.00405,,0.00018,0.02531,-0.01667,0.06535,,0.01980,0.01093,-0.00677,0.11303
1621,136,milk on pink plate,video_2cam,"human video
milk on plate",True,,0.22467,0.33790,0.24035,0.44818,,-0.02392,-0.10556,-0.00669,-0.27347,,0.12586,0.02913,0.22403,0.05589,,-1.12353,-1.81301,-0.98497,-1.82469,,1.15356,1.86863,0.92789,1.99634,,-1.22560,-0.38624,-1.39572,-0.99904,,-0.06947,0.44370,0.06572,0.05571,,0.00626,-0.00729,0.00238,-0.00605,,-0.00907,-0.00596,-0.01168,-0.00072,,-0.01826,-0.01591,-0.01767,-0.01831,,0.00977,-0.00016,0.07079,0.01067,,0.03356,-0.00314,0.03471,0.00548,,-0.00451,0.01547,-0.01717,0.05867,,0.01887,0.00944,-0.00894,0.10857
1621,137,milk on pink plate,video_2cam,"human video
milk on plate",True,,0.22938,0.33726,0.24597,0.44932,,-0.02837,-0.11075,-0.01202,-0.27330,,0.12306,0.03749,0.21737,0.05048,,-1.13976,-1.77621,-1.00965,-1.93139,,1.18207,1.86094,0.97601,2.24109,,-1.20637,-0.42617,-1.36047,-0.90948,,-0.04527,0.43959,0.07971,0.12874,,0.00528,-0.00886,0.00251,-0.00568,,-0.00865,-0.00511,-0.01100,-0.00575,,-0.01542,-0.01108,-0.01485,-0.01749,,0.01361,0.00895,0.07581,0.04906,,0.02796,-0.01332,0.02694,0.01713,,-0.00940,0.00404,-0.02098,0.04016,,0.01753,0.00698,-0.00368,0.11948
1621,138,milk on pink plate,video_2cam,"human video
milk on plate",True,,0.23157,0.33655,0.25362,0.43548,,-0.03736,-0.10743,-0.02085,-0.22804,,0.11988,0.02983,0.19907,0.02686,,-1.12262,-1.77859,-1.12534,-2.09073,,1.20113,1.85478,1.10228,2.16252,,-1.21345,-0.43014,-1.28248,-0.68347,,-0.03120,0.45850,0.07279,0.43241,,0.00494,-0.00920,0.00251,-0.00507,,-0.00864,-0.00518,-0.01107,-0.00609,,-0.01002,-0.00469,-0.01022,-0.01060,,0.02138,0.01863,0.07649,0.12602,,0.02117,-0.01990,0.03096,-0.01792,,-0.01959,-0.01034,-0.03053,0.00553,,0.01654,0.00464,0.00704,0.13365
1621,139,milk on pink plate,video_2cam,"human video
milk on plate",True,,0.23495,0.33437,0.25585,0.41972,,-0.03112,-0.10469,-0.02530,-0.20814,,0.11706,0.02989,0.18785,0.01492,,-1.15267,-1.76958,-1.20180,-2.21045,,1.20257,1.84150,1.16291,2.25049,,-1.18805,-0.44977,-1.25869,-0.55541,,-0.01470,0.46031,0.08555,0.59904,,0.00475,-0.00918,0.00213,-0.00542,,-0.00718,-0.00487,-0.00964,-0.00575,,-0.00605,-0.00147,-0.00871,-0.00662,,0.02349,0.02267,0.06115,0.14670,,0.01481,-0.02312,0.02951,-0.03179,,-0.02476,-0.01700,-0.02637,-0.00825,,0.01589,0.00290,0.00619,0.15160
1621,140,milk on pink plate,video_2cam,"human video
milk on plate",True,,0.23615,0.33012,0.25585,0.39299,,-0.03180,-0.09899,-0.02140,-0.17371,,0.11231,0.02490,0.18480,0.01244,,-1.16693,-1.76337,-1.23490,-2.23381,,1.21802,1.82091,1.20511,2.36273,,-1.17083,-0.46619,-1.27093,-0.49380,,0.00376,0.45958,0.09947,0.74290,,0.00496,-0.00756,0.00160,-0.00565,,-0.00890,-0.00578,-0.00993,-0.00434,,-0.00382,0.00125,-0.00728,-0.00336,,0.02915,0.02431,0.06114,0.17811,,0.01584,-0.01978,0.03188,-0.05699,,-0.03020,-0.02106,-0.03106,-0.02193,,0.01571,0.00279,0.00519,0.17823
1621,141,milk on pink plate,video_2cam,"human video
milk on plate",True,,0.23768,0.33179,0.25188,0.38877,,-0.03000,-0.09449,-0.01866,-0.16476,,0.10962,0.01517,0.18894,0.01024,,-1.18236,-1.78901,-1.14944,-2.29736,,1.22266,1.82595,1.19256,2.28513,,-1.15519,-0.44048,-1.32355,-0.47194,,0.01990,0.48020,0.13033,0.85995,,0.00501,-0.00660,0.00090,-0.00561,,-0.01063,-0.00726,-0.01111,-0.00275,,0.00017,0.00526,-0.00502,0.00001,,0.03783,0.02970,0.06442,0.18980,,0.01484,-0.01868,0.03463,-0.07008,,-0.03961,-0.02902,-0.03955,-0.03144,,0.01545,0.00297,-0.00007,0.17550
1621,142,milk on pink plate,video_2cam,"human video
milk on plate",True,,0.23497,0.33104,0.24984,0.38510,,-0.03008,-0.09245,-0.01540,-0.17733,,0.11563,0.01646,0.19370,0.00919,,-1.15675,-1.78368,-1.12460,-2.22196,,1.20338,1.81492,1.15320,2.47884,,-1.18463,-0.45064,-1.37291,-0.46185,,0.01043,0.48613,0.12065,0.97902,,0.00471,-0.00717,-0.00012,-0.00759,,-0.01069,-0.00791,-0.01170,-0.00400,,0.00362,0.01028,-0.00339,0.00356,,0.04359,0.03896,0.06430,0.19139,,0.01070,-0.02368,0.03880,-0.06761,,-0.04741,-0.04133,-0.04387,-0.03551,,0.01480,0.00197,0.00185,0.15413
1621,143,milk on pink plate,video_2cam,"human video
milk on plate",True,,0.23656,0.33008,0.24943,0.37362,,-0.02546,-0.08682,-0.02334,-0.17607,,0.11934,0.01729,0.18883,0.00713,,-1.16468,-1.78761,-1.09725,-2.14842,,1.19351,1.80259,1.17623,2.51962,,-1.18175,-0.45975,-1.38376,-0.45778,,0.01287,0.48636,0.12281,0.99946,,0.00366,-0.00592,-0.00041,-0.00745,,-0.00852,-0.00817,-0.01107,-0.00392,,0.00653,0.01272,-0.00057,0.00491,,0.04512,0.04002,0.06063,0.17397,,0.00229,-0.02201,0.03317,-0.06743,,-0.05190,-0.04415,-0.04826,-0.03532,,0.01397,0.00140,0.00213,0.15176
1621,144,milk on pink plate,video_2cam,"human video
milk on plate",True,,0.23527,0.32925,0.24499,0.38151,,-0.03259,-0.08647,-0.02119,-0.17863,,0.12558,0.01441,0.20034,0.00845,,-1.13344,-1.78853,-1.05394,-2.07247,,1.19477,1.80105,1.14932,2.42835,,-1.21213,-0.45826,-1.42055,-0.49775,,0.00143,0.48859,0.10124,0.99426,,0.00434,-0.00452,-0.00010,-0.00756,,-0.00970,-0.00964,-0.01209,-0.00617,,0.00687,0.01454,-0.00003,0.00501,,0.04665,0.04155,0.06750,0.20469,,0.00525,-0.01800,0.03753,-0.07983,,-0.05275,-0.04640,-0.05140,-0.04336,,0.01376,0.00226,0.00508,0.14474
1621,145,milk on pink plate,video_2cam,"human video
milk on plate",True,,0.23591,0.32854,0.24722,0.36526,,-0.03313,-0.08405,-0.02143,-0.18332,,0.12629,0.02118,0.19044,-0.00228,,-1.12562,-1.77657,-1.11316,-2.17482,,1.18905,1.78688,1.20350,2.61478,,-1.22288,-0.47766,-1.39279,-0.44295,,-0.00372,0.48045,0.10369,1.01119,,0.00469,-0.00504,-0.00080,-0.00744,,-0.00780,-0.00908,-0.00925,-0.00530,,0.00866,0.01582,0.00135,0.00697,,0.04411,0.04392,0.05001,0.18444,,0.00111,-0.02109,0.03102,-0.08183,,-0.05272,-0.04946,-0.04758,-0.03903,,0.01328,0.00171,0.00513,0.13887
1621,146,milk on pink plate,video_2cam,"human video
milk on plate",True,,0.23267,0.32851,0.24438,0.37448,,-0.04128,-0.09192,-0.02392,-0.19644,,0.13270,0.02300,0.19473,0.00486,,-1.07279,-1.75914,-1.10848,-2.05451,,1.17694,1.79753,1.21057,2.56878,,-1.27099,-0.48711,-1.40035,-0.48066,,-0.03131,0.47428,0.08864,0.96453,,0.00593,-0.00417,0.00000,-0.00679,,-0.00789,-0.00958,-0.00921,-0.00574,,0.00839,0.01536,0.00034,0.00755,,0.04234,0.04202,0.04155,0.19807,,0.00373,-0.01834,0.04010,-0.09066,,-0.05111,-0.04614,-0.04232,-0.04343,,0.01378,0.00228,0.00669,0.15336
1621,147,milk on pink plate,video_2cam,"human video
milk on plate",True,,0.23571,0.33032,0.24388,0.37107,,-0.03808,-0.09118,-0.02919,-0.19725,,0.13191,0.02560,0.19100,0.00654,,-1.09470,-1.76526,-1.10083,-2.04916,,1.18310,1.80063,1.23046,2.54708,,-1.25110,-0.48398,-1.40432,-0.46974,,-0.02280,0.47749,0.08808,0.96317,,0.00613,-0.00464,0.00078,-0.00656,,-0.00706,-0.00910,-0.00929,-0.00459,,0.00933,0.01604,0.00091,0.00879,,0.04106,0.04329,0.03566,0.17200,,0.00231,-0.02087,0.04216,-0.08105,,-0.05074,-0.04777,-0.04213,-0.03842,,0.01370,0.00156,0.00602,0.14229
1621,148,milk on pink plate,video_2cam,"human video
milk on plate",True,,0.23430,0.32939,0.24153,0.36301,,-0.03564,-0.08966,-0.02909,-0.19323,,0.13943,0.03449,0.19516,0.00670,,-1.08089,-1.75284,-1.09853,-2.05371,,1.16232,1.78600,1.22673,2.64245,,-1.27532,-0.50208,-1.40193,-0.44953,,-0.03712,0.46786,0.08446,0.93482,,0.00585,-0.00565,0.00114,-0.00609,,-0.00530,-0.00889,-0.00746,-0.00480,,0.01031,0.01704,0.00207,0.00976,,0.03909,0.04682,0.03448,0.17079,,-0.00187,-0.02444,0.03340,-0.08543,,-0.05085,-0.05173,-0.03993,-0.03632,,0.01290,0.00129,0.01017,0.12204
1621,149,milk on pink plate,video_2cam,"human video
milk on plate",True,,0.23153,0.32954,0.24379,0.36323,,-0.03325,-0.08824,-0.03058,-0.20738,,0.13949,0.03383,0.19212,0.00342,,-1.05704,-1.75417,-1.12812,-2.00494,,1.13480,1.78365,1.27468,2.66536,,-1.29998,-0.50373,-1.38524,-0.47414,,-0.05717,0.47036,0.08304,0.97444,,0.00745,-0.00488,0.00144,-0.00591,,-0.00385,-0.00935,-0.00560,-0.00643,,0.01264,0.01907,0.00222,0.01102,,0.03686,0.04862,0.01511,0.16745,,-0.00338,-0.02361,0.03325,-0.08192,,-0.05176,-0.05453,-0.03341,-0.04262,,0.01362,0.00125,0.00891,0.11532
1621,150,milk on pink plate,video_2cam,"human video
milk on plate",True,,0.23043,0.33347,0.23951,0.39161,,-0.03879,-0.09704,-0.03361,-0.21966,,0.13979,0.03116,0.19387,0.02106,,-1.03722,-1.76329,-1.09707,-1.83148,,1.13904,1.81513,1.28055,2.30028,,-1.31625,-0.48316,-1.39486,-0.55601,,-0.06722,0.48050,0.06761,0.92757,,0.00960,-0.00240,0.00243,-0.00332,,-0.00578,-0.01144,-0.00699,-0.00662,,0.01197,0.02070,0.00067,0.01312,,0.03568,0.04804,0.01973,0.15746,,0.00497,-0.01669,0.04127,-0.08369,,-0.04916,-0.05296,-0.03059,-0.04844,,0.01449,0.00243,0.00835,0.09708
1621,151,milk on pink plate,video_2cam,"human video
milk on plate",True,,0.22878,0.33352,0.24505,0.38381,,-0.03312,-0.09466,-0.03392,-0.22258,,0.14599,0.04285,0.19477,0.01911,,-1.02023,-1.75105,-1.12136,-1.85824,,1.10577,1.79789,1.30531,2.55275,,-1.34167,-0.50045,-1.36974,-0.54209,,-0.08695,0.47188,0.06410,0.90747,,0.00984,-0.00473,0.00398,-0.00177,,-0.00248,-0.01078,-0.00458,-0.00227,,0.01486,0.02244,0.00288,0.01714,,0.03274,0.05498,0.00013,0.15404,,-0.00259,-0.02480,0.03067,-0.10455,,-0.05073,-0.06076,-0.02804,-0.04170,,0.01417,0.00183,0.01370,0.06277
1621,152,milk on pink plate,video_2cam,"human video
milk on plate",True,,0.22332,0.33639,0.25026,0.38763,,-0.04111,-0.09954,-0.03431,-0.21670,,0.15447,0.04793,0.19670,0.03049,,-0.94925,-1.74900,-1.17464,-1.85657,,1.07946,1.81259,1.35371,2.40946,,-1.40927,-0.49691,-1.33099,-0.54220,,-0.12848,0.46584,0.05803,0.83114,,0.01140,-0.00423,0.00521,0.00020,,-0.00145,-0.01068,-0.00318,-0.00088,,0.01428,0.02037,0.00203,0.01591,,0.02800,0.05080,-0.00403,0.12233,,-0.00094,-0.02220,0.02968,-0.09952,,-0.04717,-0.05409,-0.02138,-0.02849,,0.01483,0.00268,0.01613,0.05994
1621,153,milk on pink plate,video_2cam,"human video
milk on plate",True,,0.21693,0.34133,0.25286,0.39026,,-0.04744,-0.10246,-0.02915,-0.22443,,0.15871,0.04940,0.19843,0.04049,,-0.88707,-1.76703,-1.23166,-1.89753,,1.05432,1.83636,1.37521,2.08727,,-1.46701,-0.47621,-1.30425,-0.57368,,-0.16309,0.46984,0.04641,0.78451,,0.01276,-0.00223,0.00503,0.00353,,-0.00132,-0.01127,-0.00256,0.00129,,0.01345,0.01965,0.00092,0.01635,,0.02519,0.04600,-0.00284,0.02427,,0.00182,-0.01599,0.02997,-0.06630,,-0.04485,-0.04742,-0.01658,-0.01852,,0.01565,0.00364,0.01518,0.05176
1621,154,milk on pink plate,video_2cam,"human video
milk on plate",True,,0.21400,0.34340,0.26459,0.38086,,-0.05444,-0.10711,-0.02649,-0.21843,,0.17014,0.05693,0.20386,0.06112,,-0.82866,-1.76458,-1.33374,-1.90778,,1.03224,1.84976,1.41873,1.80083,,-1.52914,-0.47873,-1.22119,-0.62460,,-0.20830,0.45654,0.00521,0.72193,,0.01488,0.00012,0.00569,0.00553,,0.00099,-0.01176,0.00120,0.00146,,0.01094,0.01667,0.00020,0.01446,,0.01315,0.03728,0.00391,-0.07544,,0.00512,-0.00697,0.00765,-0.03153,,-0.03382,-0.03533,-0.00358,-0.00053,,0.01611,0.00509,0.01468,0.05744
1621,155,milk on pink plate,video_2cam,"human video
milk on plate",True,,0.21660,0.34228,0.27636,0.37466,,-0.04739,-0.10898,-0.02679,-0.22203,,0.17487,0.06531,0.19902,0.07201,,-0.83385,-1.74672,-1.38889,-1.93400,,1.01050,1.84547,1.46385,1.76995,,-1.53590,-0.50064,-1.13846,-0.66560,,-0.23257,0.43188,-0.01823,0.66430,,0.01734,0.00258,0.00842,0.00583,,0.00629,-0.01193,0.00546,-0.00264,,0.01084,0.01286,0.00176,0.01058,,-0.00336,0.02694,0.03025,-0.09257,,0.00280,0.00294,-0.03621,-0.01879,,-0.02180,-0.02155,0.00694,0.01066,,0.01657,0.00690,0.01266,0.06044
1621,156,milk on pink plate,video_2cam,"human video
milk on plate",True,,0.21550,0.34519,0.28856,0.36660,,-0.05851,-0.11343,-0.02916,-0.23650,,0.19307,0.06792,0.21355,0.07192,,-0.76284,-1.76003,-1.45393,-2.06037,,0.99273,1.86692,1.52015,1.53987,,-1.60860,-0.48239,-1.06004,-0.68379,,-0.28569,0.42481,-0.04809,0.54548,,0.01939,0.00613,0.01097,0.00838,,0.00893,-0.01364,0.00726,-0.00026,,0.00792,0.00981,-0.00151,0.00993,,-0.01627,0.01710,0.02130,-0.08964,,0.00598,0.01689,-0.02586,-0.01093,,-0.00951,-0.00798,0.02214,0.01604,,0.01697,0.00970,0.00814,0.06894
1621,157,milk on pink plate,video_2cam,"human video
milk on plate",True,,0.21244,0.34305,0.30159,0.36279,,-0.06355,-0.11671,-0.01776,-0.22708,,0.20606,0.07854,0.22897,0.09182,,-0.70907,-1.73821,-1.48301,-2.05652,,0.96705,1.85801,1.51535,1.47764,,-1.66596,-0.50385,-1.01811,-0.75900,,-0.32798,0.40217,-0.01277,0.43434,,0.01957,0.00607,0.01181,0.00868,,0.01196,-0.01357,0.00907,0.00405,,0.00473,0.00649,-0.00398,0.00865,,-0.02643,0.01273,0.01474,-0.09280,,0.00453,0.01968,-0.02681,-0.03445,,-0.00017,-0.00097,0.03287,0.03446,,0.01698,0.01087,0.00614,0.07355
1621,158,milk on pink plate,video_2cam,"human video
milk on plate",True,,0.20954,0.34172,0.31126,0.36823,,-0.07008,-0.13491,-0.00098,-0.23264,,0.22121,0.09284,0.25351,0.13033,,-0.64797,-1.69320,-1.48354,-2.17428,,0.93992,1.87337,1.44368,1.20570,,-1.73125,-0.52735,-1.01550,-0.89757,,-0.38288,0.36842,-0.00914,0.35715,,0.02246,0.00632,0.01559,0.00879,,0.01330,-0.01426,0.00831,0.00876,,0.00079,-0.00032,-0.00919,0.00589,,-0.03952,0.00382,-0.00612,-0.07423,,0.01276,0.02645,-0.00366,-0.07695,,0.01334,0.01457,0.03838,0.05609,,0.01821,0.01378,0.00895,0.09950
1621,159,milk on pink plate,video_2cam,"human video
milk on plate",True,,0.20855,0.34254,0.30343,0.37318,,-0.07256,-0.14746,0.00379,-0.22583,,0.22546,0.10852,0.25217,0.17201,,-0.63082,-1.66392,-1.47412,-2.16587,,0.93338,1.88358,1.41292,1.06990,,-1.74802,-0.53886,-1.00345,-1.03759,,-0.40475,0.34424,0.02126,0.38956,,0.02199,0.00385,0.01706,0.01091,,0.01540,-0.01358,0.00958,0.01117,,-0.00488,-0.00593,-0.01354,-0.00406,,-0.05009,0.00065,-0.01722,-0.14902,,0.01388,0.02375,0.00507,-0.07102,,0.02543,0.02276,0.04300,0.08909,,0.01863,0.01532,0.00862,0.11139
1621,160,milk on pink plate,video_2cam,"human video
milk on plate",True,,0.19910,0.34102,0.30546,0.38071,,-0.08576,-0.15585,0.01018,-0.20852,,0.23702,0.12883,0.25351,0.21084,,-0.51995,-1.62920,-1.53506,-2.12048,,0.89501,1.87608,1.44178,0.93676,,-1.84708,-0.56610,-0.95293,-1.13905,,-0.47114,0.31239,0.02652,0.34450,,0.02332,0.00133,0.01830,0.01179,,0.01674,-0.01273,0.01070,0.01393,,-0.00936,-0.01101,-0.01719,-0.01123,,-0.05874,-0.00169,-0.03491,-0.22420,,0.01775,0.02057,0.02141,-0.07099,,0.03459,0.02929,0.05069,0.11206,,0.02026,0.01646,0.00149,0.11269
1621,161,milk on pink plate,video_2cam,"human video
milk on plate",True,,0.18649,0.34003,0.30488,0.37402,,-0.09349,-0.17320,0.01285,-0.19278,,0.23971,0.15171,0.24480,0.24568,,-0.42380,-1.57141,-1.52220,-2.14463,,0.85054,1.88142,1.45152,0.60999,,-1.93073,-0.60998,-0.92753,-1.16664,,-0.52618,0.27486,0.02960,0.31117,,0.02468,-0.00009,0.01792,0.01290,,0.01642,-0.01233,0.01144,0.00528,,-0.01324,-0.01563,-0.01959,-0.01976,,-0.06303,-0.00531,-0.04476,-0.23372,,0.02348,0.01960,0.02452,-0.05922,,0.03976,0.03819,0.05187,0.11136,,0.02238,0.01767,-0.00358,0.11814
1621,162,milk on pink plate,video_2cam,"human video
milk on plate",True,,0.18116,0.34202,0.30307,0.37346,,-0.10351,-0.19300,0.01822,-0.17277,,0.24093,0.16370,0.24126,0.26955,,-0.36050,-1.53527,-1.53458,-2.20969,,0.83665,1.90853,1.43577,0.28742,,-1.98364,-0.62398,-0.93645,-1.19507,,-0.55490,0.26556,0.05482,0.30095,,0.02502,-0.00228,0.01688,0.00993,,0.01721,-0.01245,0.01224,0.00307,,-0.01471,-0.01678,-0.01855,-0.02061,,-0.06594,-0.00205,-0.03546,-0.23758,,0.02325,0.01380,0.01789,-0.05587,,0.04242,0.03780,0.04971,0.11042,,0.02293,0.01753,-0.00323,0.11520
1621,163,milk on pink plate,video_2cam,"human video
milk on plate",True,,0.17572,0.33820,0.29531,0.36735,,-0.11141,-0.19109,0.01396,-0.14000,,0.23780,0.17157,0.23085,0.28972,,-0.31762,-1.51019,-1.52182,-2.10846,,0.83264,1.88318,1.45215,0.32582,,-2.01371,-0.65665,-0.94542,-1.23973,,-0.56212,0.25318,0.08013,0.22318,,0.02363,-0.00411,0.01471,0.00714,,0.01627,-0.01186,0.01190,0.00567,,-0.01550,-0.01565,-0.01765,-0.01856,,-0.06091,0.00299,-0.03211,-0.24282,,0.02122,0.00758,0.01693,-0.06501,,0.03842,0.03146,0.04862,0.11188,,0.02302,0.01651,-0.00033,0.10331
1621,164,milk on pink plate,video_2cam,"human video
milk on plate",True,,0.17129,0.33478,0.29080,0.36778,,-0.11191,-0.18297,0.00260,-0.11926,,0.23924,0.16768,0.23362,0.28804,,-0.29519,-1.50844,-1.52676,-1.91390,,0.81775,1.85568,1.48380,0.49864,,-2.03145,-0.66508,-0.95642,-1.26082,,-0.55966,0.26279,0.06983,0.04808,,0.02084,-0.00738,0.01259,0.00219,,0.01505,-0.01088,0.01230,0.01503,,-0.01323,-0.01187,-0.01521,-0.01389,,-0.04840,0.01432,-0.03649,-0.23435,,0.01412,-0.00488,0.01197,-0.09165,,0.02577,0.01576,0.05132,0.11378,,0.02231,0.01439,0.00558,0.07828
1621,165,milk on pink plate,video_2cam,"human video
milk on plate",True,,0.17452,0.33103,0.27740,0.38094,,-0.10786,-0.17122,-0.00604,-0.11308,,0.22820,0.15905,0.22762,0.27762,,-0.35747,-1.52125,-1.48160,-1.80458,,0.85072,1.82897,1.46125,0.68210,,-1.96327,-0.66305,-1.00351,-1.27657,,-0.50592,0.27428,0.07360,-0.02440,,0.01638,-0.00939,0.00940,-0.00334,,0.01198,-0.00999,0.00995,0.01840,,-0.01297,-0.00990,-0.01316,-0.01315,,-0.03321,0.02038,-0.02756,-0.21628,,0.00901,-0.01210,0.00894,-0.09977,,0.01400,0.00583,0.04279,0.12864,,0.02115,0.01272,0.01102,0.07456
1621,166,milk on pink plate,video_2cam,"human video
milk on plate",True,,0.18208,0.32686,0.26379,0.40379,,-0.10399,-0.15924,-0.00408,-0.11875,,0.22125,0.14581,0.23852,0.26993,,-0.43886,-1.54042,-1.39137,-1.73374,,0.89757,1.80483,1.33937,0.88591,,-1.88523,-0.65110,-1.08666,-1.30915,,-0.44840,0.29128,0.06509,-0.06589,,0.01247,-0.01212,0.00738,-0.00875,,0.01016,-0.00900,0.00815,0.01929,,-0.01351,-0.00886,-0.01234,-0.01377,,-0.02431,0.02648,-0.01581,-0.18441,,0.00470,-0.02041,0.00426,-0.09970,,0.00834,-0.00423,0.02884,0.14163,,0.01917,0.01094,0.01933,0.06911
1621,167,milk on pink plate,video_2cam,"human video
milk on plate",True,,0.18287,0.32248,0.25049,0.40467,,-0.09932,-0.14660,-0.00075,-0.11179,,0.22076,0.14008,0.25727,0.26990,,-0.47634,-1.55120,-1.28089,-1.61039,,0.91004,1.77420,1.22358,1.08137,,-1.85242,-0.65288,-1.17648,-1.33666,,-0.42153,0.29336,0.03822,-0.15816,,0.00997,-0.01350,0.00622,-0.01011,,0.00735,-0.00822,0.00548,0.02070,,-0.01411,-0.00907,-0.01315,-0.01369,,-0.01491,0.02833,-0.00228,-0.18313,,0.00483,-0.02371,0.00517,-0.10086,,0.00198,-0.00848,0.01574,0.13760,,0.01826,0.01022,0.02517,0.06072
1621,168,milk on pink plate,video_2cam,"human video
milk on plate",True,,0.18641,0.32146,0.24225,0.40703,,-0.09475,-0.14226,0.00132,-0.12643,,0.22246,0.13115,0.27763,0.25809,,-0.52370,-1.56637,-1.21125,-1.58617,,0.92839,1.77031,1.12556,1.19104,,-1.81203,-0.63339,-1.25793,-1.33670,,-0.39343,0.30363,0.03875,-0.21636,,0.00715,-0.01534,0.00556,-0.01196,,0.00554,-0.00760,0.00373,0.01880,,-0.01538,-0.01040,-0.01464,-0.01583,,-0.00823,0.02965,0.01099,-0.17994,,0.00361,-0.02762,0.00470,-0.08388,,-0.00171,-0.01057,0.00331,0.13751,,0.01703,0.01005,0.03052,0.05534
1621,169,milk on pink plate,video_2cam,"human video
milk on plate",True,,0.18456,0.32130,0.22949,0.41432,,-0.10207,-0.13477,-0.00105,-0.14746,,0.22138,0.12333,0.28366,0.24387,,-0.51416,-1.59273,-1.16154,-1.60230,,0.94668,1.76751,1.05933,1.30537,,-1.81383,-0.61035,-1.28411,-1.35148,,-0.39044,0.30907,0.02072,-0.18304,,0.00738,-0.01502,0.00770,-0.01136,,0.00089,-0.00704,0.00176,0.01920,,-0.01900,-0.01327,-0.01692,-0.01826,,-0.00377,0.02413,-0.00854,-0.19209,,0.01500,-0.02436,0.02898,-0.07696,,-0.00062,-0.00462,0.00500,0.14531,,0.01778,0.01061,0.03460,0.05301
1621,170,milk on pink plate,video_2cam,"human video
milk on plate",True,,0.18603,0.32150,0.22441,0.41970,,-0.10528,-0.13917,-0.00026,-0.17375,,0.22137,0.11798,0.29176,0.24066,,-0.52984,-1.58861,-1.09781,-1.58353,,0.97035,1.77872,1.00102,1.35212,,-1.79858,-0.60364,-1.30612,-1.39374,,-0.37485,0.31079,-0.01299,-0.16000,,0.00677,-0.01499,0.00817,-0.01096,,-0.00160,-0.00705,0.00017,0.01672,,-0.02087,-0.01500,-0.01808,-0.02014,,-0.00085,0.02158,-0.01105,-0.17492,,0.01984,-0.02305,0.04447,-0.06424,,-0.00021,-0.00086,-0.00205,0.14756,,0.01730,0.01122,0.03590,0.06866
1621,171,milk on pink plate,video_2cam,"human video
milk on plate",True,,0.18803,0.32012,0.22302,0.41678,,-0.10453,-0.13495,-0.00079,-0.16675,,0.21967,0.11239,0.29852,0.22918,,-0.55350,-1.59300,-1.03296,-1.55453,,0.98599,1.77039,0.98529,1.46233,,-1.77512,-0.60313,-1.34244,-1.34732,,-0.35312,0.31899,-0.02972,-0.16647,,0.00520,-0.01578,0.00668,-0.01207,,-0.00289,-0.00675,-0.00092,0.01062,,-0.02003,-0.01358,-0.01710,-0.01981,,0.00555,0.02486,0.00094,-0.13601,,0.01785,-0.02650,0.04148,-0.04863,,-0.00552,-0.00616,-0.00703,0.12822,,0.01648,0.01020,0.03555,0.06108
1621,172,milk on pink plate,video_2cam,"human video
milk on plate",True,,0.19369,0.31945,0.22188,0.42473,,-0.11135,-0.13911,-0.00092,-0.18349,,0.21152,0.10278,0.29309,0.21564,,-0.58452,-1.58735,-1.00935,-1.54175,,1.03338,1.77905,0.99506,1.61469,,-1.73623,-0.59685,-1.34800,-1.34051,,-0.31904,0.33006,-0.05029,-0.17654,,0.00485,-0.01648,0.00590,-0.01197,,-0.00499,-0.00713,-0.00296,0.00429,,-0.01971,-0.01251,-0.01556,-0.01973,,0.00965,0.02831,0.00209,-0.08656,,0.02017,-0.02911,0.05132,-0.02663,,-0.00734,-0.01052,-0.01068,0.11160,,0.01589,0.00998,0.03502,0.07847
1621,173,milk on pink plate,video_2cam,"human video
milk on plate",True,,0.19655,0.31420,0.22016,0.42110,,-0.11756,-0.14141,-0.00019,-0.16595,,0.20922,0.10589,0.29390,0.22624,,-0.59076,-1.54996,-1.00049,-1.51654,,1.05936,1.75660,1.01406,1.66261,,-1.72500,-0.63200,-1.35020,-1.31346,,-0.30107,0.31655,-0.05673,-0.21422,,0.00398,-0.01736,0.00466,-0.01249,,-0.00600,-0.00757,-0.00336,0.00390,,-0.01869,-0.01083,-0.01344,-0.01804,,0.01417,0.03356,0.00558,-0.05321,,0.01877,-0.03223,0.05101,-0.04536,,-0.01099,-0.01678,-0.01418,0.10114,,0.01504,0.01012,0.03595,0.08461
1621,174,milk on pink plate,video_2cam,"human video
milk on plate",True,,0.20224,0.30799,0.21900,0.42117,,-0.11074,-0.13905,-0.00263,-0.14810,,0.20805,0.09872,0.29606,0.22199,,-0.64029,-1.52969,-0.99369,-1.54800,,1.07324,1.73096,1.04805,1.79451,,-1.68042,-0.64710,-1.37134,-1.25522,,-0.27109,0.31520,-0.01225,-0.16230,,0.00161,-0.01870,0.00300,-0.01332,,-0.00457,-0.00832,-0.00236,0.00263,,-0.01597,-0.00882,-0.01236,-0.01521,,0.01880,0.04069,0.00824,0.00024,,0.00919,-0.03597,0.03738,-0.05500,,-0.01721,-0.02623,-0.00997,0.07877,,0.01363,0.01054,0.03193,0.08869
1621,175,milk on pink plate,video_2cam,"human video
milk on plate",True,,0.20158,0.30256,0.21944,0.39513,,-0.11293,-0.12835,0.00023,-0.10633,,0.20917,0.10478,0.29219,0.22082,,-0.62241,-1.51349,-1.06806,-1.55303,,1.06751,1.68752,1.08323,1.85818,,-1.69628,-0.68257,-1.34581,-1.15126,,-0.27524,0.30147,0.02278,-0.11210,,0.00113,-0.01926,0.00174,-0.01416,,-0.00325,-0.00808,-0.00099,0.00481,,-0.01392,-0.00646,-0.00998,-0.01282,,0.02010,0.04532,0.00664,0.00770,,0.00362,-0.03891,0.02950,-0.08281,,-0.02056,-0.03351,-0.01043,0.07362,,0.01314,0.00990,0.03135,0.07462
1621,176,milk on pink plate,video_2cam,"human video
milk on plate",True,,0.20439,0.29651,0.22021,0.38517,,-0.11596,-0.12721,-0.00165,-0.08935,,0.20990,0.10521,0.29158,0.22439,,-0.62974,-1.49035,-1.06006,-1.57940,,1.08290,1.66413,1.08808,1.83192,,-1.68920,-0.70773,-1.34215,-1.13991,,-0.26939,0.28612,0.01874,-0.11868,,0.00086,-0.01880,0.00170,-0.01402,,-0.00269,-0.00886,-0.00066,0.00994,,-0.01460,-0.00730,-0.01006,-0.01130,,0.01784,0.04451,0.00663,0.01102,,0.00301,-0.03552,0.03011,-0.10031,,-0.01793,-0.03268,-0.01097,0.07680,,0.01261,0.01091,0.03156,0.07280
1621,177,milk on pink plate,video_2cam,"human video
milk on plate",True,,0.20388,0.28936,0.22088,0.36662,,-0.11185,-0.11931,-0.00181,-0.06597,,0.21430,0.10688,0.29796,0.20939,,-0.63214,-1.47086,-1.06162,-1.62398,,1.06941,1.62474,1.06946,1.95807,,-1.69300,-0.74187,-1.36369,-1.04103,,-0.27064,0.27191,0.04087,-0.03182,,-0.00061,-0.01869,0.00024,-0.01462,,-0.00163,-0.00909,-0.00015,0.01076,,-0.01363,-0.00630,-0.00991,-0.01026,,0.02001,0.04633,0.01036,0.02481,,-0.00271,-0.03500,0.02413,-0.11271,,-0.02129,-0.03650,-0.01219,0.07206,,0.01184,0.01074,0.02968,0.06645
1621,178,milk on pink plate,video_2cam,"human video
milk on plate",True,,0.20195,0.28271,0.21966,0.35325,,-0.10946,-0.10972,-0.00088,-0.04796,,0.21438,0.10503,0.30190,0.18453,,-0.63060,-1.46362,-1.04586,-1.70321,,1.06131,1.58855,1.05694,2.07792,,-1.69515,-0.76529,-1.37566,-0.91067,,-0.26892,0.26368,0.03828,0.09871,,-0.00095,-0.01776,-0.00016,-0.01534,,-0.00253,-0.00955,-0.00046,0.00979,,-0.01247,-0.00476,-0.00956,-0.00920,,0.02447,0.04738,0.00900,0.05809,,-0.00322,-0.03247,0.02446,-0.12362,,-0.02586,-0.04001,-0.01298,0.05867,,0.01185,0.01061,0.02979,0.06203
1621,179,milk on pink plate,video_2cam,"human video
milk on plate",True,,0.20124,0.28017,0.21811,0.33870,,-0.11820,-0.11016,0.00071,-0.04280,,0.21201,0.10887,0.29824,0.18384,,-0.60704,-1.44110,-1.07575,-1.71688,,1.07520,1.57585,1.06110,2.10192,,-1.70932,-0.79288,-1.36051,-0.88926,,-0.26825,0.25111,0.02961,0.05181,,-0.00017,-0.01655,-0.00036,-0.01454,,-0.00409,-0.00992,-0.00080,0.01061,,-0.01166,-0.00384,-0.00748,-0.00769,,0.02735,0.04672,0.00440,0.07185,,-0.00038,-0.02974,0.03102,-0.13837,,-0.02801,-0.03944,-0.01316,0.05759,,0.01203,0.01088,0.02851,0.06444
1621,180,milk on pink plate,video_2cam,"human video
milk on plate",True,,0.20084,0.27477,0.21743,0.32425,,-0.11429,-0.09952,-0.00069,-0.02121,,0.21533,0.10677,0.30473,0.16840,,-0.61474,-1.44173,-1.04903,-1.74578,,1.06724,1.54251,1.03869,2.12474,,-1.70862,-0.80577,-1.37926,-0.82746,,-0.26490,0.24469,0.03525,0.10067,,-0.00107,-0.01642,-0.00133,-0.01614,,-0.00412,-0.01014,-0.00073,0.00891,,-0.01050,-0.00355,-0.00739,-0.00998,,0.03051,0.04741,0.00908,0.08072,,-0.00314,-0.02833,0.02734,-0.12382,,-0.03173,-0.04197,-0.01547,0.05890,,0.01132,0.01107,0.02807,0.04270
1621,181,milk on pink plate,video_2cam,"human video
milk on plate",True,,0.19855,0.26907,0.21419,0.31081,,-0.11562,-0.09235,0.00126,-0.00414,,0.21394,0.10901,0.30689,0.15549,,-0.60751,-1.42300,-1.03198,-1.73793,,1.06906,1.50971,1.00264,2.20096,,-1.71414,-0.84247,-1.38308,-0.76655,,-0.26200,0.23100,0.01768,0.08784,,-0.00023,-0.01555,-0.00098,-0.01707,,-0.00662,-0.00977,-0.00177,0.00817,,-0.00964,-0.00261,-0.00655,-0.00992,,0.03518,0.04653,0.01139,0.09782,,0.00174,-0.02690,0.03247,-0.11338,,-0.03532,-0.04281,-0.01623,0.06004,,0.01163,0.01028,0.02625,0.01352
1621,182,milk on pink plate,video_2cam,"human video
milk on plate",True,,0.19744,0.26345,0.21397,0.30144,,-0.12374,-0.08585,0.00364,0.01697,,0.21440,0.11117,0.30448,0.14522,,-0.57618,-1.40524,-1.07923,-1.72479,,1.07500,1.47882,1.01137,2.19832,,-1.73839,-0.87660,-1.35937,-0.72882,,-0.26940,0.21704,0.01427,0.09264,,0.00076,-0.01471,-0.00087,-0.01790,,-0.00717,-0.00943,-0.00141,0.00842,,-0.00864,-0.00220,-0.00449,-0.00970,,0.03590,0.04504,0.00269,0.10548,,0.00331,-0.02506,0.03932,-0.10199,,-0.03628,-0.04268,-0.01569,0.05890,,0.01177,0.00968,0.02688,-0.00271
1621,183,milk on pink plate,video_2cam,"human video
milk on plate",True,,0.20018,0.26448,0.21392,0.31353,,-0.12255,-0.08827,0.00239,0.00996,,0.21153,0.10817,0.29952,0.14673,,-0.59539,-1.40963,-1.09510,-1.72949,,1.08496,1.48696,1.03459,2.23344,,-1.71873,-0.86515,-1.35654,-0.75636,,-0.25702,0.22535,0.02466,0.12487,,0.00054,-0.01456,-0.00131,-0.01789,,-0.00687,-0.01058,-0.00149,0.01022,,-0.00749,-0.00019,-0.00367,-0.00822,,0.03689,0.04906,-0.00044,0.12657,,0.00134,-0.02505,0.04156,-0.11908,,-0.03781,-0.04736,-0.01439,0.05919,,0.01152,0.01017,0.02561,0.00126
1621,184,milk on pink plate,video_2cam,"human video
milk on plate",True,,0.19802,0.26145,0.21480,0.30074,,-0.12319,-0.08419,0.00388,0.02103,,0.21400,0.11393,0.30332,0.14764,,-0.58121,-1.39823,-1.08877,-1.72209,,1.07593,1.46540,1.01681,2.17521,,-1.73518,-0.88624,-1.35982,-0.73045,,-0.26446,0.21505,0.02121,0.05110,,0.00006,-0.01573,-0.00207,-0.01903,,-0.00665,-0.00980,-0.00110,0.01083,,-0.00791,-0.00051,-0.00334,-0.00863,,0.03696,0.05028,0.00465,0.10566,,0.00022,-0.02841,0.03752,-0.11183,,-0.03796,-0.04927,-0.02066,0.06014,,0.01121,0.00941,0.02723,-0.00715
1621,185,milk on pink plate,video_2cam,"human video
milk on plate",True,,0.20016,0.26260,0.21508,0.28137,,-0.12908,-0.08794,0.00457,0.01454,,0.20909,0.11906,0.29541,0.14640,,-0.58243,-1.37978,-1.11955,-1.73258,,1.09852,1.46790,1.03716,2.20072,,-1.72615,-0.90559,-1.33934,-0.71106,,-0.25153,0.21168,0.02361,-0.04231,,0.00036,-0.01577,-0.00248,-0.01849,,-0.00732,-0.00952,-0.00153,0.00857,,-0.00675,0.00154,-0.00125,-0.00660,,0.03892,0.05284,-0.00327,0.11713,,0.00051,-0.03122,0.04499,-0.11942,,-0.03974,-0.05219,-0.01959,0.05271,,0.01107,0.00856,0.02704,-0.00588
1621,186,milk on pink plate,video_2cam,"human video
milk on plate",True,,0.19845,0.26530,0.22145,0.25122,,-0.13197,-0.08879,0.00126,0.00922,,0.21912,0.13209,0.29938,0.15045,,-0.54425,-1.36754,-1.15462,-1.70710,,1.07735,1.46565,1.07798,2.12883,,-1.76751,-0.92582,-1.33574,-0.65662,,-0.27153,0.20428,0.04012,-0.12861,,-0.00105,-0.01675,-0.00454,-0.01791,,-0.00479,-0.00822,0.00058,0.01025,,-0.00507,0.00325,-0.00040,-0.00341,,0.03938,0.05566,-0.01318,0.10753,,-0.00857,-0.03731,0.04007,-0.14562,,-0.04285,-0.05517,-0.02160,0.04503,,0.00998,0.00711,0.02675,0.01016
1621,187,milk on pink plate,video_2cam,"human video
milk on plate",True,,0.19997,0.26602,0.21956,0.24183,,-0.12740,-0.09345,0.00200,0.01225,,0.22104,0.13586,0.30440,0.16545,,-0.56518,-1.35613,-1.13366,-1.69956,,1.07621,1.47035,1.05422,2.04861,,-1.75366,-0.92696,-1.35050,-0.68571,,-0.26757,0.19810,0.04976,-0.19324,,-0.00196,-0.01781,-0.00475,-0.01767,,-0.00374,-0.00847,0.00107,0.01038,,-0.00628,0.00186,-0.00151,-0.00443,,0.03686,0.05649,-0.00104,0.08828,,-0.01057,-0.03866,0.02986,-0.14537,,-0.04025,-0.05438,-0.02487,0.05228,,0.00949,0.00812,0.02743,0.01642
1621,188,milk on pink plate,video_2cam,"human video
milk on plate",True,,0.19427,0.26561,0.22074,0.22119,,-0.13021,-0.09346,0.00042,0.01185,,0.22704,0.14632,0.30935,0.17175,,-0.52272,-1.33375,-1.12277,-1.63853,,1.05241,1.45838,1.04457,1.93677,,-1.79534,-0.95560,-1.36095,-0.65164,,-0.29333,0.18098,0.04344,-0.15666,,-0.00256,-0.01861,-0.00515,-0.01768,,-0.00399,-0.00682,0.00125,0.00758,,-0.00865,0.00074,-0.00288,-0.00538,,0.03662,0.05464,0.00592,0.07274,,-0.00962,-0.04198,0.02114,-0.13636,,-0.03894,-0.05155,-0.02610,0.04586,,0.00980,0.00750,0.02839,0.01925
1621,189,milk on pink plate,video_2cam,"human video
milk on plate",True,,0.19836,0.26696,0.21821,0.22232,,-0.12810,-0.09463,-0.00080,0.00027,,0.22579,0.14541,0.30578,0.16747,,-0.54427,-1.33375,-1.14044,-1.59418,,1.06030,1.46441,1.07376,1.96553,,-1.77553,-0.95485,-1.34603,-0.66334,,-0.28259,0.18496,0.06669,-0.12086,,-0.00290,-0.01863,-0.00565,-0.01760,,-0.00225,-0.00641,0.00206,0.00566,,-0.00684,0.00153,-0.00126,-0.00442,,0.03559,0.05515,0.00867,0.08142,,-0.01467,-0.04354,0.01741,-0.13379,,-0.03978,-0.05235,-0.02774,0.04204,,0.00926,0.00692,0.02659,0.01896
1621,190,milk on pink plate,video_2cam,"human video
milk on plate",True,,0.19455,0.26579,0.21808,0.22794,,-0.12415,-0.10138,-0.00414,-0.00639,,0.23288,0.15266,0.30902,0.19252,,-0.52510,-1.30577,-1.13660,-1.46873,,1.03098,1.46371,1.05310,1.81452,,-1.80237,-0.97489,-1.34946,-0.76487,,-0.30558,0.16881,0.08040,-0.15882,,-0.00352,-0.01998,-0.00655,-0.01657,,-0.00057,-0.00563,0.00325,0.00414,,-0.00887,-0.00130,-0.00249,-0.00969,,0.03125,0.05322,0.02037,0.04916,,-0.01668,-0.04586,0.00491,-0.11412,,-0.03602,-0.04813,-0.03383,0.05385,,0.00923,0.00727,0.02528,0.02558
1621,191,milk on pink plate,video_2cam,"human video
milk on plate",True,,0.19136,0.26427,0.22513,0.22507,,-0.12465,-0.11025,-0.00073,-0.01330,,0.23194,0.16387,0.30888,0.21883,,-0.50958,-1.26779,-1.12949,-1.36960,,1.02135,1.46292,1.04552,1.63979,,-1.81601,-1.00889,-1.35305,-0.87069,,-0.31847,0.14666,0.05729,-0.21719,,-0.00269,-0.01982,-0.00526,-0.01462,,-0.00110,-0.00554,0.00250,0.00715,,-0.01103,-0.00307,-0.00460,-0.01244,,0.02832,0.05042,0.02017,0.01801,,-0.01214,-0.04456,0.00911,-0.11365,,-0.03205,-0.04292,-0.03015,0.06947,,0.01011,0.00775,0.02784,0.03765
1621,192,milk on pink plate,video_2cam,"human video
milk on plate",True,,0.19169,0.26384,0.22403,0.21387,,-0.12422,-0.11069,-0.00210,-0.01717,,0.23023,0.17535,0.31012,0.23538,,-0.52012,-1.24889,-1.10190,-1.24592,,1.02738,1.45423,1.04323,1.40484,,-1.80349,-1.03959,-1.37626,-0.97512,,-0.31087,0.12835,0.05206,-0.20064,,-0.00320,-0.01851,-0.00496,-0.01076,,-0.00242,-0.00477,0.00152,0.00874,,-0.01177,-0.00349,-0.00563,-0.01518,,0.03121,0.04605,0.01867,-0.00032,,-0.01037,-0.04202,0.01339,-0.11336,,-0.03335,-0.03750,-0.02777,0.06825,,0.01026,0.00737,0.02706,0.04345
1621,193,milk on pink plate,video_2cam,"human video
milk on plate",True,,0.19671,0.26250,0.22420,0.21065,,-0.12048,-0.11337,-0.00386,-0.01390,,0.22623,0.18259,0.30032,0.24629,,-0.55649,-1.22817,-1.13566,-1.23605,,1.04146,1.44827,1.07567,1.32407,,-1.77052,-1.06444,-1.34716,-1.01952,,-0.29356,0.11527,0.07090,-0.20510,,-0.00336,-0.01775,-0.00543,-0.00972,,-0.00050,-0.00499,0.00214,0.01148,,-0.01058,-0.00338,-0.00417,-0.01460,,0.02810,0.04489,0.02307,-0.01386,,-0.01454,-0.04007,0.00842,-0.11390,,-0.03193,-0.03572,-0.03105,0.07369,,0.00970,0.00742,0.02622,0.04373
1621,194,milk on pink plate,video_2cam,"human video
milk on plate",True,,0.19705,0.26241,0.22301,0.21679,,-0.12238,-0.12408,-0.00633,-0.01797,,0.22799,0.19481,0.30231,0.27071,,-0.55407,-1.18972,-1.12635,-1.22162,,1.04525,1.45190,1.07093,1.20746,,-1.77241,-1.09479,-1.35819,-1.10855,,-0.29391,0.09622,0.07223,-0.20931,,-0.00376,-0.01735,-0.00547,-0.00896,,-0.00094,-0.00565,0.00198,0.01342,,-0.01138,-0.00295,-0.00477,-0.01474,,0.02870,0.04575,0.02225,-0.02089,,-0.01388,-0.03925,0.01001,-0.11352,,-0.03156,-0.03461,-0.02988,0.07664,,0.00957,0.00834,0.02530,0.03939
1621,195,milk on pink plate,video_2cam,"human video
milk on plate",True,,0.20494,0.25945,0.22177,0.21201,,-0.12422,-0.12839,-0.00916,-0.00944,,0.22106,0.20469,0.28966,0.28583,,-0.59984,-1.15508,-1.15839,-1.24784,,1.08578,1.43824,1.10215,1.11461,,-1.72408,-1.12958,-1.33791,-1.14486,,-0.26147,0.07557,0.08897,-0.20895,,-0.00421,-0.01659,-0.00615,-0.00939,,-0.00034,-0.00662,0.00192,0.01629,,-0.01055,-0.00221,-0.00288,-0.01237,,0.02789,0.04676,0.02354,-0.02506,,-0.01625,-0.03679,0.01188,-0.11825,,-0.03069,-0.03483,-0.03045,0.07218,,0.00875,0.00937,0.02319,0.03452
1621,196,milk on pink plate,video_2cam,"human video
milk on plate",True,,0.21166,0.26324,0.21627,0.21309,,-0.12199,-0.12430,-0.01242,-0.01684,,0.21882,0.20328,0.28093,0.29558,,-0.64033,-1.17514,-1.19239,-1.18501,,1.10688,1.44553,1.11185,1.11791,,-1.68823,-1.11233,-1.31758,-1.18580,,-0.24099,0.08364,0.12608,-0.20717,,-0.00496,-0.01631,-0.00772,-0.00864,,0.00194,-0.00621,0.00327,0.01241,,-0.00967,-0.00185,-0.00067,-0.01305,,0.02442,0.04597,0.03543,-0.01651,,-0.02186,-0.03681,0.00340,-0.11042,,-0.02868,-0.03410,-0.03811,0.05920,,0.00768,0.00935,0.02031,0.02752
1621,197,milk on pink plate,video_2cam,"human video
milk on plate",True,,0.21658,0.26528,0.21535,0.22017,,-0.12373,-0.13040,-0.01083,-0.02419,,0.21612,0.20442,0.27105,0.30227,,-0.66051,-1.16800,-1.25616,-1.16954,,1.12810,1.45988,1.12367,1.08862,,-1.66778,-1.11117,-1.29445,-1.21830,,-0.22679,0.08416,0.16176,-0.20218,,-0.00508,-0.01646,-0.00878,-0.00854,,0.00370,-0.00604,0.00417,0.01275,,-0.00877,-0.00206,0.00131,-0.01255,,0.02117,0.04571,0.04139,-0.01089,,-0.02562,-0.03782,0.00014,-0.11349,,-0.02670,-0.03281,-0.04221,0.05872,,0.00695,0.00938,0.01884,0.02973
1621,198,milk on pink plate,video_2cam,"human video
milk on plate",True,,0.22017,0.26782,0.21670,0.22448,,-0.12568,-0.12990,-0.01153,-0.03321,,0.21328,0.20203,0.26650,0.30418,,-0.67954,-1.18143,-1.26395,-1.14284,,1.14944,1.47128,1.13209,1.11502,,-1.64612,-1.09787,-1.29923,-1.23631,,-0.21290,0.08968,0.16519,-0.19546,,-0.00510,-0.01559,-0.00849,-0.00731,,0.00350,-0.00592,0.00361,0.01032,,-0.00903,-0.00261,0.00096,-0.01342,,0.02062,0.04269,0.03765,-0.00449,,-0.02489,-0.03535,0.00694,-0.10888,,-0.02539,-0.02922,-0.03880,0.05652,,0.00678,0.00950,0.01866,0.03035
1621,199,milk on pink plate,video_2cam,"human video
milk on plate",True,,0.22203,0.26964,0.21874,0.22690,,-0.12248,-0.13381,-0.01035,-0.04106,,0.20978,0.19914,0.26020,0.29922,,-0.70332,-1.18254,-1.27186,-1.15581,,1.15775,1.48706,1.13065,1.09096,,-1.62542,-1.09237,-1.28877,-1.23896,,-0.20233,0.09443,0.16667,-0.18872,,-0.00482,-0.01552,-0.00848,-0.00697,,0.00416,-0.00526,0.00383,0.00956,,-0.00916,-0.00380,0.00108,-0.01381,,0.01775,0.03976,0.04029,0.00238,,-0.02492,-0.03550,0.00418,-0.10469,,-0.02294,-0.02546,-0.03869,0.05529,,0.00664,0.00891,0.01831,0.03693
1621,200,milk on pink plate,video_2cam,"human video
milk on plate",True,,0.22803,0.27555,0.22105,0.22966,,-0.12023,-0.13224,-0.00669,-0.05874,,0.19893,0.18678,0.25116,0.27751,,-0.75493,-1.21682,-1.27561,-1.15197,,1.19080,1.51564,1.16074,1.10553,,-1.57068,-1.05652,-1.26964,-1.21147,,-0.16982,0.12113,0.14935,-0.12330,,-0.00383,-0.01541,-0.00711,-0.00684,,0.00336,-0.00371,0.00239,0.00992,,-0.00773,-0.00360,0.00118,-0.01029,,0.01810,0.03714,0.03044,0.02137,,-0.02249,-0.03794,0.01165,-0.10603,,-0.02309,-0.02358,-0.02850,0.04573,,0.00684,0.00715,0.02048,0.04732
1621,201,milk on pink plate,video_2cam,"human video
milk on plate",False,,,,,,,,,,,,,,,,,,,,,,,,,,,,,,,,,,,,,,,,,,,,,,,,,,,,,,,,,,,,,,,,,,,,,,
1621,202,milk on pink plate,video_2cam,"human video
milk on plate",False,,,,,,,,,,,,,,,,,,,,,,,,,,,,,,,,,,,,,,,,,,,,,,,,,,,,,,,,,,,,,,,,,,,,,,
1621,203,milk on pink plate,video_2cam,"human video
milk on plate",False,,,,,,,,,,,,,,,,,,,,,,,,,,,,,,,,,,,,,,,,,,,,,,,,,,,,,,,,,,,,,,,,,,,,,,
1621,204,milk on pink plate,video_2cam,"human video
milk on plate",False,,,,,,,,,,,,,,,,,,,,,,,,,,,,,,,,,,,,,,,,,,,,,,,,,,,,,,,,,,,,,,,,,,,,,,
1621,205,milk on pink plate,video_2cam,"human video
milk on plate",False,,,,,,,,,,,,,,,,,,,,,,,,,,,,,,,,,,,,,,,,,,,,,,,,,,,,,,,,,,,,,,,,,,,,,,
1621,206,milk on pink plate,video_2cam,"human video
milk on plate",False,,,,,,,,,,,,,,,,,,,,,,,,,,,,,,,,,,,,,,,,,,,,,,,,,,,,,,,,,,,,,,,,,,,,,,
1621,207,milk on pink plate,video_2cam,"human video
milk on plate",False,,,,,,,,,,,,,,,,,,,,,,,,,,,,,,,,,,,,,,,,,,,,,,,,,,,,,,,,,,,,,,,,,,,,,,
1621,208,milk on pink plate,video_2cam,"human video
milk on plate",False,,,,,,,,,,,,,,,,,,,,,,,,,,,,,,,,,,,,,,,,,,,,,,,,,,,,,,,,,,,,,,,,,,,,,,
1621,209,milk on pink plate,video_2cam,"human video
milk on plate",False,,,,,,,,,,,,,,,,,,,,,,,,,,,,,,,,,,,,,,,,,,,,,,,,,,,,,,,,,,,,,,,,,,,,,,
