benchmark,method,role,arm_key,teacher_job,probe_job,ckpt_step,valid_rows,probe,target,action_dim,dim_name,r2,n_train,n_test,source_dir,note
libero,ours_single,canonical,libero_side_45408556,45408556,45408561,70000,4707223,mlp,current_action,-1,mean,0.525931,3289126,941386,probe_analysis/rlfv_libero_xemb_v1_lam1o5_side_45408556_ckpt070000,"lam1o5_side: sideview-only single-view teacher, seed 1003. The reference every plain-LIBERO baseline (CLAM, LAOF, DINO, villa-X, LAPA) was built from, so it is the matched single-view comparator."
libero,ours_single,canonical,libero_side_45408556,45408556,45408561,70000,4707223,mlp,current_action,0,dy,0.851758,3289126,941386,probe_analysis/rlfv_libero_xemb_v1_lam1o5_side_45408556_ckpt070000,"lam1o5_side: sideview-only single-view teacher, seed 1003. The reference every plain-LIBERO baseline (CLAM, LAOF, DINO, villa-X, LAPA) was built from, so it is the matched single-view comparator."
libero,ours_single,canonical,libero_side_45408556,45408556,45408561,70000,4707223,mlp,current_action,1,dx,0.639165,3289126,941386,probe_analysis/rlfv_libero_xemb_v1_lam1o5_side_45408556_ckpt070000,"lam1o5_side: sideview-only single-view teacher, seed 1003. The reference every plain-LIBERO baseline (CLAM, LAOF, DINO, villa-X, LAPA) was built from, so it is the matched single-view comparator."
libero,ours_single,canonical,libero_side_45408556,45408556,45408561,70000,4707223,mlp,current_action,2,dz,0.890520,3289126,941386,probe_analysis/rlfv_libero_xemb_v1_lam1o5_side_45408556_ckpt070000,"lam1o5_side: sideview-only single-view teacher, seed 1003. The reference every plain-LIBERO baseline (CLAM, LAOF, DINO, villa-X, LAPA) was built from, so it is the matched single-view comparator."
libero,ours_single,canonical,libero_side_45408556,45408556,45408561,70000,4707223,mlp,current_action,3,droll,0.195566,3289126,941386,probe_analysis/rlfv_libero_xemb_v1_lam1o5_side_45408556_ckpt070000,"lam1o5_side: sideview-only single-view teacher, seed 1003. The reference every plain-LIBERO baseline (CLAM, LAOF, DINO, villa-X, LAPA) was built from, so it is the matched single-view comparator."
libero,ours_single,canonical,libero_side_45408556,45408556,45408561,70000,4707223,mlp,current_action,4,dpitch,0.373984,3289126,941386,probe_analysis/rlfv_libero_xemb_v1_lam1o5_side_45408556_ckpt070000,"lam1o5_side: sideview-only single-view teacher, seed 1003. The reference every plain-LIBERO baseline (CLAM, LAOF, DINO, villa-X, LAPA) was built from, so it is the matched single-view comparator."
libero,ours_single,canonical,libero_side_45408556,45408556,45408561,70000,4707223,mlp,current_action,5,dyaw,0.305781,3289126,941386,probe_analysis/rlfv_libero_xemb_v1_lam1o5_side_45408556_ckpt070000,"lam1o5_side: sideview-only single-view teacher, seed 1003. The reference every plain-LIBERO baseline (CLAM, LAOF, DINO, villa-X, LAPA) was built from, so it is the matched single-view comparator."
libero,ours_single,canonical,libero_side_45408556,45408556,45408561,70000,4707223,mlp,current_action,6,gripper,0.424743,3289126,941386,probe_analysis/rlfv_libero_xemb_v1_lam1o5_side_45408556_ckpt070000,"lam1o5_side: sideview-only single-view teacher, seed 1003. The reference every plain-LIBERO baseline (CLAM, LAOF, DINO, villa-X, LAPA) was built from, so it is the matched single-view comparator."
libero,ours_single,canonical,libero_side_45408556,45408556,45408561,70000,4707223,mlp,future_action_mean,-1,mean,0.505585,3289126,941386,probe_analysis/rlfv_libero_xemb_v1_lam1o5_side_45408556_ckpt070000,"lam1o5_side: sideview-only single-view teacher, seed 1003. The reference every plain-LIBERO baseline (CLAM, LAOF, DINO, villa-X, LAPA) was built from, so it is the matched single-view comparator."
libero,ours_single,canonical,libero_side_45408556,45408556,45408561,70000,4707223,mlp,future_action_mean,0,dy,0.791555,3289126,941386,probe_analysis/rlfv_libero_xemb_v1_lam1o5_side_45408556_ckpt070000,"lam1o5_side: sideview-only single-view teacher, seed 1003. The reference every plain-LIBERO baseline (CLAM, LAOF, DINO, villa-X, LAPA) was built from, so it is the matched single-view comparator."
libero,ours_single,canonical,libero_side_45408556,45408556,45408561,70000,4707223,mlp,future_action_mean,1,dx,0.622961,3289126,941386,probe_analysis/rlfv_libero_xemb_v1_lam1o5_side_45408556_ckpt070000,"lam1o5_side: sideview-only single-view teacher, seed 1003. The reference every plain-LIBERO baseline (CLAM, LAOF, DINO, villa-X, LAPA) was built from, so it is the matched single-view comparator."
libero,ours_single,canonical,libero_side_45408556,45408556,45408561,70000,4707223,mlp,future_action_mean,2,dz,0.878297,3289126,941386,probe_analysis/rlfv_libero_xemb_v1_lam1o5_side_45408556_ckpt070000,"lam1o5_side: sideview-only single-view teacher, seed 1003. The reference every plain-LIBERO baseline (CLAM, LAOF, DINO, villa-X, LAPA) was built from, so it is the matched single-view comparator."
libero,ours_single,canonical,libero_side_45408556,45408556,45408561,70000,4707223,mlp,future_action_mean,3,droll,0.181063,3289126,941386,probe_analysis/rlfv_libero_xemb_v1_lam1o5_side_45408556_ckpt070000,"lam1o5_side: sideview-only single-view teacher, seed 1003. The reference every plain-LIBERO baseline (CLAM, LAOF, DINO, villa-X, LAPA) was built from, so it is the matched single-view comparator."
libero,ours_single,canonical,libero_side_45408556,45408556,45408561,70000,4707223,mlp,future_action_mean,4,dpitch,0.306907,3289126,941386,probe_analysis/rlfv_libero_xemb_v1_lam1o5_side_45408556_ckpt070000,"lam1o5_side: sideview-only single-view teacher, seed 1003. The reference every plain-LIBERO baseline (CLAM, LAOF, DINO, villa-X, LAPA) was built from, so it is the matched single-view comparator."
libero,ours_single,canonical,libero_side_45408556,45408556,45408561,70000,4707223,mlp,future_action_mean,5,dyaw,0.322623,3289126,941386,probe_analysis/rlfv_libero_xemb_v1_lam1o5_side_45408556_ckpt070000,"lam1o5_side: sideview-only single-view teacher, seed 1003. The reference every plain-LIBERO baseline (CLAM, LAOF, DINO, villa-X, LAPA) was built from, so it is the matched single-view comparator."
libero,ours_single,canonical,libero_side_45408556,45408556,45408561,70000,4707223,mlp,future_action_mean,6,gripper,0.435691,3289126,941386,probe_analysis/rlfv_libero_xemb_v1_lam1o5_side_45408556_ckpt070000,"lam1o5_side: sideview-only single-view teacher, seed 1003. The reference every plain-LIBERO baseline (CLAM, LAOF, DINO, villa-X, LAPA) was built from, so it is the matched single-view comparator."
libero,ours_single,canonical,libero_side_45408556,45408556,45408561,70000,4707223,ridge,current_action,-1,mean,0.333830,3289126,941386,probe_analysis/rlfv_libero_xemb_v1_lam1o5_side_45408556_ckpt070000,"lam1o5_side: sideview-only single-view teacher, seed 1003. The reference every plain-LIBERO baseline (CLAM, LAOF, DINO, villa-X, LAPA) was built from, so it is the matched single-view comparator."
libero,ours_single,canonical,libero_side_45408556,45408556,45408561,70000,4707223,ridge,current_action,0,dy,0.738782,3289126,941386,probe_analysis/rlfv_libero_xemb_v1_lam1o5_side_45408556_ckpt070000,"lam1o5_side: sideview-only single-view teacher, seed 1003. The reference every plain-LIBERO baseline (CLAM, LAOF, DINO, villa-X, LAPA) was built from, so it is the matched single-view comparator."
libero,ours_single,canonical,libero_side_45408556,45408556,45408561,70000,4707223,ridge,current_action,1,dx,0.324488,3289126,941386,probe_analysis/rlfv_libero_xemb_v1_lam1o5_side_45408556_ckpt070000,"lam1o5_side: sideview-only single-view teacher, seed 1003. The reference every plain-LIBERO baseline (CLAM, LAOF, DINO, villa-X, LAPA) was built from, so it is the matched single-view comparator."
libero,ours_single,canonical,libero_side_45408556,45408556,45408561,70000,4707223,ridge,current_action,2,dz,0.774717,3289126,941386,probe_analysis/rlfv_libero_xemb_v1_lam1o5_side_45408556_ckpt070000,"lam1o5_side: sideview-only single-view teacher, seed 1003. The reference every plain-LIBERO baseline (CLAM, LAOF, DINO, villa-X, LAPA) was built from, so it is the matched single-view comparator."
libero,ours_single,canonical,libero_side_45408556,45408556,45408561,70000,4707223,ridge,current_action,3,droll,0.078753,3289126,941386,probe_analysis/rlfv_libero_xemb_v1_lam1o5_side_45408556_ckpt070000,"lam1o5_side: sideview-only single-view teacher, seed 1003. The reference every plain-LIBERO baseline (CLAM, LAOF, DINO, villa-X, LAPA) was built from, so it is the matched single-view comparator."
libero,ours_single,canonical,libero_side_45408556,45408556,45408561,70000,4707223,ridge,current_action,4,dpitch,0.225792,3289126,941386,probe_analysis/rlfv_libero_xemb_v1_lam1o5_side_45408556_ckpt070000,"lam1o5_side: sideview-only single-view teacher, seed 1003. The reference every plain-LIBERO baseline (CLAM, LAOF, DINO, villa-X, LAPA) was built from, so it is the matched single-view comparator."
libero,ours_single,canonical,libero_side_45408556,45408556,45408561,70000,4707223,ridge,current_action,5,dyaw,0.051845,3289126,941386,probe_analysis/rlfv_libero_xemb_v1_lam1o5_side_45408556_ckpt070000,"lam1o5_side: sideview-only single-view teacher, seed 1003. The reference every plain-LIBERO baseline (CLAM, LAOF, DINO, villa-X, LAPA) was built from, so it is the matched single-view comparator."
libero,ours_single,canonical,libero_side_45408556,45408556,45408561,70000,4707223,ridge,current_action,6,gripper,0.142432,3289126,941386,probe_analysis/rlfv_libero_xemb_v1_lam1o5_side_45408556_ckpt070000,"lam1o5_side: sideview-only single-view teacher, seed 1003. The reference every plain-LIBERO baseline (CLAM, LAOF, DINO, villa-X, LAPA) was built from, so it is the matched single-view comparator."
libero,ours_single,canonical,libero_side_45408556,45408556,45408561,70000,4707223,ridge,future_action_mean,-1,mean,0.310918,3289126,941386,probe_analysis/rlfv_libero_xemb_v1_lam1o5_side_45408556_ckpt070000,"lam1o5_side: sideview-only single-view teacher, seed 1003. The reference every plain-LIBERO baseline (CLAM, LAOF, DINO, villa-X, LAPA) was built from, so it is the matched single-view comparator."
libero,ours_single,canonical,libero_side_45408556,45408556,45408561,70000,4707223,ridge,future_action_mean,0,dy,0.655895,3289126,941386,probe_analysis/rlfv_libero_xemb_v1_lam1o5_side_45408556_ckpt070000,"lam1o5_side: sideview-only single-view teacher, seed 1003. The reference every plain-LIBERO baseline (CLAM, LAOF, DINO, villa-X, LAPA) was built from, so it is the matched single-view comparator."
libero,ours_single,canonical,libero_side_45408556,45408556,45408561,70000,4707223,ridge,future_action_mean,1,dx,0.306669,3289126,941386,probe_analysis/rlfv_libero_xemb_v1_lam1o5_side_45408556_ckpt070000,"lam1o5_side: sideview-only single-view teacher, seed 1003. The reference every plain-LIBERO baseline (CLAM, LAOF, DINO, villa-X, LAPA) was built from, so it is the matched single-view comparator."
libero,ours_single,canonical,libero_side_45408556,45408556,45408561,70000,4707223,ridge,future_action_mean,2,dz,0.777415,3289126,941386,probe_analysis/rlfv_libero_xemb_v1_lam1o5_side_45408556_ckpt070000,"lam1o5_side: sideview-only single-view teacher, seed 1003. The reference every plain-LIBERO baseline (CLAM, LAOF, DINO, villa-X, LAPA) was built from, so it is the matched single-view comparator."
libero,ours_single,canonical,libero_side_45408556,45408556,45408561,70000,4707223,ridge,future_action_mean,3,droll,0.067788,3289126,941386,probe_analysis/rlfv_libero_xemb_v1_lam1o5_side_45408556_ckpt070000,"lam1o5_side: sideview-only single-view teacher, seed 1003. The reference every plain-LIBERO baseline (CLAM, LAOF, DINO, villa-X, LAPA) was built from, so it is the matched single-view comparator."
libero,ours_single,canonical,libero_side_45408556,45408556,45408561,70000,4707223,ridge,future_action_mean,4,dpitch,0.169414,3289126,941386,probe_analysis/rlfv_libero_xemb_v1_lam1o5_side_45408556_ckpt070000,"lam1o5_side: sideview-only single-view teacher, seed 1003. The reference every plain-LIBERO baseline (CLAM, LAOF, DINO, villa-X, LAPA) was built from, so it is the matched single-view comparator."
libero,ours_single,canonical,libero_side_45408556,45408556,45408561,70000,4707223,ridge,future_action_mean,5,dyaw,0.053015,3289126,941386,probe_analysis/rlfv_libero_xemb_v1_lam1o5_side_45408556_ckpt070000,"lam1o5_side: sideview-only single-view teacher, seed 1003. The reference every plain-LIBERO baseline (CLAM, LAOF, DINO, villa-X, LAPA) was built from, so it is the matched single-view comparator."
libero,ours_single,canonical,libero_side_45408556,45408556,45408561,70000,4707223,ridge,future_action_mean,6,gripper,0.146230,3289126,941386,probe_analysis/rlfv_libero_xemb_v1_lam1o5_side_45408556_ckpt070000,"lam1o5_side: sideview-only single-view teacher, seed 1003. The reference every plain-LIBERO baseline (CLAM, LAOF, DINO, villa-X, LAPA) was built from, so it is the matched single-view comparator."
libero,ours_single,alternate,libero_frontsv_45351533,45351533,45351535,70000,4707223,mlp,current_action,-1,mean,0.571673,3289126,941386,probe_analysis/rlfv_libero_xemb_v1_lam1o5_sv_45351533_ckpt070000,"lam1o5_sv: frontview-only single-view teacher, seed 1003 (SR 62.65)."
libero,ours_single,alternate,libero_frontsv_45351533,45351533,45351535,70000,4707223,mlp,current_action,0,dy,0.581341,3289126,941386,probe_analysis/rlfv_libero_xemb_v1_lam1o5_sv_45351533_ckpt070000,"lam1o5_sv: frontview-only single-view teacher, seed 1003 (SR 62.65)."
libero,ours_single,alternate,libero_frontsv_45351533,45351533,45351535,70000,4707223,mlp,current_action,1,dx,0.896384,3289126,941386,probe_analysis/rlfv_libero_xemb_v1_lam1o5_sv_45351533_ckpt070000,"lam1o5_sv: frontview-only single-view teacher, seed 1003 (SR 62.65)."
libero,ours_single,alternate,libero_frontsv_45351533,45351533,45351535,70000,4707223,mlp,current_action,2,dz,0.889683,3289126,941386,probe_analysis/rlfv_libero_xemb_v1_lam1o5_sv_45351533_ckpt070000,"lam1o5_sv: frontview-only single-view teacher, seed 1003 (SR 62.65)."
libero,ours_single,alternate,libero_frontsv_45351533,45351533,45351535,70000,4707223,mlp,current_action,3,droll,0.475883,3289126,941386,probe_analysis/rlfv_libero_xemb_v1_lam1o5_sv_45351533_ckpt070000,"lam1o5_sv: frontview-only single-view teacher, seed 1003 (SR 62.65)."
libero,ours_single,alternate,libero_frontsv_45351533,45351533,45351535,70000,4707223,mlp,current_action,4,dpitch,0.249605,3289126,941386,probe_analysis/rlfv_libero_xemb_v1_lam1o5_sv_45351533_ckpt070000,"lam1o5_sv: frontview-only single-view teacher, seed 1003 (SR 62.65)."
libero,ours_single,alternate,libero_frontsv_45351533,45351533,45351535,70000,4707223,mlp,current_action,5,dyaw,0.355697,3289126,941386,probe_analysis/rlfv_libero_xemb_v1_lam1o5_sv_45351533_ckpt070000,"lam1o5_sv: frontview-only single-view teacher, seed 1003 (SR 62.65)."
libero,ours_single,alternate,libero_frontsv_45351533,45351533,45351535,70000,4707223,mlp,current_action,6,gripper,0.553117,3289126,941386,probe_analysis/rlfv_libero_xemb_v1_lam1o5_sv_45351533_ckpt070000,"lam1o5_sv: frontview-only single-view teacher, seed 1003 (SR 62.65)."
libero,ours_single,alternate,libero_frontsv_45351533,45351533,45351535,70000,4707223,mlp,future_action_mean,-1,mean,0.556173,3289126,941386,probe_analysis/rlfv_libero_xemb_v1_lam1o5_sv_45351533_ckpt070000,"lam1o5_sv: frontview-only single-view teacher, seed 1003 (SR 62.65)."
libero,ours_single,alternate,libero_frontsv_45351533,45351533,45351535,70000,4707223,mlp,future_action_mean,0,dy,0.537692,3289126,941386,probe_analysis/rlfv_libero_xemb_v1_lam1o5_sv_45351533_ckpt070000,"lam1o5_sv: frontview-only single-view teacher, seed 1003 (SR 62.65)."
libero,ours_single,alternate,libero_frontsv_45351533,45351533,45351535,70000,4707223,mlp,future_action_mean,1,dx,0.881650,3289126,941386,probe_analysis/rlfv_libero_xemb_v1_lam1o5_sv_45351533_ckpt070000,"lam1o5_sv: frontview-only single-view teacher, seed 1003 (SR 62.65)."
libero,ours_single,alternate,libero_frontsv_45351533,45351533,45351535,70000,4707223,mlp,future_action_mean,2,dz,0.888255,3289126,941386,probe_analysis/rlfv_libero_xemb_v1_lam1o5_sv_45351533_ckpt070000,"lam1o5_sv: frontview-only single-view teacher, seed 1003 (SR 62.65)."
libero,ours_single,alternate,libero_frontsv_45351533,45351533,45351535,70000,4707223,mlp,future_action_mean,3,droll,0.448490,3289126,941386,probe_analysis/rlfv_libero_xemb_v1_lam1o5_sv_45351533_ckpt070000,"lam1o5_sv: frontview-only single-view teacher, seed 1003 (SR 62.65)."
libero,ours_single,alternate,libero_frontsv_45351533,45351533,45351535,70000,4707223,mlp,future_action_mean,4,dpitch,0.209190,3289126,941386,probe_analysis/rlfv_libero_xemb_v1_lam1o5_sv_45351533_ckpt070000,"lam1o5_sv: frontview-only single-view teacher, seed 1003 (SR 62.65)."
libero,ours_single,alternate,libero_frontsv_45351533,45351533,45351535,70000,4707223,mlp,future_action_mean,5,dyaw,0.363409,3289126,941386,probe_analysis/rlfv_libero_xemb_v1_lam1o5_sv_45351533_ckpt070000,"lam1o5_sv: frontview-only single-view teacher, seed 1003 (SR 62.65)."
libero,ours_single,alternate,libero_frontsv_45351533,45351533,45351535,70000,4707223,mlp,future_action_mean,6,gripper,0.564526,3289126,941386,probe_analysis/rlfv_libero_xemb_v1_lam1o5_sv_45351533_ckpt070000,"lam1o5_sv: frontview-only single-view teacher, seed 1003 (SR 62.65)."
libero,ours_single,alternate,libero_frontsv_45351533,45351533,45351535,70000,4707223,ridge,current_action,-1,mean,0.371607,3289126,941386,probe_analysis/rlfv_libero_xemb_v1_lam1o5_sv_45351533_ckpt070000,"lam1o5_sv: frontview-only single-view teacher, seed 1003 (SR 62.65)."
libero,ours_single,alternate,libero_frontsv_45351533,45351533,45351535,70000,4707223,ridge,current_action,0,dy,0.244945,3289126,941386,probe_analysis/rlfv_libero_xemb_v1_lam1o5_sv_45351533_ckpt070000,"lam1o5_sv: frontview-only single-view teacher, seed 1003 (SR 62.65)."
libero,ours_single,alternate,libero_frontsv_45351533,45351533,45351535,70000,4707223,ridge,current_action,1,dx,0.827060,3289126,941386,probe_analysis/rlfv_libero_xemb_v1_lam1o5_sv_45351533_ckpt070000,"lam1o5_sv: frontview-only single-view teacher, seed 1003 (SR 62.65)."
libero,ours_single,alternate,libero_frontsv_45351533,45351533,45351535,70000,4707223,ridge,current_action,2,dz,0.800359,3289126,941386,probe_analysis/rlfv_libero_xemb_v1_lam1o5_sv_45351533_ckpt070000,"lam1o5_sv: frontview-only single-view teacher, seed 1003 (SR 62.65)."
libero,ours_single,alternate,libero_frontsv_45351533,45351533,45351535,70000,4707223,ridge,current_action,3,droll,0.318039,3289126,941386,probe_analysis/rlfv_libero_xemb_v1_lam1o5_sv_45351533_ckpt070000,"lam1o5_sv: frontview-only single-view teacher, seed 1003 (SR 62.65)."
libero,ours_single,alternate,libero_frontsv_45351533,45351533,45351535,70000,4707223,ridge,current_action,4,dpitch,0.133522,3289126,941386,probe_analysis/rlfv_libero_xemb_v1_lam1o5_sv_45351533_ckpt070000,"lam1o5_sv: frontview-only single-view teacher, seed 1003 (SR 62.65)."
libero,ours_single,alternate,libero_frontsv_45351533,45351533,45351535,70000,4707223,ridge,current_action,5,dyaw,0.063058,3289126,941386,probe_analysis/rlfv_libero_xemb_v1_lam1o5_sv_45351533_ckpt070000,"lam1o5_sv: frontview-only single-view teacher, seed 1003 (SR 62.65)."
libero,ours_single,alternate,libero_frontsv_45351533,45351533,45351535,70000,4707223,ridge,current_action,6,gripper,0.214266,3289126,941386,probe_analysis/rlfv_libero_xemb_v1_lam1o5_sv_45351533_ckpt070000,"lam1o5_sv: frontview-only single-view teacher, seed 1003 (SR 62.65)."
libero,ours_single,alternate,libero_frontsv_45351533,45351533,45351535,70000,4707223,ridge,future_action_mean,-1,mean,0.347750,3289126,941386,probe_analysis/rlfv_libero_xemb_v1_lam1o5_sv_45351533_ckpt070000,"lam1o5_sv: frontview-only single-view teacher, seed 1003 (SR 62.65)."
libero,ours_single,alternate,libero_frontsv_45351533,45351533,45351535,70000,4707223,ridge,future_action_mean,0,dy,0.181176,3289126,941386,probe_analysis/rlfv_libero_xemb_v1_lam1o5_sv_45351533_ckpt070000,"lam1o5_sv: frontview-only single-view teacher, seed 1003 (SR 62.65)."
libero,ours_single,alternate,libero_frontsv_45351533,45351533,45351535,70000,4707223,ridge,future_action_mean,1,dx,0.794739,3289126,941386,probe_analysis/rlfv_libero_xemb_v1_lam1o5_sv_45351533_ckpt070000,"lam1o5_sv: frontview-only single-view teacher, seed 1003 (SR 62.65)."
libero,ours_single,alternate,libero_frontsv_45351533,45351533,45351535,70000,4707223,ridge,future_action_mean,2,dz,0.799511,3289126,941386,probe_analysis/rlfv_libero_xemb_v1_lam1o5_sv_45351533_ckpt070000,"lam1o5_sv: frontview-only single-view teacher, seed 1003 (SR 62.65)."
libero,ours_single,alternate,libero_frontsv_45351533,45351533,45351535,70000,4707223,ridge,future_action_mean,3,droll,0.286890,3289126,941386,probe_analysis/rlfv_libero_xemb_v1_lam1o5_sv_45351533_ckpt070000,"lam1o5_sv: frontview-only single-view teacher, seed 1003 (SR 62.65)."
libero,ours_single,alternate,libero_frontsv_45351533,45351533,45351535,70000,4707223,ridge,future_action_mean,4,dpitch,0.095541,3289126,941386,probe_analysis/rlfv_libero_xemb_v1_lam1o5_sv_45351533_ckpt070000,"lam1o5_sv: frontview-only single-view teacher, seed 1003 (SR 62.65)."
libero,ours_single,alternate,libero_frontsv_45351533,45351533,45351535,70000,4707223,ridge,future_action_mean,5,dyaw,0.061127,3289126,941386,probe_analysis/rlfv_libero_xemb_v1_lam1o5_sv_45351533_ckpt070000,"lam1o5_sv: frontview-only single-view teacher, seed 1003 (SR 62.65)."
libero,ours_single,alternate,libero_frontsv_45351533,45351533,45351535,70000,4707223,ridge,future_action_mean,6,gripper,0.215267,3289126,941386,probe_analysis/rlfv_libero_xemb_v1_lam1o5_sv_45351533_ckpt070000,"lam1o5_sv: frontview-only single-view teacher, seed 1003 (SR 62.65)."
libero,ours_multi,canonical,libero_dual_t71_44161039,44161039,,70000,4707223,mlp,current_action,-1,mean,0.672423,3289126,941386,probe_analysis/libero_playdata_slices_lam1o5_lib90t71_44161039_ckpt070000,"lam1o5_lib90t71: front+side dual-view 3-embodiment teacher, seed 1000 (the paper's LIBERO xemb arm, SR 62.38). Slice probe, `all` slice = full pool, same split."
libero,ours_multi,canonical,libero_dual_t71_44161039,44161039,,70000,4707223,mlp,current_action,0,dy,0.884670,3289126,941386,probe_analysis/libero_playdata_slices_lam1o5_lib90t71_44161039_ckpt070000,"lam1o5_lib90t71: front+side dual-view 3-embodiment teacher, seed 1000 (the paper's LIBERO xemb arm, SR 62.38). Slice probe, `all` slice = full pool, same split."
libero,ours_multi,canonical,libero_dual_t71_44161039,44161039,,70000,4707223,mlp,current_action,1,dx,0.904363,3289126,941386,probe_analysis/libero_playdata_slices_lam1o5_lib90t71_44161039_ckpt070000,"lam1o5_lib90t71: front+side dual-view 3-embodiment teacher, seed 1000 (the paper's LIBERO xemb arm, SR 62.38). Slice probe, `all` slice = full pool, same split."
libero,ours_multi,canonical,libero_dual_t71_44161039,44161039,,70000,4707223,mlp,current_action,2,dz,0.923308,3289126,941386,probe_analysis/libero_playdata_slices_lam1o5_lib90t71_44161039_ckpt070000,"lam1o5_lib90t71: front+side dual-view 3-embodiment teacher, seed 1000 (the paper's LIBERO xemb arm, SR 62.38). Slice probe, `all` slice = full pool, same split."
libero,ours_multi,canonical,libero_dual_t71_44161039,44161039,,70000,4707223,mlp,current_action,3,droll,0.498555,3289126,941386,probe_analysis/libero_playdata_slices_lam1o5_lib90t71_44161039_ckpt070000,"lam1o5_lib90t71: front+side dual-view 3-embodiment teacher, seed 1000 (the paper's LIBERO xemb arm, SR 62.38). Slice probe, `all` slice = full pool, same split."
libero,ours_multi,canonical,libero_dual_t71_44161039,44161039,,70000,4707223,mlp,current_action,4,dpitch,0.428708,3289126,941386,probe_analysis/libero_playdata_slices_lam1o5_lib90t71_44161039_ckpt070000,"lam1o5_lib90t71: front+side dual-view 3-embodiment teacher, seed 1000 (the paper's LIBERO xemb arm, SR 62.38). Slice probe, `all` slice = full pool, same split."
libero,ours_multi,canonical,libero_dual_t71_44161039,44161039,,70000,4707223,mlp,current_action,5,dyaw,0.436885,3289126,941386,probe_analysis/libero_playdata_slices_lam1o5_lib90t71_44161039_ckpt070000,"lam1o5_lib90t71: front+side dual-view 3-embodiment teacher, seed 1000 (the paper's LIBERO xemb arm, SR 62.38). Slice probe, `all` slice = full pool, same split."
libero,ours_multi,canonical,libero_dual_t71_44161039,44161039,,70000,4707223,mlp,current_action,6,gripper,0.630472,3289126,941386,probe_analysis/libero_playdata_slices_lam1o5_lib90t71_44161039_ckpt070000,"lam1o5_lib90t71: front+side dual-view 3-embodiment teacher, seed 1000 (the paper's LIBERO xemb arm, SR 62.38). Slice probe, `all` slice = full pool, same split."
libero,ours_multi,canonical,libero_dual_t71_44161039,44161039,,70000,4707223,mlp,future_action_mean,-1,mean,0.649601,3289126,941386,probe_analysis/libero_playdata_slices_lam1o5_lib90t71_44161039_ckpt070000,"lam1o5_lib90t71: front+side dual-view 3-embodiment teacher, seed 1000 (the paper's LIBERO xemb arm, SR 62.38). Slice probe, `all` slice = full pool, same split."
libero,ours_multi,canonical,libero_dual_t71_44161039,44161039,,70000,4707223,mlp,future_action_mean,0,dy,0.835967,3289126,941386,probe_analysis/libero_playdata_slices_lam1o5_lib90t71_44161039_ckpt070000,"lam1o5_lib90t71: front+side dual-view 3-embodiment teacher, seed 1000 (the paper's LIBERO xemb arm, SR 62.38). Slice probe, `all` slice = full pool, same split."
libero,ours_multi,canonical,libero_dual_t71_44161039,44161039,,70000,4707223,mlp,future_action_mean,1,dx,0.889562,3289126,941386,probe_analysis/libero_playdata_slices_lam1o5_lib90t71_44161039_ckpt070000,"lam1o5_lib90t71: front+side dual-view 3-embodiment teacher, seed 1000 (the paper's LIBERO xemb arm, SR 62.38). Slice probe, `all` slice = full pool, same split."
libero,ours_multi,canonical,libero_dual_t71_44161039,44161039,,70000,4707223,mlp,future_action_mean,2,dz,0.911150,3289126,941386,probe_analysis/libero_playdata_slices_lam1o5_lib90t71_44161039_ckpt070000,"lam1o5_lib90t71: front+side dual-view 3-embodiment teacher, seed 1000 (the paper's LIBERO xemb arm, SR 62.38). Slice probe, `all` slice = full pool, same split."
libero,ours_multi,canonical,libero_dual_t71_44161039,44161039,,70000,4707223,mlp,future_action_mean,3,droll,0.469473,3289126,941386,probe_analysis/libero_playdata_slices_lam1o5_lib90t71_44161039_ckpt070000,"lam1o5_lib90t71: front+side dual-view 3-embodiment teacher, seed 1000 (the paper's LIBERO xemb arm, SR 62.38). Slice probe, `all` slice = full pool, same split."
libero,ours_multi,canonical,libero_dual_t71_44161039,44161039,,70000,4707223,mlp,future_action_mean,4,dpitch,0.352983,3289126,941386,probe_analysis/libero_playdata_slices_lam1o5_lib90t71_44161039_ckpt070000,"lam1o5_lib90t71: front+side dual-view 3-embodiment teacher, seed 1000 (the paper's LIBERO xemb arm, SR 62.38). Slice probe, `all` slice = full pool, same split."
libero,ours_multi,canonical,libero_dual_t71_44161039,44161039,,70000,4707223,mlp,future_action_mean,5,dyaw,0.451381,3289126,941386,probe_analysis/libero_playdata_slices_lam1o5_lib90t71_44161039_ckpt070000,"lam1o5_lib90t71: front+side dual-view 3-embodiment teacher, seed 1000 (the paper's LIBERO xemb arm, SR 62.38). Slice probe, `all` slice = full pool, same split."
libero,ours_multi,canonical,libero_dual_t71_44161039,44161039,,70000,4707223,mlp,future_action_mean,6,gripper,0.636695,3289126,941386,probe_analysis/libero_playdata_slices_lam1o5_lib90t71_44161039_ckpt070000,"lam1o5_lib90t71: front+side dual-view 3-embodiment teacher, seed 1000 (the paper's LIBERO xemb arm, SR 62.38). Slice probe, `all` slice = full pool, same split."
libero,ours_multi,canonical,libero_dual_t71_44161039,44161039,,70000,4707223,ridge,current_action,-1,mean,0.473951,3289126,941386,probe_analysis/libero_playdata_slices_lam1o5_lib90t71_44161039_ckpt070000,"lam1o5_lib90t71: front+side dual-view 3-embodiment teacher, seed 1000 (the paper's LIBERO xemb arm, SR 62.38). Slice probe, `all` slice = full pool, same split."
libero,ours_multi,canonical,libero_dual_t71_44161039,44161039,,70000,4707223,ridge,current_action,0,dy,0.809881,3289126,941386,probe_analysis/libero_playdata_slices_lam1o5_lib90t71_44161039_ckpt070000,"lam1o5_lib90t71: front+side dual-view 3-embodiment teacher, seed 1000 (the paper's LIBERO xemb arm, SR 62.38). Slice probe, `all` slice = full pool, same split."
libero,ours_multi,canonical,libero_dual_t71_44161039,44161039,,70000,4707223,ridge,current_action,1,dx,0.838689,3289126,941386,probe_analysis/libero_playdata_slices_lam1o5_lib90t71_44161039_ckpt070000,"lam1o5_lib90t71: front+side dual-view 3-embodiment teacher, seed 1000 (the paper's LIBERO xemb arm, SR 62.38). Slice probe, `all` slice = full pool, same split."
libero,ours_multi,canonical,libero_dual_t71_44161039,44161039,,70000,4707223,ridge,current_action,2,dz,0.873637,3289126,941386,probe_analysis/libero_playdata_slices_lam1o5_lib90t71_44161039_ckpt070000,"lam1o5_lib90t71: front+side dual-view 3-embodiment teacher, seed 1000 (the paper's LIBERO xemb arm, SR 62.38). Slice probe, `all` slice = full pool, same split."
libero,ours_multi,canonical,libero_dual_t71_44161039,44161039,,70000,4707223,ridge,current_action,3,droll,0.260814,3289126,941386,probe_analysis/libero_playdata_slices_lam1o5_lib90t71_44161039_ckpt070000,"lam1o5_lib90t71: front+side dual-view 3-embodiment teacher, seed 1000 (the paper's LIBERO xemb arm, SR 62.38). Slice probe, `all` slice = full pool, same split."
libero,ours_multi,canonical,libero_dual_t71_44161039,44161039,,70000,4707223,ridge,current_action,4,dpitch,0.218574,3289126,941386,probe_analysis/libero_playdata_slices_lam1o5_lib90t71_44161039_ckpt070000,"lam1o5_lib90t71: front+side dual-view 3-embodiment teacher, seed 1000 (the paper's LIBERO xemb arm, SR 62.38). Slice probe, `all` slice = full pool, same split."
libero,ours_multi,canonical,libero_dual_t71_44161039,44161039,,70000,4707223,ridge,current_action,5,dyaw,0.083096,3289126,941386,probe_analysis/libero_playdata_slices_lam1o5_lib90t71_44161039_ckpt070000,"lam1o5_lib90t71: front+side dual-view 3-embodiment teacher, seed 1000 (the paper's LIBERO xemb arm, SR 62.38). Slice probe, `all` slice = full pool, same split."
libero,ours_multi,canonical,libero_dual_t71_44161039,44161039,,70000,4707223,ridge,current_action,6,gripper,0.232967,3289126,941386,probe_analysis/libero_playdata_slices_lam1o5_lib90t71_44161039_ckpt070000,"lam1o5_lib90t71: front+side dual-view 3-embodiment teacher, seed 1000 (the paper's LIBERO xemb arm, SR 62.38). Slice probe, `all` slice = full pool, same split."
libero,ours_multi,canonical,libero_dual_t71_44161039,44161039,,70000,4707223,ridge,future_action_mean,-1,mean,0.440763,3289126,941386,probe_analysis/libero_playdata_slices_lam1o5_lib90t71_44161039_ckpt070000,"lam1o5_lib90t71: front+side dual-view 3-embodiment teacher, seed 1000 (the paper's LIBERO xemb arm, SR 62.38). Slice probe, `all` slice = full pool, same split."
libero,ours_multi,canonical,libero_dual_t71_44161039,44161039,,70000,4707223,ridge,future_action_mean,0,dy,0.722636,3289126,941386,probe_analysis/libero_playdata_slices_lam1o5_lib90t71_44161039_ckpt070000,"lam1o5_lib90t71: front+side dual-view 3-embodiment teacher, seed 1000 (the paper's LIBERO xemb arm, SR 62.38). Slice probe, `all` slice = full pool, same split."
libero,ours_multi,canonical,libero_dual_t71_44161039,44161039,,70000,4707223,ridge,future_action_mean,1,dx,0.799266,3289126,941386,probe_analysis/libero_playdata_slices_lam1o5_lib90t71_44161039_ckpt070000,"lam1o5_lib90t71: front+side dual-view 3-embodiment teacher, seed 1000 (the paper's LIBERO xemb arm, SR 62.38). Slice probe, `all` slice = full pool, same split."
libero,ours_multi,canonical,libero_dual_t71_44161039,44161039,,70000,4707223,ridge,future_action_mean,2,dz,0.852846,3289126,941386,probe_analysis/libero_playdata_slices_lam1o5_lib90t71_44161039_ckpt070000,"lam1o5_lib90t71: front+side dual-view 3-embodiment teacher, seed 1000 (the paper's LIBERO xemb arm, SR 62.38). Slice probe, `all` slice = full pool, same split."
libero,ours_multi,canonical,libero_dual_t71_44161039,44161039,,70000,4707223,ridge,future_action_mean,3,droll,0.228830,3289126,941386,probe_analysis/libero_playdata_slices_lam1o5_lib90t71_44161039_ckpt070000,"lam1o5_lib90t71: front+side dual-view 3-embodiment teacher, seed 1000 (the paper's LIBERO xemb arm, SR 62.38). Slice probe, `all` slice = full pool, same split."
libero,ours_multi,canonical,libero_dual_t71_44161039,44161039,,70000,4707223,ridge,future_action_mean,4,dpitch,0.160104,3289126,941386,probe_analysis/libero_playdata_slices_lam1o5_lib90t71_44161039_ckpt070000,"lam1o5_lib90t71: front+side dual-view 3-embodiment teacher, seed 1000 (the paper's LIBERO xemb arm, SR 62.38). Slice probe, `all` slice = full pool, same split."
libero,ours_multi,canonical,libero_dual_t71_44161039,44161039,,70000,4707223,ridge,future_action_mean,5,dyaw,0.086675,3289126,941386,probe_analysis/libero_playdata_slices_lam1o5_lib90t71_44161039_ckpt070000,"lam1o5_lib90t71: front+side dual-view 3-embodiment teacher, seed 1000 (the paper's LIBERO xemb arm, SR 62.38). Slice probe, `all` slice = full pool, same split."
libero,ours_multi,canonical,libero_dual_t71_44161039,44161039,,70000,4707223,ridge,future_action_mean,6,gripper,0.234984,3289126,941386,probe_analysis/libero_playdata_slices_lam1o5_lib90t71_44161039_ckpt070000,"lam1o5_lib90t71: front+side dual-view 3-embodiment teacher, seed 1000 (the paper's LIBERO xemb arm, SR 62.38). Slice probe, `all` slice = full pool, same split."
libero,clam,canonical,libero_clam_45462812,45462812,45462814,70000,4707223,mlp,current_action,-1,mean,0.682152,3289126,941386,probe_analysis/rlfv_libero_xemb_v1_lam1o5_side_clam_45462812_ckpt070000,lam1o5_side_clam: sideview reference + CLAM action-grounding head (7-d mean target).
libero,clam,canonical,libero_clam_45462812,45462812,45462814,70000,4707223,mlp,current_action,0,dy,0.876381,3289126,941386,probe_analysis/rlfv_libero_xemb_v1_lam1o5_side_clam_45462812_ckpt070000,lam1o5_side_clam: sideview reference + CLAM action-grounding head (7-d mean target).
libero,clam,canonical,libero_clam_45462812,45462812,45462814,70000,4707223,mlp,current_action,1,dx,0.770941,3289126,941386,probe_analysis/rlfv_libero_xemb_v1_lam1o5_side_clam_45462812_ckpt070000,lam1o5_side_clam: sideview reference + CLAM action-grounding head (7-d mean target).
libero,clam,canonical,libero_clam_45462812,45462812,45462814,70000,4707223,mlp,current_action,2,dz,0.909935,3289126,941386,probe_analysis/rlfv_libero_xemb_v1_lam1o5_side_clam_45462812_ckpt070000,lam1o5_side_clam: sideview reference + CLAM action-grounding head (7-d mean target).
libero,clam,canonical,libero_clam_45462812,45462812,45462814,70000,4707223,mlp,current_action,3,droll,0.428149,3289126,941386,probe_analysis/rlfv_libero_xemb_v1_lam1o5_side_clam_45462812_ckpt070000,lam1o5_side_clam: sideview reference + CLAM action-grounding head (7-d mean target).
libero,clam,canonical,libero_clam_45462812,45462812,45462814,70000,4707223,mlp,current_action,4,dpitch,0.490143,3289126,941386,probe_analysis/rlfv_libero_xemb_v1_lam1o5_side_clam_45462812_ckpt070000,lam1o5_side_clam: sideview reference + CLAM action-grounding head (7-d mean target).
libero,clam,canonical,libero_clam_45462812,45462812,45462814,70000,4707223,mlp,current_action,5,dyaw,0.644954,3289126,941386,probe_analysis/rlfv_libero_xemb_v1_lam1o5_side_clam_45462812_ckpt070000,lam1o5_side_clam: sideview reference + CLAM action-grounding head (7-d mean target).
libero,clam,canonical,libero_clam_45462812,45462812,45462814,70000,4707223,mlp,current_action,6,gripper,0.654558,3289126,941386,probe_analysis/rlfv_libero_xemb_v1_lam1o5_side_clam_45462812_ckpt070000,lam1o5_side_clam: sideview reference + CLAM action-grounding head (7-d mean target).
libero,clam,canonical,libero_clam_45462812,45462812,45462814,70000,4707223,mlp,future_action_mean,-1,mean,0.671720,3289126,941386,probe_analysis/rlfv_libero_xemb_v1_lam1o5_side_clam_45462812_ckpt070000,lam1o5_side_clam: sideview reference + CLAM action-grounding head (7-d mean target).
libero,clam,canonical,libero_clam_45462812,45462812,45462814,70000,4707223,mlp,future_action_mean,0,dy,0.833388,3289126,941386,probe_analysis/rlfv_libero_xemb_v1_lam1o5_side_clam_45462812_ckpt070000,lam1o5_side_clam: sideview reference + CLAM action-grounding head (7-d mean target).
libero,clam,canonical,libero_clam_45462812,45462812,45462814,70000,4707223,mlp,future_action_mean,1,dx,0.770517,3289126,941386,probe_analysis/rlfv_libero_xemb_v1_lam1o5_side_clam_45462812_ckpt070000,lam1o5_side_clam: sideview reference + CLAM action-grounding head (7-d mean target).
libero,clam,canonical,libero_clam_45462812,45462812,45462814,70000,4707223,mlp,future_action_mean,2,dz,0.900577,3289126,941386,probe_analysis/rlfv_libero_xemb_v1_lam1o5_side_clam_45462812_ckpt070000,lam1o5_side_clam: sideview reference + CLAM action-grounding head (7-d mean target).
libero,clam,canonical,libero_clam_45462812,45462812,45462814,70000,4707223,mlp,future_action_mean,3,droll,0.421414,3289126,941386,probe_analysis/rlfv_libero_xemb_v1_lam1o5_side_clam_45462812_ckpt070000,lam1o5_side_clam: sideview reference + CLAM action-grounding head (7-d mean target).
libero,clam,canonical,libero_clam_45462812,45462812,45462814,70000,4707223,mlp,future_action_mean,4,dpitch,0.449764,3289126,941386,probe_analysis/rlfv_libero_xemb_v1_lam1o5_side_clam_45462812_ckpt070000,lam1o5_side_clam: sideview reference + CLAM action-grounding head (7-d mean target).
libero,clam,canonical,libero_clam_45462812,45462812,45462814,70000,4707223,mlp,future_action_mean,5,dyaw,0.662358,3289126,941386,probe_analysis/rlfv_libero_xemb_v1_lam1o5_side_clam_45462812_ckpt070000,lam1o5_side_clam: sideview reference + CLAM action-grounding head (7-d mean target).
libero,clam,canonical,libero_clam_45462812,45462812,45462814,70000,4707223,mlp,future_action_mean,6,gripper,0.664021,3289126,941386,probe_analysis/rlfv_libero_xemb_v1_lam1o5_side_clam_45462812_ckpt070000,lam1o5_side_clam: sideview reference + CLAM action-grounding head (7-d mean target).
libero,clam,canonical,libero_clam_45462812,45462812,45462814,70000,4707223,ridge,current_action,-1,mean,0.471633,3289126,941386,probe_analysis/rlfv_libero_xemb_v1_lam1o5_side_clam_45462812_ckpt070000,lam1o5_side_clam: sideview reference + CLAM action-grounding head (7-d mean target).
libero,clam,canonical,libero_clam_45462812,45462812,45462814,70000,4707223,ridge,current_action,0,dy,0.785686,3289126,941386,probe_analysis/rlfv_libero_xemb_v1_lam1o5_side_clam_45462812_ckpt070000,lam1o5_side_clam: sideview reference + CLAM action-grounding head (7-d mean target).
libero,clam,canonical,libero_clam_45462812,45462812,45462814,70000,4707223,ridge,current_action,1,dx,0.570897,3289126,941386,probe_analysis/rlfv_libero_xemb_v1_lam1o5_side_clam_45462812_ckpt070000,lam1o5_side_clam: sideview reference + CLAM action-grounding head (7-d mean target).
libero,clam,canonical,libero_clam_45462812,45462812,45462814,70000,4707223,ridge,current_action,2,dz,0.834221,3289126,941386,probe_analysis/rlfv_libero_xemb_v1_lam1o5_side_clam_45462812_ckpt070000,lam1o5_side_clam: sideview reference + CLAM action-grounding head (7-d mean target).
libero,clam,canonical,libero_clam_45462812,45462812,45462814,70000,4707223,ridge,current_action,3,droll,0.196547,3289126,941386,probe_analysis/rlfv_libero_xemb_v1_lam1o5_side_clam_45462812_ckpt070000,lam1o5_side_clam: sideview reference + CLAM action-grounding head (7-d mean target).
libero,clam,canonical,libero_clam_45462812,45462812,45462814,70000,4707223,ridge,current_action,4,dpitch,0.283050,3289126,941386,probe_analysis/rlfv_libero_xemb_v1_lam1o5_side_clam_45462812_ckpt070000,lam1o5_side_clam: sideview reference + CLAM action-grounding head (7-d mean target).
libero,clam,canonical,libero_clam_45462812,45462812,45462814,70000,4707223,ridge,current_action,5,dyaw,0.351106,3289126,941386,probe_analysis/rlfv_libero_xemb_v1_lam1o5_side_clam_45462812_ckpt070000,lam1o5_side_clam: sideview reference + CLAM action-grounding head (7-d mean target).
libero,clam,canonical,libero_clam_45462812,45462812,45462814,70000,4707223,ridge,current_action,6,gripper,0.279927,3289126,941386,probe_analysis/rlfv_libero_xemb_v1_lam1o5_side_clam_45462812_ckpt070000,lam1o5_side_clam: sideview reference + CLAM action-grounding head (7-d mean target).
libero,clam,canonical,libero_clam_45462812,45462812,45462814,70000,4707223,ridge,future_action_mean,-1,mean,0.444024,3289126,941386,probe_analysis/rlfv_libero_xemb_v1_lam1o5_side_clam_45462812_ckpt070000,lam1o5_side_clam: sideview reference + CLAM action-grounding head (7-d mean target).
libero,clam,canonical,libero_clam_45462812,45462812,45462814,70000,4707223,ridge,future_action_mean,0,dy,0.709288,3289126,941386,probe_analysis/rlfv_libero_xemb_v1_lam1o5_side_clam_45462812_ckpt070000,lam1o5_side_clam: sideview reference + CLAM action-grounding head (7-d mean target).
libero,clam,canonical,libero_clam_45462812,45462812,45462814,70000,4707223,ridge,future_action_mean,1,dx,0.539927,3289126,941386,probe_analysis/rlfv_libero_xemb_v1_lam1o5_side_clam_45462812_ckpt070000,lam1o5_side_clam: sideview reference + CLAM action-grounding head (7-d mean target).
libero,clam,canonical,libero_clam_45462812,45462812,45462814,70000,4707223,ridge,future_action_mean,2,dz,0.819317,3289126,941386,probe_analysis/rlfv_libero_xemb_v1_lam1o5_side_clam_45462812_ckpt070000,lam1o5_side_clam: sideview reference + CLAM action-grounding head (7-d mean target).
libero,clam,canonical,libero_clam_45462812,45462812,45462814,70000,4707223,ridge,future_action_mean,3,droll,0.177431,3289126,941386,probe_analysis/rlfv_libero_xemb_v1_lam1o5_side_clam_45462812_ckpt070000,lam1o5_side_clam: sideview reference + CLAM action-grounding head (7-d mean target).
libero,clam,canonical,libero_clam_45462812,45462812,45462814,70000,4707223,ridge,future_action_mean,4,dpitch,0.218523,3289126,941386,probe_analysis/rlfv_libero_xemb_v1_lam1o5_side_clam_45462812_ckpt070000,lam1o5_side_clam: sideview reference + CLAM action-grounding head (7-d mean target).
libero,clam,canonical,libero_clam_45462812,45462812,45462814,70000,4707223,ridge,future_action_mean,5,dyaw,0.361836,3289126,941386,probe_analysis/rlfv_libero_xemb_v1_lam1o5_side_clam_45462812_ckpt070000,lam1o5_side_clam: sideview reference + CLAM action-grounding head (7-d mean target).
libero,clam,canonical,libero_clam_45462812,45462812,45462814,70000,4707223,ridge,future_action_mean,6,gripper,0.281844,3289126,941386,probe_analysis/rlfv_libero_xemb_v1_lam1o5_side_clam_45462812_ckpt070000,lam1o5_side_clam: sideview reference + CLAM action-grounding head (7-d mean target).
libero,laof,canonical,libero_flowbmse_45468967,45468967,45468969,70000,4707223,mlp,current_action,-1,mean,0.612958,3289126,941386,probe_analysis/rlfv_libero_xemb_v1_lam1o5_flowbmse_45468967_ckpt070000,"lam1o5_flowbmse: sideview reference + LAOF flow decoder, bounded-MSE objective."
libero,laof,canonical,libero_flowbmse_45468967,45468967,45468969,70000,4707223,mlp,current_action,0,dy,0.877892,3289126,941386,probe_analysis/rlfv_libero_xemb_v1_lam1o5_flowbmse_45468967_ckpt070000,"lam1o5_flowbmse: sideview reference + LAOF flow decoder, bounded-MSE objective."
libero,laof,canonical,libero_flowbmse_45468967,45468967,45468969,70000,4707223,mlp,current_action,1,dx,0.746927,3289126,941386,probe_analysis/rlfv_libero_xemb_v1_lam1o5_flowbmse_45468967_ckpt070000,"lam1o5_flowbmse: sideview reference + LAOF flow decoder, bounded-MSE objective."
libero,laof,canonical,libero_flowbmse_45468967,45468967,45468969,70000,4707223,mlp,current_action,2,dz,0.911517,3289126,941386,probe_analysis/rlfv_libero_xemb_v1_lam1o5_flowbmse_45468967_ckpt070000,"lam1o5_flowbmse: sideview reference + LAOF flow decoder, bounded-MSE objective."
libero,laof,canonical,libero_flowbmse_45468967,45468967,45468969,70000,4707223,mlp,current_action,3,droll,0.229910,3289126,941386,probe_analysis/rlfv_libero_xemb_v1_lam1o5_flowbmse_45468967_ckpt070000,"lam1o5_flowbmse: sideview reference + LAOF flow decoder, bounded-MSE objective."
libero,laof,canonical,libero_flowbmse_45468967,45468967,45468969,70000,4707223,mlp,current_action,4,dpitch,0.425123,3289126,941386,probe_analysis/rlfv_libero_xemb_v1_lam1o5_flowbmse_45468967_ckpt070000,"lam1o5_flowbmse: sideview reference + LAOF flow decoder, bounded-MSE objective."
libero,laof,canonical,libero_flowbmse_45468967,45468967,45468969,70000,4707223,mlp,current_action,5,dyaw,0.477324,3289126,941386,probe_analysis/rlfv_libero_xemb_v1_lam1o5_flowbmse_45468967_ckpt070000,"lam1o5_flowbmse: sideview reference + LAOF flow decoder, bounded-MSE objective."
libero,laof,canonical,libero_flowbmse_45468967,45468967,45468969,70000,4707223,mlp,current_action,6,gripper,0.622012,3289126,941386,probe_analysis/rlfv_libero_xemb_v1_lam1o5_flowbmse_45468967_ckpt070000,"lam1o5_flowbmse: sideview reference + LAOF flow decoder, bounded-MSE objective."
libero,laof,canonical,libero_flowbmse_45468967,45468967,45468969,70000,4707223,mlp,future_action_mean,-1,mean,0.600210,3289126,941386,probe_analysis/rlfv_libero_xemb_v1_lam1o5_flowbmse_45468967_ckpt070000,"lam1o5_flowbmse: sideview reference + LAOF flow decoder, bounded-MSE objective."
libero,laof,canonical,libero_flowbmse_45468967,45468967,45468969,70000,4707223,mlp,future_action_mean,0,dy,0.838604,3289126,941386,probe_analysis/rlfv_libero_xemb_v1_lam1o5_flowbmse_45468967_ckpt070000,"lam1o5_flowbmse: sideview reference + LAOF flow decoder, bounded-MSE objective."
libero,laof,canonical,libero_flowbmse_45468967,45468967,45468969,70000,4707223,mlp,future_action_mean,1,dx,0.739002,3289126,941386,probe_analysis/rlfv_libero_xemb_v1_lam1o5_flowbmse_45468967_ckpt070000,"lam1o5_flowbmse: sideview reference + LAOF flow decoder, bounded-MSE objective."
libero,laof,canonical,libero_flowbmse_45468967,45468967,45468969,70000,4707223,mlp,future_action_mean,2,dz,0.902142,3289126,941386,probe_analysis/rlfv_libero_xemb_v1_lam1o5_flowbmse_45468967_ckpt070000,"lam1o5_flowbmse: sideview reference + LAOF flow decoder, bounded-MSE objective."
libero,laof,canonical,libero_flowbmse_45468967,45468967,45468969,70000,4707223,mlp,future_action_mean,3,droll,0.226556,3289126,941386,probe_analysis/rlfv_libero_xemb_v1_lam1o5_flowbmse_45468967_ckpt070000,"lam1o5_flowbmse: sideview reference + LAOF flow decoder, bounded-MSE objective."
libero,laof,canonical,libero_flowbmse_45468967,45468967,45468969,70000,4707223,mlp,future_action_mean,4,dpitch,0.368665,3289126,941386,probe_analysis/rlfv_libero_xemb_v1_lam1o5_flowbmse_45468967_ckpt070000,"lam1o5_flowbmse: sideview reference + LAOF flow decoder, bounded-MSE objective."
libero,laof,canonical,libero_flowbmse_45468967,45468967,45468969,70000,4707223,mlp,future_action_mean,5,dyaw,0.495735,3289126,941386,probe_analysis/rlfv_libero_xemb_v1_lam1o5_flowbmse_45468967_ckpt070000,"lam1o5_flowbmse: sideview reference + LAOF flow decoder, bounded-MSE objective."
libero,laof,canonical,libero_flowbmse_45468967,45468967,45468969,70000,4707223,mlp,future_action_mean,6,gripper,0.630769,3289126,941386,probe_analysis/rlfv_libero_xemb_v1_lam1o5_flowbmse_45468967_ckpt070000,"lam1o5_flowbmse: sideview reference + LAOF flow decoder, bounded-MSE objective."
libero,laof,canonical,libero_flowbmse_45468967,45468967,45468969,70000,4707223,ridge,current_action,-1,mean,0.363387,3289126,941386,probe_analysis/rlfv_libero_xemb_v1_lam1o5_flowbmse_45468967_ckpt070000,"lam1o5_flowbmse: sideview reference + LAOF flow decoder, bounded-MSE objective."
libero,laof,canonical,libero_flowbmse_45468967,45468967,45468969,70000,4707223,ridge,current_action,0,dy,0.766817,3289126,941386,probe_analysis/rlfv_libero_xemb_v1_lam1o5_flowbmse_45468967_ckpt070000,"lam1o5_flowbmse: sideview reference + LAOF flow decoder, bounded-MSE objective."
libero,laof,canonical,libero_flowbmse_45468967,45468967,45468969,70000,4707223,ridge,current_action,1,dx,0.389194,3289126,941386,probe_analysis/rlfv_libero_xemb_v1_lam1o5_flowbmse_45468967_ckpt070000,"lam1o5_flowbmse: sideview reference + LAOF flow decoder, bounded-MSE objective."
libero,laof,canonical,libero_flowbmse_45468967,45468967,45468969,70000,4707223,ridge,current_action,2,dz,0.806901,3289126,941386,probe_analysis/rlfv_libero_xemb_v1_lam1o5_flowbmse_45468967_ckpt070000,"lam1o5_flowbmse: sideview reference + LAOF flow decoder, bounded-MSE objective."
libero,laof,canonical,libero_flowbmse_45468967,45468967,45468969,70000,4707223,ridge,current_action,3,droll,0.046850,3289126,941386,probe_analysis/rlfv_libero_xemb_v1_lam1o5_flowbmse_45468967_ckpt070000,"lam1o5_flowbmse: sideview reference + LAOF flow decoder, bounded-MSE objective."
libero,laof,canonical,libero_flowbmse_45468967,45468967,45468969,70000,4707223,ridge,current_action,4,dpitch,0.273033,3289126,941386,probe_analysis/rlfv_libero_xemb_v1_lam1o5_flowbmse_45468967_ckpt070000,"lam1o5_flowbmse: sideview reference + LAOF flow decoder, bounded-MSE objective."
libero,laof,canonical,libero_flowbmse_45468967,45468967,45468969,70000,4707223,ridge,current_action,5,dyaw,0.125320,3289126,941386,probe_analysis/rlfv_libero_xemb_v1_lam1o5_flowbmse_45468967_ckpt070000,"lam1o5_flowbmse: sideview reference + LAOF flow decoder, bounded-MSE objective."
libero,laof,canonical,libero_flowbmse_45468967,45468967,45468969,70000,4707223,ridge,current_action,6,gripper,0.135597,3289126,941386,probe_analysis/rlfv_libero_xemb_v1_lam1o5_flowbmse_45468967_ckpt070000,"lam1o5_flowbmse: sideview reference + LAOF flow decoder, bounded-MSE objective."
libero,laof,canonical,libero_flowbmse_45468967,45468967,45468969,70000,4707223,ridge,future_action_mean,-1,mean,0.336941,3289126,941386,probe_analysis/rlfv_libero_xemb_v1_lam1o5_flowbmse_45468967_ckpt070000,"lam1o5_flowbmse: sideview reference + LAOF flow decoder, bounded-MSE objective."
libero,laof,canonical,libero_flowbmse_45468967,45468967,45468969,70000,4707223,ridge,future_action_mean,0,dy,0.686283,3289126,941386,probe_analysis/rlfv_libero_xemb_v1_lam1o5_flowbmse_45468967_ckpt070000,"lam1o5_flowbmse: sideview reference + LAOF flow decoder, bounded-MSE objective."
libero,laof,canonical,libero_flowbmse_45468967,45468967,45468969,70000,4707223,ridge,future_action_mean,1,dx,0.365078,3289126,941386,probe_analysis/rlfv_libero_xemb_v1_lam1o5_flowbmse_45468967_ckpt070000,"lam1o5_flowbmse: sideview reference + LAOF flow decoder, bounded-MSE objective."
libero,laof,canonical,libero_flowbmse_45468967,45468967,45468969,70000,4707223,ridge,future_action_mean,2,dz,0.788047,3289126,941386,probe_analysis/rlfv_libero_xemb_v1_lam1o5_flowbmse_45468967_ckpt070000,"lam1o5_flowbmse: sideview reference + LAOF flow decoder, bounded-MSE objective."
libero,laof,canonical,libero_flowbmse_45468967,45468967,45468969,70000,4707223,ridge,future_action_mean,3,droll,0.036734,3289126,941386,probe_analysis/rlfv_libero_xemb_v1_lam1o5_flowbmse_45468967_ckpt070000,"lam1o5_flowbmse: sideview reference + LAOF flow decoder, bounded-MSE objective."
libero,laof,canonical,libero_flowbmse_45468967,45468967,45468969,70000,4707223,ridge,future_action_mean,4,dpitch,0.212717,3289126,941386,probe_analysis/rlfv_libero_xemb_v1_lam1o5_flowbmse_45468967_ckpt070000,"lam1o5_flowbmse: sideview reference + LAOF flow decoder, bounded-MSE objective."
libero,laof,canonical,libero_flowbmse_45468967,45468967,45468969,70000,4707223,ridge,future_action_mean,5,dyaw,0.133866,3289126,941386,probe_analysis/rlfv_libero_xemb_v1_lam1o5_flowbmse_45468967_ckpt070000,"lam1o5_flowbmse: sideview reference + LAOF flow decoder, bounded-MSE objective."
libero,laof,canonical,libero_flowbmse_45468967,45468967,45468969,70000,4707223,ridge,future_action_mean,6,gripper,0.135858,3289126,941386,probe_analysis/rlfv_libero_xemb_v1_lam1o5_flowbmse_45468967_ckpt070000,"lam1o5_flowbmse: sideview reference + LAOF flow decoder, bounded-MSE objective."
libero,dino,canonical,libero_dino_45461745,45461745,45461747,70000,4707223,mlp,current_action,-1,mean,0.605398,3289126,941386,probe_analysis/rlfv_libero_xemb_v1_lam1o5_side_dino_45461745_ckpt070000,lam1o5_side_dino: sideview reference with frozen DINOv3-S/16 tokenizer (UniVLA-style).
libero,dino,canonical,libero_dino_45461745,45461745,45461747,70000,4707223,mlp,current_action,0,dy,0.855489,3289126,941386,probe_analysis/rlfv_libero_xemb_v1_lam1o5_side_dino_45461745_ckpt070000,lam1o5_side_dino: sideview reference with frozen DINOv3-S/16 tokenizer (UniVLA-style).
libero,dino,canonical,libero_dino_45461745,45461745,45461747,70000,4707223,mlp,current_action,1,dx,0.701847,3289126,941386,probe_analysis/rlfv_libero_xemb_v1_lam1o5_side_dino_45461745_ckpt070000,lam1o5_side_dino: sideview reference with frozen DINOv3-S/16 tokenizer (UniVLA-style).
libero,dino,canonical,libero_dino_45461745,45461745,45461747,70000,4707223,mlp,current_action,2,dz,0.901708,3289126,941386,probe_analysis/rlfv_libero_xemb_v1_lam1o5_side_dino_45461745_ckpt070000,lam1o5_side_dino: sideview reference with frozen DINOv3-S/16 tokenizer (UniVLA-style).
libero,dino,canonical,libero_dino_45461745,45461745,45461747,70000,4707223,mlp,current_action,3,droll,0.292745,3289126,941386,probe_analysis/rlfv_libero_xemb_v1_lam1o5_side_dino_45461745_ckpt070000,lam1o5_side_dino: sideview reference with frozen DINOv3-S/16 tokenizer (UniVLA-style).
libero,dino,canonical,libero_dino_45461745,45461745,45461747,70000,4707223,mlp,current_action,4,dpitch,0.438754,3289126,941386,probe_analysis/rlfv_libero_xemb_v1_lam1o5_side_dino_45461745_ckpt070000,lam1o5_side_dino: sideview reference with frozen DINOv3-S/16 tokenizer (UniVLA-style).
libero,dino,canonical,libero_dino_45461745,45461745,45461747,70000,4707223,mlp,current_action,5,dyaw,0.515488,3289126,941386,probe_analysis/rlfv_libero_xemb_v1_lam1o5_side_dino_45461745_ckpt070000,lam1o5_side_dino: sideview reference with frozen DINOv3-S/16 tokenizer (UniVLA-style).
libero,dino,canonical,libero_dino_45461745,45461745,45461747,70000,4707223,mlp,current_action,6,gripper,0.531755,3289126,941386,probe_analysis/rlfv_libero_xemb_v1_lam1o5_side_dino_45461745_ckpt070000,lam1o5_side_dino: sideview reference with frozen DINOv3-S/16 tokenizer (UniVLA-style).
libero,dino,canonical,libero_dino_45461745,45461745,45461747,70000,4707223,mlp,future_action_mean,-1,mean,0.581588,3289126,941386,probe_analysis/rlfv_libero_xemb_v1_lam1o5_side_dino_45461745_ckpt070000,lam1o5_side_dino: sideview reference with frozen DINOv3-S/16 tokenizer (UniVLA-style).
libero,dino,canonical,libero_dino_45461745,45461745,45461747,70000,4707223,mlp,future_action_mean,0,dy,0.798141,3289126,941386,probe_analysis/rlfv_libero_xemb_v1_lam1o5_side_dino_45461745_ckpt070000,lam1o5_side_dino: sideview reference with frozen DINOv3-S/16 tokenizer (UniVLA-style).
libero,dino,canonical,libero_dino_45461745,45461745,45461747,70000,4707223,mlp,future_action_mean,1,dx,0.691083,3289126,941386,probe_analysis/rlfv_libero_xemb_v1_lam1o5_side_dino_45461745_ckpt070000,lam1o5_side_dino: sideview reference with frozen DINOv3-S/16 tokenizer (UniVLA-style).
libero,dino,canonical,libero_dino_45461745,45461745,45461747,70000,4707223,mlp,future_action_mean,2,dz,0.887391,3289126,941386,probe_analysis/rlfv_libero_xemb_v1_lam1o5_side_dino_45461745_ckpt070000,lam1o5_side_dino: sideview reference with frozen DINOv3-S/16 tokenizer (UniVLA-style).
libero,dino,canonical,libero_dino_45461745,45461745,45461747,70000,4707223,mlp,future_action_mean,3,droll,0.263829,3289126,941386,probe_analysis/rlfv_libero_xemb_v1_lam1o5_side_dino_45461745_ckpt070000,lam1o5_side_dino: sideview reference with frozen DINOv3-S/16 tokenizer (UniVLA-style).
libero,dino,canonical,libero_dino_45461745,45461745,45461747,70000,4707223,mlp,future_action_mean,4,dpitch,0.364634,3289126,941386,probe_analysis/rlfv_libero_xemb_v1_lam1o5_side_dino_45461745_ckpt070000,lam1o5_side_dino: sideview reference with frozen DINOv3-S/16 tokenizer (UniVLA-style).
libero,dino,canonical,libero_dino_45461745,45461745,45461747,70000,4707223,mlp,future_action_mean,5,dyaw,0.527520,3289126,941386,probe_analysis/rlfv_libero_xemb_v1_lam1o5_side_dino_45461745_ckpt070000,lam1o5_side_dino: sideview reference with frozen DINOv3-S/16 tokenizer (UniVLA-style).
libero,dino,canonical,libero_dino_45461745,45461745,45461747,70000,4707223,mlp,future_action_mean,6,gripper,0.538516,3289126,941386,probe_analysis/rlfv_libero_xemb_v1_lam1o5_side_dino_45461745_ckpt070000,lam1o5_side_dino: sideview reference with frozen DINOv3-S/16 tokenizer (UniVLA-style).
libero,dino,canonical,libero_dino_45461745,45461745,45461747,70000,4707223,ridge,current_action,-1,mean,0.416025,3289126,941386,probe_analysis/rlfv_libero_xemb_v1_lam1o5_side_dino_45461745_ckpt070000,lam1o5_side_dino: sideview reference with frozen DINOv3-S/16 tokenizer (UniVLA-style).
libero,dino,canonical,libero_dino_45461745,45461745,45461747,70000,4707223,ridge,current_action,0,dy,0.779981,3289126,941386,probe_analysis/rlfv_libero_xemb_v1_lam1o5_side_dino_45461745_ckpt070000,lam1o5_side_dino: sideview reference with frozen DINOv3-S/16 tokenizer (UniVLA-style).
libero,dino,canonical,libero_dino_45461745,45461745,45461747,70000,4707223,ridge,current_action,1,dx,0.495773,3289126,941386,probe_analysis/rlfv_libero_xemb_v1_lam1o5_side_dino_45461745_ckpt070000,lam1o5_side_dino: sideview reference with frozen DINOv3-S/16 tokenizer (UniVLA-style).
libero,dino,canonical,libero_dino_45461745,45461745,45461747,70000,4707223,ridge,current_action,2,dz,0.843387,3289126,941386,probe_analysis/rlfv_libero_xemb_v1_lam1o5_side_dino_45461745_ckpt070000,lam1o5_side_dino: sideview reference with frozen DINOv3-S/16 tokenizer (UniVLA-style).
libero,dino,canonical,libero_dino_45461745,45461745,45461747,70000,4707223,ridge,current_action,3,droll,0.124022,3289126,941386,probe_analysis/rlfv_libero_xemb_v1_lam1o5_side_dino_45461745_ckpt070000,lam1o5_side_dino: sideview reference with frozen DINOv3-S/16 tokenizer (UniVLA-style).
libero,dino,canonical,libero_dino_45461745,45461745,45461747,70000,4707223,ridge,current_action,4,dpitch,0.266461,3289126,941386,probe_analysis/rlfv_libero_xemb_v1_lam1o5_side_dino_45461745_ckpt070000,lam1o5_side_dino: sideview reference with frozen DINOv3-S/16 tokenizer (UniVLA-style).
libero,dino,canonical,libero_dino_45461745,45461745,45461747,70000,4707223,ridge,current_action,5,dyaw,0.226923,3289126,941386,probe_analysis/rlfv_libero_xemb_v1_lam1o5_side_dino_45461745_ckpt070000,lam1o5_side_dino: sideview reference with frozen DINOv3-S/16 tokenizer (UniVLA-style).
libero,dino,canonical,libero_dino_45461745,45461745,45461747,70000,4707223,ridge,current_action,6,gripper,0.175632,3289126,941386,probe_analysis/rlfv_libero_xemb_v1_lam1o5_side_dino_45461745_ckpt070000,lam1o5_side_dino: sideview reference with frozen DINOv3-S/16 tokenizer (UniVLA-style).
libero,dino,canonical,libero_dino_45461745,45461745,45461747,70000,4707223,ridge,future_action_mean,-1,mean,0.377393,3289126,941386,probe_analysis/rlfv_libero_xemb_v1_lam1o5_side_dino_45461745_ckpt070000,lam1o5_side_dino: sideview reference with frozen DINOv3-S/16 tokenizer (UniVLA-style).
libero,dino,canonical,libero_dino_45461745,45461745,45461747,70000,4707223,ridge,future_action_mean,0,dy,0.688443,3289126,941386,probe_analysis/rlfv_libero_xemb_v1_lam1o5_side_dino_45461745_ckpt070000,lam1o5_side_dino: sideview reference with frozen DINOv3-S/16 tokenizer (UniVLA-style).
libero,dino,canonical,libero_dino_45461745,45461745,45461747,70000,4707223,ridge,future_action_mean,1,dx,0.444816,3289126,941386,probe_analysis/rlfv_libero_xemb_v1_lam1o5_side_dino_45461745_ckpt070000,lam1o5_side_dino: sideview reference with frozen DINOv3-S/16 tokenizer (UniVLA-style).
libero,dino,canonical,libero_dino_45461745,45461745,45461747,70000,4707223,ridge,future_action_mean,2,dz,0.817709,3289126,941386,probe_analysis/rlfv_libero_xemb_v1_lam1o5_side_dino_45461745_ckpt070000,lam1o5_side_dino: sideview reference with frozen DINOv3-S/16 tokenizer (UniVLA-style).
libero,dino,canonical,libero_dino_45461745,45461745,45461747,70000,4707223,ridge,future_action_mean,3,droll,0.097621,3289126,941386,probe_analysis/rlfv_libero_xemb_v1_lam1o5_side_dino_45461745_ckpt070000,lam1o5_side_dino: sideview reference with frozen DINOv3-S/16 tokenizer (UniVLA-style).
libero,dino,canonical,libero_dino_45461745,45461745,45461747,70000,4707223,ridge,future_action_mean,4,dpitch,0.191931,3289126,941386,probe_analysis/rlfv_libero_xemb_v1_lam1o5_side_dino_45461745_ckpt070000,lam1o5_side_dino: sideview reference with frozen DINOv3-S/16 tokenizer (UniVLA-style).
libero,dino,canonical,libero_dino_45461745,45461745,45461747,70000,4707223,ridge,future_action_mean,5,dyaw,0.229997,3289126,941386,probe_analysis/rlfv_libero_xemb_v1_lam1o5_side_dino_45461745_ckpt070000,lam1o5_side_dino: sideview reference with frozen DINOv3-S/16 tokenizer (UniVLA-style).
libero,dino,canonical,libero_dino_45461745,45461745,45461747,70000,4707223,ridge,future_action_mean,6,gripper,0.171234,3289126,941386,probe_analysis/rlfv_libero_xemb_v1_lam1o5_side_dino_45461745_ckpt070000,lam1o5_side_dino: sideview reference with frozen DINOv3-S/16 tokenizer (UniVLA-style).
libero,lapa,canonical,libero_lapaft_45477499,45477499,45477501,70000,4707223,mlp,current_action,-1,mean,0.616198,3289126,941386,probe_analysis/rlfv_libero_xemb_v1_lapaft_side_45477499_ckpt070000,lapaft_side: sideview reference initialised from LAPA's Open-X checkpoint and finetuned.
libero,lapa,canonical,libero_lapaft_45477499,45477499,45477501,70000,4707223,mlp,current_action,0,dy,0.865905,3289126,941386,probe_analysis/rlfv_libero_xemb_v1_lapaft_side_45477499_ckpt070000,lapaft_side: sideview reference initialised from LAPA's Open-X checkpoint and finetuned.
libero,lapa,canonical,libero_lapaft_45477499,45477499,45477501,70000,4707223,mlp,current_action,1,dx,0.752295,3289126,941386,probe_analysis/rlfv_libero_xemb_v1_lapaft_side_45477499_ckpt070000,lapaft_side: sideview reference initialised from LAPA's Open-X checkpoint and finetuned.
libero,lapa,canonical,libero_lapaft_45477499,45477499,45477501,70000,4707223,mlp,current_action,2,dz,0.901863,3289126,941386,probe_analysis/rlfv_libero_xemb_v1_lapaft_side_45477499_ckpt070000,lapaft_side: sideview reference initialised from LAPA's Open-X checkpoint and finetuned.
libero,lapa,canonical,libero_lapaft_45477499,45477499,45477501,70000,4707223,mlp,current_action,3,droll,0.297575,3289126,941386,probe_analysis/rlfv_libero_xemb_v1_lapaft_side_45477499_ckpt070000,lapaft_side: sideview reference initialised from LAPA's Open-X checkpoint and finetuned.
libero,lapa,canonical,libero_lapaft_45477499,45477499,45477501,70000,4707223,mlp,current_action,4,dpitch,0.479750,3289126,941386,probe_analysis/rlfv_libero_xemb_v1_lapaft_side_45477499_ckpt070000,lapaft_side: sideview reference initialised from LAPA's Open-X checkpoint and finetuned.
libero,lapa,canonical,libero_lapaft_45477499,45477499,45477501,70000,4707223,mlp,current_action,5,dyaw,0.542257,3289126,941386,probe_analysis/rlfv_libero_xemb_v1_lapaft_side_45477499_ckpt070000,lapaft_side: sideview reference initialised from LAPA's Open-X checkpoint and finetuned.
libero,lapa,canonical,libero_lapaft_45477499,45477499,45477501,70000,4707223,mlp,current_action,6,gripper,0.473743,3289126,941386,probe_analysis/rlfv_libero_xemb_v1_lapaft_side_45477499_ckpt070000,lapaft_side: sideview reference initialised from LAPA's Open-X checkpoint and finetuned.
libero,lapa,canonical,libero_lapaft_45477499,45477499,45477501,70000,4707223,mlp,future_action_mean,-1,mean,0.592704,3289126,941386,probe_analysis/rlfv_libero_xemb_v1_lapaft_side_45477499_ckpt070000,lapaft_side: sideview reference initialised from LAPA's Open-X checkpoint and finetuned.
libero,lapa,canonical,libero_lapaft_45477499,45477499,45477501,70000,4707223,mlp,future_action_mean,0,dy,0.810159,3289126,941386,probe_analysis/rlfv_libero_xemb_v1_lapaft_side_45477499_ckpt070000,lapaft_side: sideview reference initialised from LAPA's Open-X checkpoint and finetuned.
libero,lapa,canonical,libero_lapaft_45477499,45477499,45477501,70000,4707223,mlp,future_action_mean,1,dx,0.742842,3289126,941386,probe_analysis/rlfv_libero_xemb_v1_lapaft_side_45477499_ckpt070000,lapaft_side: sideview reference initialised from LAPA's Open-X checkpoint and finetuned.
libero,lapa,canonical,libero_lapaft_45477499,45477499,45477501,70000,4707223,mlp,future_action_mean,2,dz,0.888017,3289126,941386,probe_analysis/rlfv_libero_xemb_v1_lapaft_side_45477499_ckpt070000,lapaft_side: sideview reference initialised from LAPA's Open-X checkpoint and finetuned.
libero,lapa,canonical,libero_lapaft_45477499,45477499,45477501,70000,4707223,mlp,future_action_mean,3,droll,0.268709,3289126,941386,probe_analysis/rlfv_libero_xemb_v1_lapaft_side_45477499_ckpt070000,lapaft_side: sideview reference initialised from LAPA's Open-X checkpoint and finetuned.
libero,lapa,canonical,libero_lapaft_45477499,45477499,45477501,70000,4707223,mlp,future_action_mean,4,dpitch,0.400281,3289126,941386,probe_analysis/rlfv_libero_xemb_v1_lapaft_side_45477499_ckpt070000,lapaft_side: sideview reference initialised from LAPA's Open-X checkpoint and finetuned.
libero,lapa,canonical,libero_lapaft_45477499,45477499,45477501,70000,4707223,mlp,future_action_mean,5,dyaw,0.562919,3289126,941386,probe_analysis/rlfv_libero_xemb_v1_lapaft_side_45477499_ckpt070000,lapaft_side: sideview reference initialised from LAPA's Open-X checkpoint and finetuned.
libero,lapa,canonical,libero_lapaft_45477499,45477499,45477501,70000,4707223,mlp,future_action_mean,6,gripper,0.475998,3289126,941386,probe_analysis/rlfv_libero_xemb_v1_lapaft_side_45477499_ckpt070000,lapaft_side: sideview reference initialised from LAPA's Open-X checkpoint and finetuned.
libero,lapa,canonical,libero_lapaft_45477499,45477499,45477501,70000,4707223,ridge,current_action,-1,mean,0.436062,3289126,941386,probe_analysis/rlfv_libero_xemb_v1_lapaft_side_45477499_ckpt070000,lapaft_side: sideview reference initialised from LAPA's Open-X checkpoint and finetuned.
libero,lapa,canonical,libero_lapaft_45477499,45477499,45477501,70000,4707223,ridge,current_action,0,dy,0.782648,3289126,941386,probe_analysis/rlfv_libero_xemb_v1_lapaft_side_45477499_ckpt070000,lapaft_side: sideview reference initialised from LAPA's Open-X checkpoint and finetuned.
libero,lapa,canonical,libero_lapaft_45477499,45477499,45477501,70000,4707223,ridge,current_action,1,dx,0.602504,3289126,941386,probe_analysis/rlfv_libero_xemb_v1_lapaft_side_45477499_ckpt070000,lapaft_side: sideview reference initialised from LAPA's Open-X checkpoint and finetuned.
libero,lapa,canonical,libero_lapaft_45477499,45477499,45477501,70000,4707223,ridge,current_action,2,dz,0.789673,3289126,941386,probe_analysis/rlfv_libero_xemb_v1_lapaft_side_45477499_ckpt070000,lapaft_side: sideview reference initialised from LAPA's Open-X checkpoint and finetuned.
libero,lapa,canonical,libero_lapaft_45477499,45477499,45477501,70000,4707223,ridge,current_action,3,droll,0.102550,3289126,941386,probe_analysis/rlfv_libero_xemb_v1_lapaft_side_45477499_ckpt070000,lapaft_side: sideview reference initialised from LAPA's Open-X checkpoint and finetuned.
libero,lapa,canonical,libero_lapaft_45477499,45477499,45477501,70000,4707223,ridge,current_action,4,dpitch,0.301998,3289126,941386,probe_analysis/rlfv_libero_xemb_v1_lapaft_side_45477499_ckpt070000,lapaft_side: sideview reference initialised from LAPA's Open-X checkpoint and finetuned.
libero,lapa,canonical,libero_lapaft_45477499,45477499,45477501,70000,4707223,ridge,current_action,5,dyaw,0.248036,3289126,941386,probe_analysis/rlfv_libero_xemb_v1_lapaft_side_45477499_ckpt070000,lapaft_side: sideview reference initialised from LAPA's Open-X checkpoint and finetuned.
libero,lapa,canonical,libero_lapaft_45477499,45477499,45477501,70000,4707223,ridge,current_action,6,gripper,0.225026,3289126,941386,probe_analysis/rlfv_libero_xemb_v1_lapaft_side_45477499_ckpt070000,lapaft_side: sideview reference initialised from LAPA's Open-X checkpoint and finetuned.
libero,lapa,canonical,libero_lapaft_45477499,45477499,45477501,70000,4707223,ridge,future_action_mean,-1,mean,0.409359,3289126,941386,probe_analysis/rlfv_libero_xemb_v1_lapaft_side_45477499_ckpt070000,lapaft_side: sideview reference initialised from LAPA's Open-X checkpoint and finetuned.
libero,lapa,canonical,libero_lapaft_45477499,45477499,45477501,70000,4707223,ridge,future_action_mean,0,dy,0.710985,3289126,941386,probe_analysis/rlfv_libero_xemb_v1_lapaft_side_45477499_ckpt070000,lapaft_side: sideview reference initialised from LAPA's Open-X checkpoint and finetuned.
libero,lapa,canonical,libero_lapaft_45477499,45477499,45477501,70000,4707223,ridge,future_action_mean,1,dx,0.561544,3289126,941386,probe_analysis/rlfv_libero_xemb_v1_lapaft_side_45477499_ckpt070000,lapaft_side: sideview reference initialised from LAPA's Open-X checkpoint and finetuned.
libero,lapa,canonical,libero_lapaft_45477499,45477499,45477501,70000,4707223,ridge,future_action_mean,2,dz,0.778371,3289126,941386,probe_analysis/rlfv_libero_xemb_v1_lapaft_side_45477499_ckpt070000,lapaft_side: sideview reference initialised from LAPA's Open-X checkpoint and finetuned.
libero,lapa,canonical,libero_lapaft_45477499,45477499,45477501,70000,4707223,ridge,future_action_mean,3,droll,0.085150,3289126,941386,probe_analysis/rlfv_libero_xemb_v1_lapaft_side_45477499_ckpt070000,lapaft_side: sideview reference initialised from LAPA's Open-X checkpoint and finetuned.
libero,lapa,canonical,libero_lapaft_45477499,45477499,45477501,70000,4707223,ridge,future_action_mean,4,dpitch,0.232084,3289126,941386,probe_analysis/rlfv_libero_xemb_v1_lapaft_side_45477499_ckpt070000,lapaft_side: sideview reference initialised from LAPA's Open-X checkpoint and finetuned.
libero,lapa,canonical,libero_lapaft_45477499,45477499,45477501,70000,4707223,ridge,future_action_mean,5,dyaw,0.273191,3289126,941386,probe_analysis/rlfv_libero_xemb_v1_lapaft_side_45477499_ckpt070000,lapaft_side: sideview reference initialised from LAPA's Open-X checkpoint and finetuned.
libero,lapa,canonical,libero_lapaft_45477499,45477499,45477501,70000,4707223,ridge,future_action_mean,6,gripper,0.224190,3289126,941386,probe_analysis/rlfv_libero_xemb_v1_lapaft_side_45477499_ckpt070000,lapaft_side: sideview reference initialised from LAPA's Open-X checkpoint and finetuned.
libero_plus,ours_single,canonical,lp_single_run3_44001862,44001862,44014454,100000,7228830,mlp,current_action,-1,mean,0.594090,5062565,1443742,probe_analysis/libero_plus_xemb_v1_n2_single_44001862_ckpt100000,"run3: single-view 2-frame teacher, seed 1000. The matched reference of the LIBERO-plus baseline arms."
libero_plus,ours_single,canonical,lp_single_run3_44001862,44001862,44014454,100000,7228830,mlp,current_action,0,dx,0.616194,5062565,1443742,probe_analysis/libero_plus_xemb_v1_n2_single_44001862_ckpt100000,"run3: single-view 2-frame teacher, seed 1000. The matched reference of the LIBERO-plus baseline arms."
libero_plus,ours_single,canonical,lp_single_run3_44001862,44001862,44014454,100000,7228830,mlp,current_action,1,dy,0.938759,5062565,1443742,probe_analysis/libero_plus_xemb_v1_n2_single_44001862_ckpt100000,"run3: single-view 2-frame teacher, seed 1000. The matched reference of the LIBERO-plus baseline arms."
libero_plus,ours_single,canonical,lp_single_run3_44001862,44001862,44014454,100000,7228830,mlp,current_action,2,dz,0.878243,5062565,1443742,probe_analysis/libero_plus_xemb_v1_n2_single_44001862_ckpt100000,"run3: single-view 2-frame teacher, seed 1000. The matched reference of the LIBERO-plus baseline arms."
libero_plus,ours_single,canonical,lp_single_run3_44001862,44001862,44014454,100000,7228830,mlp,current_action,3,droll,0.491382,5062565,1443742,probe_analysis/libero_plus_xemb_v1_n2_single_44001862_ckpt100000,"run3: single-view 2-frame teacher, seed 1000. The matched reference of the LIBERO-plus baseline arms."
libero_plus,ours_single,canonical,lp_single_run3_44001862,44001862,44014454,100000,7228830,mlp,current_action,4,dpitch,0.275417,5062565,1443742,probe_analysis/libero_plus_xemb_v1_n2_single_44001862_ckpt100000,"run3: single-view 2-frame teacher, seed 1000. The matched reference of the LIBERO-plus baseline arms."
libero_plus,ours_single,canonical,lp_single_run3_44001862,44001862,44014454,100000,7228830,mlp,current_action,5,dyaw,0.369415,5062565,1443742,probe_analysis/libero_plus_xemb_v1_n2_single_44001862_ckpt100000,"run3: single-view 2-frame teacher, seed 1000. The matched reference of the LIBERO-plus baseline arms."
libero_plus,ours_single,canonical,lp_single_run3_44001862,44001862,44014454,100000,7228830,mlp,current_action,6,gripper,0.589221,5062565,1443742,probe_analysis/libero_plus_xemb_v1_n2_single_44001862_ckpt100000,"run3: single-view 2-frame teacher, seed 1000. The matched reference of the LIBERO-plus baseline arms."
libero_plus,ours_single,canonical,lp_single_run3_44001862,44001862,44014454,100000,7228830,mlp,future_action_mean,-1,mean,0.572470,5062565,1443742,probe_analysis/libero_plus_xemb_v1_n2_single_44001862_ckpt100000,"run3: single-view 2-frame teacher, seed 1000. The matched reference of the LIBERO-plus baseline arms."
libero_plus,ours_single,canonical,lp_single_run3_44001862,44001862,44014454,100000,7228830,mlp,future_action_mean,0,dx,0.566578,5062565,1443742,probe_analysis/libero_plus_xemb_v1_n2_single_44001862_ckpt100000,"run3: single-view 2-frame teacher, seed 1000. The matched reference of the LIBERO-plus baseline arms."
libero_plus,ours_single,canonical,lp_single_run3_44001862,44001862,44014454,100000,7228830,mlp,future_action_mean,1,dy,0.912806,5062565,1443742,probe_analysis/libero_plus_xemb_v1_n2_single_44001862_ckpt100000,"run3: single-view 2-frame teacher, seed 1000. The matched reference of the LIBERO-plus baseline arms."
libero_plus,ours_single,canonical,lp_single_run3_44001862,44001862,44014454,100000,7228830,mlp,future_action_mean,2,dz,0.883707,5062565,1443742,probe_analysis/libero_plus_xemb_v1_n2_single_44001862_ckpt100000,"run3: single-view 2-frame teacher, seed 1000. The matched reference of the LIBERO-plus baseline arms."
libero_plus,ours_single,canonical,lp_single_run3_44001862,44001862,44014454,100000,7228830,mlp,future_action_mean,3,droll,0.421091,5062565,1443742,probe_analysis/libero_plus_xemb_v1_n2_single_44001862_ckpt100000,"run3: single-view 2-frame teacher, seed 1000. The matched reference of the LIBERO-plus baseline arms."
libero_plus,ours_single,canonical,lp_single_run3_44001862,44001862,44014454,100000,7228830,mlp,future_action_mean,4,dpitch,0.231916,5062565,1443742,probe_analysis/libero_plus_xemb_v1_n2_single_44001862_ckpt100000,"run3: single-view 2-frame teacher, seed 1000. The matched reference of the LIBERO-plus baseline arms."
libero_plus,ours_single,canonical,lp_single_run3_44001862,44001862,44014454,100000,7228830,mlp,future_action_mean,5,dyaw,0.394745,5062565,1443742,probe_analysis/libero_plus_xemb_v1_n2_single_44001862_ckpt100000,"run3: single-view 2-frame teacher, seed 1000. The matched reference of the LIBERO-plus baseline arms."
libero_plus,ours_single,canonical,lp_single_run3_44001862,44001862,44014454,100000,7228830,mlp,future_action_mean,6,gripper,0.596448,5062565,1443742,probe_analysis/libero_plus_xemb_v1_n2_single_44001862_ckpt100000,"run3: single-view 2-frame teacher, seed 1000. The matched reference of the LIBERO-plus baseline arms."
libero_plus,ours_single,canonical,lp_single_run3_44001862,44001862,44014454,100000,7228830,ridge,current_action,-1,mean,0.370471,5062565,1443742,probe_analysis/libero_plus_xemb_v1_n2_single_44001862_ckpt100000,"run3: single-view 2-frame teacher, seed 1000. The matched reference of the LIBERO-plus baseline arms."
libero_plus,ours_single,canonical,lp_single_run3_44001862,44001862,44014454,100000,7228830,ridge,current_action,0,dx,0.297537,5062565,1443742,probe_analysis/libero_plus_xemb_v1_n2_single_44001862_ckpt100000,"run3: single-view 2-frame teacher, seed 1000. The matched reference of the LIBERO-plus baseline arms."
libero_plus,ours_single,canonical,lp_single_run3_44001862,44001862,44014454,100000,7228830,ridge,current_action,1,dy,0.885175,5062565,1443742,probe_analysis/libero_plus_xemb_v1_n2_single_44001862_ckpt100000,"run3: single-view 2-frame teacher, seed 1000. The matched reference of the LIBERO-plus baseline arms."
libero_plus,ours_single,canonical,lp_single_run3_44001862,44001862,44014454,100000,7228830,ridge,current_action,2,dz,0.758298,5062565,1443742,probe_analysis/libero_plus_xemb_v1_n2_single_44001862_ckpt100000,"run3: single-view 2-frame teacher, seed 1000. The matched reference of the LIBERO-plus baseline arms."
libero_plus,ours_single,canonical,lp_single_run3_44001862,44001862,44014454,100000,7228830,ridge,current_action,3,droll,0.297488,5062565,1443742,probe_analysis/libero_plus_xemb_v1_n2_single_44001862_ckpt100000,"run3: single-view 2-frame teacher, seed 1000. The matched reference of the LIBERO-plus baseline arms."
libero_plus,ours_single,canonical,lp_single_run3_44001862,44001862,44014454,100000,7228830,ridge,current_action,4,dpitch,0.134698,5062565,1443742,probe_analysis/libero_plus_xemb_v1_n2_single_44001862_ckpt100000,"run3: single-view 2-frame teacher, seed 1000. The matched reference of the LIBERO-plus baseline arms."
libero_plus,ours_single,canonical,lp_single_run3_44001862,44001862,44014454,100000,7228830,ridge,current_action,5,dyaw,0.033791,5062565,1443742,probe_analysis/libero_plus_xemb_v1_n2_single_44001862_ckpt100000,"run3: single-view 2-frame teacher, seed 1000. The matched reference of the LIBERO-plus baseline arms."
libero_plus,ours_single,canonical,lp_single_run3_44001862,44001862,44014454,100000,7228830,ridge,current_action,6,gripper,0.186310,5062565,1443742,probe_analysis/libero_plus_xemb_v1_n2_single_44001862_ckpt100000,"run3: single-view 2-frame teacher, seed 1000. The matched reference of the LIBERO-plus baseline arms."
libero_plus,ours_single,canonical,lp_single_run3_44001862,44001862,44014454,100000,7228830,ridge,future_action_mean,-1,mean,0.339265,5062565,1443742,probe_analysis/libero_plus_xemb_v1_n2_single_44001862_ckpt100000,"run3: single-view 2-frame teacher, seed 1000. The matched reference of the LIBERO-plus baseline arms."
libero_plus,ours_single,canonical,lp_single_run3_44001862,44001862,44014454,100000,7228830,ridge,future_action_mean,0,dx,0.228609,5062565,1443742,probe_analysis/libero_plus_xemb_v1_n2_single_44001862_ckpt100000,"run3: single-view 2-frame teacher, seed 1000. The matched reference of the LIBERO-plus baseline arms."
libero_plus,ours_single,canonical,lp_single_run3_44001862,44001862,44014454,100000,7228830,ridge,future_action_mean,1,dy,0.831713,5062565,1443742,probe_analysis/libero_plus_xemb_v1_n2_single_44001862_ckpt100000,"run3: single-view 2-frame teacher, seed 1000. The matched reference of the LIBERO-plus baseline arms."
libero_plus,ours_single,canonical,lp_single_run3_44001862,44001862,44014454,100000,7228830,ridge,future_action_mean,2,dz,0.779585,5062565,1443742,probe_analysis/libero_plus_xemb_v1_n2_single_44001862_ckpt100000,"run3: single-view 2-frame teacher, seed 1000. The matched reference of the LIBERO-plus baseline arms."
libero_plus,ours_single,canonical,lp_single_run3_44001862,44001862,44014454,100000,7228830,ridge,future_action_mean,3,droll,0.234087,5062565,1443742,probe_analysis/libero_plus_xemb_v1_n2_single_44001862_ckpt100000,"run3: single-view 2-frame teacher, seed 1000. The matched reference of the LIBERO-plus baseline arms."
libero_plus,ours_single,canonical,lp_single_run3_44001862,44001862,44014454,100000,7228830,ridge,future_action_mean,4,dpitch,0.081565,5062565,1443742,probe_analysis/libero_plus_xemb_v1_n2_single_44001862_ckpt100000,"run3: single-view 2-frame teacher, seed 1000. The matched reference of the LIBERO-plus baseline arms."
libero_plus,ours_single,canonical,lp_single_run3_44001862,44001862,44014454,100000,7228830,ridge,future_action_mean,5,dyaw,0.033665,5062565,1443742,probe_analysis/libero_plus_xemb_v1_n2_single_44001862_ckpt100000,"run3: single-view 2-frame teacher, seed 1000. The matched reference of the LIBERO-plus baseline arms."
libero_plus,ours_single,canonical,lp_single_run3_44001862,44001862,44014454,100000,7228830,ridge,future_action_mean,6,gripper,0.185631,5062565,1443742,probe_analysis/libero_plus_xemb_v1_n2_single_44001862_ckpt100000,"run3: single-view 2-frame teacher, seed 1000. The matched reference of the LIBERO-plus baseline arms."
libero_plus,ours_multi,canonical,lp_dualnoaug_run11_44809827,44809827,44809829,100000,7228830,mlp,current_action,-1,mean,0.671109,5062565,1443742,probe_analysis/libero_plus_xemb_v1_n2_dualnoaug_dualnoaug_44809827_ckpt100000,"run11: dual-view teacher, dual_view_augmentation=false, seed 1003. The paper's LIBERO-plus dual-view arm (SR 66.27 @60k)."
libero_plus,ours_multi,canonical,lp_dualnoaug_run11_44809827,44809827,44809829,100000,7228830,mlp,current_action,0,dx,0.818113,5062565,1443742,probe_analysis/libero_plus_xemb_v1_n2_dualnoaug_dualnoaug_44809827_ckpt100000,"run11: dual-view teacher, dual_view_augmentation=false, seed 1003. The paper's LIBERO-plus dual-view arm (SR 66.27 @60k)."
libero_plus,ours_multi,canonical,lp_dualnoaug_run11_44809827,44809827,44809829,100000,7228830,mlp,current_action,1,dy,0.942212,5062565,1443742,probe_analysis/libero_plus_xemb_v1_n2_dualnoaug_dualnoaug_44809827_ckpt100000,"run11: dual-view teacher, dual_view_augmentation=false, seed 1003. The paper's LIBERO-plus dual-view arm (SR 66.27 @60k)."
libero_plus,ours_multi,canonical,lp_dualnoaug_run11_44809827,44809827,44809829,100000,7228830,mlp,current_action,2,dz,0.906648,5062565,1443742,probe_analysis/libero_plus_xemb_v1_n2_dualnoaug_dualnoaug_44809827_ckpt100000,"run11: dual-view teacher, dual_view_augmentation=false, seed 1003. The paper's LIBERO-plus dual-view arm (SR 66.27 @60k)."
libero_plus,ours_multi,canonical,lp_dualnoaug_run11_44809827,44809827,44809829,100000,7228830,mlp,current_action,3,droll,0.515045,5062565,1443742,probe_analysis/libero_plus_xemb_v1_n2_dualnoaug_dualnoaug_44809827_ckpt100000,"run11: dual-view teacher, dual_view_augmentation=false, seed 1003. The paper's LIBERO-plus dual-view arm (SR 66.27 @60k)."
libero_plus,ours_multi,canonical,lp_dualnoaug_run11_44809827,44809827,44809829,100000,7228830,mlp,current_action,4,dpitch,0.453464,5062565,1443742,probe_analysis/libero_plus_xemb_v1_n2_dualnoaug_dualnoaug_44809827_ckpt100000,"run11: dual-view teacher, dual_view_augmentation=false, seed 1003. The paper's LIBERO-plus dual-view arm (SR 66.27 @60k)."
libero_plus,ours_multi,canonical,lp_dualnoaug_run11_44809827,44809827,44809829,100000,7228830,mlp,current_action,5,dyaw,0.429044,5062565,1443742,probe_analysis/libero_plus_xemb_v1_n2_dualnoaug_dualnoaug_44809827_ckpt100000,"run11: dual-view teacher, dual_view_augmentation=false, seed 1003. The paper's LIBERO-plus dual-view arm (SR 66.27 @60k)."
libero_plus,ours_multi,canonical,lp_dualnoaug_run11_44809827,44809827,44809829,100000,7228830,mlp,current_action,6,gripper,0.633238,5062565,1443742,probe_analysis/libero_plus_xemb_v1_n2_dualnoaug_dualnoaug_44809827_ckpt100000,"run11: dual-view teacher, dual_view_augmentation=false, seed 1003. The paper's LIBERO-plus dual-view arm (SR 66.27 @60k)."
libero_plus,ours_multi,canonical,lp_dualnoaug_run11_44809827,44809827,44809829,100000,7228830,mlp,future_action_mean,-1,mean,0.638324,5062565,1443742,probe_analysis/libero_plus_xemb_v1_n2_dualnoaug_dualnoaug_44809827_ckpt100000,"run11: dual-view teacher, dual_view_augmentation=false, seed 1003. The paper's LIBERO-plus dual-view arm (SR 66.27 @60k)."
libero_plus,ours_multi,canonical,lp_dualnoaug_run11_44809827,44809827,44809829,100000,7228830,mlp,future_action_mean,0,dx,0.760593,5062565,1443742,probe_analysis/libero_plus_xemb_v1_n2_dualnoaug_dualnoaug_44809827_ckpt100000,"run11: dual-view teacher, dual_view_augmentation=false, seed 1003. The paper's LIBERO-plus dual-view arm (SR 66.27 @60k)."
libero_plus,ours_multi,canonical,lp_dualnoaug_run11_44809827,44809827,44809829,100000,7228830,mlp,future_action_mean,1,dy,0.913539,5062565,1443742,probe_analysis/libero_plus_xemb_v1_n2_dualnoaug_dualnoaug_44809827_ckpt100000,"run11: dual-view teacher, dual_view_augmentation=false, seed 1003. The paper's LIBERO-plus dual-view arm (SR 66.27 @60k)."
libero_plus,ours_multi,canonical,lp_dualnoaug_run11_44809827,44809827,44809829,100000,7228830,mlp,future_action_mean,2,dz,0.897444,5062565,1443742,probe_analysis/libero_plus_xemb_v1_n2_dualnoaug_dualnoaug_44809827_ckpt100000,"run11: dual-view teacher, dual_view_augmentation=false, seed 1003. The paper's LIBERO-plus dual-view arm (SR 66.27 @60k)."
libero_plus,ours_multi,canonical,lp_dualnoaug_run11_44809827,44809827,44809829,100000,7228830,mlp,future_action_mean,3,droll,0.443924,5062565,1443742,probe_analysis/libero_plus_xemb_v1_n2_dualnoaug_dualnoaug_44809827_ckpt100000,"run11: dual-view teacher, dual_view_augmentation=false, seed 1003. The paper's LIBERO-plus dual-view arm (SR 66.27 @60k)."
libero_plus,ours_multi,canonical,lp_dualnoaug_run11_44809827,44809827,44809829,100000,7228830,mlp,future_action_mean,4,dpitch,0.369675,5062565,1443742,probe_analysis/libero_plus_xemb_v1_n2_dualnoaug_dualnoaug_44809827_ckpt100000,"run11: dual-view teacher, dual_view_augmentation=false, seed 1003. The paper's LIBERO-plus dual-view arm (SR 66.27 @60k)."
libero_plus,ours_multi,canonical,lp_dualnoaug_run11_44809827,44809827,44809829,100000,7228830,mlp,future_action_mean,5,dyaw,0.441455,5062565,1443742,probe_analysis/libero_plus_xemb_v1_n2_dualnoaug_dualnoaug_44809827_ckpt100000,"run11: dual-view teacher, dual_view_augmentation=false, seed 1003. The paper's LIBERO-plus dual-view arm (SR 66.27 @60k)."
libero_plus,ours_multi,canonical,lp_dualnoaug_run11_44809827,44809827,44809829,100000,7228830,mlp,future_action_mean,6,gripper,0.641641,5062565,1443742,probe_analysis/libero_plus_xemb_v1_n2_dualnoaug_dualnoaug_44809827_ckpt100000,"run11: dual-view teacher, dual_view_augmentation=false, seed 1003. The paper's LIBERO-plus dual-view arm (SR 66.27 @60k)."
libero_plus,ours_multi,canonical,lp_dualnoaug_run11_44809827,44809827,44809829,100000,7228830,ridge,current_action,-1,mean,0.449034,5062565,1443742,probe_analysis/libero_plus_xemb_v1_n2_dualnoaug_dualnoaug_44809827_ckpt100000,"run11: dual-view teacher, dual_view_augmentation=false, seed 1003. The paper's LIBERO-plus dual-view arm (SR 66.27 @60k)."
libero_plus,ours_multi,canonical,lp_dualnoaug_run11_44809827,44809827,44809829,100000,7228830,ridge,current_action,0,dx,0.717836,5062565,1443742,probe_analysis/libero_plus_xemb_v1_n2_dualnoaug_dualnoaug_44809827_ckpt100000,"run11: dual-view teacher, dual_view_augmentation=false, seed 1003. The paper's LIBERO-plus dual-view arm (SR 66.27 @60k)."
libero_plus,ours_multi,canonical,lp_dualnoaug_run11_44809827,44809827,44809829,100000,7228830,ridge,current_action,1,dy,0.900019,5062565,1443742,probe_analysis/libero_plus_xemb_v1_n2_dualnoaug_dualnoaug_44809827_ckpt100000,"run11: dual-view teacher, dual_view_augmentation=false, seed 1003. The paper's LIBERO-plus dual-view arm (SR 66.27 @60k)."
libero_plus,ours_multi,canonical,lp_dualnoaug_run11_44809827,44809827,44809829,100000,7228830,ridge,current_action,2,dz,0.819857,5062565,1443742,probe_analysis/libero_plus_xemb_v1_n2_dualnoaug_dualnoaug_44809827_ckpt100000,"run11: dual-view teacher, dual_view_augmentation=false, seed 1003. The paper's LIBERO-plus dual-view arm (SR 66.27 @60k)."
libero_plus,ours_multi,canonical,lp_dualnoaug_run11_44809827,44809827,44809829,100000,7228830,ridge,current_action,3,droll,0.267997,5062565,1443742,probe_analysis/libero_plus_xemb_v1_n2_dualnoaug_dualnoaug_44809827_ckpt100000,"run11: dual-view teacher, dual_view_augmentation=false, seed 1003. The paper's LIBERO-plus dual-view arm (SR 66.27 @60k)."
libero_plus,ours_multi,canonical,lp_dualnoaug_run11_44809827,44809827,44809829,100000,7228830,ridge,current_action,4,dpitch,0.205378,5062565,1443742,probe_analysis/libero_plus_xemb_v1_n2_dualnoaug_dualnoaug_44809827_ckpt100000,"run11: dual-view teacher, dual_view_augmentation=false, seed 1003. The paper's LIBERO-plus dual-view arm (SR 66.27 @60k)."
libero_plus,ours_multi,canonical,lp_dualnoaug_run11_44809827,44809827,44809829,100000,7228830,ridge,current_action,5,dyaw,0.063723,5062565,1443742,probe_analysis/libero_plus_xemb_v1_n2_dualnoaug_dualnoaug_44809827_ckpt100000,"run11: dual-view teacher, dual_view_augmentation=false, seed 1003. The paper's LIBERO-plus dual-view arm (SR 66.27 @60k)."
libero_plus,ours_multi,canonical,lp_dualnoaug_run11_44809827,44809827,44809829,100000,7228830,ridge,current_action,6,gripper,0.168428,5062565,1443742,probe_analysis/libero_plus_xemb_v1_n2_dualnoaug_dualnoaug_44809827_ckpt100000,"run11: dual-view teacher, dual_view_augmentation=false, seed 1003. The paper's LIBERO-plus dual-view arm (SR 66.27 @60k)."
libero_plus,ours_multi,canonical,lp_dualnoaug_run11_44809827,44809827,44809829,100000,7228830,ridge,future_action_mean,-1,mean,0.402351,5062565,1443742,probe_analysis/libero_plus_xemb_v1_n2_dualnoaug_dualnoaug_44809827_ckpt100000,"run11: dual-view teacher, dual_view_augmentation=false, seed 1003. The paper's LIBERO-plus dual-view arm (SR 66.27 @60k)."
libero_plus,ours_multi,canonical,lp_dualnoaug_run11_44809827,44809827,44809829,100000,7228830,ridge,future_action_mean,0,dx,0.610269,5062565,1443742,probe_analysis/libero_plus_xemb_v1_n2_dualnoaug_dualnoaug_44809827_ckpt100000,"run11: dual-view teacher, dual_view_augmentation=false, seed 1003. The paper's LIBERO-plus dual-view arm (SR 66.27 @60k)."
libero_plus,ours_multi,canonical,lp_dualnoaug_run11_44809827,44809827,44809829,100000,7228830,ridge,future_action_mean,1,dy,0.831227,5062565,1443742,probe_analysis/libero_plus_xemb_v1_n2_dualnoaug_dualnoaug_44809827_ckpt100000,"run11: dual-view teacher, dual_view_augmentation=false, seed 1003. The paper's LIBERO-plus dual-view arm (SR 66.27 @60k)."
libero_plus,ours_multi,canonical,lp_dualnoaug_run11_44809827,44809827,44809829,100000,7228830,ridge,future_action_mean,2,dz,0.811186,5062565,1443742,probe_analysis/libero_plus_xemb_v1_n2_dualnoaug_dualnoaug_44809827_ckpt100000,"run11: dual-view teacher, dual_view_augmentation=false, seed 1003. The paper's LIBERO-plus dual-view arm (SR 66.27 @60k)."
libero_plus,ours_multi,canonical,lp_dualnoaug_run11_44809827,44809827,44809829,100000,7228830,ridge,future_action_mean,3,droll,0.195649,5062565,1443742,probe_analysis/libero_plus_xemb_v1_n2_dualnoaug_dualnoaug_44809827_ckpt100000,"run11: dual-view teacher, dual_view_augmentation=false, seed 1003. The paper's LIBERO-plus dual-view arm (SR 66.27 @60k)."
libero_plus,ours_multi,canonical,lp_dualnoaug_run11_44809827,44809827,44809829,100000,7228830,ridge,future_action_mean,4,dpitch,0.130175,5062565,1443742,probe_analysis/libero_plus_xemb_v1_n2_dualnoaug_dualnoaug_44809827_ckpt100000,"run11: dual-view teacher, dual_view_augmentation=false, seed 1003. The paper's LIBERO-plus dual-view arm (SR 66.27 @60k)."
libero_plus,ours_multi,canonical,lp_dualnoaug_run11_44809827,44809827,44809829,100000,7228830,ridge,future_action_mean,5,dyaw,0.067095,5062565,1443742,probe_analysis/libero_plus_xemb_v1_n2_dualnoaug_dualnoaug_44809827_ckpt100000,"run11: dual-view teacher, dual_view_augmentation=false, seed 1003. The paper's LIBERO-plus dual-view arm (SR 66.27 @60k)."
libero_plus,ours_multi,canonical,lp_dualnoaug_run11_44809827,44809827,44809829,100000,7228830,ridge,future_action_mean,6,gripper,0.170854,5062565,1443742,probe_analysis/libero_plus_xemb_v1_n2_dualnoaug_dualnoaug_44809827_ckpt100000,"run11: dual-view teacher, dual_view_augmentation=false, seed 1003. The paper's LIBERO-plus dual-view arm (SR 66.27 @60k)."
libero_plus,ours_multi,alternate,lp_dual_run4_44056649,44056649,44064423,100000,7228830,mlp,current_action,-1,mean,0.640618,5062565,1443742,probe_analysis/libero_plus_xemb_v1_n2_multi_44056649_ckpt100000,"run4: dual-view teacher with augmentation on, seed 1000 (SR 59.23, below run3)."
libero_plus,ours_multi,alternate,lp_dual_run4_44056649,44056649,44064423,100000,7228830,mlp,current_action,0,dx,0.808361,5062565,1443742,probe_analysis/libero_plus_xemb_v1_n2_multi_44056649_ckpt100000,"run4: dual-view teacher with augmentation on, seed 1000 (SR 59.23, below run3)."
libero_plus,ours_multi,alternate,lp_dual_run4_44056649,44056649,44064423,100000,7228830,mlp,current_action,1,dy,0.932256,5062565,1443742,probe_analysis/libero_plus_xemb_v1_n2_multi_44056649_ckpt100000,"run4: dual-view teacher with augmentation on, seed 1000 (SR 59.23, below run3)."
libero_plus,ours_multi,alternate,lp_dual_run4_44056649,44056649,44064423,100000,7228830,mlp,current_action,2,dz,0.901242,5062565,1443742,probe_analysis/libero_plus_xemb_v1_n2_multi_44056649_ckpt100000,"run4: dual-view teacher with augmentation on, seed 1000 (SR 59.23, below run3)."
libero_plus,ours_multi,alternate,lp_dual_run4_44056649,44056649,44064423,100000,7228830,mlp,current_action,3,droll,0.418971,5062565,1443742,probe_analysis/libero_plus_xemb_v1_n2_multi_44056649_ckpt100000,"run4: dual-view teacher with augmentation on, seed 1000 (SR 59.23, below run3)."
libero_plus,ours_multi,alternate,lp_dual_run4_44056649,44056649,44064423,100000,7228830,mlp,current_action,4,dpitch,0.418176,5062565,1443742,probe_analysis/libero_plus_xemb_v1_n2_multi_44056649_ckpt100000,"run4: dual-view teacher with augmentation on, seed 1000 (SR 59.23, below run3)."
libero_plus,ours_multi,alternate,lp_dual_run4_44056649,44056649,44064423,100000,7228830,mlp,current_action,5,dyaw,0.383061,5062565,1443742,probe_analysis/libero_plus_xemb_v1_n2_multi_44056649_ckpt100000,"run4: dual-view teacher with augmentation on, seed 1000 (SR 59.23, below run3)."
libero_plus,ours_multi,alternate,lp_dual_run4_44056649,44056649,44064423,100000,7228830,mlp,current_action,6,gripper,0.622258,5062565,1443742,probe_analysis/libero_plus_xemb_v1_n2_multi_44056649_ckpt100000,"run4: dual-view teacher with augmentation on, seed 1000 (SR 59.23, below run3)."
libero_plus,ours_multi,alternate,lp_dual_run4_44056649,44056649,44064423,100000,7228830,mlp,future_action_mean,-1,mean,0.610018,5062565,1443742,probe_analysis/libero_plus_xemb_v1_n2_multi_44056649_ckpt100000,"run4: dual-view teacher with augmentation on, seed 1000 (SR 59.23, below run3)."
libero_plus,ours_multi,alternate,lp_dual_run4_44056649,44056649,44064423,100000,7228830,mlp,future_action_mean,0,dx,0.748467,5062565,1443742,probe_analysis/libero_plus_xemb_v1_n2_multi_44056649_ckpt100000,"run4: dual-view teacher with augmentation on, seed 1000 (SR 59.23, below run3)."
libero_plus,ours_multi,alternate,lp_dual_run4_44056649,44056649,44064423,100000,7228830,mlp,future_action_mean,1,dy,0.903357,5062565,1443742,probe_analysis/libero_plus_xemb_v1_n2_multi_44056649_ckpt100000,"run4: dual-view teacher with augmentation on, seed 1000 (SR 59.23, below run3)."
libero_plus,ours_multi,alternate,lp_dual_run4_44056649,44056649,44064423,100000,7228830,mlp,future_action_mean,2,dz,0.894278,5062565,1443742,probe_analysis/libero_plus_xemb_v1_n2_multi_44056649_ckpt100000,"run4: dual-view teacher with augmentation on, seed 1000 (SR 59.23, below run3)."
libero_plus,ours_multi,alternate,lp_dual_run4_44056649,44056649,44064423,100000,7228830,mlp,future_action_mean,3,droll,0.359311,5062565,1443742,probe_analysis/libero_plus_xemb_v1_n2_multi_44056649_ckpt100000,"run4: dual-view teacher with augmentation on, seed 1000 (SR 59.23, below run3)."
libero_plus,ours_multi,alternate,lp_dual_run4_44056649,44056649,44064423,100000,7228830,mlp,future_action_mean,4,dpitch,0.346394,5062565,1443742,probe_analysis/libero_plus_xemb_v1_n2_multi_44056649_ckpt100000,"run4: dual-view teacher with augmentation on, seed 1000 (SR 59.23, below run3)."
libero_plus,ours_multi,alternate,lp_dual_run4_44056649,44056649,44064423,100000,7228830,mlp,future_action_mean,5,dyaw,0.376659,5062565,1443742,probe_analysis/libero_plus_xemb_v1_n2_multi_44056649_ckpt100000,"run4: dual-view teacher with augmentation on, seed 1000 (SR 59.23, below run3)."
libero_plus,ours_multi,alternate,lp_dual_run4_44056649,44056649,44064423,100000,7228830,mlp,future_action_mean,6,gripper,0.641660,5062565,1443742,probe_analysis/libero_plus_xemb_v1_n2_multi_44056649_ckpt100000,"run4: dual-view teacher with augmentation on, seed 1000 (SR 59.23, below run3)."
libero_plus,ours_multi,alternate,lp_dual_run4_44056649,44056649,44064423,100000,7228830,ridge,current_action,-1,mean,0.428498,5062565,1443742,probe_analysis/libero_plus_xemb_v1_n2_multi_44056649_ckpt100000,"run4: dual-view teacher with augmentation on, seed 1000 (SR 59.23, below run3)."
libero_plus,ours_multi,alternate,lp_dual_run4_44056649,44056649,44064423,100000,7228830,ridge,current_action,0,dx,0.710203,5062565,1443742,probe_analysis/libero_plus_xemb_v1_n2_multi_44056649_ckpt100000,"run4: dual-view teacher with augmentation on, seed 1000 (SR 59.23, below run3)."
libero_plus,ours_multi,alternate,lp_dual_run4_44056649,44056649,44064423,100000,7228830,ridge,current_action,1,dy,0.888358,5062565,1443742,probe_analysis/libero_plus_xemb_v1_n2_multi_44056649_ckpt100000,"run4: dual-view teacher with augmentation on, seed 1000 (SR 59.23, below run3)."
libero_plus,ours_multi,alternate,lp_dual_run4_44056649,44056649,44064423,100000,7228830,ridge,current_action,2,dz,0.823239,5062565,1443742,probe_analysis/libero_plus_xemb_v1_n2_multi_44056649_ckpt100000,"run4: dual-view teacher with augmentation on, seed 1000 (SR 59.23, below run3)."
libero_plus,ours_multi,alternate,lp_dual_run4_44056649,44056649,44064423,100000,7228830,ridge,current_action,3,droll,0.198902,5062565,1443742,probe_analysis/libero_plus_xemb_v1_n2_multi_44056649_ckpt100000,"run4: dual-view teacher with augmentation on, seed 1000 (SR 59.23, below run3)."
libero_plus,ours_multi,alternate,lp_dual_run4_44056649,44056649,44064423,100000,7228830,ridge,current_action,4,dpitch,0.167777,5062565,1443742,probe_analysis/libero_plus_xemb_v1_n2_multi_44056649_ckpt100000,"run4: dual-view teacher with augmentation on, seed 1000 (SR 59.23, below run3)."
libero_plus,ours_multi,alternate,lp_dual_run4_44056649,44056649,44064423,100000,7228830,ridge,current_action,5,dyaw,0.039498,5062565,1443742,probe_analysis/libero_plus_xemb_v1_n2_multi_44056649_ckpt100000,"run4: dual-view teacher with augmentation on, seed 1000 (SR 59.23, below run3)."
libero_plus,ours_multi,alternate,lp_dual_run4_44056649,44056649,44064423,100000,7228830,ridge,current_action,6,gripper,0.171506,5062565,1443742,probe_analysis/libero_plus_xemb_v1_n2_multi_44056649_ckpt100000,"run4: dual-view teacher with augmentation on, seed 1000 (SR 59.23, below run3)."
libero_plus,ours_multi,alternate,lp_dual_run4_44056649,44056649,44064423,100000,7228830,ridge,future_action_mean,-1,mean,0.386221,5062565,1443742,probe_analysis/libero_plus_xemb_v1_n2_multi_44056649_ckpt100000,"run4: dual-view teacher with augmentation on, seed 1000 (SR 59.23, below run3)."
libero_plus,ours_multi,alternate,lp_dual_run4_44056649,44056649,44064423,100000,7228830,ridge,future_action_mean,0,dx,0.600581,5062565,1443742,probe_analysis/libero_plus_xemb_v1_n2_multi_44056649_ckpt100000,"run4: dual-view teacher with augmentation on, seed 1000 (SR 59.23, below run3)."
libero_plus,ours_multi,alternate,lp_dual_run4_44056649,44056649,44064423,100000,7228830,ridge,future_action_mean,1,dy,0.813767,5062565,1443742,probe_analysis/libero_plus_xemb_v1_n2_multi_44056649_ckpt100000,"run4: dual-view teacher with augmentation on, seed 1000 (SR 59.23, below run3)."
libero_plus,ours_multi,alternate,lp_dual_run4_44056649,44056649,44064423,100000,7228830,ridge,future_action_mean,2,dz,0.816237,5062565,1443742,probe_analysis/libero_plus_xemb_v1_n2_multi_44056649_ckpt100000,"run4: dual-view teacher with augmentation on, seed 1000 (SR 59.23, below run3)."
libero_plus,ours_multi,alternate,lp_dual_run4_44056649,44056649,44064423,100000,7228830,ridge,future_action_mean,3,droll,0.154597,5062565,1443742,probe_analysis/libero_plus_xemb_v1_n2_multi_44056649_ckpt100000,"run4: dual-view teacher with augmentation on, seed 1000 (SR 59.23, below run3)."
libero_plus,ours_multi,alternate,lp_dual_run4_44056649,44056649,44064423,100000,7228830,ridge,future_action_mean,4,dpitch,0.102120,5062565,1443742,probe_analysis/libero_plus_xemb_v1_n2_multi_44056649_ckpt100000,"run4: dual-view teacher with augmentation on, seed 1000 (SR 59.23, below run3)."
libero_plus,ours_multi,alternate,lp_dual_run4_44056649,44056649,44064423,100000,7228830,ridge,future_action_mean,5,dyaw,0.042331,5062565,1443742,probe_analysis/libero_plus_xemb_v1_n2_multi_44056649_ckpt100000,"run4: dual-view teacher with augmentation on, seed 1000 (SR 59.23, below run3)."
libero_plus,ours_multi,alternate,lp_dual_run4_44056649,44056649,44064423,100000,7228830,ridge,future_action_mean,6,gripper,0.173916,5062565,1443742,probe_analysis/libero_plus_xemb_v1_n2_multi_44056649_ckpt100000,"run4: dual-view teacher with augmentation on, seed 1000 (SR 59.23, below run3)."
libero_plus,clam,canonical,lp_clam7d_run10_44815478,44815478,44815480,100000,7228830,mlp,current_action,-1,mean,0.634383,5062565,1443742,probe_analysis/libero_plus_xemb_v1_n2_clam7d_44815478_ckpt100000,"run10: CLAM with the 7-d mean-action target at beta=balanced/10 -- the recipe the MimicGen and plain-LIBERO CLAM arms use, so the three CLAM cells match."
libero_plus,clam,canonical,lp_clam7d_run10_44815478,44815478,44815480,100000,7228830,mlp,current_action,0,dx,0.654108,5062565,1443742,probe_analysis/libero_plus_xemb_v1_n2_clam7d_44815478_ckpt100000,"run10: CLAM with the 7-d mean-action target at beta=balanced/10 -- the recipe the MimicGen and plain-LIBERO CLAM arms use, so the three CLAM cells match."
libero_plus,clam,canonical,lp_clam7d_run10_44815478,44815478,44815480,100000,7228830,mlp,current_action,1,dy,0.942435,5062565,1443742,probe_analysis/libero_plus_xemb_v1_n2_clam7d_44815478_ckpt100000,"run10: CLAM with the 7-d mean-action target at beta=balanced/10 -- the recipe the MimicGen and plain-LIBERO CLAM arms use, so the three CLAM cells match."
libero_plus,clam,canonical,lp_clam7d_run10_44815478,44815478,44815480,100000,7228830,mlp,current_action,2,dz,0.891768,5062565,1443742,probe_analysis/libero_plus_xemb_v1_n2_clam7d_44815478_ckpt100000,"run10: CLAM with the 7-d mean-action target at beta=balanced/10 -- the recipe the MimicGen and plain-LIBERO CLAM arms use, so the three CLAM cells match."
libero_plus,clam,canonical,lp_clam7d_run10_44815478,44815478,44815480,100000,7228830,mlp,current_action,3,droll,0.530948,5062565,1443742,probe_analysis/libero_plus_xemb_v1_n2_clam7d_44815478_ckpt100000,"run10: CLAM with the 7-d mean-action target at beta=balanced/10 -- the recipe the MimicGen and plain-LIBERO CLAM arms use, so the three CLAM cells match."
libero_plus,clam,canonical,lp_clam7d_run10_44815478,44815478,44815480,100000,7228830,mlp,current_action,4,dpitch,0.304133,5062565,1443742,probe_analysis/libero_plus_xemb_v1_n2_clam7d_44815478_ckpt100000,"run10: CLAM with the 7-d mean-action target at beta=balanced/10 -- the recipe the MimicGen and plain-LIBERO CLAM arms use, so the three CLAM cells match."
libero_plus,clam,canonical,lp_clam7d_run10_44815478,44815478,44815480,100000,7228830,mlp,current_action,5,dyaw,0.438785,5062565,1443742,probe_analysis/libero_plus_xemb_v1_n2_clam7d_44815478_ckpt100000,"run10: CLAM with the 7-d mean-action target at beta=balanced/10 -- the recipe the MimicGen and plain-LIBERO CLAM arms use, so the three CLAM cells match."
libero_plus,clam,canonical,lp_clam7d_run10_44815478,44815478,44815480,100000,7228830,mlp,current_action,6,gripper,0.678505,5062565,1443742,probe_analysis/libero_plus_xemb_v1_n2_clam7d_44815478_ckpt100000,"run10: CLAM with the 7-d mean-action target at beta=balanced/10 -- the recipe the MimicGen and plain-LIBERO CLAM arms use, so the three CLAM cells match."
libero_plus,clam,canonical,lp_clam7d_run10_44815478,44815478,44815480,100000,7228830,mlp,future_action_mean,-1,mean,0.609537,5062565,1443742,probe_analysis/libero_plus_xemb_v1_n2_clam7d_44815478_ckpt100000,"run10: CLAM with the 7-d mean-action target at beta=balanced/10 -- the recipe the MimicGen and plain-LIBERO CLAM arms use, so the three CLAM cells match."
libero_plus,clam,canonical,lp_clam7d_run10_44815478,44815478,44815480,100000,7228830,mlp,future_action_mean,0,dx,0.611418,5062565,1443742,probe_analysis/libero_plus_xemb_v1_n2_clam7d_44815478_ckpt100000,"run10: CLAM with the 7-d mean-action target at beta=balanced/10 -- the recipe the MimicGen and plain-LIBERO CLAM arms use, so the three CLAM cells match."
libero_plus,clam,canonical,lp_clam7d_run10_44815478,44815478,44815480,100000,7228830,mlp,future_action_mean,1,dy,0.916994,5062565,1443742,probe_analysis/libero_plus_xemb_v1_n2_clam7d_44815478_ckpt100000,"run10: CLAM with the 7-d mean-action target at beta=balanced/10 -- the recipe the MimicGen and plain-LIBERO CLAM arms use, so the three CLAM cells match."
libero_plus,clam,canonical,lp_clam7d_run10_44815478,44815478,44815480,100000,7228830,mlp,future_action_mean,2,dz,0.893269,5062565,1443742,probe_analysis/libero_plus_xemb_v1_n2_clam7d_44815478_ckpt100000,"run10: CLAM with the 7-d mean-action target at beta=balanced/10 -- the recipe the MimicGen and plain-LIBERO CLAM arms use, so the three CLAM cells match."
libero_plus,clam,canonical,lp_clam7d_run10_44815478,44815478,44815480,100000,7228830,mlp,future_action_mean,3,droll,0.458189,5062565,1443742,probe_analysis/libero_plus_xemb_v1_n2_clam7d_44815478_ckpt100000,"run10: CLAM with the 7-d mean-action target at beta=balanced/10 -- the recipe the MimicGen and plain-LIBERO CLAM arms use, so the three CLAM cells match."
libero_plus,clam,canonical,lp_clam7d_run10_44815478,44815478,44815480,100000,7228830,mlp,future_action_mean,4,dpitch,0.251017,5062565,1443742,probe_analysis/libero_plus_xemb_v1_n2_clam7d_44815478_ckpt100000,"run10: CLAM with the 7-d mean-action target at beta=balanced/10 -- the recipe the MimicGen and plain-LIBERO CLAM arms use, so the three CLAM cells match."
libero_plus,clam,canonical,lp_clam7d_run10_44815478,44815478,44815480,100000,7228830,mlp,future_action_mean,5,dyaw,0.447065,5062565,1443742,probe_analysis/libero_plus_xemb_v1_n2_clam7d_44815478_ckpt100000,"run10: CLAM with the 7-d mean-action target at beta=balanced/10 -- the recipe the MimicGen and plain-LIBERO CLAM arms use, so the three CLAM cells match."
libero_plus,clam,canonical,lp_clam7d_run10_44815478,44815478,44815480,100000,7228830,mlp,future_action_mean,6,gripper,0.688804,5062565,1443742,probe_analysis/libero_plus_xemb_v1_n2_clam7d_44815478_ckpt100000,"run10: CLAM with the 7-d mean-action target at beta=balanced/10 -- the recipe the MimicGen and plain-LIBERO CLAM arms use, so the three CLAM cells match."
libero_plus,clam,canonical,lp_clam7d_run10_44815478,44815478,44815480,100000,7228830,ridge,current_action,-1,mean,0.384052,5062565,1443742,probe_analysis/libero_plus_xemb_v1_n2_clam7d_44815478_ckpt100000,"run10: CLAM with the 7-d mean-action target at beta=balanced/10 -- the recipe the MimicGen and plain-LIBERO CLAM arms use, so the three CLAM cells match."
libero_plus,clam,canonical,lp_clam7d_run10_44815478,44815478,44815480,100000,7228830,ridge,current_action,0,dx,0.314537,5062565,1443742,probe_analysis/libero_plus_xemb_v1_n2_clam7d_44815478_ckpt100000,"run10: CLAM with the 7-d mean-action target at beta=balanced/10 -- the recipe the MimicGen and plain-LIBERO CLAM arms use, so the three CLAM cells match."
libero_plus,clam,canonical,lp_clam7d_run10_44815478,44815478,44815480,100000,7228830,ridge,current_action,1,dy,0.886842,5062565,1443742,probe_analysis/libero_plus_xemb_v1_n2_clam7d_44815478_ckpt100000,"run10: CLAM with the 7-d mean-action target at beta=balanced/10 -- the recipe the MimicGen and plain-LIBERO CLAM arms use, so the three CLAM cells match."
libero_plus,clam,canonical,lp_clam7d_run10_44815478,44815478,44815480,100000,7228830,ridge,current_action,2,dz,0.775874,5062565,1443742,probe_analysis/libero_plus_xemb_v1_n2_clam7d_44815478_ckpt100000,"run10: CLAM with the 7-d mean-action target at beta=balanced/10 -- the recipe the MimicGen and plain-LIBERO CLAM arms use, so the three CLAM cells match."
libero_plus,clam,canonical,lp_clam7d_run10_44815478,44815478,44815480,100000,7228830,ridge,current_action,3,droll,0.391205,5062565,1443742,probe_analysis/libero_plus_xemb_v1_n2_clam7d_44815478_ckpt100000,"run10: CLAM with the 7-d mean-action target at beta=balanced/10 -- the recipe the MimicGen and plain-LIBERO CLAM arms use, so the three CLAM cells match."
libero_plus,clam,canonical,lp_clam7d_run10_44815478,44815478,44815480,100000,7228830,ridge,current_action,4,dpitch,0.108110,5062565,1443742,probe_analysis/libero_plus_xemb_v1_n2_clam7d_44815478_ckpt100000,"run10: CLAM with the 7-d mean-action target at beta=balanced/10 -- the recipe the MimicGen and plain-LIBERO CLAM arms use, so the three CLAM cells match."
libero_plus,clam,canonical,lp_clam7d_run10_44815478,44815478,44815480,100000,7228830,ridge,current_action,5,dyaw,0.028172,5062565,1443742,probe_analysis/libero_plus_xemb_v1_n2_clam7d_44815478_ckpt100000,"run10: CLAM with the 7-d mean-action target at beta=balanced/10 -- the recipe the MimicGen and plain-LIBERO CLAM arms use, so the three CLAM cells match."
libero_plus,clam,canonical,lp_clam7d_run10_44815478,44815478,44815480,100000,7228830,ridge,current_action,6,gripper,0.183627,5062565,1443742,probe_analysis/libero_plus_xemb_v1_n2_clam7d_44815478_ckpt100000,"run10: CLAM with the 7-d mean-action target at beta=balanced/10 -- the recipe the MimicGen and plain-LIBERO CLAM arms use, so the three CLAM cells match."
libero_plus,clam,canonical,lp_clam7d_run10_44815478,44815478,44815480,100000,7228830,ridge,future_action_mean,-1,mean,0.350627,5062565,1443742,probe_analysis/libero_plus_xemb_v1_n2_clam7d_44815478_ckpt100000,"run10: CLAM with the 7-d mean-action target at beta=balanced/10 -- the recipe the MimicGen and plain-LIBERO CLAM arms use, so the three CLAM cells match."
libero_plus,clam,canonical,lp_clam7d_run10_44815478,44815478,44815480,100000,7228830,ridge,future_action_mean,0,dx,0.230749,5062565,1443742,probe_analysis/libero_plus_xemb_v1_n2_clam7d_44815478_ckpt100000,"run10: CLAM with the 7-d mean-action target at beta=balanced/10 -- the recipe the MimicGen and plain-LIBERO CLAM arms use, so the three CLAM cells match."
libero_plus,clam,canonical,lp_clam7d_run10_44815478,44815478,44815480,100000,7228830,ridge,future_action_mean,1,dy,0.832828,5062565,1443742,probe_analysis/libero_plus_xemb_v1_n2_clam7d_44815478_ckpt100000,"run10: CLAM with the 7-d mean-action target at beta=balanced/10 -- the recipe the MimicGen and plain-LIBERO CLAM arms use, so the three CLAM cells match."
libero_plus,clam,canonical,lp_clam7d_run10_44815478,44815478,44815480,100000,7228830,ridge,future_action_mean,2,dz,0.780399,5062565,1443742,probe_analysis/libero_plus_xemb_v1_n2_clam7d_44815478_ckpt100000,"run10: CLAM with the 7-d mean-action target at beta=balanced/10 -- the recipe the MimicGen and plain-LIBERO CLAM arms use, so the three CLAM cells match."
libero_plus,clam,canonical,lp_clam7d_run10_44815478,44815478,44815480,100000,7228830,ridge,future_action_mean,3,droll,0.328374,5062565,1443742,probe_analysis/libero_plus_xemb_v1_n2_clam7d_44815478_ckpt100000,"run10: CLAM with the 7-d mean-action target at beta=balanced/10 -- the recipe the MimicGen and plain-LIBERO CLAM arms use, so the three CLAM cells match."
libero_plus,clam,canonical,lp_clam7d_run10_44815478,44815478,44815480,100000,7228830,ridge,future_action_mean,4,dpitch,0.074221,5062565,1443742,probe_analysis/libero_plus_xemb_v1_n2_clam7d_44815478_ckpt100000,"run10: CLAM with the 7-d mean-action target at beta=balanced/10 -- the recipe the MimicGen and plain-LIBERO CLAM arms use, so the three CLAM cells match."
libero_plus,clam,canonical,lp_clam7d_run10_44815478,44815478,44815480,100000,7228830,ridge,future_action_mean,5,dyaw,0.024083,5062565,1443742,probe_analysis/libero_plus_xemb_v1_n2_clam7d_44815478_ckpt100000,"run10: CLAM with the 7-d mean-action target at beta=balanced/10 -- the recipe the MimicGen and plain-LIBERO CLAM arms use, so the three CLAM cells match."
libero_plus,clam,canonical,lp_clam7d_run10_44815478,44815478,44815480,100000,7228830,ridge,future_action_mean,6,gripper,0.183736,5062565,1443742,probe_analysis/libero_plus_xemb_v1_n2_clam7d_44815478_ckpt100000,"run10: CLAM with the 7-d mean-action target at beta=balanced/10 -- the recipe the MimicGen and plain-LIBERO CLAM arms use, so the three CLAM cells match."
libero_plus,clam,alternate,lp_clam35d_run6_44424197,44424197,44424199,100000,7228830,mlp,current_action,-1,mean,0.656747,5062565,1443742,probe_analysis/libero_plus_xemb_v1_n2_clam_44424197_ckpt100000,"run6: first CLAM arm, 35-d per-step chunk target, beta=5e-4 (SR 51.29)."
libero_plus,clam,alternate,lp_clam35d_run6_44424197,44424197,44424199,100000,7228830,mlp,current_action,0,dx,0.702290,5062565,1443742,probe_analysis/libero_plus_xemb_v1_n2_clam_44424197_ckpt100000,"run6: first CLAM arm, 35-d per-step chunk target, beta=5e-4 (SR 51.29)."
libero_plus,clam,alternate,lp_clam35d_run6_44424197,44424197,44424199,100000,7228830,mlp,current_action,1,dy,0.945440,5062565,1443742,probe_analysis/libero_plus_xemb_v1_n2_clam_44424197_ckpt100000,"run6: first CLAM arm, 35-d per-step chunk target, beta=5e-4 (SR 51.29)."
libero_plus,clam,alternate,lp_clam35d_run6_44424197,44424197,44424199,100000,7228830,mlp,current_action,2,dz,0.900488,5062565,1443742,probe_analysis/libero_plus_xemb_v1_n2_clam_44424197_ckpt100000,"run6: first CLAM arm, 35-d per-step chunk target, beta=5e-4 (SR 51.29)."
libero_plus,clam,alternate,lp_clam35d_run6_44424197,44424197,44424199,100000,7228830,mlp,current_action,3,droll,0.540165,5062565,1443742,probe_analysis/libero_plus_xemb_v1_n2_clam_44424197_ckpt100000,"run6: first CLAM arm, 35-d per-step chunk target, beta=5e-4 (SR 51.29)."
libero_plus,clam,alternate,lp_clam35d_run6_44424197,44424197,44424199,100000,7228830,mlp,current_action,4,dpitch,0.311207,5062565,1443742,probe_analysis/libero_plus_xemb_v1_n2_clam_44424197_ckpt100000,"run6: first CLAM arm, 35-d per-step chunk target, beta=5e-4 (SR 51.29)."
libero_plus,clam,alternate,lp_clam35d_run6_44424197,44424197,44424199,100000,7228830,mlp,current_action,5,dyaw,0.482034,5062565,1443742,probe_analysis/libero_plus_xemb_v1_n2_clam_44424197_ckpt100000,"run6: first CLAM arm, 35-d per-step chunk target, beta=5e-4 (SR 51.29)."
libero_plus,clam,alternate,lp_clam35d_run6_44424197,44424197,44424199,100000,7228830,mlp,current_action,6,gripper,0.715608,5062565,1443742,probe_analysis/libero_plus_xemb_v1_n2_clam_44424197_ckpt100000,"run6: first CLAM arm, 35-d per-step chunk target, beta=5e-4 (SR 51.29)."
libero_plus,clam,alternate,lp_clam35d_run6_44424197,44424197,44424199,100000,7228830,mlp,future_action_mean,-1,mean,0.634473,5062565,1443742,probe_analysis/libero_plus_xemb_v1_n2_clam_44424197_ckpt100000,"run6: first CLAM arm, 35-d per-step chunk target, beta=5e-4 (SR 51.29)."
libero_plus,clam,alternate,lp_clam35d_run6_44424197,44424197,44424199,100000,7228830,mlp,future_action_mean,0,dx,0.662730,5062565,1443742,probe_analysis/libero_plus_xemb_v1_n2_clam_44424197_ckpt100000,"run6: first CLAM arm, 35-d per-step chunk target, beta=5e-4 (SR 51.29)."
libero_plus,clam,alternate,lp_clam35d_run6_44424197,44424197,44424199,100000,7228830,mlp,future_action_mean,1,dy,0.921289,5062565,1443742,probe_analysis/libero_plus_xemb_v1_n2_clam_44424197_ckpt100000,"run6: first CLAM arm, 35-d per-step chunk target, beta=5e-4 (SR 51.29)."
libero_plus,clam,alternate,lp_clam35d_run6_44424197,44424197,44424199,100000,7228830,mlp,future_action_mean,2,dz,0.902008,5062565,1443742,probe_analysis/libero_plus_xemb_v1_n2_clam_44424197_ckpt100000,"run6: first CLAM arm, 35-d per-step chunk target, beta=5e-4 (SR 51.29)."
libero_plus,clam,alternate,lp_clam35d_run6_44424197,44424197,44424199,100000,7228830,mlp,future_action_mean,3,droll,0.463715,5062565,1443742,probe_analysis/libero_plus_xemb_v1_n2_clam_44424197_ckpt100000,"run6: first CLAM arm, 35-d per-step chunk target, beta=5e-4 (SR 51.29)."
libero_plus,clam,alternate,lp_clam35d_run6_44424197,44424197,44424199,100000,7228830,mlp,future_action_mean,4,dpitch,0.269494,5062565,1443742,probe_analysis/libero_plus_xemb_v1_n2_clam_44424197_ckpt100000,"run6: first CLAM arm, 35-d per-step chunk target, beta=5e-4 (SR 51.29)."
libero_plus,clam,alternate,lp_clam35d_run6_44424197,44424197,44424199,100000,7228830,mlp,future_action_mean,5,dyaw,0.495781,5062565,1443742,probe_analysis/libero_plus_xemb_v1_n2_clam_44424197_ckpt100000,"run6: first CLAM arm, 35-d per-step chunk target, beta=5e-4 (SR 51.29)."
libero_plus,clam,alternate,lp_clam35d_run6_44424197,44424197,44424199,100000,7228830,mlp,future_action_mean,6,gripper,0.726294,5062565,1443742,probe_analysis/libero_plus_xemb_v1_n2_clam_44424197_ckpt100000,"run6: first CLAM arm, 35-d per-step chunk target, beta=5e-4 (SR 51.29)."
libero_plus,clam,alternate,lp_clam35d_run6_44424197,44424197,44424199,100000,7228830,ridge,current_action,-1,mean,0.401542,5062565,1443742,probe_analysis/libero_plus_xemb_v1_n2_clam_44424197_ckpt100000,"run6: first CLAM arm, 35-d per-step chunk target, beta=5e-4 (SR 51.29)."
libero_plus,clam,alternate,lp_clam35d_run6_44424197,44424197,44424199,100000,7228830,ridge,current_action,0,dx,0.440883,5062565,1443742,probe_analysis/libero_plus_xemb_v1_n2_clam_44424197_ckpt100000,"run6: first CLAM arm, 35-d per-step chunk target, beta=5e-4 (SR 51.29)."
libero_plus,clam,alternate,lp_clam35d_run6_44424197,44424197,44424199,100000,7228830,ridge,current_action,1,dy,0.882258,5062565,1443742,probe_analysis/libero_plus_xemb_v1_n2_clam_44424197_ckpt100000,"run6: first CLAM arm, 35-d per-step chunk target, beta=5e-4 (SR 51.29)."
libero_plus,clam,alternate,lp_clam35d_run6_44424197,44424197,44424199,100000,7228830,ridge,current_action,2,dz,0.791820,5062565,1443742,probe_analysis/libero_plus_xemb_v1_n2_clam_44424197_ckpt100000,"run6: first CLAM arm, 35-d per-step chunk target, beta=5e-4 (SR 51.29)."
libero_plus,clam,alternate,lp_clam35d_run6_44424197,44424197,44424199,100000,7228830,ridge,current_action,3,droll,0.321085,5062565,1443742,probe_analysis/libero_plus_xemb_v1_n2_clam_44424197_ckpt100000,"run6: first CLAM arm, 35-d per-step chunk target, beta=5e-4 (SR 51.29)."
libero_plus,clam,alternate,lp_clam35d_run6_44424197,44424197,44424199,100000,7228830,ridge,current_action,4,dpitch,0.098292,5062565,1443742,probe_analysis/libero_plus_xemb_v1_n2_clam_44424197_ckpt100000,"run6: first CLAM arm, 35-d per-step chunk target, beta=5e-4 (SR 51.29)."
libero_plus,clam,alternate,lp_clam35d_run6_44424197,44424197,44424199,100000,7228830,ridge,current_action,5,dyaw,0.088364,5062565,1443742,probe_analysis/libero_plus_xemb_v1_n2_clam_44424197_ckpt100000,"run6: first CLAM arm, 35-d per-step chunk target, beta=5e-4 (SR 51.29)."
libero_plus,clam,alternate,lp_clam35d_run6_44424197,44424197,44424199,100000,7228830,ridge,current_action,6,gripper,0.188088,5062565,1443742,probe_analysis/libero_plus_xemb_v1_n2_clam_44424197_ckpt100000,"run6: first CLAM arm, 35-d per-step chunk target, beta=5e-4 (SR 51.29)."
libero_plus,clam,alternate,lp_clam35d_run6_44424197,44424197,44424199,100000,7228830,ridge,future_action_mean,-1,mean,0.369966,5062565,1443742,probe_analysis/libero_plus_xemb_v1_n2_clam_44424197_ckpt100000,"run6: first CLAM arm, 35-d per-step chunk target, beta=5e-4 (SR 51.29)."
libero_plus,clam,alternate,lp_clam35d_run6_44424197,44424197,44424199,100000,7228830,ridge,future_action_mean,0,dx,0.359667,5062565,1443742,probe_analysis/libero_plus_xemb_v1_n2_clam_44424197_ckpt100000,"run6: first CLAM arm, 35-d per-step chunk target, beta=5e-4 (SR 51.29)."
libero_plus,clam,alternate,lp_clam35d_run6_44424197,44424197,44424199,100000,7228830,ridge,future_action_mean,1,dy,0.832101,5062565,1443742,probe_analysis/libero_plus_xemb_v1_n2_clam_44424197_ckpt100000,"run6: first CLAM arm, 35-d per-step chunk target, beta=5e-4 (SR 51.29)."
libero_plus,clam,alternate,lp_clam35d_run6_44424197,44424197,44424199,100000,7228830,ridge,future_action_mean,2,dz,0.791092,5062565,1443742,probe_analysis/libero_plus_xemb_v1_n2_clam_44424197_ckpt100000,"run6: first CLAM arm, 35-d per-step chunk target, beta=5e-4 (SR 51.29)."
libero_plus,clam,alternate,lp_clam35d_run6_44424197,44424197,44424199,100000,7228830,ridge,future_action_mean,3,droll,0.265847,5062565,1443742,probe_analysis/libero_plus_xemb_v1_n2_clam_44424197_ckpt100000,"run6: first CLAM arm, 35-d per-step chunk target, beta=5e-4 (SR 51.29)."
libero_plus,clam,alternate,lp_clam35d_run6_44424197,44424197,44424199,100000,7228830,ridge,future_action_mean,4,dpitch,0.065904,5062565,1443742,probe_analysis/libero_plus_xemb_v1_n2_clam_44424197_ckpt100000,"run6: first CLAM arm, 35-d per-step chunk target, beta=5e-4 (SR 51.29)."
libero_plus,clam,alternate,lp_clam35d_run6_44424197,44424197,44424199,100000,7228830,ridge,future_action_mean,5,dyaw,0.083945,5062565,1443742,probe_analysis/libero_plus_xemb_v1_n2_clam_44424197_ckpt100000,"run6: first CLAM arm, 35-d per-step chunk target, beta=5e-4 (SR 51.29)."
libero_plus,clam,alternate,lp_clam35d_run6_44424197,44424197,44424199,100000,7228830,ridge,future_action_mean,6,gripper,0.191210,5062565,1443742,probe_analysis/libero_plus_xemb_v1_n2_clam_44424197_ckpt100000,"run6: first CLAM arm, 35-d per-step chunk target, beta=5e-4 (SR 51.29)."
libero_plus,laof,canonical,lp_flowbmse_run13_45415659,45415659,,100000,7228830,mlp,current_action,-1,mean,0.683618,5062565,1443742,probe_analysis/libero_plus_xemb_v1_n2_flowbmse_flowbmse_45415659_ckpt100000,"run13 (lp_run13_flowbmse): LAOF flow decoder, bounded-MSE objective, seed 1000. Not yet written up in the brain; policy 45418140 evaluated on st-07."
libero_plus,laof,canonical,lp_flowbmse_run13_45415659,45415659,,100000,7228830,mlp,current_action,0,dx,0.770675,5062565,1443742,probe_analysis/libero_plus_xemb_v1_n2_flowbmse_flowbmse_45415659_ckpt100000,"run13 (lp_run13_flowbmse): LAOF flow decoder, bounded-MSE objective, seed 1000. Not yet written up in the brain; policy 45418140 evaluated on st-07."
libero_plus,laof,canonical,lp_flowbmse_run13_45415659,45415659,,100000,7228830,mlp,current_action,1,dy,0.948874,5062565,1443742,probe_analysis/libero_plus_xemb_v1_n2_flowbmse_flowbmse_45415659_ckpt100000,"run13 (lp_run13_flowbmse): LAOF flow decoder, bounded-MSE objective, seed 1000. Not yet written up in the brain; policy 45418140 evaluated on st-07."
libero_plus,laof,canonical,lp_flowbmse_run13_45415659,45415659,,100000,7228830,mlp,current_action,2,dz,0.921693,5062565,1443742,probe_analysis/libero_plus_xemb_v1_n2_flowbmse_flowbmse_45415659_ckpt100000,"run13 (lp_run13_flowbmse): LAOF flow decoder, bounded-MSE objective, seed 1000. Not yet written up in the brain; policy 45418140 evaluated on st-07."
libero_plus,laof,canonical,lp_flowbmse_run13_45415659,45415659,,100000,7228830,mlp,current_action,3,droll,0.467969,5062565,1443742,probe_analysis/libero_plus_xemb_v1_n2_flowbmse_flowbmse_45415659_ckpt100000,"run13 (lp_run13_flowbmse): LAOF flow decoder, bounded-MSE objective, seed 1000. Not yet written up in the brain; policy 45418140 evaluated on st-07."
libero_plus,laof,canonical,lp_flowbmse_run13_45415659,45415659,,100000,7228830,mlp,current_action,4,dpitch,0.412957,5062565,1443742,probe_analysis/libero_plus_xemb_v1_n2_flowbmse_flowbmse_45415659_ckpt100000,"run13 (lp_run13_flowbmse): LAOF flow decoder, bounded-MSE objective, seed 1000. Not yet written up in the brain; policy 45418140 evaluated on st-07."
libero_plus,laof,canonical,lp_flowbmse_run13_45415659,45415659,,100000,7228830,mlp,current_action,5,dyaw,0.436084,5062565,1443742,probe_analysis/libero_plus_xemb_v1_n2_flowbmse_flowbmse_45415659_ckpt100000,"run13 (lp_run13_flowbmse): LAOF flow decoder, bounded-MSE objective, seed 1000. Not yet written up in the brain; policy 45418140 evaluated on st-07."
libero_plus,laof,canonical,lp_flowbmse_run13_45415659,45415659,,100000,7228830,mlp,current_action,6,gripper,0.827077,5062565,1443742,probe_analysis/libero_plus_xemb_v1_n2_flowbmse_flowbmse_45415659_ckpt100000,"run13 (lp_run13_flowbmse): LAOF flow decoder, bounded-MSE objective, seed 1000. Not yet written up in the brain; policy 45418140 evaluated on st-07."
libero_plus,laof,canonical,lp_flowbmse_run13_45415659,45415659,,100000,7228830,mlp,future_action_mean,-1,mean,0.661808,5062565,1443742,probe_analysis/libero_plus_xemb_v1_n2_flowbmse_flowbmse_45415659_ckpt100000,"run13 (lp_run13_flowbmse): LAOF flow decoder, bounded-MSE objective, seed 1000. Not yet written up in the brain; policy 45418140 evaluated on st-07."
libero_plus,laof,canonical,lp_flowbmse_run13_45415659,45415659,,100000,7228830,mlp,future_action_mean,0,dx,0.733731,5062565,1443742,probe_analysis/libero_plus_xemb_v1_n2_flowbmse_flowbmse_45415659_ckpt100000,"run13 (lp_run13_flowbmse): LAOF flow decoder, bounded-MSE objective, seed 1000. Not yet written up in the brain; policy 45418140 evaluated on st-07."
libero_plus,laof,canonical,lp_flowbmse_run13_45415659,45415659,,100000,7228830,mlp,future_action_mean,1,dy,0.931293,5062565,1443742,probe_analysis/libero_plus_xemb_v1_n2_flowbmse_flowbmse_45415659_ckpt100000,"run13 (lp_run13_flowbmse): LAOF flow decoder, bounded-MSE objective, seed 1000. Not yet written up in the brain; policy 45418140 evaluated on st-07."
libero_plus,laof,canonical,lp_flowbmse_run13_45415659,45415659,,100000,7228830,mlp,future_action_mean,2,dz,0.917987,5062565,1443742,probe_analysis/libero_plus_xemb_v1_n2_flowbmse_flowbmse_45415659_ckpt100000,"run13 (lp_run13_flowbmse): LAOF flow decoder, bounded-MSE objective, seed 1000. Not yet written up in the brain; policy 45418140 evaluated on st-07."
libero_plus,laof,canonical,lp_flowbmse_run13_45415659,45415659,,100000,7228830,mlp,future_action_mean,3,droll,0.394649,5062565,1443742,probe_analysis/libero_plus_xemb_v1_n2_flowbmse_flowbmse_45415659_ckpt100000,"run13 (lp_run13_flowbmse): LAOF flow decoder, bounded-MSE objective, seed 1000. Not yet written up in the brain; policy 45418140 evaluated on st-07."
libero_plus,laof,canonical,lp_flowbmse_run13_45415659,45415659,,100000,7228830,mlp,future_action_mean,4,dpitch,0.373336,5062565,1443742,probe_analysis/libero_plus_xemb_v1_n2_flowbmse_flowbmse_45415659_ckpt100000,"run13 (lp_run13_flowbmse): LAOF flow decoder, bounded-MSE objective, seed 1000. Not yet written up in the brain; policy 45418140 evaluated on st-07."
libero_plus,laof,canonical,lp_flowbmse_run13_45415659,45415659,,100000,7228830,mlp,future_action_mean,5,dyaw,0.445821,5062565,1443742,probe_analysis/libero_plus_xemb_v1_n2_flowbmse_flowbmse_45415659_ckpt100000,"run13 (lp_run13_flowbmse): LAOF flow decoder, bounded-MSE objective, seed 1000. Not yet written up in the brain; policy 45418140 evaluated on st-07."
libero_plus,laof,canonical,lp_flowbmse_run13_45415659,45415659,,100000,7228830,mlp,future_action_mean,6,gripper,0.835839,5062565,1443742,probe_analysis/libero_plus_xemb_v1_n2_flowbmse_flowbmse_45415659_ckpt100000,"run13 (lp_run13_flowbmse): LAOF flow decoder, bounded-MSE objective, seed 1000. Not yet written up in the brain; policy 45418140 evaluated on st-07."
libero_plus,laof,canonical,lp_flowbmse_run13_45415659,45415659,,100000,7228830,ridge,current_action,-1,mean,0.328060,5062565,1443742,probe_analysis/libero_plus_xemb_v1_n2_flowbmse_flowbmse_45415659_ckpt100000,"run13 (lp_run13_flowbmse): LAOF flow decoder, bounded-MSE objective, seed 1000. Not yet written up in the brain; policy 45418140 evaluated on st-07."
libero_plus,laof,canonical,lp_flowbmse_run13_45415659,45415659,,100000,7228830,ridge,current_action,0,dx,0.194707,5062565,1443742,probe_analysis/libero_plus_xemb_v1_n2_flowbmse_flowbmse_45415659_ckpt100000,"run13 (lp_run13_flowbmse): LAOF flow decoder, bounded-MSE objective, seed 1000. Not yet written up in the brain; policy 45418140 evaluated on st-07."
libero_plus,laof,canonical,lp_flowbmse_run13_45415659,45415659,,100000,7228830,ridge,current_action,1,dy,0.865994,5062565,1443742,probe_analysis/libero_plus_xemb_v1_n2_flowbmse_flowbmse_45415659_ckpt100000,"run13 (lp_run13_flowbmse): LAOF flow decoder, bounded-MSE objective, seed 1000. Not yet written up in the brain; policy 45418140 evaluated on st-07."
libero_plus,laof,canonical,lp_flowbmse_run13_45415659,45415659,,100000,7228830,ridge,current_action,2,dz,0.740266,5062565,1443742,probe_analysis/libero_plus_xemb_v1_n2_flowbmse_flowbmse_45415659_ckpt100000,"run13 (lp_run13_flowbmse): LAOF flow decoder, bounded-MSE objective, seed 1000. Not yet written up in the brain; policy 45418140 evaluated on st-07."
libero_plus,laof,canonical,lp_flowbmse_run13_45415659,45415659,,100000,7228830,ridge,current_action,3,droll,0.170896,5062565,1443742,probe_analysis/libero_plus_xemb_v1_n2_flowbmse_flowbmse_45415659_ckpt100000,"run13 (lp_run13_flowbmse): LAOF flow decoder, bounded-MSE objective, seed 1000. Not yet written up in the brain; policy 45418140 evaluated on st-07."
libero_plus,laof,canonical,lp_flowbmse_run13_45415659,45415659,,100000,7228830,ridge,current_action,4,dpitch,0.086493,5062565,1443742,probe_analysis/libero_plus_xemb_v1_n2_flowbmse_flowbmse_45415659_ckpt100000,"run13 (lp_run13_flowbmse): LAOF flow decoder, bounded-MSE objective, seed 1000. Not yet written up in the brain; policy 45418140 evaluated on st-07."
libero_plus,laof,canonical,lp_flowbmse_run13_45415659,45415659,,100000,7228830,ridge,current_action,5,dyaw,0.016330,5062565,1443742,probe_analysis/libero_plus_xemb_v1_n2_flowbmse_flowbmse_45415659_ckpt100000,"run13 (lp_run13_flowbmse): LAOF flow decoder, bounded-MSE objective, seed 1000. Not yet written up in the brain; policy 45418140 evaluated on st-07."
libero_plus,laof,canonical,lp_flowbmse_run13_45415659,45415659,,100000,7228830,ridge,current_action,6,gripper,0.221733,5062565,1443742,probe_analysis/libero_plus_xemb_v1_n2_flowbmse_flowbmse_45415659_ckpt100000,"run13 (lp_run13_flowbmse): LAOF flow decoder, bounded-MSE objective, seed 1000. Not yet written up in the brain; policy 45418140 evaluated on st-07."
libero_plus,laof,canonical,lp_flowbmse_run13_45415659,45415659,,100000,7228830,ridge,future_action_mean,-1,mean,0.303249,5062565,1443742,probe_analysis/libero_plus_xemb_v1_n2_flowbmse_flowbmse_45415659_ckpt100000,"run13 (lp_run13_flowbmse): LAOF flow decoder, bounded-MSE objective, seed 1000. Not yet written up in the brain; policy 45418140 evaluated on st-07."
libero_plus,laof,canonical,lp_flowbmse_run13_45415659,45415659,,100000,7228830,ridge,future_action_mean,0,dx,0.136607,5062565,1443742,probe_analysis/libero_plus_xemb_v1_n2_flowbmse_flowbmse_45415659_ckpt100000,"run13 (lp_run13_flowbmse): LAOF flow decoder, bounded-MSE objective, seed 1000. Not yet written up in the brain; policy 45418140 evaluated on st-07."
libero_plus,laof,canonical,lp_flowbmse_run13_45415659,45415659,,100000,7228830,ridge,future_action_mean,1,dy,0.807049,5062565,1443742,probe_analysis/libero_plus_xemb_v1_n2_flowbmse_flowbmse_45415659_ckpt100000,"run13 (lp_run13_flowbmse): LAOF flow decoder, bounded-MSE objective, seed 1000. Not yet written up in the brain; policy 45418140 evaluated on st-07."
libero_plus,laof,canonical,lp_flowbmse_run13_45415659,45415659,,100000,7228830,ridge,future_action_mean,2,dz,0.766513,5062565,1443742,probe_analysis/libero_plus_xemb_v1_n2_flowbmse_flowbmse_45415659_ckpt100000,"run13 (lp_run13_flowbmse): LAOF flow decoder, bounded-MSE objective, seed 1000. Not yet written up in the brain; policy 45418140 evaluated on st-07."
libero_plus,laof,canonical,lp_flowbmse_run13_45415659,45415659,,100000,7228830,ridge,future_action_mean,3,droll,0.132473,5062565,1443742,probe_analysis/libero_plus_xemb_v1_n2_flowbmse_flowbmse_45415659_ckpt100000,"run13 (lp_run13_flowbmse): LAOF flow decoder, bounded-MSE objective, seed 1000. Not yet written up in the brain; policy 45418140 evaluated on st-07."
libero_plus,laof,canonical,lp_flowbmse_run13_45415659,45415659,,100000,7228830,ridge,future_action_mean,4,dpitch,0.060737,5062565,1443742,probe_analysis/libero_plus_xemb_v1_n2_flowbmse_flowbmse_45415659_ckpt100000,"run13 (lp_run13_flowbmse): LAOF flow decoder, bounded-MSE objective, seed 1000. Not yet written up in the brain; policy 45418140 evaluated on st-07."
libero_plus,laof,canonical,lp_flowbmse_run13_45415659,45415659,,100000,7228830,ridge,future_action_mean,5,dyaw,0.014241,5062565,1443742,probe_analysis/libero_plus_xemb_v1_n2_flowbmse_flowbmse_45415659_ckpt100000,"run13 (lp_run13_flowbmse): LAOF flow decoder, bounded-MSE objective, seed 1000. Not yet written up in the brain; policy 45418140 evaluated on st-07."
libero_plus,laof,canonical,lp_flowbmse_run13_45415659,45415659,,100000,7228830,ridge,future_action_mean,6,gripper,0.205121,5062565,1443742,probe_analysis/libero_plus_xemb_v1_n2_flowbmse_flowbmse_45415659_ckpt100000,"run13 (lp_run13_flowbmse): LAOF flow decoder, bounded-MSE objective, seed 1000. Not yet written up in the brain; policy 45418140 evaluated on st-07."
libero_plus,dino,canonical,lp_dino_run7_44422849,44422849,44422851,100000,7228830,mlp,current_action,-1,mean,0.621216,5062565,1443742,probe_analysis/libero_plus_xemb_v1_n2_dino_dino_44422849_ckpt100000,run7: DINOv3 tokenizer arm (UniVLA-style).
libero_plus,dino,canonical,lp_dino_run7_44422849,44422849,44422851,100000,7228830,mlp,current_action,0,dx,0.674217,5062565,1443742,probe_analysis/libero_plus_xemb_v1_n2_dino_dino_44422849_ckpt100000,run7: DINOv3 tokenizer arm (UniVLA-style).
libero_plus,dino,canonical,lp_dino_run7_44422849,44422849,44422851,100000,7228830,mlp,current_action,1,dy,0.940482,5062565,1443742,probe_analysis/libero_plus_xemb_v1_n2_dino_dino_44422849_ckpt100000,run7: DINOv3 tokenizer arm (UniVLA-style).
libero_plus,dino,canonical,lp_dino_run7_44422849,44422849,44422851,100000,7228830,mlp,current_action,2,dz,0.894759,5062565,1443742,probe_analysis/libero_plus_xemb_v1_n2_dino_dino_44422849_ckpt100000,run7: DINOv3 tokenizer arm (UniVLA-style).
libero_plus,dino,canonical,lp_dino_run7_44422849,44422849,44422851,100000,7228830,mlp,current_action,3,droll,0.488970,5062565,1443742,probe_analysis/libero_plus_xemb_v1_n2_dino_dino_44422849_ckpt100000,run7: DINOv3 tokenizer arm (UniVLA-style).
libero_plus,dino,canonical,lp_dino_run7_44422849,44422849,44422851,100000,7228830,mlp,current_action,4,dpitch,0.332959,5062565,1443742,probe_analysis/libero_plus_xemb_v1_n2_dino_dino_44422849_ckpt100000,run7: DINOv3 tokenizer arm (UniVLA-style).
libero_plus,dino,canonical,lp_dino_run7_44422849,44422849,44422851,100000,7228830,mlp,current_action,5,dyaw,0.373811,5062565,1443742,probe_analysis/libero_plus_xemb_v1_n2_dino_dino_44422849_ckpt100000,run7: DINOv3 tokenizer arm (UniVLA-style).
libero_plus,dino,canonical,lp_dino_run7_44422849,44422849,44422851,100000,7228830,mlp,current_action,6,gripper,0.643314,5062565,1443742,probe_analysis/libero_plus_xemb_v1_n2_dino_dino_44422849_ckpt100000,run7: DINOv3 tokenizer arm (UniVLA-style).
libero_plus,dino,canonical,lp_dino_run7_44422849,44422849,44422851,100000,7228830,mlp,future_action_mean,-1,mean,0.591895,5062565,1443742,probe_analysis/libero_plus_xemb_v1_n2_dino_dino_44422849_ckpt100000,run7: DINOv3 tokenizer arm (UniVLA-style).
libero_plus,dino,canonical,lp_dino_run7_44422849,44422849,44422851,100000,7228830,mlp,future_action_mean,0,dx,0.629567,5062565,1443742,probe_analysis/libero_plus_xemb_v1_n2_dino_dino_44422849_ckpt100000,run7: DINOv3 tokenizer arm (UniVLA-style).
libero_plus,dino,canonical,lp_dino_run7_44422849,44422849,44422851,100000,7228830,mlp,future_action_mean,1,dy,0.912538,5062565,1443742,probe_analysis/libero_plus_xemb_v1_n2_dino_dino_44422849_ckpt100000,run7: DINOv3 tokenizer arm (UniVLA-style).
libero_plus,dino,canonical,lp_dino_run7_44422849,44422849,44422851,100000,7228830,mlp,future_action_mean,2,dz,0.892086,5062565,1443742,probe_analysis/libero_plus_xemb_v1_n2_dino_dino_44422849_ckpt100000,run7: DINOv3 tokenizer arm (UniVLA-style).
libero_plus,dino,canonical,lp_dino_run7_44422849,44422849,44422851,100000,7228830,mlp,future_action_mean,3,droll,0.387183,5062565,1443742,probe_analysis/libero_plus_xemb_v1_n2_dino_dino_44422849_ckpt100000,run7: DINOv3 tokenizer arm (UniVLA-style).
libero_plus,dino,canonical,lp_dino_run7_44422849,44422849,44422851,100000,7228830,mlp,future_action_mean,4,dpitch,0.268769,5062565,1443742,probe_analysis/libero_plus_xemb_v1_n2_dino_dino_44422849_ckpt100000,run7: DINOv3 tokenizer arm (UniVLA-style).
libero_plus,dino,canonical,lp_dino_run7_44422849,44422849,44422851,100000,7228830,mlp,future_action_mean,5,dyaw,0.397293,5062565,1443742,probe_analysis/libero_plus_xemb_v1_n2_dino_dino_44422849_ckpt100000,run7: DINOv3 tokenizer arm (UniVLA-style).
libero_plus,dino,canonical,lp_dino_run7_44422849,44422849,44422851,100000,7228830,mlp,future_action_mean,6,gripper,0.655829,5062565,1443742,probe_analysis/libero_plus_xemb_v1_n2_dino_dino_44422849_ckpt100000,run7: DINOv3 tokenizer arm (UniVLA-style).
libero_plus,dino,canonical,lp_dino_run7_44422849,44422849,44422851,100000,7228830,ridge,current_action,-1,mean,0.378102,5062565,1443742,probe_analysis/libero_plus_xemb_v1_n2_dino_dino_44422849_ckpt100000,run7: DINOv3 tokenizer arm (UniVLA-style).
libero_plus,dino,canonical,lp_dino_run7_44422849,44422849,44422851,100000,7228830,ridge,current_action,0,dx,0.283394,5062565,1443742,probe_analysis/libero_plus_xemb_v1_n2_dino_dino_44422849_ckpt100000,run7: DINOv3 tokenizer arm (UniVLA-style).
libero_plus,dino,canonical,lp_dino_run7_44422849,44422849,44422851,100000,7228830,ridge,current_action,1,dy,0.887683,5062565,1443742,probe_analysis/libero_plus_xemb_v1_n2_dino_dino_44422849_ckpt100000,run7: DINOv3 tokenizer arm (UniVLA-style).
libero_plus,dino,canonical,lp_dino_run7_44422849,44422849,44422851,100000,7228830,ridge,current_action,2,dz,0.807513,5062565,1443742,probe_analysis/libero_plus_xemb_v1_n2_dino_dino_44422849_ckpt100000,run7: DINOv3 tokenizer arm (UniVLA-style).
libero_plus,dino,canonical,lp_dino_run7_44422849,44422849,44422851,100000,7228830,ridge,current_action,3,droll,0.290073,5062565,1443742,probe_analysis/libero_plus_xemb_v1_n2_dino_dino_44422849_ckpt100000,run7: DINOv3 tokenizer arm (UniVLA-style).
libero_plus,dino,canonical,lp_dino_run7_44422849,44422849,44422851,100000,7228830,ridge,current_action,4,dpitch,0.157757,5062565,1443742,probe_analysis/libero_plus_xemb_v1_n2_dino_dino_44422849_ckpt100000,run7: DINOv3 tokenizer arm (UniVLA-style).
libero_plus,dino,canonical,lp_dino_run7_44422849,44422849,44422851,100000,7228830,ridge,current_action,5,dyaw,0.031120,5062565,1443742,probe_analysis/libero_plus_xemb_v1_n2_dino_dino_44422849_ckpt100000,run7: DINOv3 tokenizer arm (UniVLA-style).
libero_plus,dino,canonical,lp_dino_run7_44422849,44422849,44422851,100000,7228830,ridge,current_action,6,gripper,0.189171,5062565,1443742,probe_analysis/libero_plus_xemb_v1_n2_dino_dino_44422849_ckpt100000,run7: DINOv3 tokenizer arm (UniVLA-style).
libero_plus,dino,canonical,lp_dino_run7_44422849,44422849,44422851,100000,7228830,ridge,future_action_mean,-1,mean,0.340326,5062565,1443742,probe_analysis/libero_plus_xemb_v1_n2_dino_dino_44422849_ckpt100000,run7: DINOv3 tokenizer arm (UniVLA-style).
libero_plus,dino,canonical,lp_dino_run7_44422849,44422849,44422851,100000,7228830,ridge,future_action_mean,0,dx,0.195094,5062565,1443742,probe_analysis/libero_plus_xemb_v1_n2_dino_dino_44422849_ckpt100000,run7: DINOv3 tokenizer arm (UniVLA-style).
libero_plus,dino,canonical,lp_dino_run7_44422849,44422849,44422851,100000,7228830,ridge,future_action_mean,1,dy,0.823759,5062565,1443742,probe_analysis/libero_plus_xemb_v1_n2_dino_dino_44422849_ckpt100000,run7: DINOv3 tokenizer arm (UniVLA-style).
libero_plus,dino,canonical,lp_dino_run7_44422849,44422849,44422851,100000,7228830,ridge,future_action_mean,2,dz,0.808844,5062565,1443742,probe_analysis/libero_plus_xemb_v1_n2_dino_dino_44422849_ckpt100000,run7: DINOv3 tokenizer arm (UniVLA-style).
libero_plus,dino,canonical,lp_dino_run7_44422849,44422849,44422851,100000,7228830,ridge,future_action_mean,3,droll,0.230756,5062565,1443742,probe_analysis/libero_plus_xemb_v1_n2_dino_dino_44422849_ckpt100000,run7: DINOv3 tokenizer arm (UniVLA-style).
libero_plus,dino,canonical,lp_dino_run7_44422849,44422849,44422851,100000,7228830,ridge,future_action_mean,4,dpitch,0.110226,5062565,1443742,probe_analysis/libero_plus_xemb_v1_n2_dino_dino_44422849_ckpt100000,run7: DINOv3 tokenizer arm (UniVLA-style).
libero_plus,dino,canonical,lp_dino_run7_44422849,44422849,44422851,100000,7228830,ridge,future_action_mean,5,dyaw,0.030247,5062565,1443742,probe_analysis/libero_plus_xemb_v1_n2_dino_dino_44422849_ckpt100000,run7: DINOv3 tokenizer arm (UniVLA-style).
libero_plus,dino,canonical,lp_dino_run7_44422849,44422849,44422851,100000,7228830,ridge,future_action_mean,6,gripper,0.183359,5062565,1443742,probe_analysis/libero_plus_xemb_v1_n2_dino_dino_44422849_ckpt100000,run7: DINOv3 tokenizer arm (UniVLA-style).
libero_plus,lapa,canonical,lp_lapaft_run12_45344565,45344565,,100000,7228830,mlp,current_action,-1,mean,0.708407,5062565,1443742,probe_analysis/libero_plus_xemb_v1_n2_lapaft_lapaft_45344565_ckpt100000,run12: LAPA-initialised teacher + CPB. Probe exists although the paper's SR cell is TBD.
libero_plus,lapa,canonical,lp_lapaft_run12_45344565,45344565,,100000,7228830,mlp,current_action,0,dx,0.781805,5062565,1443742,probe_analysis/libero_plus_xemb_v1_n2_lapaft_lapaft_45344565_ckpt100000,run12: LAPA-initialised teacher + CPB. Probe exists although the paper's SR cell is TBD.
libero_plus,lapa,canonical,lp_lapaft_run12_45344565,45344565,,100000,7228830,mlp,current_action,1,dy,0.950497,5062565,1443742,probe_analysis/libero_plus_xemb_v1_n2_lapaft_lapaft_45344565_ckpt100000,run12: LAPA-initialised teacher + CPB. Probe exists although the paper's SR cell is TBD.
libero_plus,lapa,canonical,lp_lapaft_run12_45344565,45344565,,100000,7228830,mlp,current_action,2,dz,0.915426,5062565,1443742,probe_analysis/libero_plus_xemb_v1_n2_lapaft_lapaft_45344565_ckpt100000,run12: LAPA-initialised teacher + CPB. Probe exists although the paper's SR cell is TBD.
libero_plus,lapa,canonical,lp_lapaft_run12_45344565,45344565,,100000,7228830,mlp,current_action,3,droll,0.624155,5062565,1443742,probe_analysis/libero_plus_xemb_v1_n2_lapaft_lapaft_45344565_ckpt100000,run12: LAPA-initialised teacher + CPB. Probe exists although the paper's SR cell is TBD.
libero_plus,lapa,canonical,lp_lapaft_run12_45344565,45344565,,100000,7228830,mlp,current_action,4,dpitch,0.423082,5062565,1443742,probe_analysis/libero_plus_xemb_v1_n2_lapaft_lapaft_45344565_ckpt100000,run12: LAPA-initialised teacher + CPB. Probe exists although the paper's SR cell is TBD.
libero_plus,lapa,canonical,lp_lapaft_run12_45344565,45344565,,100000,7228830,mlp,current_action,5,dyaw,0.537906,5062565,1443742,probe_analysis/libero_plus_xemb_v1_n2_lapaft_lapaft_45344565_ckpt100000,run12: LAPA-initialised teacher + CPB. Probe exists although the paper's SR cell is TBD.
libero_plus,lapa,canonical,lp_lapaft_run12_45344565,45344565,,100000,7228830,mlp,current_action,6,gripper,0.725974,5062565,1443742,probe_analysis/libero_plus_xemb_v1_n2_lapaft_lapaft_45344565_ckpt100000,run12: LAPA-initialised teacher + CPB. Probe exists although the paper's SR cell is TBD.
libero_plus,lapa,canonical,lp_lapaft_run12_45344565,45344565,,100000,7228830,mlp,future_action_mean,-1,mean,0.684814,5062565,1443742,probe_analysis/libero_plus_xemb_v1_n2_lapaft_lapaft_45344565_ckpt100000,run12: LAPA-initialised teacher + CPB. Probe exists although the paper's SR cell is TBD.
libero_plus,lapa,canonical,lp_lapaft_run12_45344565,45344565,,100000,7228830,mlp,future_action_mean,0,dx,0.740435,5062565,1443742,probe_analysis/libero_plus_xemb_v1_n2_lapaft_lapaft_45344565_ckpt100000,run12: LAPA-initialised teacher + CPB. Probe exists although the paper's SR cell is TBD.
libero_plus,lapa,canonical,lp_lapaft_run12_45344565,45344565,,100000,7228830,mlp,future_action_mean,1,dy,0.931905,5062565,1443742,probe_analysis/libero_plus_xemb_v1_n2_lapaft_lapaft_45344565_ckpt100000,run12: LAPA-initialised teacher + CPB. Probe exists although the paper's SR cell is TBD.
libero_plus,lapa,canonical,lp_lapaft_run12_45344565,45344565,,100000,7228830,mlp,future_action_mean,2,dz,0.913239,5062565,1443742,probe_analysis/libero_plus_xemb_v1_n2_lapaft_lapaft_45344565_ckpt100000,run12: LAPA-initialised teacher + CPB. Probe exists although the paper's SR cell is TBD.
libero_plus,lapa,canonical,lp_lapaft_run12_45344565,45344565,,100000,7228830,mlp,future_action_mean,3,droll,0.539986,5062565,1443742,probe_analysis/libero_plus_xemb_v1_n2_lapaft_lapaft_45344565_ckpt100000,run12: LAPA-initialised teacher + CPB. Probe exists although the paper's SR cell is TBD.
libero_plus,lapa,canonical,lp_lapaft_run12_45344565,45344565,,100000,7228830,mlp,future_action_mean,4,dpitch,0.381727,5062565,1443742,probe_analysis/libero_plus_xemb_v1_n2_lapaft_lapaft_45344565_ckpt100000,run12: LAPA-initialised teacher + CPB. Probe exists although the paper's SR cell is TBD.
libero_plus,lapa,canonical,lp_lapaft_run12_45344565,45344565,,100000,7228830,mlp,future_action_mean,5,dyaw,0.544286,5062565,1443742,probe_analysis/libero_plus_xemb_v1_n2_lapaft_lapaft_45344565_ckpt100000,run12: LAPA-initialised teacher + CPB. Probe exists although the paper's SR cell is TBD.
libero_plus,lapa,canonical,lp_lapaft_run12_45344565,45344565,,100000,7228830,mlp,future_action_mean,6,gripper,0.742118,5062565,1443742,probe_analysis/libero_plus_xemb_v1_n2_lapaft_lapaft_45344565_ckpt100000,run12: LAPA-initialised teacher + CPB. Probe exists although the paper's SR cell is TBD.
libero_plus,lapa,canonical,lp_lapaft_run12_45344565,45344565,,100000,7228830,ridge,current_action,-1,mean,0.437983,5062565,1443742,probe_analysis/libero_plus_xemb_v1_n2_lapaft_lapaft_45344565_ckpt100000,run12: LAPA-initialised teacher + CPB. Probe exists although the paper's SR cell is TBD.
libero_plus,lapa,canonical,lp_lapaft_run12_45344565,45344565,,100000,7228830,ridge,current_action,0,dx,0.515427,5062565,1443742,probe_analysis/libero_plus_xemb_v1_n2_lapaft_lapaft_45344565_ckpt100000,run12: LAPA-initialised teacher + CPB. Probe exists although the paper's SR cell is TBD.
libero_plus,lapa,canonical,lp_lapaft_run12_45344565,45344565,,100000,7228830,ridge,current_action,1,dy,0.845412,5062565,1443742,probe_analysis/libero_plus_xemb_v1_n2_lapaft_lapaft_45344565_ckpt100000,run12: LAPA-initialised teacher + CPB. Probe exists although the paper's SR cell is TBD.
libero_plus,lapa,canonical,lp_lapaft_run12_45344565,45344565,,100000,7228830,ridge,current_action,2,dz,0.775770,5062565,1443742,probe_analysis/libero_plus_xemb_v1_n2_lapaft_lapaft_45344565_ckpt100000,run12: LAPA-initialised teacher + CPB. Probe exists although the paper's SR cell is TBD.
libero_plus,lapa,canonical,lp_lapaft_run12_45344565,45344565,,100000,7228830,ridge,current_action,3,droll,0.425054,5062565,1443742,probe_analysis/libero_plus_xemb_v1_n2_lapaft_lapaft_45344565_ckpt100000,run12: LAPA-initialised teacher + CPB. Probe exists although the paper's SR cell is TBD.
libero_plus,lapa,canonical,lp_lapaft_run12_45344565,45344565,,100000,7228830,ridge,current_action,4,dpitch,0.137963,5062565,1443742,probe_analysis/libero_plus_xemb_v1_n2_lapaft_lapaft_45344565_ckpt100000,run12: LAPA-initialised teacher + CPB. Probe exists although the paper's SR cell is TBD.
libero_plus,lapa,canonical,lp_lapaft_run12_45344565,45344565,,100000,7228830,ridge,current_action,5,dyaw,0.116250,5062565,1443742,probe_analysis/libero_plus_xemb_v1_n2_lapaft_lapaft_45344565_ckpt100000,run12: LAPA-initialised teacher + CPB. Probe exists although the paper's SR cell is TBD.
libero_plus,lapa,canonical,lp_lapaft_run12_45344565,45344565,,100000,7228830,ridge,current_action,6,gripper,0.250004,5062565,1443742,probe_analysis/libero_plus_xemb_v1_n2_lapaft_lapaft_45344565_ckpt100000,run12: LAPA-initialised teacher + CPB. Probe exists although the paper's SR cell is TBD.
libero_plus,lapa,canonical,lp_lapaft_run12_45344565,45344565,,100000,7228830,ridge,future_action_mean,-1,mean,0.397089,5062565,1443742,probe_analysis/libero_plus_xemb_v1_n2_lapaft_lapaft_45344565_ckpt100000,run12: LAPA-initialised teacher + CPB. Probe exists although the paper's SR cell is TBD.
libero_plus,lapa,canonical,lp_lapaft_run12_45344565,45344565,,100000,7228830,ridge,future_action_mean,0,dx,0.426591,5062565,1443742,probe_analysis/libero_plus_xemb_v1_n2_lapaft_lapaft_45344565_ckpt100000,run12: LAPA-initialised teacher + CPB. Probe exists although the paper's SR cell is TBD.
libero_plus,lapa,canonical,lp_lapaft_run12_45344565,45344565,,100000,7228830,ridge,future_action_mean,1,dy,0.780753,5062565,1443742,probe_analysis/libero_plus_xemb_v1_n2_lapaft_lapaft_45344565_ckpt100000,run12: LAPA-initialised teacher + CPB. Probe exists although the paper's SR cell is TBD.
libero_plus,lapa,canonical,lp_lapaft_run12_45344565,45344565,,100000,7228830,ridge,future_action_mean,2,dz,0.777619,5062565,1443742,probe_analysis/libero_plus_xemb_v1_n2_lapaft_lapaft_45344565_ckpt100000,run12: LAPA-initialised teacher + CPB. Probe exists although the paper's SR cell is TBD.
libero_plus,lapa,canonical,lp_lapaft_run12_45344565,45344565,,100000,7228830,ridge,future_action_mean,3,droll,0.336525,5062565,1443742,probe_analysis/libero_plus_xemb_v1_n2_lapaft_lapaft_45344565_ckpt100000,run12: LAPA-initialised teacher + CPB. Probe exists although the paper's SR cell is TBD.
libero_plus,lapa,canonical,lp_lapaft_run12_45344565,45344565,,100000,7228830,ridge,future_action_mean,4,dpitch,0.101619,5062565,1443742,probe_analysis/libero_plus_xemb_v1_n2_lapaft_lapaft_45344565_ckpt100000,run12: LAPA-initialised teacher + CPB. Probe exists although the paper's SR cell is TBD.
libero_plus,lapa,canonical,lp_lapaft_run12_45344565,45344565,,100000,7228830,ridge,future_action_mean,5,dyaw,0.110199,5062565,1443742,probe_analysis/libero_plus_xemb_v1_n2_lapaft_lapaft_45344565_ckpt100000,run12: LAPA-initialised teacher + CPB. Probe exists although the paper's SR cell is TBD.
libero_plus,lapa,canonical,lp_lapaft_run12_45344565,45344565,,100000,7228830,ridge,future_action_mean,6,gripper,0.246318,5062565,1443742,probe_analysis/libero_plus_xemb_v1_n2_lapaft_lapaft_45344565_ckpt100000,run12: LAPA-initialised teacher + CPB. Probe exists although the paper's SR cell is TBD.
mimicgen,ours_single,canonical,mg_single2f_armA_43611696,43611696,43630772,70000,3119561,mlp,current_action,-1,mean,0.499947,2180590,623933,probe_analysis/gate_2f_single_ckpt070000,"arm A: 2-frame ([5]) single-view teacher, seed 1000. The reference every MimicGen baseline (CLAM, LAOF, DINO, LAPA) was built from; Table I row `1v {0,5}`."
mimicgen,ours_single,canonical,mg_single2f_armA_43611696,43611696,43630772,70000,3119561,mlp,current_action,0,dx,0.603822,2180590,623933,probe_analysis/gate_2f_single_ckpt070000,"arm A: 2-frame ([5]) single-view teacher, seed 1000. The reference every MimicGen baseline (CLAM, LAOF, DINO, LAPA) was built from; Table I row `1v {0,5}`."
mimicgen,ours_single,canonical,mg_single2f_armA_43611696,43611696,43630772,70000,3119561,mlp,current_action,1,dy,0.869095,2180590,623933,probe_analysis/gate_2f_single_ckpt070000,"arm A: 2-frame ([5]) single-view teacher, seed 1000. The reference every MimicGen baseline (CLAM, LAOF, DINO, LAPA) was built from; Table I row `1v {0,5}`."
mimicgen,ours_single,canonical,mg_single2f_armA_43611696,43611696,43630772,70000,3119561,mlp,current_action,2,dz,0.799139,2180590,623933,probe_analysis/gate_2f_single_ckpt070000,"arm A: 2-frame ([5]) single-view teacher, seed 1000. The reference every MimicGen baseline (CLAM, LAOF, DINO, LAPA) was built from; Table I row `1v {0,5}`."
mimicgen,ours_single,canonical,mg_single2f_armA_43611696,43611696,43630772,70000,3119561,mlp,current_action,3,droll,0.222881,2180590,623933,probe_analysis/gate_2f_single_ckpt070000,"arm A: 2-frame ([5]) single-view teacher, seed 1000. The reference every MimicGen baseline (CLAM, LAOF, DINO, LAPA) was built from; Table I row `1v {0,5}`."
mimicgen,ours_single,canonical,mg_single2f_armA_43611696,43611696,43630772,70000,3119561,mlp,current_action,4,dpitch,0.232543,2180590,623933,probe_analysis/gate_2f_single_ckpt070000,"arm A: 2-frame ([5]) single-view teacher, seed 1000. The reference every MimicGen baseline (CLAM, LAOF, DINO, LAPA) was built from; Table I row `1v {0,5}`."
mimicgen,ours_single,canonical,mg_single2f_armA_43611696,43611696,43630772,70000,3119561,mlp,current_action,5,dyaw,0.311994,2180590,623933,probe_analysis/gate_2f_single_ckpt070000,"arm A: 2-frame ([5]) single-view teacher, seed 1000. The reference every MimicGen baseline (CLAM, LAOF, DINO, LAPA) was built from; Table I row `1v {0,5}`."
mimicgen,ours_single,canonical,mg_single2f_armA_43611696,43611696,43630772,70000,3119561,mlp,current_action,6,gripper,0.460158,2180590,623933,probe_analysis/gate_2f_single_ckpt070000,"arm A: 2-frame ([5]) single-view teacher, seed 1000. The reference every MimicGen baseline (CLAM, LAOF, DINO, LAPA) was built from; Table I row `1v {0,5}`."
mimicgen,ours_single,canonical,mg_single2f_armA_43611696,43611696,43630772,70000,3119561,mlp,future_action_mean,-1,mean,0.475261,2180590,623933,probe_analysis/gate_2f_single_ckpt070000,"arm A: 2-frame ([5]) single-view teacher, seed 1000. The reference every MimicGen baseline (CLAM, LAOF, DINO, LAPA) was built from; Table I row `1v {0,5}`."
mimicgen,ours_single,canonical,mg_single2f_armA_43611696,43611696,43630772,70000,3119561,mlp,future_action_mean,0,dx,0.482506,2180590,623933,probe_analysis/gate_2f_single_ckpt070000,"arm A: 2-frame ([5]) single-view teacher, seed 1000. The reference every MimicGen baseline (CLAM, LAOF, DINO, LAPA) was built from; Table I row `1v {0,5}`."
mimicgen,ours_single,canonical,mg_single2f_armA_43611696,43611696,43630772,70000,3119561,mlp,future_action_mean,1,dy,0.804345,2180590,623933,probe_analysis/gate_2f_single_ckpt070000,"arm A: 2-frame ([5]) single-view teacher, seed 1000. The reference every MimicGen baseline (CLAM, LAOF, DINO, LAPA) was built from; Table I row `1v {0,5}`."
mimicgen,ours_single,canonical,mg_single2f_armA_43611696,43611696,43630772,70000,3119561,mlp,future_action_mean,2,dz,0.799408,2180590,623933,probe_analysis/gate_2f_single_ckpt070000,"arm A: 2-frame ([5]) single-view teacher, seed 1000. The reference every MimicGen baseline (CLAM, LAOF, DINO, LAPA) was built from; Table I row `1v {0,5}`."
mimicgen,ours_single,canonical,mg_single2f_armA_43611696,43611696,43630772,70000,3119561,mlp,future_action_mean,3,droll,0.213261,2180590,623933,probe_analysis/gate_2f_single_ckpt070000,"arm A: 2-frame ([5]) single-view teacher, seed 1000. The reference every MimicGen baseline (CLAM, LAOF, DINO, LAPA) was built from; Table I row `1v {0,5}`."
mimicgen,ours_single,canonical,mg_single2f_armA_43611696,43611696,43630772,70000,3119561,mlp,future_action_mean,4,dpitch,0.237709,2180590,623933,probe_analysis/gate_2f_single_ckpt070000,"arm A: 2-frame ([5]) single-view teacher, seed 1000. The reference every MimicGen baseline (CLAM, LAOF, DINO, LAPA) was built from; Table I row `1v {0,5}`."
mimicgen,ours_single,canonical,mg_single2f_armA_43611696,43611696,43630772,70000,3119561,mlp,future_action_mean,5,dyaw,0.313794,2180590,623933,probe_analysis/gate_2f_single_ckpt070000,"arm A: 2-frame ([5]) single-view teacher, seed 1000. The reference every MimicGen baseline (CLAM, LAOF, DINO, LAPA) was built from; Table I row `1v {0,5}`."
mimicgen,ours_single,canonical,mg_single2f_armA_43611696,43611696,43630772,70000,3119561,mlp,future_action_mean,6,gripper,0.475807,2180590,623933,probe_analysis/gate_2f_single_ckpt070000,"arm A: 2-frame ([5]) single-view teacher, seed 1000. The reference every MimicGen baseline (CLAM, LAOF, DINO, LAPA) was built from; Table I row `1v {0,5}`."
mimicgen,ours_single,canonical,mg_single2f_armA_43611696,43611696,43630772,70000,3119561,ridge,current_action,-1,mean,0.353641,2180590,623933,probe_analysis/gate_2f_single_ckpt070000,"arm A: 2-frame ([5]) single-view teacher, seed 1000. The reference every MimicGen baseline (CLAM, LAOF, DINO, LAPA) was built from; Table I row `1v {0,5}`."
mimicgen,ours_single,canonical,mg_single2f_armA_43611696,43611696,43630772,70000,3119561,ridge,current_action,0,dx,0.418914,2180590,623933,probe_analysis/gate_2f_single_ckpt070000,"arm A: 2-frame ([5]) single-view teacher, seed 1000. The reference every MimicGen baseline (CLAM, LAOF, DINO, LAPA) was built from; Table I row `1v {0,5}`."
mimicgen,ours_single,canonical,mg_single2f_armA_43611696,43611696,43630772,70000,3119561,ridge,current_action,1,dy,0.799650,2180590,623933,probe_analysis/gate_2f_single_ckpt070000,"arm A: 2-frame ([5]) single-view teacher, seed 1000. The reference every MimicGen baseline (CLAM, LAOF, DINO, LAPA) was built from; Table I row `1v {0,5}`."
mimicgen,ours_single,canonical,mg_single2f_armA_43611696,43611696,43630772,70000,3119561,ridge,current_action,2,dz,0.743039,2180590,623933,probe_analysis/gate_2f_single_ckpt070000,"arm A: 2-frame ([5]) single-view teacher, seed 1000. The reference every MimicGen baseline (CLAM, LAOF, DINO, LAPA) was built from; Table I row `1v {0,5}`."
mimicgen,ours_single,canonical,mg_single2f_armA_43611696,43611696,43630772,70000,3119561,ridge,current_action,3,droll,0.157409,2180590,623933,probe_analysis/gate_2f_single_ckpt070000,"arm A: 2-frame ([5]) single-view teacher, seed 1000. The reference every MimicGen baseline (CLAM, LAOF, DINO, LAPA) was built from; Table I row `1v {0,5}`."
mimicgen,ours_single,canonical,mg_single2f_armA_43611696,43611696,43630772,70000,3119561,ridge,current_action,4,dpitch,0.161552,2180590,623933,probe_analysis/gate_2f_single_ckpt070000,"arm A: 2-frame ([5]) single-view teacher, seed 1000. The reference every MimicGen baseline (CLAM, LAOF, DINO, LAPA) was built from; Table I row `1v {0,5}`."
mimicgen,ours_single,canonical,mg_single2f_armA_43611696,43611696,43630772,70000,3119561,ridge,current_action,5,dyaw,0.095462,2180590,623933,probe_analysis/gate_2f_single_ckpt070000,"arm A: 2-frame ([5]) single-view teacher, seed 1000. The reference every MimicGen baseline (CLAM, LAOF, DINO, LAPA) was built from; Table I row `1v {0,5}`."
mimicgen,ours_single,canonical,mg_single2f_armA_43611696,43611696,43630772,70000,3119561,ridge,current_action,6,gripper,0.099460,2180590,623933,probe_analysis/gate_2f_single_ckpt070000,"arm A: 2-frame ([5]) single-view teacher, seed 1000. The reference every MimicGen baseline (CLAM, LAOF, DINO, LAPA) was built from; Table I row `1v {0,5}`."
mimicgen,ours_single,canonical,mg_single2f_armA_43611696,43611696,43630772,70000,3119561,ridge,future_action_mean,-1,mean,0.306312,2180590,623933,probe_analysis/gate_2f_single_ckpt070000,"arm A: 2-frame ([5]) single-view teacher, seed 1000. The reference every MimicGen baseline (CLAM, LAOF, DINO, LAPA) was built from; Table I row `1v {0,5}`."
mimicgen,ours_single,canonical,mg_single2f_armA_43611696,43611696,43630772,70000,3119561,ridge,future_action_mean,0,dx,0.253242,2180590,623933,probe_analysis/gate_2f_single_ckpt070000,"arm A: 2-frame ([5]) single-view teacher, seed 1000. The reference every MimicGen baseline (CLAM, LAOF, DINO, LAPA) was built from; Table I row `1v {0,5}`."
mimicgen,ours_single,canonical,mg_single2f_armA_43611696,43611696,43630772,70000,3119561,ridge,future_action_mean,1,dy,0.700438,2180590,623933,probe_analysis/gate_2f_single_ckpt070000,"arm A: 2-frame ([5]) single-view teacher, seed 1000. The reference every MimicGen baseline (CLAM, LAOF, DINO, LAPA) was built from; Table I row `1v {0,5}`."
mimicgen,ours_single,canonical,mg_single2f_armA_43611696,43611696,43630772,70000,3119561,ridge,future_action_mean,2,dz,0.723404,2180590,623933,probe_analysis/gate_2f_single_ckpt070000,"arm A: 2-frame ([5]) single-view teacher, seed 1000. The reference every MimicGen baseline (CLAM, LAOF, DINO, LAPA) was built from; Table I row `1v {0,5}`."
mimicgen,ours_single,canonical,mg_single2f_armA_43611696,43611696,43630772,70000,3119561,ridge,future_action_mean,3,droll,0.134517,2180590,623933,probe_analysis/gate_2f_single_ckpt070000,"arm A: 2-frame ([5]) single-view teacher, seed 1000. The reference every MimicGen baseline (CLAM, LAOF, DINO, LAPA) was built from; Table I row `1v {0,5}`."
mimicgen,ours_single,canonical,mg_single2f_armA_43611696,43611696,43630772,70000,3119561,ridge,future_action_mean,4,dpitch,0.130957,2180590,623933,probe_analysis/gate_2f_single_ckpt070000,"arm A: 2-frame ([5]) single-view teacher, seed 1000. The reference every MimicGen baseline (CLAM, LAOF, DINO, LAPA) was built from; Table I row `1v {0,5}`."
mimicgen,ours_single,canonical,mg_single2f_armA_43611696,43611696,43630772,70000,3119561,ridge,future_action_mean,5,dyaw,0.095062,2180590,623933,probe_analysis/gate_2f_single_ckpt070000,"arm A: 2-frame ([5]) single-view teacher, seed 1000. The reference every MimicGen baseline (CLAM, LAOF, DINO, LAPA) was built from; Table I row `1v {0,5}`."
mimicgen,ours_single,canonical,mg_single2f_armA_43611696,43611696,43630772,70000,3119561,ridge,future_action_mean,6,gripper,0.106563,2180590,623933,probe_analysis/gate_2f_single_ckpt070000,"arm A: 2-frame ([5]) single-view teacher, seed 1000. The reference every MimicGen baseline (CLAM, LAOF, DINO, LAPA) was built from; Table I row `1v {0,5}`."
mimicgen,ours_single,alternate,mg_single4f_42572825,42572825,42733520,70000,,mlp,current_action,-1,mean,0.504228,2150630,615373,mimicgen_xemb_probes_20260630/single,"4-frame ([1,5,9]) single-view teacher, seed 1000; Table I row `1v {0,1,5,9}`. Probed on the grafted default-pool export (~3.08M rows), a different row set."
mimicgen,ours_single,alternate,mg_single4f_42572825,42572825,42733520,70000,,mlp,current_action,0,dx,0.586307,2150630,615373,mimicgen_xemb_probes_20260630/single,"4-frame ([1,5,9]) single-view teacher, seed 1000; Table I row `1v {0,1,5,9}`. Probed on the grafted default-pool export (~3.08M rows), a different row set."
mimicgen,ours_single,alternate,mg_single4f_42572825,42572825,42733520,70000,,mlp,current_action,1,dy,0.871801,2150630,615373,mimicgen_xemb_probes_20260630/single,"4-frame ([1,5,9]) single-view teacher, seed 1000; Table I row `1v {0,1,5,9}`. Probed on the grafted default-pool export (~3.08M rows), a different row set."
mimicgen,ours_single,alternate,mg_single4f_42572825,42572825,42733520,70000,,mlp,current_action,2,dz,0.804979,2150630,615373,mimicgen_xemb_probes_20260630/single,"4-frame ([1,5,9]) single-view teacher, seed 1000; Table I row `1v {0,1,5,9}`. Probed on the grafted default-pool export (~3.08M rows), a different row set."
mimicgen,ours_single,alternate,mg_single4f_42572825,42572825,42733520,70000,,mlp,current_action,3,droll,0.215631,2150630,615373,mimicgen_xemb_probes_20260630/single,"4-frame ([1,5,9]) single-view teacher, seed 1000; Table I row `1v {0,1,5,9}`. Probed on the grafted default-pool export (~3.08M rows), a different row set."
mimicgen,ours_single,alternate,mg_single4f_42572825,42572825,42733520,70000,,mlp,current_action,4,dpitch,0.235646,2150630,615373,mimicgen_xemb_probes_20260630/single,"4-frame ([1,5,9]) single-view teacher, seed 1000; Table I row `1v {0,1,5,9}`. Probed on the grafted default-pool export (~3.08M rows), a different row set."
mimicgen,ours_single,alternate,mg_single4f_42572825,42572825,42733520,70000,,mlp,current_action,5,dyaw,0.327571,2150630,615373,mimicgen_xemb_probes_20260630/single,"4-frame ([1,5,9]) single-view teacher, seed 1000; Table I row `1v {0,1,5,9}`. Probed on the grafted default-pool export (~3.08M rows), a different row set."
mimicgen,ours_single,alternate,mg_single4f_42572825,42572825,42733520,70000,,mlp,current_action,6,gripper,0.487660,2150630,615373,mimicgen_xemb_probes_20260630/single,"4-frame ([1,5,9]) single-view teacher, seed 1000; Table I row `1v {0,1,5,9}`. Probed on the grafted default-pool export (~3.08M rows), a different row set."
mimicgen,ours_single,alternate,mg_single4f_42572825,42572825,42733520,70000,,mlp,future_action_mean,-1,mean,0.484227,2150630,615373,mimicgen_xemb_probes_20260630/single,"4-frame ([1,5,9]) single-view teacher, seed 1000; Table I row `1v {0,1,5,9}`. Probed on the grafted default-pool export (~3.08M rows), a different row set."
mimicgen,ours_single,alternate,mg_single4f_42572825,42572825,42733520,70000,,mlp,future_action_mean,0,dx,0.472956,2150630,615373,mimicgen_xemb_probes_20260630/single,"4-frame ([1,5,9]) single-view teacher, seed 1000; Table I row `1v {0,1,5,9}`. Probed on the grafted default-pool export (~3.08M rows), a different row set."
mimicgen,ours_single,alternate,mg_single4f_42572825,42572825,42733520,70000,,mlp,future_action_mean,1,dy,0.811644,2150630,615373,mimicgen_xemb_probes_20260630/single,"4-frame ([1,5,9]) single-view teacher, seed 1000; Table I row `1v {0,1,5,9}`. Probed on the grafted default-pool export (~3.08M rows), a different row set."
mimicgen,ours_single,alternate,mg_single4f_42572825,42572825,42733520,70000,,mlp,future_action_mean,2,dz,0.805273,2150630,615373,mimicgen_xemb_probes_20260630/single,"4-frame ([1,5,9]) single-view teacher, seed 1000; Table I row `1v {0,1,5,9}`. Probed on the grafted default-pool export (~3.08M rows), a different row set."
mimicgen,ours_single,alternate,mg_single4f_42572825,42572825,42733520,70000,,mlp,future_action_mean,3,droll,0.220222,2150630,615373,mimicgen_xemb_probes_20260630/single,"4-frame ([1,5,9]) single-view teacher, seed 1000; Table I row `1v {0,1,5,9}`. Probed on the grafted default-pool export (~3.08M rows), a different row set."
mimicgen,ours_single,alternate,mg_single4f_42572825,42572825,42733520,70000,,mlp,future_action_mean,4,dpitch,0.241004,2150630,615373,mimicgen_xemb_probes_20260630/single,"4-frame ([1,5,9]) single-view teacher, seed 1000; Table I row `1v {0,1,5,9}`. Probed on the grafted default-pool export (~3.08M rows), a different row set."
mimicgen,ours_single,alternate,mg_single4f_42572825,42572825,42733520,70000,,mlp,future_action_mean,5,dyaw,0.337995,2150630,615373,mimicgen_xemb_probes_20260630/single,"4-frame ([1,5,9]) single-view teacher, seed 1000; Table I row `1v {0,1,5,9}`. Probed on the grafted default-pool export (~3.08M rows), a different row set."
mimicgen,ours_single,alternate,mg_single4f_42572825,42572825,42733520,70000,,mlp,future_action_mean,6,gripper,0.500490,2150630,615373,mimicgen_xemb_probes_20260630/single,"4-frame ([1,5,9]) single-view teacher, seed 1000; Table I row `1v {0,1,5,9}`. Probed on the grafted default-pool export (~3.08M rows), a different row set."
mimicgen,ours_single,alternate,mg_single4f_42572825,42572825,42733520,70000,,ridge,current_action,-1,mean,0.346149,2150630,615373,mimicgen_xemb_probes_20260630/single,"4-frame ([1,5,9]) single-view teacher, seed 1000; Table I row `1v {0,1,5,9}`. Probed on the grafted default-pool export (~3.08M rows), a different row set."
mimicgen,ours_single,alternate,mg_single4f_42572825,42572825,42733520,70000,,ridge,current_action,0,dx,0.378747,2150630,615373,mimicgen_xemb_probes_20260630/single,"4-frame ([1,5,9]) single-view teacher, seed 1000; Table I row `1v {0,1,5,9}`. Probed on the grafted default-pool export (~3.08M rows), a different row set."
mimicgen,ours_single,alternate,mg_single4f_42572825,42572825,42733520,70000,,ridge,current_action,1,dy,0.805601,2150630,615373,mimicgen_xemb_probes_20260630/single,"4-frame ([1,5,9]) single-view teacher, seed 1000; Table I row `1v {0,1,5,9}`. Probed on the grafted default-pool export (~3.08M rows), a different row set."
mimicgen,ours_single,alternate,mg_single4f_42572825,42572825,42733520,70000,,ridge,current_action,2,dz,0.741100,2150630,615373,mimicgen_xemb_probes_20260630/single,"4-frame ([1,5,9]) single-view teacher, seed 1000; Table I row `1v {0,1,5,9}`. Probed on the grafted default-pool export (~3.08M rows), a different row set."
mimicgen,ours_single,alternate,mg_single4f_42572825,42572825,42733520,70000,,ridge,current_action,3,droll,0.164043,2150630,615373,mimicgen_xemb_probes_20260630/single,"4-frame ([1,5,9]) single-view teacher, seed 1000; Table I row `1v {0,1,5,9}`. Probed on the grafted default-pool export (~3.08M rows), a different row set."
mimicgen,ours_single,alternate,mg_single4f_42572825,42572825,42733520,70000,,ridge,current_action,4,dpitch,0.149560,2150630,615373,mimicgen_xemb_probes_20260630/single,"4-frame ([1,5,9]) single-view teacher, seed 1000; Table I row `1v {0,1,5,9}`. Probed on the grafted default-pool export (~3.08M rows), a different row set."
mimicgen,ours_single,alternate,mg_single4f_42572825,42572825,42733520,70000,,ridge,current_action,5,dyaw,0.092954,2150630,615373,mimicgen_xemb_probes_20260630/single,"4-frame ([1,5,9]) single-view teacher, seed 1000; Table I row `1v {0,1,5,9}`. Probed on the grafted default-pool export (~3.08M rows), a different row set."
mimicgen,ours_single,alternate,mg_single4f_42572825,42572825,42733520,70000,,ridge,current_action,6,gripper,0.091040,2150630,615373,mimicgen_xemb_probes_20260630/single,"4-frame ([1,5,9]) single-view teacher, seed 1000; Table I row `1v {0,1,5,9}`. Probed on the grafted default-pool export (~3.08M rows), a different row set."
mimicgen,ours_single,alternate,mg_single4f_42572825,42572825,42733520,70000,,ridge,future_action_mean,-1,mean,0.302444,2150630,615373,mimicgen_xemb_probes_20260630/single,"4-frame ([1,5,9]) single-view teacher, seed 1000; Table I row `1v {0,1,5,9}`. Probed on the grafted default-pool export (~3.08M rows), a different row set."
mimicgen,ours_single,alternate,mg_single4f_42572825,42572825,42733520,70000,,ridge,future_action_mean,0,dx,0.230892,2150630,615373,mimicgen_xemb_probes_20260630/single,"4-frame ([1,5,9]) single-view teacher, seed 1000; Table I row `1v {0,1,5,9}`. Probed on the grafted default-pool export (~3.08M rows), a different row set."
mimicgen,ours_single,alternate,mg_single4f_42572825,42572825,42733520,70000,,ridge,future_action_mean,1,dy,0.708456,2150630,615373,mimicgen_xemb_probes_20260630/single,"4-frame ([1,5,9]) single-view teacher, seed 1000; Table I row `1v {0,1,5,9}`. Probed on the grafted default-pool export (~3.08M rows), a different row set."
mimicgen,ours_single,alternate,mg_single4f_42572825,42572825,42733520,70000,,ridge,future_action_mean,2,dz,0.728066,2150630,615373,mimicgen_xemb_probes_20260630/single,"4-frame ([1,5,9]) single-view teacher, seed 1000; Table I row `1v {0,1,5,9}`. Probed on the grafted default-pool export (~3.08M rows), a different row set."
mimicgen,ours_single,alternate,mg_single4f_42572825,42572825,42733520,70000,,ridge,future_action_mean,3,droll,0.128095,2150630,615373,mimicgen_xemb_probes_20260630/single,"4-frame ([1,5,9]) single-view teacher, seed 1000; Table I row `1v {0,1,5,9}`. Probed on the grafted default-pool export (~3.08M rows), a different row set."
mimicgen,ours_single,alternate,mg_single4f_42572825,42572825,42733520,70000,,ridge,future_action_mean,4,dpitch,0.131547,2150630,615373,mimicgen_xemb_probes_20260630/single,"4-frame ([1,5,9]) single-view teacher, seed 1000; Table I row `1v {0,1,5,9}`. Probed on the grafted default-pool export (~3.08M rows), a different row set."
mimicgen,ours_single,alternate,mg_single4f_42572825,42572825,42733520,70000,,ridge,future_action_mean,5,dyaw,0.095182,2150630,615373,mimicgen_xemb_probes_20260630/single,"4-frame ([1,5,9]) single-view teacher, seed 1000; Table I row `1v {0,1,5,9}`. Probed on the grafted default-pool export (~3.08M rows), a different row set."
mimicgen,ours_single,alternate,mg_single4f_42572825,42572825,42733520,70000,,ridge,future_action_mean,6,gripper,0.094868,2150630,615373,mimicgen_xemb_probes_20260630/single,"4-frame ([1,5,9]) single-view teacher, seed 1000; Table I row `1v {0,1,5,9}`. Probed on the grafted default-pool export (~3.08M rows), a different row set."
mimicgen,ours_multi,canonical,mg_dual2f_armB_43820899,43820899,43820924,50000,3119561,mlp,current_action,-1,mean,0.558489,2180590,623933,probe_analysis/gate_2f_multi_ckpt050000,"arm B: 2-frame dual-view teacher, seed 1003, trained 50k (ckpt050000); Table I row `2v {0,5}`. Same 2-frame recipe as arm A and the baselines."
mimicgen,ours_multi,canonical,mg_dual2f_armB_43820899,43820899,43820924,50000,3119561,mlp,current_action,0,dx,0.781554,2180590,623933,probe_analysis/gate_2f_multi_ckpt050000,"arm B: 2-frame dual-view teacher, seed 1003, trained 50k (ckpt050000); Table I row `2v {0,5}`. Same 2-frame recipe as arm A and the baselines."
mimicgen,ours_multi,canonical,mg_dual2f_armB_43820899,43820899,43820924,50000,3119561,mlp,current_action,1,dy,0.878392,2180590,623933,probe_analysis/gate_2f_multi_ckpt050000,"arm B: 2-frame dual-view teacher, seed 1003, trained 50k (ckpt050000); Table I row `2v {0,5}`. Same 2-frame recipe as arm A and the baselines."
mimicgen,ours_multi,canonical,mg_dual2f_armB_43820899,43820899,43820924,50000,3119561,mlp,current_action,2,dz,0.823377,2180590,623933,probe_analysis/gate_2f_multi_ckpt050000,"arm B: 2-frame dual-view teacher, seed 1003, trained 50k (ckpt050000); Table I row `2v {0,5}`. Same 2-frame recipe as arm A and the baselines."
mimicgen,ours_multi,canonical,mg_dual2f_armB_43820899,43820899,43820924,50000,3119561,mlp,current_action,3,droll,0.207875,2180590,623933,probe_analysis/gate_2f_multi_ckpt050000,"arm B: 2-frame dual-view teacher, seed 1003, trained 50k (ckpt050000); Table I row `2v {0,5}`. Same 2-frame recipe as arm A and the baselines."
mimicgen,ours_multi,canonical,mg_dual2f_armB_43820899,43820899,43820924,50000,3119561,mlp,current_action,4,dpitch,0.338747,2180590,623933,probe_analysis/gate_2f_multi_ckpt050000,"arm B: 2-frame dual-view teacher, seed 1003, trained 50k (ckpt050000); Table I row `2v {0,5}`. Same 2-frame recipe as arm A and the baselines."
mimicgen,ours_multi,canonical,mg_dual2f_armB_43820899,43820899,43820924,50000,3119561,mlp,current_action,5,dyaw,0.333972,2180590,623933,probe_analysis/gate_2f_multi_ckpt050000,"arm B: 2-frame dual-view teacher, seed 1003, trained 50k (ckpt050000); Table I row `2v {0,5}`. Same 2-frame recipe as arm A and the baselines."
mimicgen,ours_multi,canonical,mg_dual2f_armB_43820899,43820899,43820924,50000,3119561,mlp,current_action,6,gripper,0.545503,2180590,623933,probe_analysis/gate_2f_multi_ckpt050000,"arm B: 2-frame dual-view teacher, seed 1003, trained 50k (ckpt050000); Table I row `2v {0,5}`. Same 2-frame recipe as arm A and the baselines."
mimicgen,ours_multi,canonical,mg_dual2f_armB_43820899,43820899,43820924,50000,3119561,mlp,future_action_mean,-1,mean,0.543949,2180590,623933,probe_analysis/gate_2f_multi_ckpt050000,"arm B: 2-frame dual-view teacher, seed 1003, trained 50k (ckpt050000); Table I row `2v {0,5}`. Same 2-frame recipe as arm A and the baselines."
mimicgen,ours_multi,canonical,mg_dual2f_armB_43820899,43820899,43820924,50000,3119561,mlp,future_action_mean,0,dx,0.709205,2180590,623933,probe_analysis/gate_2f_multi_ckpt050000,"arm B: 2-frame dual-view teacher, seed 1003, trained 50k (ckpt050000); Table I row `2v {0,5}`. Same 2-frame recipe as arm A and the baselines."
mimicgen,ours_multi,canonical,mg_dual2f_armB_43820899,43820899,43820924,50000,3119561,mlp,future_action_mean,1,dy,0.809210,2180590,623933,probe_analysis/gate_2f_multi_ckpt050000,"arm B: 2-frame dual-view teacher, seed 1003, trained 50k (ckpt050000); Table I row `2v {0,5}`. Same 2-frame recipe as arm A and the baselines."
mimicgen,ours_multi,canonical,mg_dual2f_armB_43820899,43820899,43820924,50000,3119561,mlp,future_action_mean,2,dz,0.827065,2180590,623933,probe_analysis/gate_2f_multi_ckpt050000,"arm B: 2-frame dual-view teacher, seed 1003, trained 50k (ckpt050000); Table I row `2v {0,5}`. Same 2-frame recipe as arm A and the baselines."
mimicgen,ours_multi,canonical,mg_dual2f_armB_43820899,43820899,43820924,50000,3119561,mlp,future_action_mean,3,droll,0.253677,2180590,623933,probe_analysis/gate_2f_multi_ckpt050000,"arm B: 2-frame dual-view teacher, seed 1003, trained 50k (ckpt050000); Table I row `2v {0,5}`. Same 2-frame recipe as arm A and the baselines."
mimicgen,ours_multi,canonical,mg_dual2f_armB_43820899,43820899,43820924,50000,3119561,mlp,future_action_mean,4,dpitch,0.331436,2180590,623933,probe_analysis/gate_2f_multi_ckpt050000,"arm B: 2-frame dual-view teacher, seed 1003, trained 50k (ckpt050000); Table I row `2v {0,5}`. Same 2-frame recipe as arm A and the baselines."
mimicgen,ours_multi,canonical,mg_dual2f_armB_43820899,43820899,43820924,50000,3119561,mlp,future_action_mean,5,dyaw,0.333670,2180590,623933,probe_analysis/gate_2f_multi_ckpt050000,"arm B: 2-frame dual-view teacher, seed 1003, trained 50k (ckpt050000); Table I row `2v {0,5}`. Same 2-frame recipe as arm A and the baselines."
mimicgen,ours_multi,canonical,mg_dual2f_armB_43820899,43820899,43820924,50000,3119561,mlp,future_action_mean,6,gripper,0.543380,2180590,623933,probe_analysis/gate_2f_multi_ckpt050000,"arm B: 2-frame dual-view teacher, seed 1003, trained 50k (ckpt050000); Table I row `2v {0,5}`. Same 2-frame recipe as arm A and the baselines."
mimicgen,ours_multi,canonical,mg_dual2f_armB_43820899,43820899,43820924,50000,3119561,ridge,current_action,-1,mean,0.390770,2180590,623933,probe_analysis/gate_2f_multi_ckpt050000,"arm B: 2-frame dual-view teacher, seed 1003, trained 50k (ckpt050000); Table I row `2v {0,5}`. Same 2-frame recipe as arm A and the baselines."
mimicgen,ours_multi,canonical,mg_dual2f_armB_43820899,43820899,43820924,50000,3119561,ridge,current_action,0,dx,0.601983,2180590,623933,probe_analysis/gate_2f_multi_ckpt050000,"arm B: 2-frame dual-view teacher, seed 1003, trained 50k (ckpt050000); Table I row `2v {0,5}`. Same 2-frame recipe as arm A and the baselines."
mimicgen,ours_multi,canonical,mg_dual2f_armB_43820899,43820899,43820924,50000,3119561,ridge,current_action,1,dy,0.820780,2180590,623933,probe_analysis/gate_2f_multi_ckpt050000,"arm B: 2-frame dual-view teacher, seed 1003, trained 50k (ckpt050000); Table I row `2v {0,5}`. Same 2-frame recipe as arm A and the baselines."
mimicgen,ours_multi,canonical,mg_dual2f_armB_43820899,43820899,43820924,50000,3119561,ridge,current_action,2,dz,0.762177,2180590,623933,probe_analysis/gate_2f_multi_ckpt050000,"arm B: 2-frame dual-view teacher, seed 1003, trained 50k (ckpt050000); Table I row `2v {0,5}`. Same 2-frame recipe as arm A and the baselines."
mimicgen,ours_multi,canonical,mg_dual2f_armB_43820899,43820899,43820924,50000,3119561,ridge,current_action,3,droll,0.115600,2180590,623933,probe_analysis/gate_2f_multi_ckpt050000,"arm B: 2-frame dual-view teacher, seed 1003, trained 50k (ckpt050000); Table I row `2v {0,5}`. Same 2-frame recipe as arm A and the baselines."
mimicgen,ours_multi,canonical,mg_dual2f_armB_43820899,43820899,43820924,50000,3119561,ridge,current_action,4,dpitch,0.239125,2180590,623933,probe_analysis/gate_2f_multi_ckpt050000,"arm B: 2-frame dual-view teacher, seed 1003, trained 50k (ckpt050000); Table I row `2v {0,5}`. Same 2-frame recipe as arm A and the baselines."
mimicgen,ours_multi,canonical,mg_dual2f_armB_43820899,43820899,43820924,50000,3119561,ridge,current_action,5,dyaw,0.107655,2180590,623933,probe_analysis/gate_2f_multi_ckpt050000,"arm B: 2-frame dual-view teacher, seed 1003, trained 50k (ckpt050000); Table I row `2v {0,5}`. Same 2-frame recipe as arm A and the baselines."
mimicgen,ours_multi,canonical,mg_dual2f_armB_43820899,43820899,43820924,50000,3119561,ridge,current_action,6,gripper,0.088071,2180590,623933,probe_analysis/gate_2f_multi_ckpt050000,"arm B: 2-frame dual-view teacher, seed 1003, trained 50k (ckpt050000); Table I row `2v {0,5}`. Same 2-frame recipe as arm A and the baselines."
mimicgen,ours_multi,canonical,mg_dual2f_armB_43820899,43820899,43820924,50000,3119561,ridge,future_action_mean,-1,mean,0.349462,2180590,623933,probe_analysis/gate_2f_multi_ckpt050000,"arm B: 2-frame dual-view teacher, seed 1003, trained 50k (ckpt050000); Table I row `2v {0,5}`. Same 2-frame recipe as arm A and the baselines."
mimicgen,ours_multi,canonical,mg_dual2f_armB_43820899,43820899,43820924,50000,3119561,ridge,future_action_mean,0,dx,0.492844,2180590,623933,probe_analysis/gate_2f_multi_ckpt050000,"arm B: 2-frame dual-view teacher, seed 1003, trained 50k (ckpt050000); Table I row `2v {0,5}`. Same 2-frame recipe as arm A and the baselines."
mimicgen,ours_multi,canonical,mg_dual2f_armB_43820899,43820899,43820924,50000,3119561,ridge,future_action_mean,1,dy,0.714103,2180590,623933,probe_analysis/gate_2f_multi_ckpt050000,"arm B: 2-frame dual-view teacher, seed 1003, trained 50k (ckpt050000); Table I row `2v {0,5}`. Same 2-frame recipe as arm A and the baselines."
mimicgen,ours_multi,canonical,mg_dual2f_armB_43820899,43820899,43820924,50000,3119561,ridge,future_action_mean,2,dz,0.750954,2180590,623933,probe_analysis/gate_2f_multi_ckpt050000,"arm B: 2-frame dual-view teacher, seed 1003, trained 50k (ckpt050000); Table I row `2v {0,5}`. Same 2-frame recipe as arm A and the baselines."
mimicgen,ours_multi,canonical,mg_dual2f_armB_43820899,43820899,43820924,50000,3119561,ridge,future_action_mean,3,droll,0.117792,2180590,623933,probe_analysis/gate_2f_multi_ckpt050000,"arm B: 2-frame dual-view teacher, seed 1003, trained 50k (ckpt050000); Table I row `2v {0,5}`. Same 2-frame recipe as arm A and the baselines."
mimicgen,ours_multi,canonical,mg_dual2f_armB_43820899,43820899,43820924,50000,3119561,ridge,future_action_mean,4,dpitch,0.175510,2180590,623933,probe_analysis/gate_2f_multi_ckpt050000,"arm B: 2-frame dual-view teacher, seed 1003, trained 50k (ckpt050000); Table I row `2v {0,5}`. Same 2-frame recipe as arm A and the baselines."
mimicgen,ours_multi,canonical,mg_dual2f_armB_43820899,43820899,43820924,50000,3119561,ridge,future_action_mean,5,dyaw,0.103452,2180590,623933,probe_analysis/gate_2f_multi_ckpt050000,"arm B: 2-frame dual-view teacher, seed 1003, trained 50k (ckpt050000); Table I row `2v {0,5}`. Same 2-frame recipe as arm A and the baselines."
mimicgen,ours_multi,canonical,mg_dual2f_armB_43820899,43820899,43820924,50000,3119561,ridge,future_action_mean,6,gripper,0.091583,2180590,623933,probe_analysis/gate_2f_multi_ckpt050000,"arm B: 2-frame dual-view teacher, seed 1003, trained 50k (ckpt050000); Table I row `2v {0,5}`. Same 2-frame recipe as arm A and the baselines."
mimicgen,ours_multi,alternate,mg_dual4f_42742099,42742099,42813602,70000,,mlp,current_action,-1,mean,0.560581,2150630,615373,probe_analysis/gate_seed1003_multi_ckpt070000,"4-frame dual-view teacher, seed 1003, ckpt070000; Table I `ours` row (policy 43344870)."
mimicgen,ours_multi,alternate,mg_dual4f_42742099,42742099,42813602,70000,,mlp,current_action,0,dx,0.779483,2150630,615373,probe_analysis/gate_seed1003_multi_ckpt070000,"4-frame dual-view teacher, seed 1003, ckpt070000; Table I `ours` row (policy 43344870)."
mimicgen,ours_multi,alternate,mg_dual4f_42742099,42742099,42813602,70000,,mlp,current_action,1,dy,0.880365,2150630,615373,probe_analysis/gate_seed1003_multi_ckpt070000,"4-frame dual-view teacher, seed 1003, ckpt070000; Table I `ours` row (policy 43344870)."
mimicgen,ours_multi,alternate,mg_dual4f_42742099,42742099,42813602,70000,,mlp,current_action,2,dz,0.824604,2150630,615373,probe_analysis/gate_seed1003_multi_ckpt070000,"4-frame dual-view teacher, seed 1003, ckpt070000; Table I `ours` row (policy 43344870)."
mimicgen,ours_multi,alternate,mg_dual4f_42742099,42742099,42813602,70000,,mlp,current_action,3,droll,0.220841,2150630,615373,probe_analysis/gate_seed1003_multi_ckpt070000,"4-frame dual-view teacher, seed 1003, ckpt070000; Table I `ours` row (policy 43344870)."
mimicgen,ours_multi,alternate,mg_dual4f_42742099,42742099,42813602,70000,,mlp,current_action,4,dpitch,0.322091,2150630,615373,probe_analysis/gate_seed1003_multi_ckpt070000,"4-frame dual-view teacher, seed 1003, ckpt070000; Table I `ours` row (policy 43344870)."
mimicgen,ours_multi,alternate,mg_dual4f_42742099,42742099,42813602,70000,,mlp,current_action,5,dyaw,0.376045,2150630,615373,probe_analysis/gate_seed1003_multi_ckpt070000,"4-frame dual-view teacher, seed 1003, ckpt070000; Table I `ours` row (policy 43344870)."
mimicgen,ours_multi,alternate,mg_dual4f_42742099,42742099,42813602,70000,,mlp,current_action,6,gripper,0.520637,2150630,615373,probe_analysis/gate_seed1003_multi_ckpt070000,"4-frame dual-view teacher, seed 1003, ckpt070000; Table I `ours` row (policy 43344870)."
mimicgen,ours_multi,alternate,mg_dual4f_42742099,42742099,42813602,70000,,mlp,future_action_mean,-1,mean,0.553888,2150630,615373,probe_analysis/gate_seed1003_multi_ckpt070000,"4-frame dual-view teacher, seed 1003, ckpt070000; Table I `ours` row (policy 43344870)."
mimicgen,ours_multi,alternate,mg_dual4f_42742099,42742099,42813602,70000,,mlp,future_action_mean,0,dx,0.716418,2150630,615373,probe_analysis/gate_seed1003_multi_ckpt070000,"4-frame dual-view teacher, seed 1003, ckpt070000; Table I `ours` row (policy 43344870)."
mimicgen,ours_multi,alternate,mg_dual4f_42742099,42742099,42813602,70000,,mlp,future_action_mean,1,dy,0.823283,2150630,615373,probe_analysis/gate_seed1003_multi_ckpt070000,"4-frame dual-view teacher, seed 1003, ckpt070000; Table I `ours` row (policy 43344870)."
mimicgen,ours_multi,alternate,mg_dual4f_42742099,42742099,42813602,70000,,mlp,future_action_mean,2,dz,0.829995,2150630,615373,probe_analysis/gate_seed1003_multi_ckpt070000,"4-frame dual-view teacher, seed 1003, ckpt070000; Table I `ours` row (policy 43344870)."
mimicgen,ours_multi,alternate,mg_dual4f_42742099,42742099,42813602,70000,,mlp,future_action_mean,3,droll,0.259323,2150630,615373,probe_analysis/gate_seed1003_multi_ckpt070000,"4-frame dual-view teacher, seed 1003, ckpt070000; Table I `ours` row (policy 43344870)."
mimicgen,ours_multi,alternate,mg_dual4f_42742099,42742099,42813602,70000,,mlp,future_action_mean,4,dpitch,0.320399,2150630,615373,probe_analysis/gate_seed1003_multi_ckpt070000,"4-frame dual-view teacher, seed 1003, ckpt070000; Table I `ours` row (policy 43344870)."
mimicgen,ours_multi,alternate,mg_dual4f_42742099,42742099,42813602,70000,,mlp,future_action_mean,5,dyaw,0.388108,2150630,615373,probe_analysis/gate_seed1003_multi_ckpt070000,"4-frame dual-view teacher, seed 1003, ckpt070000; Table I `ours` row (policy 43344870)."
mimicgen,ours_multi,alternate,mg_dual4f_42742099,42742099,42813602,70000,,mlp,future_action_mean,6,gripper,0.539691,2150630,615373,probe_analysis/gate_seed1003_multi_ckpt070000,"4-frame dual-view teacher, seed 1003, ckpt070000; Table I `ours` row (policy 43344870)."
mimicgen,ours_multi,alternate,mg_dual4f_42742099,42742099,42813602,70000,,ridge,current_action,-1,mean,0.383083,2150630,615373,probe_analysis/gate_seed1003_multi_ckpt070000,"4-frame dual-view teacher, seed 1003, ckpt070000; Table I `ours` row (policy 43344870)."
mimicgen,ours_multi,alternate,mg_dual4f_42742099,42742099,42813602,70000,,ridge,current_action,0,dx,0.612600,2150630,615373,probe_analysis/gate_seed1003_multi_ckpt070000,"4-frame dual-view teacher, seed 1003, ckpt070000; Table I `ours` row (policy 43344870)."
mimicgen,ours_multi,alternate,mg_dual4f_42742099,42742099,42813602,70000,,ridge,current_action,1,dy,0.831985,2150630,615373,probe_analysis/gate_seed1003_multi_ckpt070000,"4-frame dual-view teacher, seed 1003, ckpt070000; Table I `ours` row (policy 43344870)."
mimicgen,ours_multi,alternate,mg_dual4f_42742099,42742099,42813602,70000,,ridge,current_action,2,dz,0.762868,2150630,615373,probe_analysis/gate_seed1003_multi_ckpt070000,"4-frame dual-view teacher, seed 1003, ckpt070000; Table I `ours` row (policy 43344870)."
mimicgen,ours_multi,alternate,mg_dual4f_42742099,42742099,42813602,70000,,ridge,current_action,3,droll,0.088717,2150630,615373,probe_analysis/gate_seed1003_multi_ckpt070000,"4-frame dual-view teacher, seed 1003, ckpt070000; Table I `ours` row (policy 43344870)."
mimicgen,ours_multi,alternate,mg_dual4f_42742099,42742099,42813602,70000,,ridge,current_action,4,dpitch,0.215138,2150630,615373,probe_analysis/gate_seed1003_multi_ckpt070000,"4-frame dual-view teacher, seed 1003, ckpt070000; Table I `ours` row (policy 43344870)."
mimicgen,ours_multi,alternate,mg_dual4f_42742099,42742099,42813602,70000,,ridge,current_action,5,dyaw,0.072991,2150630,615373,probe_analysis/gate_seed1003_multi_ckpt070000,"4-frame dual-view teacher, seed 1003, ckpt070000; Table I `ours` row (policy 43344870)."
mimicgen,ours_multi,alternate,mg_dual4f_42742099,42742099,42813602,70000,,ridge,current_action,6,gripper,0.097282,2150630,615373,probe_analysis/gate_seed1003_multi_ckpt070000,"4-frame dual-view teacher, seed 1003, ckpt070000; Table I `ours` row (policy 43344870)."
mimicgen,ours_multi,alternate,mg_dual4f_42742099,42742099,42813602,70000,,ridge,future_action_mean,-1,mean,0.342652,2150630,615373,probe_analysis/gate_seed1003_multi_ckpt070000,"4-frame dual-view teacher, seed 1003, ckpt070000; Table I `ours` row (policy 43344870)."
mimicgen,ours_multi,alternate,mg_dual4f_42742099,42742099,42813602,70000,,ridge,future_action_mean,0,dx,0.512231,2150630,615373,probe_analysis/gate_seed1003_multi_ckpt070000,"4-frame dual-view teacher, seed 1003, ckpt070000; Table I `ours` row (policy 43344870)."
mimicgen,ours_multi,alternate,mg_dual4f_42742099,42742099,42813602,70000,,ridge,future_action_mean,1,dy,0.725965,2150630,615373,probe_analysis/gate_seed1003_multi_ckpt070000,"4-frame dual-view teacher, seed 1003, ckpt070000; Table I `ours` row (policy 43344870)."
mimicgen,ours_multi,alternate,mg_dual4f_42742099,42742099,42813602,70000,,ridge,future_action_mean,2,dz,0.755512,2150630,615373,probe_analysis/gate_seed1003_multi_ckpt070000,"4-frame dual-view teacher, seed 1003, ckpt070000; Table I `ours` row (policy 43344870)."
mimicgen,ours_multi,alternate,mg_dual4f_42742099,42742099,42813602,70000,,ridge,future_action_mean,3,droll,0.080300,2150630,615373,probe_analysis/gate_seed1003_multi_ckpt070000,"4-frame dual-view teacher, seed 1003, ckpt070000; Table I `ours` row (policy 43344870)."
mimicgen,ours_multi,alternate,mg_dual4f_42742099,42742099,42813602,70000,,ridge,future_action_mean,4,dpitch,0.158090,2150630,615373,probe_analysis/gate_seed1003_multi_ckpt070000,"4-frame dual-view teacher, seed 1003, ckpt070000; Table I `ours` row (policy 43344870)."
mimicgen,ours_multi,alternate,mg_dual4f_42742099,42742099,42813602,70000,,ridge,future_action_mean,5,dyaw,0.063948,2150630,615373,probe_analysis/gate_seed1003_multi_ckpt070000,"4-frame dual-view teacher, seed 1003, ckpt070000; Table I `ours` row (policy 43344870)."
mimicgen,ours_multi,alternate,mg_dual4f_42742099,42742099,42813602,70000,,ridge,future_action_mean,6,gripper,0.102515,2150630,615373,probe_analysis/gate_seed1003_multi_ckpt070000,"4-frame dual-view teacher, seed 1003, ckpt070000; Table I `ours` row (policy 43344870)."
mimicgen,clam,canonical,mg_clam_run6mg_44697824,44697824,44712992,70000,3119561,mlp,current_action,-1,mean,0.551439,2180590,623933,probe_analysis/gate_2f_clam_ckpt070000,"run6-mg: arm A + CLAM action-grounding head (7-d mean target, beta=8.75e-4)."
mimicgen,clam,canonical,mg_clam_run6mg_44697824,44697824,44712992,70000,3119561,mlp,current_action,0,dx,0.660068,2180590,623933,probe_analysis/gate_2f_clam_ckpt070000,"run6-mg: arm A + CLAM action-grounding head (7-d mean target, beta=8.75e-4)."
mimicgen,clam,canonical,mg_clam_run6mg_44697824,44697824,44712992,70000,3119561,mlp,current_action,1,dy,0.883112,2180590,623933,probe_analysis/gate_2f_clam_ckpt070000,"run6-mg: arm A + CLAM action-grounding head (7-d mean target, beta=8.75e-4)."
mimicgen,clam,canonical,mg_clam_run6mg_44697824,44697824,44712992,70000,3119561,mlp,current_action,2,dz,0.815851,2180590,623933,probe_analysis/gate_2f_clam_ckpt070000,"run6-mg: arm A + CLAM action-grounding head (7-d mean target, beta=8.75e-4)."
mimicgen,clam,canonical,mg_clam_run6mg_44697824,44697824,44712992,70000,3119561,mlp,current_action,3,droll,0.233277,2180590,623933,probe_analysis/gate_2f_clam_ckpt070000,"run6-mg: arm A + CLAM action-grounding head (7-d mean target, beta=8.75e-4)."
mimicgen,clam,canonical,mg_clam_run6mg_44697824,44697824,44712992,70000,3119561,mlp,current_action,4,dpitch,0.287111,2180590,623933,probe_analysis/gate_2f_clam_ckpt070000,"run6-mg: arm A + CLAM action-grounding head (7-d mean target, beta=8.75e-4)."
mimicgen,clam,canonical,mg_clam_run6mg_44697824,44697824,44712992,70000,3119561,mlp,current_action,5,dyaw,0.401958,2180590,623933,probe_analysis/gate_2f_clam_ckpt070000,"run6-mg: arm A + CLAM action-grounding head (7-d mean target, beta=8.75e-4)."
mimicgen,clam,canonical,mg_clam_run6mg_44697824,44697824,44712992,70000,3119561,mlp,current_action,6,gripper,0.578693,2180590,623933,probe_analysis/gate_2f_clam_ckpt070000,"run6-mg: arm A + CLAM action-grounding head (7-d mean target, beta=8.75e-4)."
mimicgen,clam,canonical,mg_clam_run6mg_44697824,44697824,44712992,70000,3119561,mlp,future_action_mean,-1,mean,0.542511,2180590,623933,probe_analysis/gate_2f_clam_ckpt070000,"run6-mg: arm A + CLAM action-grounding head (7-d mean target, beta=8.75e-4)."
mimicgen,clam,canonical,mg_clam_run6mg_44697824,44697824,44712992,70000,3119561,mlp,future_action_mean,0,dx,0.559200,2180590,623933,probe_analysis/gate_2f_clam_ckpt070000,"run6-mg: arm A + CLAM action-grounding head (7-d mean target, beta=8.75e-4)."
mimicgen,clam,canonical,mg_clam_run6mg_44697824,44697824,44712992,70000,3119561,mlp,future_action_mean,1,dy,0.818611,2180590,623933,probe_analysis/gate_2f_clam_ckpt070000,"run6-mg: arm A + CLAM action-grounding head (7-d mean target, beta=8.75e-4)."
mimicgen,clam,canonical,mg_clam_run6mg_44697824,44697824,44712992,70000,3119561,mlp,future_action_mean,2,dz,0.818689,2180590,623933,probe_analysis/gate_2f_clam_ckpt070000,"run6-mg: arm A + CLAM action-grounding head (7-d mean target, beta=8.75e-4)."
mimicgen,clam,canonical,mg_clam_run6mg_44697824,44697824,44712992,70000,3119561,mlp,future_action_mean,3,droll,0.260258,2180590,623933,probe_analysis/gate_2f_clam_ckpt070000,"run6-mg: arm A + CLAM action-grounding head (7-d mean target, beta=8.75e-4)."
mimicgen,clam,canonical,mg_clam_run6mg_44697824,44697824,44712992,70000,3119561,mlp,future_action_mean,4,dpitch,0.305934,2180590,623933,probe_analysis/gate_2f_clam_ckpt070000,"run6-mg: arm A + CLAM action-grounding head (7-d mean target, beta=8.75e-4)."
mimicgen,clam,canonical,mg_clam_run6mg_44697824,44697824,44712992,70000,3119561,mlp,future_action_mean,5,dyaw,0.424824,2180590,623933,probe_analysis/gate_2f_clam_ckpt070000,"run6-mg: arm A + CLAM action-grounding head (7-d mean target, beta=8.75e-4)."
mimicgen,clam,canonical,mg_clam_run6mg_44697824,44697824,44712992,70000,3119561,mlp,future_action_mean,6,gripper,0.610061,2180590,623933,probe_analysis/gate_2f_clam_ckpt070000,"run6-mg: arm A + CLAM action-grounding head (7-d mean target, beta=8.75e-4)."
mimicgen,clam,canonical,mg_clam_run6mg_44697824,44697824,44712992,70000,3119561,ridge,current_action,-1,mean,0.384216,2180590,623933,probe_analysis/gate_2f_clam_ckpt070000,"run6-mg: arm A + CLAM action-grounding head (7-d mean target, beta=8.75e-4)."
mimicgen,clam,canonical,mg_clam_run6mg_44697824,44697824,44712992,70000,3119561,ridge,current_action,0,dx,0.495689,2180590,623933,probe_analysis/gate_2f_clam_ckpt070000,"run6-mg: arm A + CLAM action-grounding head (7-d mean target, beta=8.75e-4)."
mimicgen,clam,canonical,mg_clam_run6mg_44697824,44697824,44712992,70000,3119561,ridge,current_action,1,dy,0.762241,2180590,623933,probe_analysis/gate_2f_clam_ckpt070000,"run6-mg: arm A + CLAM action-grounding head (7-d mean target, beta=8.75e-4)."
mimicgen,clam,canonical,mg_clam_run6mg_44697824,44697824,44712992,70000,3119561,ridge,current_action,2,dz,0.733937,2180590,623933,probe_analysis/gate_2f_clam_ckpt070000,"run6-mg: arm A + CLAM action-grounding head (7-d mean target, beta=8.75e-4)."
mimicgen,clam,canonical,mg_clam_run6mg_44697824,44697824,44712992,70000,3119561,ridge,current_action,3,droll,0.128201,2180590,623933,probe_analysis/gate_2f_clam_ckpt070000,"run6-mg: arm A + CLAM action-grounding head (7-d mean target, beta=8.75e-4)."
mimicgen,clam,canonical,mg_clam_run6mg_44697824,44697824,44712992,70000,3119561,ridge,current_action,4,dpitch,0.178228,2180590,623933,probe_analysis/gate_2f_clam_ckpt070000,"run6-mg: arm A + CLAM action-grounding head (7-d mean target, beta=8.75e-4)."
mimicgen,clam,canonical,mg_clam_run6mg_44697824,44697824,44712992,70000,3119561,ridge,current_action,5,dyaw,0.167378,2180590,623933,probe_analysis/gate_2f_clam_ckpt070000,"run6-mg: arm A + CLAM action-grounding head (7-d mean target, beta=8.75e-4)."
mimicgen,clam,canonical,mg_clam_run6mg_44697824,44697824,44712992,70000,3119561,ridge,current_action,6,gripper,0.223836,2180590,623933,probe_analysis/gate_2f_clam_ckpt070000,"run6-mg: arm A + CLAM action-grounding head (7-d mean target, beta=8.75e-4)."
mimicgen,clam,canonical,mg_clam_run6mg_44697824,44697824,44712992,70000,3119561,ridge,future_action_mean,-1,mean,0.344414,2180590,623933,probe_analysis/gate_2f_clam_ckpt070000,"run6-mg: arm A + CLAM action-grounding head (7-d mean target, beta=8.75e-4)."
mimicgen,clam,canonical,mg_clam_run6mg_44697824,44697824,44712992,70000,3119561,ridge,future_action_mean,0,dx,0.344222,2180590,623933,probe_analysis/gate_2f_clam_ckpt070000,"run6-mg: arm A + CLAM action-grounding head (7-d mean target, beta=8.75e-4)."
mimicgen,clam,canonical,mg_clam_run6mg_44697824,44697824,44712992,70000,3119561,ridge,future_action_mean,1,dy,0.663921,2180590,623933,probe_analysis/gate_2f_clam_ckpt070000,"run6-mg: arm A + CLAM action-grounding head (7-d mean target, beta=8.75e-4)."
mimicgen,clam,canonical,mg_clam_run6mg_44697824,44697824,44712992,70000,3119561,ridge,future_action_mean,2,dz,0.711876,2180590,623933,probe_analysis/gate_2f_clam_ckpt070000,"run6-mg: arm A + CLAM action-grounding head (7-d mean target, beta=8.75e-4)."
mimicgen,clam,canonical,mg_clam_run6mg_44697824,44697824,44712992,70000,3119561,ridge,future_action_mean,3,droll,0.123490,2180590,623933,probe_analysis/gate_2f_clam_ckpt070000,"run6-mg: arm A + CLAM action-grounding head (7-d mean target, beta=8.75e-4)."
mimicgen,clam,canonical,mg_clam_run6mg_44697824,44697824,44712992,70000,3119561,ridge,future_action_mean,4,dpitch,0.160852,2180590,623933,probe_analysis/gate_2f_clam_ckpt070000,"run6-mg: arm A + CLAM action-grounding head (7-d mean target, beta=8.75e-4)."
mimicgen,clam,canonical,mg_clam_run6mg_44697824,44697824,44712992,70000,3119561,ridge,future_action_mean,5,dyaw,0.167069,2180590,623933,probe_analysis/gate_2f_clam_ckpt070000,"run6-mg: arm A + CLAM action-grounding head (7-d mean target, beta=8.75e-4)."
mimicgen,clam,canonical,mg_clam_run6mg_44697824,44697824,44712992,70000,3119561,ridge,future_action_mean,6,gripper,0.239471,2180590,623933,probe_analysis/gate_2f_clam_ckpt070000,"run6-mg: arm A + CLAM action-grounding head (7-d mean target, beta=8.75e-4)."
mimicgen,laof,canonical,mg_flowbmse_run10b_45347502,45347502,,70000,3119561,mlp,current_action,-1,mean,0.575759,2180590,623933,probe_analysis/gate_2f_fbmse,"run10b: arm A + LAOF flow decoder with the bounded-MSE objective (lambda 7.38e-2), the same objective as the LIBERO and LIBERO-plus flow arms. Not written up in the brain."
mimicgen,laof,canonical,mg_flowbmse_run10b_45347502,45347502,,70000,3119561,mlp,current_action,0,dx,0.707869,2180590,623933,probe_analysis/gate_2f_fbmse,"run10b: arm A + LAOF flow decoder with the bounded-MSE objective (lambda 7.38e-2), the same objective as the LIBERO and LIBERO-plus flow arms. Not written up in the brain."
mimicgen,laof,canonical,mg_flowbmse_run10b_45347502,45347502,,70000,3119561,mlp,current_action,1,dy,0.889799,2180590,623933,probe_analysis/gate_2f_fbmse,"run10b: arm A + LAOF flow decoder with the bounded-MSE objective (lambda 7.38e-2), the same objective as the LIBERO and LIBERO-plus flow arms. Not written up in the brain."
mimicgen,laof,canonical,mg_flowbmse_run10b_45347502,45347502,,70000,3119561,mlp,current_action,2,dz,0.834984,2180590,623933,probe_analysis/gate_2f_fbmse,"run10b: arm A + LAOF flow decoder with the bounded-MSE objective (lambda 7.38e-2), the same objective as the LIBERO and LIBERO-plus flow arms. Not written up in the brain."
mimicgen,laof,canonical,mg_flowbmse_run10b_45347502,45347502,,70000,3119561,mlp,current_action,3,droll,0.203965,2180590,623933,probe_analysis/gate_2f_fbmse,"run10b: arm A + LAOF flow decoder with the bounded-MSE objective (lambda 7.38e-2), the same objective as the LIBERO and LIBERO-plus flow arms. Not written up in the brain."
mimicgen,laof,canonical,mg_flowbmse_run10b_45347502,45347502,,70000,3119561,mlp,current_action,4,dpitch,0.280809,2180590,623933,probe_analysis/gate_2f_fbmse,"run10b: arm A + LAOF flow decoder with the bounded-MSE objective (lambda 7.38e-2), the same objective as the LIBERO and LIBERO-plus flow arms. Not written up in the brain."
mimicgen,laof,canonical,mg_flowbmse_run10b_45347502,45347502,,70000,3119561,mlp,current_action,5,dyaw,0.391633,2180590,623933,probe_analysis/gate_2f_fbmse,"run10b: arm A + LAOF flow decoder with the bounded-MSE objective (lambda 7.38e-2), the same objective as the LIBERO and LIBERO-plus flow arms. Not written up in the brain."
mimicgen,laof,canonical,mg_flowbmse_run10b_45347502,45347502,,70000,3119561,mlp,current_action,6,gripper,0.721257,2180590,623933,probe_analysis/gate_2f_fbmse,"run10b: arm A + LAOF flow decoder with the bounded-MSE objective (lambda 7.38e-2), the same objective as the LIBERO and LIBERO-plus flow arms. Not written up in the brain."
mimicgen,laof,canonical,mg_flowbmse_run10b_45347502,45347502,,70000,3119561,mlp,future_action_mean,-1,mean,0.558412,2180590,623933,probe_analysis/gate_2f_fbmse,"run10b: arm A + LAOF flow decoder with the bounded-MSE objective (lambda 7.38e-2), the same objective as the LIBERO and LIBERO-plus flow arms. Not written up in the brain."
mimicgen,laof,canonical,mg_flowbmse_run10b_45347502,45347502,,70000,3119561,mlp,future_action_mean,0,dx,0.616103,2180590,623933,probe_analysis/gate_2f_fbmse,"run10b: arm A + LAOF flow decoder with the bounded-MSE objective (lambda 7.38e-2), the same objective as the LIBERO and LIBERO-plus flow arms. Not written up in the brain."
mimicgen,laof,canonical,mg_flowbmse_run10b_45347502,45347502,,70000,3119561,mlp,future_action_mean,1,dy,0.830442,2180590,623933,probe_analysis/gate_2f_fbmse,"run10b: arm A + LAOF flow decoder with the bounded-MSE objective (lambda 7.38e-2), the same objective as the LIBERO and LIBERO-plus flow arms. Not written up in the brain."
mimicgen,laof,canonical,mg_flowbmse_run10b_45347502,45347502,,70000,3119561,mlp,future_action_mean,2,dz,0.835216,2180590,623933,probe_analysis/gate_2f_fbmse,"run10b: arm A + LAOF flow decoder with the bounded-MSE objective (lambda 7.38e-2), the same objective as the LIBERO and LIBERO-plus flow arms. Not written up in the brain."
mimicgen,laof,canonical,mg_flowbmse_run10b_45347502,45347502,,70000,3119561,mlp,future_action_mean,3,droll,0.222756,2180590,623933,probe_analysis/gate_2f_fbmse,"run10b: arm A + LAOF flow decoder with the bounded-MSE objective (lambda 7.38e-2), the same objective as the LIBERO and LIBERO-plus flow arms. Not written up in the brain."
mimicgen,laof,canonical,mg_flowbmse_run10b_45347502,45347502,,70000,3119561,mlp,future_action_mean,4,dpitch,0.303338,2180590,623933,probe_analysis/gate_2f_fbmse,"run10b: arm A + LAOF flow decoder with the bounded-MSE objective (lambda 7.38e-2), the same objective as the LIBERO and LIBERO-plus flow arms. Not written up in the brain."
mimicgen,laof,canonical,mg_flowbmse_run10b_45347502,45347502,,70000,3119561,mlp,future_action_mean,5,dyaw,0.386791,2180590,623933,probe_analysis/gate_2f_fbmse,"run10b: arm A + LAOF flow decoder with the bounded-MSE objective (lambda 7.38e-2), the same objective as the LIBERO and LIBERO-plus flow arms. Not written up in the brain."
mimicgen,laof,canonical,mg_flowbmse_run10b_45347502,45347502,,70000,3119561,mlp,future_action_mean,6,gripper,0.714239,2180590,623933,probe_analysis/gate_2f_fbmse,"run10b: arm A + LAOF flow decoder with the bounded-MSE objective (lambda 7.38e-2), the same objective as the LIBERO and LIBERO-plus flow arms. Not written up in the brain."
mimicgen,laof,canonical,mg_flowbmse_run10b_45347502,45347502,,70000,3119561,ridge,current_action,-1,mean,0.292401,2180590,623933,probe_analysis/gate_2f_fbmse,"run10b: arm A + LAOF flow decoder with the bounded-MSE objective (lambda 7.38e-2), the same objective as the LIBERO and LIBERO-plus flow arms. Not written up in the brain."
mimicgen,laof,canonical,mg_flowbmse_run10b_45347502,45347502,,70000,3119561,ridge,current_action,0,dx,0.239918,2180590,623933,probe_analysis/gate_2f_fbmse,"run10b: arm A + LAOF flow decoder with the bounded-MSE objective (lambda 7.38e-2), the same objective as the LIBERO and LIBERO-plus flow arms. Not written up in the brain."
mimicgen,laof,canonical,mg_flowbmse_run10b_45347502,45347502,,70000,3119561,ridge,current_action,1,dy,0.755630,2180590,623933,probe_analysis/gate_2f_fbmse,"run10b: arm A + LAOF flow decoder with the bounded-MSE objective (lambda 7.38e-2), the same objective as the LIBERO and LIBERO-plus flow arms. Not written up in the brain."
mimicgen,laof,canonical,mg_flowbmse_run10b_45347502,45347502,,70000,3119561,ridge,current_action,2,dz,0.710232,2180590,623933,probe_analysis/gate_2f_fbmse,"run10b: arm A + LAOF flow decoder with the bounded-MSE objective (lambda 7.38e-2), the same objective as the LIBERO and LIBERO-plus flow arms. Not written up in the brain."
mimicgen,laof,canonical,mg_flowbmse_run10b_45347502,45347502,,70000,3119561,ridge,current_action,3,droll,0.075174,2180590,623933,probe_analysis/gate_2f_fbmse,"run10b: arm A + LAOF flow decoder with the bounded-MSE objective (lambda 7.38e-2), the same objective as the LIBERO and LIBERO-plus flow arms. Not written up in the brain."
mimicgen,laof,canonical,mg_flowbmse_run10b_45347502,45347502,,70000,3119561,ridge,current_action,4,dpitch,0.115221,2180590,623933,probe_analysis/gate_2f_fbmse,"run10b: arm A + LAOF flow decoder with the bounded-MSE objective (lambda 7.38e-2), the same objective as the LIBERO and LIBERO-plus flow arms. Not written up in the brain."
mimicgen,laof,canonical,mg_flowbmse_run10b_45347502,45347502,,70000,3119561,ridge,current_action,5,dyaw,0.079336,2180590,623933,probe_analysis/gate_2f_fbmse,"run10b: arm A + LAOF flow decoder with the bounded-MSE objective (lambda 7.38e-2), the same objective as the LIBERO and LIBERO-plus flow arms. Not written up in the brain."
mimicgen,laof,canonical,mg_flowbmse_run10b_45347502,45347502,,70000,3119561,ridge,current_action,6,gripper,0.071297,2180590,623933,probe_analysis/gate_2f_fbmse,"run10b: arm A + LAOF flow decoder with the bounded-MSE objective (lambda 7.38e-2), the same objective as the LIBERO and LIBERO-plus flow arms. Not written up in the brain."
mimicgen,laof,canonical,mg_flowbmse_run10b_45347502,45347502,,70000,3119561,ridge,future_action_mean,-1,mean,0.264245,2180590,623933,probe_analysis/gate_2f_fbmse,"run10b: arm A + LAOF flow decoder with the bounded-MSE objective (lambda 7.38e-2), the same objective as the LIBERO and LIBERO-plus flow arms. Not written up in the brain."
mimicgen,laof,canonical,mg_flowbmse_run10b_45347502,45347502,,70000,3119561,ridge,future_action_mean,0,dx,0.153311,2180590,623933,probe_analysis/gate_2f_fbmse,"run10b: arm A + LAOF flow decoder with the bounded-MSE objective (lambda 7.38e-2), the same objective as the LIBERO and LIBERO-plus flow arms. Not written up in the brain."
mimicgen,laof,canonical,mg_flowbmse_run10b_45347502,45347502,,70000,3119561,ridge,future_action_mean,1,dy,0.658567,2180590,623933,probe_analysis/gate_2f_fbmse,"run10b: arm A + LAOF flow decoder with the bounded-MSE objective (lambda 7.38e-2), the same objective as the LIBERO and LIBERO-plus flow arms. Not written up in the brain."
mimicgen,laof,canonical,mg_flowbmse_run10b_45347502,45347502,,70000,3119561,ridge,future_action_mean,2,dz,0.686184,2180590,623933,probe_analysis/gate_2f_fbmse,"run10b: arm A + LAOF flow decoder with the bounded-MSE objective (lambda 7.38e-2), the same objective as the LIBERO and LIBERO-plus flow arms. Not written up in the brain."
mimicgen,laof,canonical,mg_flowbmse_run10b_45347502,45347502,,70000,3119561,ridge,future_action_mean,3,droll,0.076823,2180590,623933,probe_analysis/gate_2f_fbmse,"run10b: arm A + LAOF flow decoder with the bounded-MSE objective (lambda 7.38e-2), the same objective as the LIBERO and LIBERO-plus flow arms. Not written up in the brain."
mimicgen,laof,canonical,mg_flowbmse_run10b_45347502,45347502,,70000,3119561,ridge,future_action_mean,4,dpitch,0.122305,2180590,623933,probe_analysis/gate_2f_fbmse,"run10b: arm A + LAOF flow decoder with the bounded-MSE objective (lambda 7.38e-2), the same objective as the LIBERO and LIBERO-plus flow arms. Not written up in the brain."
mimicgen,laof,canonical,mg_flowbmse_run10b_45347502,45347502,,70000,3119561,ridge,future_action_mean,5,dyaw,0.076785,2180590,623933,probe_analysis/gate_2f_fbmse,"run10b: arm A + LAOF flow decoder with the bounded-MSE objective (lambda 7.38e-2), the same objective as the LIBERO and LIBERO-plus flow arms. Not written up in the brain."
mimicgen,laof,canonical,mg_flowbmse_run10b_45347502,45347502,,70000,3119561,ridge,future_action_mean,6,gripper,0.075737,2180590,623933,probe_analysis/gate_2f_fbmse,"run10b: arm A + LAOF flow decoder with the bounded-MSE objective (lambda 7.38e-2), the same objective as the LIBERO and LIBERO-plus flow arms. Not written up in the brain."
mimicgen,laof,alternate,mg_flowsl1_run10mg_45069925,45069925,45101211,70000,3119561,mlp,current_action,-1,mean,0.557734,2180590,623933,probe_analysis/gate_2f_flow,"run10-mg: arm A + LAOF flow decoder, unbounded smooth-L1 objective (lambda 1.51e-3); the arm the brain's mimicgen-flow-baseline page reports."
mimicgen,laof,alternate,mg_flowsl1_run10mg_45069925,45069925,45101211,70000,3119561,mlp,current_action,0,dx,0.687622,2180590,623933,probe_analysis/gate_2f_flow,"run10-mg: arm A + LAOF flow decoder, unbounded smooth-L1 objective (lambda 1.51e-3); the arm the brain's mimicgen-flow-baseline page reports."
mimicgen,laof,alternate,mg_flowsl1_run10mg_45069925,45069925,45101211,70000,3119561,mlp,current_action,1,dy,0.888163,2180590,623933,probe_analysis/gate_2f_flow,"run10-mg: arm A + LAOF flow decoder, unbounded smooth-L1 objective (lambda 1.51e-3); the arm the brain's mimicgen-flow-baseline page reports."
mimicgen,laof,alternate,mg_flowsl1_run10mg_45069925,45069925,45101211,70000,3119561,mlp,current_action,2,dz,0.828402,2180590,623933,probe_analysis/gate_2f_flow,"run10-mg: arm A + LAOF flow decoder, unbounded smooth-L1 objective (lambda 1.51e-3); the arm the brain's mimicgen-flow-baseline page reports."
mimicgen,laof,alternate,mg_flowsl1_run10mg_45069925,45069925,45101211,70000,3119561,mlp,current_action,3,droll,0.211640,2180590,623933,probe_analysis/gate_2f_flow,"run10-mg: arm A + LAOF flow decoder, unbounded smooth-L1 objective (lambda 1.51e-3); the arm the brain's mimicgen-flow-baseline page reports."
mimicgen,laof,alternate,mg_flowsl1_run10mg_45069925,45069925,45101211,70000,3119561,mlp,current_action,4,dpitch,0.257991,2180590,623933,probe_analysis/gate_2f_flow,"run10-mg: arm A + LAOF flow decoder, unbounded smooth-L1 objective (lambda 1.51e-3); the arm the brain's mimicgen-flow-baseline page reports."
mimicgen,laof,alternate,mg_flowsl1_run10mg_45069925,45069925,45101211,70000,3119561,mlp,current_action,5,dyaw,0.382541,2180590,623933,probe_analysis/gate_2f_flow,"run10-mg: arm A + LAOF flow decoder, unbounded smooth-L1 objective (lambda 1.51e-3); the arm the brain's mimicgen-flow-baseline page reports."
mimicgen,laof,alternate,mg_flowsl1_run10mg_45069925,45069925,45101211,70000,3119561,mlp,current_action,6,gripper,0.647777,2180590,623933,probe_analysis/gate_2f_flow,"run10-mg: arm A + LAOF flow decoder, unbounded smooth-L1 objective (lambda 1.51e-3); the arm the brain's mimicgen-flow-baseline page reports."
mimicgen,laof,alternate,mg_flowsl1_run10mg_45069925,45069925,45101211,70000,3119561,mlp,future_action_mean,-1,mean,0.547431,2180590,623933,probe_analysis/gate_2f_flow,"run10-mg: arm A + LAOF flow decoder, unbounded smooth-L1 objective (lambda 1.51e-3); the arm the brain's mimicgen-flow-baseline page reports."
mimicgen,laof,alternate,mg_flowsl1_run10mg_45069925,45069925,45101211,70000,3119561,mlp,future_action_mean,0,dx,0.593638,2180590,623933,probe_analysis/gate_2f_flow,"run10-mg: arm A + LAOF flow decoder, unbounded smooth-L1 objective (lambda 1.51e-3); the arm the brain's mimicgen-flow-baseline page reports."
mimicgen,laof,alternate,mg_flowsl1_run10mg_45069925,45069925,45101211,70000,3119561,mlp,future_action_mean,1,dy,0.832418,2180590,623933,probe_analysis/gate_2f_flow,"run10-mg: arm A + LAOF flow decoder, unbounded smooth-L1 objective (lambda 1.51e-3); the arm the brain's mimicgen-flow-baseline page reports."
mimicgen,laof,alternate,mg_flowsl1_run10mg_45069925,45069925,45101211,70000,3119561,mlp,future_action_mean,2,dz,0.830619,2180590,623933,probe_analysis/gate_2f_flow,"run10-mg: arm A + LAOF flow decoder, unbounded smooth-L1 objective (lambda 1.51e-3); the arm the brain's mimicgen-flow-baseline page reports."
mimicgen,laof,alternate,mg_flowsl1_run10mg_45069925,45069925,45101211,70000,3119561,mlp,future_action_mean,3,droll,0.241949,2180590,623933,probe_analysis/gate_2f_flow,"run10-mg: arm A + LAOF flow decoder, unbounded smooth-L1 objective (lambda 1.51e-3); the arm the brain's mimicgen-flow-baseline page reports."
mimicgen,laof,alternate,mg_flowsl1_run10mg_45069925,45069925,45101211,70000,3119561,mlp,future_action_mean,4,dpitch,0.281020,2180590,623933,probe_analysis/gate_2f_flow,"run10-mg: arm A + LAOF flow decoder, unbounded smooth-L1 objective (lambda 1.51e-3); the arm the brain's mimicgen-flow-baseline page reports."
mimicgen,laof,alternate,mg_flowsl1_run10mg_45069925,45069925,45101211,70000,3119561,mlp,future_action_mean,5,dyaw,0.395598,2180590,623933,probe_analysis/gate_2f_flow,"run10-mg: arm A + LAOF flow decoder, unbounded smooth-L1 objective (lambda 1.51e-3); the arm the brain's mimicgen-flow-baseline page reports."
mimicgen,laof,alternate,mg_flowsl1_run10mg_45069925,45069925,45101211,70000,3119561,mlp,future_action_mean,6,gripper,0.656779,2180590,623933,probe_analysis/gate_2f_flow,"run10-mg: arm A + LAOF flow decoder, unbounded smooth-L1 objective (lambda 1.51e-3); the arm the brain's mimicgen-flow-baseline page reports."
mimicgen,laof,alternate,mg_flowsl1_run10mg_45069925,45069925,45101211,70000,3119561,ridge,current_action,-1,mean,0.334926,2180590,623933,probe_analysis/gate_2f_flow,"run10-mg: arm A + LAOF flow decoder, unbounded smooth-L1 objective (lambda 1.51e-3); the arm the brain's mimicgen-flow-baseline page reports."
mimicgen,laof,alternate,mg_flowsl1_run10mg_45069925,45069925,45101211,70000,3119561,ridge,current_action,0,dx,0.424928,2180590,623933,probe_analysis/gate_2f_flow,"run10-mg: arm A + LAOF flow decoder, unbounded smooth-L1 objective (lambda 1.51e-3); the arm the brain's mimicgen-flow-baseline page reports."
mimicgen,laof,alternate,mg_flowsl1_run10mg_45069925,45069925,45101211,70000,3119561,ridge,current_action,1,dy,0.780057,2180590,623933,probe_analysis/gate_2f_flow,"run10-mg: arm A + LAOF flow decoder, unbounded smooth-L1 objective (lambda 1.51e-3); the arm the brain's mimicgen-flow-baseline page reports."
mimicgen,laof,alternate,mg_flowsl1_run10mg_45069925,45069925,45101211,70000,3119561,ridge,current_action,2,dz,0.721588,2180590,623933,probe_analysis/gate_2f_flow,"run10-mg: arm A + LAOF flow decoder, unbounded smooth-L1 objective (lambda 1.51e-3); the arm the brain's mimicgen-flow-baseline page reports."
mimicgen,laof,alternate,mg_flowsl1_run10mg_45069925,45069925,45101211,70000,3119561,ridge,current_action,3,droll,0.101240,2180590,623933,probe_analysis/gate_2f_flow,"run10-mg: arm A + LAOF flow decoder, unbounded smooth-L1 objective (lambda 1.51e-3); the arm the brain's mimicgen-flow-baseline page reports."
mimicgen,laof,alternate,mg_flowsl1_run10mg_45069925,45069925,45101211,70000,3119561,ridge,current_action,4,dpitch,0.155516,2180590,623933,probe_analysis/gate_2f_flow,"run10-mg: arm A + LAOF flow decoder, unbounded smooth-L1 objective (lambda 1.51e-3); the arm the brain's mimicgen-flow-baseline page reports."
mimicgen,laof,alternate,mg_flowsl1_run10mg_45069925,45069925,45101211,70000,3119561,ridge,current_action,5,dyaw,0.091924,2180590,623933,probe_analysis/gate_2f_flow,"run10-mg: arm A + LAOF flow decoder, unbounded smooth-L1 objective (lambda 1.51e-3); the arm the brain's mimicgen-flow-baseline page reports."
mimicgen,laof,alternate,mg_flowsl1_run10mg_45069925,45069925,45101211,70000,3119561,ridge,current_action,6,gripper,0.069228,2180590,623933,probe_analysis/gate_2f_flow,"run10-mg: arm A + LAOF flow decoder, unbounded smooth-L1 objective (lambda 1.51e-3); the arm the brain's mimicgen-flow-baseline page reports."
mimicgen,laof,alternate,mg_flowsl1_run10mg_45069925,45069925,45101211,70000,3119561,ridge,future_action_mean,-1,mean,0.293373,2180590,623933,probe_analysis/gate_2f_flow,"run10-mg: arm A + LAOF flow decoder, unbounded smooth-L1 objective (lambda 1.51e-3); the arm the brain's mimicgen-flow-baseline page reports."
mimicgen,laof,alternate,mg_flowsl1_run10mg_45069925,45069925,45101211,70000,3119561,ridge,future_action_mean,0,dx,0.269045,2180590,623933,probe_analysis/gate_2f_flow,"run10-mg: arm A + LAOF flow decoder, unbounded smooth-L1 objective (lambda 1.51e-3); the arm the brain's mimicgen-flow-baseline page reports."
mimicgen,laof,alternate,mg_flowsl1_run10mg_45069925,45069925,45101211,70000,3119561,ridge,future_action_mean,1,dy,0.682236,2180590,623933,probe_analysis/gate_2f_flow,"run10-mg: arm A + LAOF flow decoder, unbounded smooth-L1 objective (lambda 1.51e-3); the arm the brain's mimicgen-flow-baseline page reports."
mimicgen,laof,alternate,mg_flowsl1_run10mg_45069925,45069925,45101211,70000,3119561,ridge,future_action_mean,2,dz,0.700261,2180590,623933,probe_analysis/gate_2f_flow,"run10-mg: arm A + LAOF flow decoder, unbounded smooth-L1 objective (lambda 1.51e-3); the arm the brain's mimicgen-flow-baseline page reports."
mimicgen,laof,alternate,mg_flowsl1_run10mg_45069925,45069925,45101211,70000,3119561,ridge,future_action_mean,3,droll,0.099383,2180590,623933,probe_analysis/gate_2f_flow,"run10-mg: arm A + LAOF flow decoder, unbounded smooth-L1 objective (lambda 1.51e-3); the arm the brain's mimicgen-flow-baseline page reports."
mimicgen,laof,alternate,mg_flowsl1_run10mg_45069925,45069925,45101211,70000,3119561,ridge,future_action_mean,4,dpitch,0.137073,2180590,623933,probe_analysis/gate_2f_flow,"run10-mg: arm A + LAOF flow decoder, unbounded smooth-L1 objective (lambda 1.51e-3); the arm the brain's mimicgen-flow-baseline page reports."
mimicgen,laof,alternate,mg_flowsl1_run10mg_45069925,45069925,45101211,70000,3119561,ridge,future_action_mean,5,dyaw,0.091299,2180590,623933,probe_analysis/gate_2f_flow,"run10-mg: arm A + LAOF flow decoder, unbounded smooth-L1 objective (lambda 1.51e-3); the arm the brain's mimicgen-flow-baseline page reports."
mimicgen,laof,alternate,mg_flowsl1_run10mg_45069925,45069925,45101211,70000,3119561,ridge,future_action_mean,6,gripper,0.074315,2180590,623933,probe_analysis/gate_2f_flow,"run10-mg: arm A + LAOF flow decoder, unbounded smooth-L1 objective (lambda 1.51e-3); the arm the brain's mimicgen-flow-baseline page reports."
mimicgen,dino,canonical,mg_dino_run7mg_44595589,44595589,,70000,3119561,mlp,current_action,-1,mean,0.517127,2180590,623933,probe_analysis/gate_2f_dino_ckpt070000,run7-mg: arm A with frozen DINOv3 tokenizer (UniVLA-style).
mimicgen,dino,canonical,mg_dino_run7mg_44595589,44595589,,70000,3119561,mlp,current_action,0,dx,0.615173,2180590,623933,probe_analysis/gate_2f_dino_ckpt070000,run7-mg: arm A with frozen DINOv3 tokenizer (UniVLA-style).
mimicgen,dino,canonical,mg_dino_run7mg_44595589,44595589,,70000,3119561,mlp,current_action,1,dy,0.877072,2180590,623933,probe_analysis/gate_2f_dino_ckpt070000,run7-mg: arm A with frozen DINOv3 tokenizer (UniVLA-style).
mimicgen,dino,canonical,mg_dino_run7mg_44595589,44595589,,70000,3119561,mlp,current_action,2,dz,0.813127,2180590,623933,probe_analysis/gate_2f_dino_ckpt070000,run7-mg: arm A with frozen DINOv3 tokenizer (UniVLA-style).
mimicgen,dino,canonical,mg_dino_run7mg_44595589,44595589,,70000,3119561,mlp,current_action,3,droll,0.212973,2180590,623933,probe_analysis/gate_2f_dino_ckpt070000,run7-mg: arm A with frozen DINOv3 tokenizer (UniVLA-style).
mimicgen,dino,canonical,mg_dino_run7mg_44595589,44595589,,70000,3119561,mlp,current_action,4,dpitch,0.253993,2180590,623933,probe_analysis/gate_2f_dino_ckpt070000,run7-mg: arm A with frozen DINOv3 tokenizer (UniVLA-style).
mimicgen,dino,canonical,mg_dino_run7mg_44595589,44595589,,70000,3119561,mlp,current_action,5,dyaw,0.310536,2180590,623933,probe_analysis/gate_2f_dino_ckpt070000,run7-mg: arm A with frozen DINOv3 tokenizer (UniVLA-style).
mimicgen,dino,canonical,mg_dino_run7mg_44595589,44595589,,70000,3119561,mlp,current_action,6,gripper,0.537014,2180590,623933,probe_analysis/gate_2f_dino_ckpt070000,run7-mg: arm A with frozen DINOv3 tokenizer (UniVLA-style).
mimicgen,dino,canonical,mg_dino_run7mg_44595589,44595589,,70000,3119561,mlp,future_action_mean,-1,mean,0.499583,2180590,623933,probe_analysis/gate_2f_dino_ckpt070000,run7-mg: arm A with frozen DINOv3 tokenizer (UniVLA-style).
mimicgen,dino,canonical,mg_dino_run7mg_44595589,44595589,,70000,3119561,mlp,future_action_mean,0,dx,0.508206,2180590,623933,probe_analysis/gate_2f_dino_ckpt070000,run7-mg: arm A with frozen DINOv3 tokenizer (UniVLA-style).
mimicgen,dino,canonical,mg_dino_run7mg_44595589,44595589,,70000,3119561,mlp,future_action_mean,1,dy,0.810720,2180590,623933,probe_analysis/gate_2f_dino_ckpt070000,run7-mg: arm A with frozen DINOv3 tokenizer (UniVLA-style).
mimicgen,dino,canonical,mg_dino_run7mg_44595589,44595589,,70000,3119561,mlp,future_action_mean,2,dz,0.812769,2180590,623933,probe_analysis/gate_2f_dino_ckpt070000,run7-mg: arm A with frozen DINOv3 tokenizer (UniVLA-style).
mimicgen,dino,canonical,mg_dino_run7mg_44595589,44595589,,70000,3119561,mlp,future_action_mean,3,droll,0.232840,2180590,623933,probe_analysis/gate_2f_dino_ckpt070000,run7-mg: arm A with frozen DINOv3 tokenizer (UniVLA-style).
mimicgen,dino,canonical,mg_dino_run7mg_44595589,44595589,,70000,3119561,mlp,future_action_mean,4,dpitch,0.268192,2180590,623933,probe_analysis/gate_2f_dino_ckpt070000,run7-mg: arm A with frozen DINOv3 tokenizer (UniVLA-style).
mimicgen,dino,canonical,mg_dino_run7mg_44595589,44595589,,70000,3119561,mlp,future_action_mean,5,dyaw,0.312573,2180590,623933,probe_analysis/gate_2f_dino_ckpt070000,run7-mg: arm A with frozen DINOv3 tokenizer (UniVLA-style).
mimicgen,dino,canonical,mg_dino_run7mg_44595589,44595589,,70000,3119561,mlp,future_action_mean,6,gripper,0.551777,2180590,623933,probe_analysis/gate_2f_dino_ckpt070000,run7-mg: arm A with frozen DINOv3 tokenizer (UniVLA-style).
mimicgen,dino,canonical,mg_dino_run7mg_44595589,44595589,,70000,3119561,ridge,current_action,-1,mean,0.342273,2180590,623933,probe_analysis/gate_2f_dino_ckpt070000,run7-mg: arm A with frozen DINOv3 tokenizer (UniVLA-style).
mimicgen,dino,canonical,mg_dino_run7mg_44595589,44595589,,70000,3119561,ridge,current_action,0,dx,0.368452,2180590,623933,probe_analysis/gate_2f_dino_ckpt070000,run7-mg: arm A with frozen DINOv3 tokenizer (UniVLA-style).
mimicgen,dino,canonical,mg_dino_run7mg_44595589,44595589,,70000,3119561,ridge,current_action,1,dy,0.821969,2180590,623933,probe_analysis/gate_2f_dino_ckpt070000,run7-mg: arm A with frozen DINOv3 tokenizer (UniVLA-style).
mimicgen,dino,canonical,mg_dino_run7mg_44595589,44595589,,70000,3119561,ridge,current_action,2,dz,0.749780,2180590,623933,probe_analysis/gate_2f_dino_ckpt070000,run7-mg: arm A with frozen DINOv3 tokenizer (UniVLA-style).
mimicgen,dino,canonical,mg_dino_run7mg_44595589,44595589,,70000,3119561,ridge,current_action,3,droll,0.133270,2180590,623933,probe_analysis/gate_2f_dino_ckpt070000,run7-mg: arm A with frozen DINOv3 tokenizer (UniVLA-style).
mimicgen,dino,canonical,mg_dino_run7mg_44595589,44595589,,70000,3119561,ridge,current_action,4,dpitch,0.148975,2180590,623933,probe_analysis/gate_2f_dino_ckpt070000,run7-mg: arm A with frozen DINOv3 tokenizer (UniVLA-style).
mimicgen,dino,canonical,mg_dino_run7mg_44595589,44595589,,70000,3119561,ridge,current_action,5,dyaw,0.083066,2180590,623933,probe_analysis/gate_2f_dino_ckpt070000,run7-mg: arm A with frozen DINOv3 tokenizer (UniVLA-style).
mimicgen,dino,canonical,mg_dino_run7mg_44595589,44595589,,70000,3119561,ridge,current_action,6,gripper,0.090398,2180590,623933,probe_analysis/gate_2f_dino_ckpt070000,run7-mg: arm A with frozen DINOv3 tokenizer (UniVLA-style).
mimicgen,dino,canonical,mg_dino_run7mg_44595589,44595589,,70000,3119561,ridge,future_action_mean,-1,mean,0.295682,2180590,623933,probe_analysis/gate_2f_dino_ckpt070000,run7-mg: arm A with frozen DINOv3 tokenizer (UniVLA-style).
mimicgen,dino,canonical,mg_dino_run7mg_44595589,44595589,,70000,3119561,ridge,future_action_mean,0,dx,0.214250,2180590,623933,probe_analysis/gate_2f_dino_ckpt070000,run7-mg: arm A with frozen DINOv3 tokenizer (UniVLA-style).
mimicgen,dino,canonical,mg_dino_run7mg_44595589,44595589,,70000,3119561,ridge,future_action_mean,1,dy,0.705453,2180590,623933,probe_analysis/gate_2f_dino_ckpt070000,run7-mg: arm A with frozen DINOv3 tokenizer (UniVLA-style).
mimicgen,dino,canonical,mg_dino_run7mg_44595589,44595589,,70000,3119561,ridge,future_action_mean,2,dz,0.737004,2180590,623933,probe_analysis/gate_2f_dino_ckpt070000,run7-mg: arm A with frozen DINOv3 tokenizer (UniVLA-style).
mimicgen,dino,canonical,mg_dino_run7mg_44595589,44595589,,70000,3119561,ridge,future_action_mean,3,droll,0.112059,2180590,623933,probe_analysis/gate_2f_dino_ckpt070000,run7-mg: arm A with frozen DINOv3 tokenizer (UniVLA-style).
mimicgen,dino,canonical,mg_dino_run7mg_44595589,44595589,,70000,3119561,ridge,future_action_mean,4,dpitch,0.127717,2180590,623933,probe_analysis/gate_2f_dino_ckpt070000,run7-mg: arm A with frozen DINOv3 tokenizer (UniVLA-style).
mimicgen,dino,canonical,mg_dino_run7mg_44595589,44595589,,70000,3119561,ridge,future_action_mean,5,dyaw,0.079840,2180590,623933,probe_analysis/gate_2f_dino_ckpt070000,run7-mg: arm A with frozen DINOv3 tokenizer (UniVLA-style).
mimicgen,dino,canonical,mg_dino_run7mg_44595589,44595589,,70000,3119561,ridge,future_action_mean,6,gripper,0.093447,2180590,623933,probe_analysis/gate_2f_dino_ckpt070000,run7-mg: arm A with frozen DINOv3 tokenizer (UniVLA-style).
mimicgen,lapa,canonical,mg_lapaft_run11mg_45041442,45041442,,70000,3119561,mlp,current_action,-1,mean,0.507317,2180590,623933,probe_analysis/gate_2f_lapaft_ckpt070000,run11-mg: arm A initialised from LAPA's Open-X checkpoint and finetuned.
mimicgen,lapa,canonical,mg_lapaft_run11mg_45041442,45041442,,70000,3119561,mlp,current_action,0,dx,0.605080,2180590,623933,probe_analysis/gate_2f_lapaft_ckpt070000,run11-mg: arm A initialised from LAPA's Open-X checkpoint and finetuned.
mimicgen,lapa,canonical,mg_lapaft_run11mg_45041442,45041442,,70000,3119561,mlp,current_action,1,dy,0.868187,2180590,623933,probe_analysis/gate_2f_lapaft_ckpt070000,run11-mg: arm A initialised from LAPA's Open-X checkpoint and finetuned.
mimicgen,lapa,canonical,mg_lapaft_run11mg_45041442,45041442,,70000,3119561,mlp,current_action,2,dz,0.794015,2180590,623933,probe_analysis/gate_2f_lapaft_ckpt070000,run11-mg: arm A initialised from LAPA's Open-X checkpoint and finetuned.
mimicgen,lapa,canonical,mg_lapaft_run11mg_45041442,45041442,,70000,3119561,mlp,current_action,3,droll,0.219692,2180590,623933,probe_analysis/gate_2f_lapaft_ckpt070000,run11-mg: arm A initialised from LAPA's Open-X checkpoint and finetuned.
mimicgen,lapa,canonical,mg_lapaft_run11mg_45041442,45041442,,70000,3119561,mlp,current_action,4,dpitch,0.253884,2180590,623933,probe_analysis/gate_2f_lapaft_ckpt070000,run11-mg: arm A initialised from LAPA's Open-X checkpoint and finetuned.
mimicgen,lapa,canonical,mg_lapaft_run11mg_45041442,45041442,,70000,3119561,mlp,current_action,5,dyaw,0.348187,2180590,623933,probe_analysis/gate_2f_lapaft_ckpt070000,run11-mg: arm A initialised from LAPA's Open-X checkpoint and finetuned.
mimicgen,lapa,canonical,mg_lapaft_run11mg_45041442,45041442,,70000,3119561,mlp,current_action,6,gripper,0.462171,2180590,623933,probe_analysis/gate_2f_lapaft_ckpt070000,run11-mg: arm A initialised from LAPA's Open-X checkpoint and finetuned.
mimicgen,lapa,canonical,mg_lapaft_run11mg_45041442,45041442,,70000,3119561,mlp,future_action_mean,-1,mean,0.479479,2180590,623933,probe_analysis/gate_2f_lapaft_ckpt070000,run11-mg: arm A initialised from LAPA's Open-X checkpoint and finetuned.
mimicgen,lapa,canonical,mg_lapaft_run11mg_45041442,45041442,,70000,3119561,mlp,future_action_mean,0,dx,0.474298,2180590,623933,probe_analysis/gate_2f_lapaft_ckpt070000,run11-mg: arm A initialised from LAPA's Open-X checkpoint and finetuned.
mimicgen,lapa,canonical,mg_lapaft_run11mg_45041442,45041442,,70000,3119561,mlp,future_action_mean,1,dy,0.797418,2180590,623933,probe_analysis/gate_2f_lapaft_ckpt070000,run11-mg: arm A initialised from LAPA's Open-X checkpoint and finetuned.
mimicgen,lapa,canonical,mg_lapaft_run11mg_45041442,45041442,,70000,3119561,mlp,future_action_mean,2,dz,0.793135,2180590,623933,probe_analysis/gate_2f_lapaft_ckpt070000,run11-mg: arm A initialised from LAPA's Open-X checkpoint and finetuned.
mimicgen,lapa,canonical,mg_lapaft_run11mg_45041442,45041442,,70000,3119561,mlp,future_action_mean,3,droll,0.231958,2180590,623933,probe_analysis/gate_2f_lapaft_ckpt070000,run11-mg: arm A initialised from LAPA's Open-X checkpoint and finetuned.
mimicgen,lapa,canonical,mg_lapaft_run11mg_45041442,45041442,,70000,3119561,mlp,future_action_mean,4,dpitch,0.241365,2180590,623933,probe_analysis/gate_2f_lapaft_ckpt070000,run11-mg: arm A initialised from LAPA's Open-X checkpoint and finetuned.
mimicgen,lapa,canonical,mg_lapaft_run11mg_45041442,45041442,,70000,3119561,mlp,future_action_mean,5,dyaw,0.347516,2180590,623933,probe_analysis/gate_2f_lapaft_ckpt070000,run11-mg: arm A initialised from LAPA's Open-X checkpoint and finetuned.
mimicgen,lapa,canonical,mg_lapaft_run11mg_45041442,45041442,,70000,3119561,mlp,future_action_mean,6,gripper,0.470662,2180590,623933,probe_analysis/gate_2f_lapaft_ckpt070000,run11-mg: arm A initialised from LAPA's Open-X checkpoint and finetuned.
mimicgen,lapa,canonical,mg_lapaft_run11mg_45041442,45041442,,70000,3119561,ridge,current_action,-1,mean,0.327371,2180590,623933,probe_analysis/gate_2f_lapaft_ckpt070000,run11-mg: arm A initialised from LAPA's Open-X checkpoint and finetuned.
mimicgen,lapa,canonical,mg_lapaft_run11mg_45041442,45041442,,70000,3119561,ridge,current_action,0,dx,0.403109,2180590,623933,probe_analysis/gate_2f_lapaft_ckpt070000,run11-mg: arm A initialised from LAPA's Open-X checkpoint and finetuned.
mimicgen,lapa,canonical,mg_lapaft_run11mg_45041442,45041442,,70000,3119561,ridge,current_action,1,dy,0.739547,2180590,623933,probe_analysis/gate_2f_lapaft_ckpt070000,run11-mg: arm A initialised from LAPA's Open-X checkpoint and finetuned.
mimicgen,lapa,canonical,mg_lapaft_run11mg_45041442,45041442,,70000,3119561,ridge,current_action,2,dz,0.689810,2180590,623933,probe_analysis/gate_2f_lapaft_ckpt070000,run11-mg: arm A initialised from LAPA's Open-X checkpoint and finetuned.
mimicgen,lapa,canonical,mg_lapaft_run11mg_45041442,45041442,,70000,3119561,ridge,current_action,3,droll,0.138148,2180590,623933,probe_analysis/gate_2f_lapaft_ckpt070000,run11-mg: arm A initialised from LAPA's Open-X checkpoint and finetuned.
mimicgen,lapa,canonical,mg_lapaft_run11mg_45041442,45041442,,70000,3119561,ridge,current_action,4,dpitch,0.179120,2180590,623933,probe_analysis/gate_2f_lapaft_ckpt070000,run11-mg: arm A initialised from LAPA's Open-X checkpoint and finetuned.
mimicgen,lapa,canonical,mg_lapaft_run11mg_45041442,45041442,,70000,3119561,ridge,current_action,5,dyaw,0.078294,2180590,623933,probe_analysis/gate_2f_lapaft_ckpt070000,run11-mg: arm A initialised from LAPA's Open-X checkpoint and finetuned.
mimicgen,lapa,canonical,mg_lapaft_run11mg_45041442,45041442,,70000,3119561,ridge,current_action,6,gripper,0.063572,2180590,623933,probe_analysis/gate_2f_lapaft_ckpt070000,run11-mg: arm A initialised from LAPA's Open-X checkpoint and finetuned.
mimicgen,lapa,canonical,mg_lapaft_run11mg_45041442,45041442,,70000,3119561,ridge,future_action_mean,-1,mean,0.281740,2180590,623933,probe_analysis/gate_2f_lapaft_ckpt070000,run11-mg: arm A initialised from LAPA's Open-X checkpoint and finetuned.
mimicgen,lapa,canonical,mg_lapaft_run11mg_45041442,45041442,,70000,3119561,ridge,future_action_mean,0,dx,0.246060,2180590,623933,probe_analysis/gate_2f_lapaft_ckpt070000,run11-mg: arm A initialised from LAPA's Open-X checkpoint and finetuned.
mimicgen,lapa,canonical,mg_lapaft_run11mg_45041442,45041442,,70000,3119561,ridge,future_action_mean,1,dy,0.621030,2180590,623933,probe_analysis/gate_2f_lapaft_ckpt070000,run11-mg: arm A initialised from LAPA's Open-X checkpoint and finetuned.
mimicgen,lapa,canonical,mg_lapaft_run11mg_45041442,45041442,,70000,3119561,ridge,future_action_mean,2,dz,0.685507,2180590,623933,probe_analysis/gate_2f_lapaft_ckpt070000,run11-mg: arm A initialised from LAPA's Open-X checkpoint and finetuned.
mimicgen,lapa,canonical,mg_lapaft_run11mg_45041442,45041442,,70000,3119561,ridge,future_action_mean,3,droll,0.131015,2180590,623933,probe_analysis/gate_2f_lapaft_ckpt070000,run11-mg: arm A initialised from LAPA's Open-X checkpoint and finetuned.
mimicgen,lapa,canonical,mg_lapaft_run11mg_45041442,45041442,,70000,3119561,ridge,future_action_mean,4,dpitch,0.145750,2180590,623933,probe_analysis/gate_2f_lapaft_ckpt070000,run11-mg: arm A initialised from LAPA's Open-X checkpoint and finetuned.
mimicgen,lapa,canonical,mg_lapaft_run11mg_45041442,45041442,,70000,3119561,ridge,future_action_mean,5,dyaw,0.073639,2180590,623933,probe_analysis/gate_2f_lapaft_ckpt070000,run11-mg: arm A initialised from LAPA's Open-X checkpoint and finetuned.
mimicgen,lapa,canonical,mg_lapaft_run11mg_45041442,45041442,,70000,3119561,ridge,future_action_mean,6,gripper,0.069180,2180590,623933,probe_analysis/gate_2f_lapaft_ckpt070000,run11-mg: arm A initialised from LAPA's Open-X checkpoint and finetuned.
