split,gr,tr,gh,th,task_r,task_h,dist,cos,mag_r,mag_h
train,0,175,1220,55,banana in basket,pink cup on pink plate,2.679,0.9538,33.6598,23.9751
train,0,205,1063,15,banana in basket,can on stove,3.5272,0.143,12.0249,8.8426
train,0,210,1064,15,banana in basket,can on stove,2.8353,0.872,22.361,9.9956
train,1,0,1299,75,banana in basket,white cup on grey plate,1.5108,0.6328,34.5613,2.9937
train,1,115,910,30,banana in basket,blue bowl on pink plate and yellow brick in blue bowl,3.2216,0.94,11.3346,7.1345
train,1,140,1038,305,banana in basket,red brick on pink plate and blue brick on pink plate,3.1753,0.9123,26.9999,14.9578
train,1,145,1025,285,banana in basket,red brick on pink plate and blue brick on pink plate,3.0134,-0.9691,19.3117,19.9374
train,1,150,1025,285,banana in basket,red brick on pink plate and blue brick on pink plate,2.7155,-0.9679,28.4114,19.9374
train,1,155,1190,120,banana in basket,pink cup in basket,2.5265,0.9968,23.0593,24.3076
train,1,165,728,75,banana in basket,banana in basket,2.8714,0.8305,30.5469,9.2115
train,1,190,988,165,banana in basket,open drawer and blue brick in drawer and close drawer,4.2909,-0.3644,9.8755,18.3971
train,2,140,1038,310,banana in basket,red brick on pink plate and blue brick on pink plate,2.9236,0.7676,15.2994,17.938
train,2,145,924,90,banana in basket,blue brick between pink cup and basket,2.6981,0.4209,18.2277,20.8689
train,2,155,924,95,banana in basket,blue brick between pink cup and basket,2.5201,0.8219,16.8432,12.2437
train,2,190,1063,15,banana in basket,can on stove,3.5017,-0.7992,11.9999,8.8426
train,2,200,700,30,banana in basket,banana in basket,2.8996,-0.4822,22.65,5.9275
train,3,175,1179,65,banana in basket,pink cup in basket,2.2406,0.991,16.8241,19.8557
train,3,210,702,30,banana in basket,banana in basket,3.0194,-0.9757,13.4846,16.7655
train,4,150,998,190,banana in basket,open drawer and blue brick in drawer and close drawer,2.4481,-0.2457,25.5219,16.783
train,4,155,1172,135,banana in basket,pink cup in basket,2.2792,-0.3492,19.2146,18.8153
train,5,30,940,30,banana in basket,blue brick between pink cup and basket,3.876,0.7322,10.9211,2.0369
train,5,160,1179,130,banana in basket,pink cup in basket,2.5569,0.9562,17.776,34.2798
train,6,30,688,50,banana in basket,banana in basket,3.9534,0.4761,13.7848,53.4495
train,6,45,1255,90,banana in basket,push pink cup,3.4636,-0.9788,30.1175,7.0621
train,6,55,1012,115,banana in basket,blue brick on red brick,2.9466,-0.8502,38.3399,29.1612
train,6,70,1179,135,banana in basket,pink cup in basket,2.3759,0.9966,21.8352,29.297
train,6,85,924,105,banana in basket,blue brick between pink cup and basket,3.3685,-0.0952,40.037,29.835
train,6,110,779,95,banana in basket,banana in basket,3.1673,0.9842,17.0266,21.8738
train,6,115,779,100,banana in basket,banana in basket,2.692,0.9263,17.9349,3.4427
train,6,120,779,105,banana in basket,banana in basket,2.5122,0.4843,11.6682,1.5455
train,6,125,779,110,banana in basket,banana in basket,2.4982,0.6706,29.2409,0.2805
train,7,15,929,25,banana in basket,blue brick between pink cup and basket,4.0982,0.7793,11.6533,25.4194
train,7,25,1255,75,banana in basket,push pink cup,5.0348,0.9982,12.1517,20.2362
train,7,40,931,160,banana in basket,blue brick between pink cup and basket,4.4482,0.041,30.0442,13.2871
train,7,45,1014,75,banana in basket,blue brick on red brick,3.9294,-0.815,20.8816,27.4338
train,7,55,901,325,banana in basket,blue bowl on pink plate and yellow brick in blue bowl,2.6475,0.8586,31.712,22.5305
train,7,65,1173,140,banana in basket,pink cup in basket,2.2874,0.5656,30.3547,17.6931
train,7,70,1173,140,banana in basket,pink cup in basket,2.2156,0.5673,22.581,17.6931
train,7,90,1209,65,banana in basket,pink cup next to drawer,2.6298,0.9859,37.0433,17.9103
train,7,95,1023,225,banana in basket,red brick on pink plate and blue brick on pink plate,2.9943,-0.951,16.4255,28.5123
train,7,130,779,110,banana in basket,banana in basket,2.4728,0.6071,32.452,0.2805
train,8,35,929,40,banana in basket,blue brick between pink cup and basket,3.8405,-0.8306,8.8617,14.8868
train,8,45,714,160,banana in basket,banana in basket,3.6217,0.9748,23.8158,29.934
train,8,60,1179,130,banana in basket,pink cup in basket,2.2709,0.7941,25.4146,34.2798
train,8,70,1183,130,banana in basket,pink cup in basket,2.0284,0.3395,21.6781,16.8742
train,8,75,1179,60,banana in basket,pink cup in basket,2.1579,-0.896,16.9907,4.0485
train,8,80,688,80,banana in basket,banana in basket,2.6622,0.5484,32.3978,16.5004
train,8,85,924,105,banana in basket,blue brick between pink cup and basket,3.2895,-0.3586,29.0664,29.835
train,8,90,1027,90,banana in basket,red brick on pink plate and blue brick on pink plate,3.3865,0.6094,21.1071,13.3828
train,8,95,1027,95,banana in basket,red brick on pink plate and blue brick on pink plate,3.4247,-0.6228,22.5122,5.8583
train,8,100,1027,100,banana in basket,red brick on pink plate and blue brick on pink plate,3.4662,-0.9675,25.4246,4.6106
train,8,105,1027,105,banana in basket,red brick on pink plate and blue brick on pink plate,3.3729,0.951,21.8387,18.8499
train,8,115,779,105,banana in basket,banana in basket,2.7649,0.9539,28.2113,1.5455
train,8,120,933,100,banana in basket,blue brick between pink cup and basket,2.4665,0.2964,25.3664,5.0191
train,9,70,1179,130,banana in basket,pink cup in basket,2.4987,0.6064,17.9186,34.2798
train,9,80,1179,130,banana in basket,pink cup in basket,2.4558,0.6871,16.0679,34.2798
train,9,85,1190,120,banana in basket,pink cup in basket,2.3629,0.9414,32.159,24.3076
train,9,90,998,190,banana in basket,open drawer and blue brick in drawer and close drawer,2.2103,-0.2852,22.553,16.783
train,9,95,998,195,banana in basket,open drawer and blue brick in drawer and close drawer,2.1217,-0.6932,13.7715,17.9143
train,9,100,998,195,banana in basket,open drawer and blue brick in drawer and close drawer,2.0502,-1.0,9.8777,17.9143
train,9,120,924,100,banana in basket,blue brick between pink cup and basket,2.488,0.4247,46.105,38.1124
train,9,125,924,105,banana in basket,blue brick between pink cup and basket,2.7969,0.1038,18.2035,29.835
train,9,140,1027,100,banana in basket,red brick on pink plate and blue brick on pink plate,3.1677,0.746,8.7429,4.6106
train,9,145,1027,105,banana in basket,red brick on pink plate and blue brick on pink plate,3.2668,-0.9991,13.2207,18.8499
train,9,155,779,105,banana in basket,banana in basket,2.6298,0.9992,30.6858,1.5455
train,10,70,1038,305,banana in basket,red brick on pink plate and blue brick on pink plate,2.722,-0.3342,13.0705,14.9578
train,10,75,1038,310,banana in basket,red brick on pink plate and blue brick on pink plate,2.6132,-0.74,16.2496,17.938
train,10,80,1187,100,banana in basket,pink cup in basket,2.6809,-0.8733,16.2255,14.8174
train,10,85,1175,160,banana in basket,pink cup in basket,2.5767,0.9917,32.4021,39.8135
train,10,90,1179,130,banana in basket,pink cup in basket,2.5217,0.9348,26.0871,34.2798
train,10,95,998,190,banana in basket,open drawer and blue brick in drawer and close drawer,2.3754,-0.2009,15.9854,16.783
train,10,100,998,195,banana in basket,open drawer and blue brick in drawer and close drawer,2.2682,0.1947,20.6043,17.9143
train,10,105,998,195,banana in basket,open drawer and blue brick in drawer and close drawer,2.2263,0.2342,18.2015,17.9143
train,10,120,924,100,banana in basket,blue brick between pink cup and basket,2.7422,0.9917,8.8106,38.1124
train,10,125,924,105,banana in basket,blue brick between pink cup and basket,3.0586,-0.3742,18.7636,29.835
train,10,130,924,110,banana in basket,blue brick between pink cup and basket,3.1872,0.5161,13.9398,8.3372
train,10,135,924,115,banana in basket,blue brick between pink cup and basket,3.4285,0.1047,20.1952,14.9725
train,10,140,924,120,banana in basket,blue brick between pink cup and basket,3.6969,0.6681,13.2312,11.3115
train,10,145,1027,100,banana in basket,red brick on pink plate and blue brick on pink plate,3.6376,-0.8313,15.9069,4.6106
train,10,160,936,40,banana in basket,blue brick between pink cup and basket,2.6169,0.7258,31.9661,1.7902
train,12,45,994,185,banana in basket,open drawer and blue brick in drawer and close drawer,3.5242,0.9708,22.237,32.4968
train,12,50,1254,100,banana in basket,push pink cup,3.1745,0.342,26.9546,40.6118
train,12,60,1038,305,banana in basket,red brick on pink plate and blue brick on pink plate,2.6185,0.6548,25.4554,14.9578
train,12,65,1038,305,banana in basket,red brick on pink plate and blue brick on pink plate,2.6639,0.8935,30.1929,14.9578
train,12,70,1171,115,banana in basket,pink cup in basket,2.5861,0.2423,31.5242,25.0489
train,12,75,901,315,banana in basket,blue bowl on pink plate and yellow brick in blue bowl,2.3317,0.9129,30.1232,21.9642
train,12,80,901,320,banana in basket,blue bowl on pink plate and yellow brick in blue bowl,2.2204,0.891,27.552,21.1864
train,12,85,1173,145,banana in basket,pink cup in basket,2.2221,0.4942,31.7017,16.0426
train,12,95,1225,70,banana in basket,pink cup on pink plate,2.6611,0.9907,24.083,18.4441
train,12,100,1209,65,banana in basket,pink cup next to drawer,3.4755,0.7165,29.4142,17.9103
train,12,105,924,105,banana in basket,blue brick between pink cup and basket,4.0378,-0.9031,28.3351,29.835
train,12,110,924,110,banana in basket,blue brick between pink cup and basket,4.3441,-0.5956,21.8336,8.3372
train,12,115,929,80,banana in basket,blue brick between pink cup and basket,4.4603,-0.9107,23.7827,14.1763
train,12,120,929,80,banana in basket,blue brick between pink cup and basket,4.5459,-0.9993,22.5771,14.1763
train,12,125,1026,105,banana in basket,red brick on pink plate and blue brick on pink plate,4.3269,0.3382,9.2275,12.8933
train,12,130,934,80,banana in basket,blue brick between pink cup and basket,3.6771,0.1485,31.2033,44.8372
train,12,135,934,85,banana in basket,blue brick between pink cup and basket,3.3164,-0.2051,34.7623,32.8361
train,12,140,1040,110,banana in basket,red brick on pink plate and blue brick on pink plate,3.2921,-0.9973,27.037,21.3739
train,12,150,1025,285,banana in basket,red brick on pink plate and blue brick on pink plate,2.9093,-0.774,22.5723,19.9374
train,12,155,1025,290,banana in basket,red brick on pink plate and blue brick on pink plate,2.6649,0.9622,22.0483,16.0309
train,12,165,981,330,banana in basket,open drawer and blue brick in drawer and close drawer,2.291,0.1087,21.4977,14.4032
train,12,195,1195,10,banana in basket,pink cup next to drawer,3.0071,-0.6716,26.6403,6.2431
train,13,195,994,165,banana in basket,open drawer and blue brick in drawer and close drawer,2.8076,0.2912,23.6093,8.9243
train,14,120,1011,100,banana in basket,blue brick on red brick,1.8212,-0.0066,14.4532,27.6335
train,14,145,988,155,banana in basket,open drawer and blue brick in drawer and close drawer,2.6819,0.9144,10.0079,26.0599
train,15,80,1013,130,banana in basket,blue brick on red brick,2.6628,0.1292,16.1962,27.4624
train,15,85,1183,130,banana in basket,pink cup in basket,2.4992,0.4111,17.5075,16.8742
train,15,125,1443,75,banana in basket,yellow brick on blue brick,2.7234,0.5258,14.3875,15.7322
train,15,130,953,110,banana in basket,blue brick in basket,3.0603,-0.1545,18.2211,35.4628
train,15,135,926,80,banana in basket,blue brick between pink cup and basket,3.0451,-0.1173,19.7891,28.628
train,15,140,926,85,banana in basket,blue brick between pink cup and basket,3.2022,0.0437,31.3034,28.9881
train,15,145,926,90,banana in basket,blue brick between pink cup and basket,3.1937,0.053,27.7062,26.3804
train,16,40,1160,25,banana in basket,open drawer,3.105,0.9946,12.9545,24.2514
train,16,70,1445,165,banana in basket,yellow brick on blue brick,2.0807,0.4291,23.5623,11.6734
train,16,100,926,80,banana in basket,blue brick between pink cup and basket,3.1252,-0.1833,23.2363,28.628
train,16,105,926,85,banana in basket,blue brick between pink cup and basket,3.3848,0.1443,21.1865,28.9881
train,16,110,926,90,banana in basket,blue brick between pink cup and basket,3.2818,0.0669,27.4252,26.3804
train,16,115,779,100,banana in basket,banana in basket,3.0675,0.8643,27.6958,3.4427
train,16,125,933,90,banana in basket,blue brick between pink cup and basket,2.4448,0.9959,25.9409,18.9659
train,17,55,1039,230,banana in basket,red brick on pink plate and blue brick on pink plate,2.9217,-0.575,15.3435,16.5877
train,17,70,981,325,banana in basket,open drawer and blue brick in drawer and close drawer,2.099,-0.3509,27.0604,18.9285
train,17,75,998,195,banana in basket,open drawer and blue brick in drawer and close drawer,1.9883,-0.5664,19.2669,17.9143
train,17,80,998,195,banana in basket,open drawer and blue brick in drawer and close drawer,1.9424,-0.9137,9.506,17.9143
train,17,100,1225,70,banana in basket,pink cup on pink plate,1.8939,0.9949,12.7508,18.4441
train,17,105,1225,70,banana in basket,pink cup on pink plate,2.2295,0.8905,20.3521,18.4441
train,17,110,1225,75,banana in basket,pink cup on pink plate,2.4917,0.509,10.4151,33.1667
train,17,125,911,240,banana in basket,blue bowl on pink plate and yellow brick in blue bowl,3.039,0.4453,10.0557,4.6195
train,17,140,914,140,banana in basket,blue bowl on pink plate and yellow brick in blue bowl,2.4135,-0.1133,29.7985,1.1998
train,18,60,981,325,banana in basket,open drawer and blue brick in drawer and close drawer,1.8725,0.0163,26.5391,18.9285
train,18,80,1225,70,banana in basket,pink cup on pink plate,1.6953,0.9645,16.3864,18.4441
train,18,90,1225,75,banana in basket,pink cup on pink plate,2.1997,0.8066,37.6964,33.1667
train,18,100,1225,85,banana in basket,pink cup on pink plate,2.7214,0.5856,12.0838,30.4518
train,18,110,1039,270,banana in basket,red brick on pink plate and blue brick on pink plate,3.1295,-0.816,40.0128,7.573
train,18,120,1435,175,banana in basket,yellow brick on blue brick,2.6906,0.9032,27.4008,10.9329
train,18,125,1435,175,banana in basket,yellow brick on blue brick,2.6154,0.9828,35.8453,10.9329
train,19,5,936,20,banana in basket,blue brick between pink cup and basket,1.9303,-0.8814,23.3539,5.5329
train,19,175,983,235,banana in basket,open drawer and blue brick in drawer and close drawer,2.6968,0.018,17.1103,28.7613
train,19,195,1209,15,banana in basket,pink cup next to drawer,3.6839,0.9534,26.3309,4.6235
train,20,135,1039,235,banana in basket,red brick on pink plate and blue brick on pink plate,2.0515,0.2978,20.8383,21.2796
train,20,145,1022,265,banana in basket,red brick on pink plate and blue brick on pink plate,2.4807,0.8249,8.1543,8.8858
train,20,155,1040,205,banana in basket,red brick on pink plate and blue brick on pink plate,3.1424,-0.9929,10.4264,7.5507
train,20,160,1209,10,banana in basket,pink cup next to drawer,3.3464,-0.0617,8.2736,1.5868
train,20,165,1209,15,banana in basket,pink cup next to drawer,3.5557,-0.6167,9.7735,4.6235
train,21,65,981,330,banana in basket,open drawer and blue brick in drawer and close drawer,2.0992,0.2725,29.2877,14.4032
train,21,90,1225,75,banana in basket,pink cup on pink plate,2.5675,0.9874,44.4819,33.1667
train,21,95,938,85,banana in basket,blue brick between pink cup and basket,2.7,0.0467,23.1741,9.5767
train,21,100,773,60,banana in basket,banana in basket,2.7857,-0.961,26.4755,13.4711
train,21,105,929,80,banana in basket,blue brick between pink cup and basket,3.1136,-0.9973,27.9196,14.1763
train,21,110,934,75,banana in basket,blue brick between pink cup and basket,3.154,0.2906,27.168,16.7523
train,21,125,933,95,banana in basket,blue brick between pink cup and basket,2.6576,0.8481,11.4392,13.1299
train,22,15,762,45,banana in basket,banana in basket,3.237,0.9397,8.8547,7.2639
train,22,35,1255,85,banana in basket,push pink cup,3.8245,0.5673,17.6887,16.807
train,22,40,1255,90,banana in basket,push pink cup,3.628,0.9282,27.4604,7.0621
train,22,45,1255,90,banana in basket,push pink cup,3.4666,-0.5071,16.4873,7.0621
train,22,50,1255,95,banana in basket,push pink cup,3.1342,-0.8719,8.8925,8.4399
train,22,55,1039,230,banana in basket,red brick on pink plate and blue brick on pink plate,2.7243,-0.4656,35.3313,16.5877
train,22,60,1039,230,banana in basket,red brick on pink plate and blue brick on pink plate,2.5442,-0.3683,38.7343,16.5877
train,22,65,1039,235,banana in basket,red brick on pink plate and blue brick on pink plate,2.4616,0.1361,25.0044,21.2796
train,22,75,924,100,banana in basket,blue brick between pink cup and basket,2.6396,0.9746,35.2109,38.1124
train,22,165,1187,55,banana in basket,pink cup in basket,2.5665,-0.689,8.2541,12.2729
train,24,50,1255,85,banana in basket,push pink cup,3.669,-0.222,15.2866,16.807
train,24,55,1255,90,banana in basket,push pink cup,3.6312,-0.8296,31.3032,7.0621
train,24,60,1441,80,banana in basket,yellow brick on blue brick,3.4684,-0.0024,18.2163,7.4443
train,24,65,1187,95,banana in basket,pink cup in basket,3.1777,-0.5335,27.1782,16.0218
train,24,70,1171,105,banana in basket,pink cup in basket,2.9963,-0.7253,22.2454,23.7011
train,24,80,1171,115,banana in basket,pink cup in basket,2.752,0.4065,25.1695,25.0489
train,24,85,1171,120,banana in basket,pink cup in basket,2.6929,0.3314,26.3897,20.8796
train,24,95,701,105,banana in basket,banana in basket,2.9957,0.5774,26.1856,13.1703
train,24,100,924,105,banana in basket,blue brick between pink cup and basket,3.4636,0.1635,19.0299,29.835
train,24,135,779,105,banana in basket,banana in basket,2.4377,0.9925,47.8657,1.5455
train,24,140,905,185,banana in basket,blue bowl on pink plate and yellow brick in blue bowl,2.3695,0.885,43.0425,3.4268
train,27,45,1039,225,banana in basket,red brick on pink plate and blue brick on pink plate,3.6782,-0.6767,14.8152,30.2443
train,27,50,1039,230,banana in basket,red brick on pink plate and blue brick on pink plate,3.1895,-0.983,10.2215,16.5877
train,27,65,1190,120,banana in basket,pink cup in basket,2.1244,0.0993,47.609,24.3076
train,27,70,1190,125,banana in basket,pink cup in basket,1.9404,0.3019,29.0071,23.2254
train,27,90,953,110,banana in basket,blue brick in basket,2.4868,-0.2749,14.5944,35.4628
train,28,5,762,35,banana in basket,banana in basket,2.4075,0.8658,14.1863,4.5751
train,28,15,762,45,banana in basket,banana in basket,2.9132,0.3789,15.1112,7.2639
train,28,35,1255,85,banana in basket,push pink cup,3.7484,0.4239,20.2994,16.807
train,28,40,1255,90,banana in basket,push pink cup,3.5826,-0.6336,16.7561,7.0621
train,28,45,924,80,banana in basket,blue brick between pink cup and basket,3.3605,0.459,10.3999,8.9011
train,28,50,924,85,banana in basket,blue brick between pink cup and basket,2.9172,-0.9999,23.6961,23.0301
train,28,55,1039,235,banana in basket,red brick on pink plate and blue brick on pink plate,2.5683,0.441,31.7912,21.2796
train,28,60,1039,240,banana in basket,red brick on pink plate and blue brick on pink plate,2.5053,0.9493,16.0182,6.6786
train,28,65,924,100,banana in basket,blue brick between pink cup and basket,2.7485,0.7879,14.1243,38.1124
train,28,70,924,105,banana in basket,blue brick between pink cup and basket,3.0564,-0.0793,25.8674,29.835
train,28,90,779,90,banana in basket,banana in basket,3.3512,-0.6248,19.4226,25.3276
train,28,100,779,105,banana in basket,banana in basket,2.3235,-0.7561,12.8215,1.5455
train,28,105,914,145,banana in basket,blue bowl on pink plate and yellow brick in blue bowl,2.073,0.9184,10.5413,8.0716
train,30,140,1027,90,banana in basket,red brick on pink plate and blue brick on pink plate,2.9113,0.3334,9.8516,13.3828
train,31,125,1204,130,banana in basket,pink cup next to drawer,2.9079,-0.0308,29.7664,45.7754
train,31,130,1204,120,banana in basket,pink cup next to drawer,2.6909,0.99,12.2386,19.6905
train,31,140,1171,105,banana in basket,pink cup in basket,2.5962,-0.968,35.0597,23.7011
train,31,145,1171,105,banana in basket,pink cup in basket,2.556,-0.9174,31.555,23.7011
train,31,150,1171,105,banana in basket,pink cup in basket,2.5786,-0.4344,38.6983,23.7011
train,31,155,1173,135,banana in basket,pink cup in basket,2.5532,0.4873,40.6965,25.4761
train,31,165,1172,135,banana in basket,pink cup in basket,2.4527,0.0083,23.3161,18.8153
train,31,175,924,100,banana in basket,blue brick between pink cup and basket,3.0949,0.8765,26.0836,38.1124
train,31,180,924,105,banana in basket,blue brick between pink cup and basket,3.4901,0.7147,25.6845,29.835
train,31,185,924,110,banana in basket,blue brick between pink cup and basket,3.7217,0.4536,25.2737,8.3372
train,31,190,924,115,banana in basket,blue brick between pink cup and basket,3.9452,0.9535,37.0453,14.9725
train,32,45,1255,80,banana in basket,push pink cup,4.4299,0.6712,29.015,22.3484
train,32,55,1255,90,banana in basket,push pink cup,4.0135,0.8896,19.8613,7.0621
train,32,65,1255,95,banana in basket,push pink cup,3.3587,-0.8994,34.487,8.4399
train,32,70,1441,85,banana in basket,yellow brick on blue brick,2.872,0.0035,15.6822,2.982
train,32,75,701,100,banana in basket,banana in basket,2.7562,-0.8164,9.164,8.1272
train,32,80,701,100,banana in basket,banana in basket,2.85,-0.1585,21.0334,8.1272
train,32,85,779,65,banana in basket,banana in basket,3.2456,-0.9857,39.734,12.7846
train,32,90,924,105,banana in basket,blue brick between pink cup and basket,3.6513,0.4384,14.8849,29.835
train,32,100,694,110,banana in basket,banana in basket,3.8248,-0.8468,10.9783,7.725
train,32,110,694,120,banana in basket,banana in basket,3.7601,-0.9981,17.0074,6.5888
train,32,115,779,95,banana in basket,banana in basket,3.4307,-0.5697,8.7075,21.8738
train,32,120,918,115,banana in basket,blue bowl on pink plate and yellow brick in blue bowl,2.6583,0.0437,15.4499,13.6349
train,33,165,1225,70,banana in basket,pink cup on pink plate,1.9141,0.9819,23.5381,18.4441
train,33,185,1040,215,banana in basket,red brick on pink plate and blue brick on pink plate,3.1611,-0.0049,20.2329,11.0322
train,33,190,1195,15,banana in basket,pink cup next to drawer,3.1641,0.0674,18.2026,11.8604
train,34,35,929,35,banana in basket,blue brick between pink cup and basket,3.8747,-0.5394,17.1184,14.0477
train,34,50,1255,85,banana in basket,push pink cup,3.5675,0.1177,25.0123,16.807
train,34,55,1254,100,banana in basket,push pink cup,3.1459,0.3403,33.3814,40.6118
train,34,65,1254,110,banana in basket,push pink cup,2.6524,0.3147,16.535,10.7991
train,34,75,1184,175,banana in basket,pink cup in basket,2.4119,0.3186,29.2409,25.5833
train,34,80,1171,115,banana in basket,pink cup in basket,2.2722,0.7999,27.2543,25.0489
train,34,85,1173,140,banana in basket,pink cup in basket,2.1693,0.1989,15.6242,17.6931
train,34,95,924,100,banana in basket,blue brick between pink cup and basket,2.9424,0.941,36.7258,38.1124
train,34,100,924,105,banana in basket,blue brick between pink cup and basket,3.38,-0.4423,18.1417,29.835
train,34,120,924,125,banana in basket,blue brick between pink cup and basket,3.8729,0.8962,9.2147,8.1855
train,34,135,779,105,banana in basket,banana in basket,2.6252,0.9978,15.7851,1.5455
train,34,200,1040,205,banana in basket,red brick on pink plate and blue brick on pink plate,2.5564,-0.7417,8.9067,7.5507
train,35,160,1209,60,banana in basket,pink cup next to drawer,2.112,0.9986,21.1788,13.7875
train,36,160,1209,60,banana in basket,pink cup next to drawer,2.3282,0.9997,17.5496,13.7875
train,36,185,1209,15,banana in basket,pink cup next to drawer,2.9064,0.9178,26.4908,4.6235
train,36,190,1195,15,banana in basket,pink cup next to drawer,2.7936,-0.2524,28.0241,11.8604
train,37,35,1037,35,banana in basket,red brick on pink plate and blue brick on pink plate,3.4149,0.6927,10.0544,23.5563
train,37,40,1160,25,banana in basket,open drawer,3.5447,0.4349,8.5077,24.2514
train,37,45,1177,100,banana in basket,pink cup in basket,3.4741,-0.9814,23.4917,15.9036
train,37,50,1254,90,banana in basket,push pink cup,3.5248,-0.9482,17.6799,23.1211
train,37,60,1255,90,banana in basket,push pink cup,3.1285,-0.7961,25.9892,7.0621
train,37,65,1187,100,banana in basket,pink cup in basket,2.9706,-0.9893,26.3702,14.8174
train,37,70,1039,230,banana in basket,red brick on pink plate and blue brick on pink plate,2.7718,0.4452,21.8628,16.5877
train,37,75,1039,235,banana in basket,red brick on pink plate and blue brick on pink plate,2.6995,0.457,36.2341,21.2796
train,37,90,924,105,banana in basket,blue brick between pink cup and basket,3.4503,0.3321,23.3441,29.835
train,37,110,1036,235,banana in basket,red brick on pink plate and blue brick on pink plate,3.7853,0.2448,9.864,6.8094
train,37,120,779,105,banana in basket,banana in basket,2.8317,0.9801,27.3733,1.5455
train,38,60,714,145,banana in basket,banana in basket,4.4941,0.7669,9.1881,20.4207
train,38,70,1255,85,banana in basket,push pink cup,4.2775,-0.859,26.1673,16.807
train,38,80,727,90,banana in basket,banana in basket,3.4634,-0.8634,26.4186,32.7126
train,38,85,1254,110,banana in basket,push pink cup,3.1166,0.0964,24.5023,10.7991
train,38,90,1171,120,banana in basket,pink cup in basket,2.7002,0.26,28.8549,20.8796
train,38,100,701,100,banana in basket,banana in basket,2.7689,0.6411,34.1261,8.1272
train,38,105,701,105,banana in basket,banana in basket,3.0699,0.9081,24.8504,13.1703
train,38,110,924,105,banana in basket,blue brick between pink cup and basket,3.6519,-0.092,19.2186,29.835
train,38,130,1036,235,banana in basket,red brick on pink plate and blue brick on pink plate,4.0367,0.8427,15.4757,6.8094
train,38,140,934,80,banana in basket,blue brick between pink cup and basket,3.4746,0.2023,25.2202,44.8372
train,38,145,934,85,banana in basket,blue brick between pink cup and basket,3.0312,-0.341,27.0444,32.8361
train,38,150,1040,110,banana in basket,red brick on pink plate and blue brick on pink plate,2.7937,-0.8995,11.3357,21.3739
train,39,185,1038,310,banana in basket,red brick on pink plate and blue brick on pink plate,2.3616,0.8038,28.3283,17.938
train,39,190,1186,145,banana in basket,pink cup in basket,2.2628,0.8696,15.2256,16.9842
train,39,210,1179,65,banana in basket,pink cup in basket,1.9283,-0.8863,20.5611,19.8557
train,39,240,1032,170,banana in basket,red brick on pink plate and blue brick on pink plate,1.9372,0.9846,27.9946,9.9865
train,39,245,1032,175,banana in basket,red brick on pink plate and blue brick on pink plate,1.9529,-0.3711,31.0823,1.1431
train,40,110,1198,135,banana in basket,pink cup next to drawer,2.3858,0.9322,16.2906,33.0749
train,40,115,1037,235,banana in basket,red brick on pink plate and blue brick on pink plate,2.2153,0.0093,22.7624,16.8687
train,41,15,929,25,banana in basket,blue brick between pink cup and basket,2.743,-0.9941,29.0956,25.4194
train,41,40,994,185,banana in basket,open drawer and blue brick in drawer and close drawer,3.2509,-0.0328,25.8959,32.4968
train,41,60,1179,135,banana in basket,pink cup in basket,2.6367,0.5671,27.8798,29.297
train,41,65,929,60,banana in basket,blue brick between pink cup and basket,3.0292,-0.158,35.6532,21.6751
train,41,70,929,65,banana in basket,blue brick between pink cup and basket,3.2899,0.6745,21.29,17.5763
train,41,75,924,110,banana in basket,blue brick between pink cup and basket,3.7299,0.474,25.4536,8.3372
train,41,80,924,110,banana in basket,blue brick between pink cup and basket,3.762,-0.7987,8.7637,8.3372
train,41,85,779,80,banana in basket,banana in basket,4.0303,-0.1026,10.0005,4.0373
train,41,90,779,90,banana in basket,banana in basket,3.8892,-0.7963,15.2937,25.3276
train,41,95,926,90,banana in basket,blue brick between pink cup and basket,3.382,0.3588,14.8216,26.3804
train,41,100,779,100,banana in basket,banana in basket,2.9883,0.9154,22.5563,3.4427
train,41,160,988,155,banana in basket,open drawer and blue brick in drawer and close drawer,2.4495,0.552,8.4139,26.0599
train,42,10,762,40,banana in basket,banana in basket,2.8657,-0.8377,9.4152,3.1436
train,42,30,1255,75,banana in basket,push pink cup,4.9015,0.5486,10.7427,20.2362
train,42,35,1255,80,banana in basket,push pink cup,4.7941,0.2813,23.096,22.3484
train,42,40,1255,85,banana in basket,push pink cup,4.8244,0.3835,25.4039,16.807
train,42,45,1255,90,banana in basket,push pink cup,4.5776,-0.4079,23.7678,7.0621
train,42,65,1039,235,banana in basket,red brick on pink plate and blue brick on pink plate,2.4683,-0.145,27.9446,21.2796
train,42,75,1225,70,banana in basket,pink cup on pink plate,2.3397,0.7462,15.9479,18.4441
train,42,80,924,100,banana in basket,blue brick between pink cup and basket,2.7076,0.8972,38.1613,38.1124
train,42,120,905,180,banana in basket,blue bowl on pink plate and yellow brick in blue bowl,2.5974,-0.8711,20.2186,13.2829
train,43,125,1198,130,banana in basket,pink cup next to drawer,2.6024,0.5156,19.4973,28.831
train,44,0,1179,65,banana in basket,pink cup in basket,1.3422,0.9982,29.0306,19.8557
train,44,85,1186,150,banana in basket,pink cup in basket,1.5304,0.5584,15.0789,16.3748
train,44,105,929,70,banana in basket,blue brick between pink cup and basket,2.8094,-0.8571,16.2857,29.4665
train,44,175,1153,120,banana in basket,open drawer,2.3062,0.1994,20.769,6.414
train,44,180,1153,120,banana in basket,open drawer,2.2381,-0.0018,18.6816,6.414
train,44,185,1197,155,banana in basket,pink cup next to drawer,2.2182,0.9027,19.4724,17.605
train,44,190,1197,155,banana in basket,pink cup next to drawer,2.1817,0.9327,26.4203,17.605
train,44,195,1025,285,banana in basket,red brick on pink plate and blue brick on pink plate,2.206,-0.9337,30.0598,19.9374
train,44,200,1025,290,banana in basket,red brick on pink plate and blue brick on pink plate,2.1096,0.9181,24.5836,16.0309
train,44,215,1209,65,banana in basket,pink cup next to drawer,2.4255,-0.841,10.6139,17.9103
train,44,230,1220,5,banana in basket,pink cup on pink plate,3.1148,0.6539,9.2618,6.1477
train,44,250,1032,175,banana in basket,red brick on pink plate and blue brick on pink plate,2.4502,0.7632,22.3209,1.1431
train,45,230,1038,170,banana in basket,red brick on pink plate and blue brick on pink plate,3.65,-0.0803,8.4372,24.8083
train,45,235,1038,175,banana in basket,red brick on pink plate and blue brick on pink plate,3.1913,-0.7689,22.711,28.4256
train,46,55,1039,220,banana in basket,red brick on pink plate and blue brick on pink plate,3.401,-0.0126,32.4499,24.6215
train,46,70,1039,230,banana in basket,red brick on pink plate and blue brick on pink plate,2.6903,0.4313,23.9553,16.5877
train,46,75,1039,230,banana in basket,red brick on pink plate and blue brick on pink plate,2.4507,0.8849,19.0199,16.5877
train,46,80,981,325,banana in basket,open drawer and blue brick in drawer and close drawer,2.2954,0.1113,31.7971,18.9285
train,46,85,981,330,banana in basket,open drawer and blue brick in drawer and close drawer,2.2197,0.5753,23.499,14.4032
train,46,90,981,330,banana in basket,open drawer and blue brick in drawer and close drawer,2.1574,0.4947,17.7654,14.4032
train,46,95,1153,120,banana in basket,open drawer,2.0643,0.3153,10.6821,6.414
train,46,110,1209,60,banana in basket,pink cup next to drawer,2.0599,0.9371,15.9997,13.7875
train,46,115,1209,65,banana in basket,pink cup next to drawer,2.4769,0.8723,22.2013,17.9103
train,46,120,1023,225,banana in basket,red brick on pink plate and blue brick on pink plate,2.8912,-0.529,20.9012,28.5123
train,46,130,1027,95,banana in basket,red brick on pink plate and blue brick on pink plate,2.924,0.5191,8.5625,5.8583
train,46,145,779,100,banana in basket,banana in basket,2.731,0.9787,9.749,3.4427
train,46,155,1040,105,banana in basket,red brick on pink plate and blue brick on pink plate,2.4561,-0.3598,24.9829,16.2839
train,47,15,929,20,banana in basket,blue brick between pink cup and basket,2.8274,-0.1957,20.3283,22.1839
train,47,30,1255,75,banana in basket,push pink cup,3.8784,0.8774,20.0888,20.2362
train,47,40,1255,80,banana in basket,push pink cup,4.2699,-0.286,35.0023,22.3484
train,47,45,1255,85,banana in basket,push pink cup,4.3112,-0.1544,24.4345,16.807
train,47,50,1255,90,banana in basket,push pink cup,4.122,0.9908,23.2113,7.0621
train,47,55,1255,90,banana in basket,push pink cup,3.8872,-0.6312,13.1405,7.0621
train,47,60,727,90,banana in basket,banana in basket,3.6235,-0.8939,17.8475,32.7126
train,47,65,1441,85,banana in basket,yellow brick on blue brick,3.2221,0.0037,32.0721,2.982
train,47,70,1171,105,banana in basket,pink cup in basket,2.783,-0.5925,46.8823,23.7011
train,47,75,1171,110,banana in basket,pink cup in basket,2.6153,0.825,35.6896,21.9679
train,47,80,1174,90,banana in basket,pink cup in basket,2.7643,-0.5773,11.2796,17.6795
train,47,85,1553,55,banana in basket,yellow brick on pink plate,3.1538,0.2641,13.2264,7.927
train,47,90,924,100,banana in basket,blue brick between pink cup and basket,3.641,0.9504,42.4332,38.1124
train,47,115,926,90,banana in basket,blue brick between pink cup and basket,4.1246,-0.9065,10.6368,26.3804
train,47,120,926,95,banana in basket,blue brick between pink cup and basket,3.697,-0.4076,12.6061,14.7872
train,48,35,940,30,banana in basket,blue brick between pink cup and basket,2.5551,0.9568,8.619,2.0369
train,48,140,1068,55,banana in basket,can on stove,2.3683,-0.1489,14.0583,5.901
train,48,145,1022,265,banana in basket,red brick on pink plate and blue brick on pink plate,2.5444,0.8661,17.1362,8.8858
train,49,165,924,95,banana in basket,blue brick between pink cup and basket,2.3642,0.9631,14.0968,12.2437
train,50,0,702,120,banana in basket,banana in basket,2.5754,0.9601,28.9872,35.4516
train,50,5,702,120,banana in basket,banana in basket,2.7103,-0.3223,13.2396,35.4516
train,50,10,702,100,banana in basket,banana in basket,2.8265,-0.1244,9.2045,35.9107
train,50,25,702,100,banana in basket,banana in basket,3.0628,0.8588,19.4319,35.9107
train,50,95,1059,30,banana in basket,can on grey plate,2.6541,0.7451,24.423,16.4998
train,50,100,1443,75,banana in basket,yellow brick on blue brick,3.0192,0.6312,28.384,15.7322
train,50,105,884,55,banana in basket,banana in orange bowl,3.2076,-0.9967,19.137,5.4423
train,50,110,769,70,banana in basket,banana in basket,3.3203,0.2997,23.5465,2.936
train,50,115,768,45,banana in basket,banana in basket,3.217,-0.7358,21.9752,12.7325
train,50,120,768,50,banana in basket,banana in basket,3.148,-0.775,16.9918,30.417
train,51,10,700,95,banana in basket,banana in basket,2.1901,-0.8778,9.6668,49.3845
train,51,40,700,115,banana in basket,banana in basket,2.4741,0.9515,16.3104,38.6289
train,51,45,700,115,banana in basket,banana in basket,2.4809,0.9982,15.426,38.6289
train,51,50,1179,130,banana in basket,pink cup in basket,2.4229,-0.6479,12.9062,34.2798
train,51,60,1172,135,banana in basket,pink cup in basket,2.1974,0.3969,30.1742,18.8153
train,51,75,1059,30,banana in basket,can on grey plate,2.2924,0.9805,16.1539,16.4998
train,51,85,1059,35,banana in basket,can on grey plate,3.0048,0.1864,11.7712,23.5433
train,51,110,733,80,banana in basket,banana in basket,3.0361,-0.8182,21.2812,0.8324
train,52,0,700,95,banana in basket,banana in basket,2.8639,-0.9763,40.7776,49.3845
train,52,5,700,100,banana in basket,banana in basket,2.9992,-0.8747,28.9788,48.0086
train,52,10,700,105,banana in basket,banana in basket,2.992,-0.8917,24.7863,38.7682
train,52,20,700,115,banana in basket,banana in basket,2.6901,0.0683,15.8863,38.6289
train,52,45,1059,30,banana in basket,can on grey plate,2.4795,0.7012,19.625,16.4998
train,52,50,1443,75,banana in basket,yellow brick on blue brick,2.8081,0.809,33.4225,15.7322
train,52,65,768,45,banana in basket,banana in basket,3.0477,-0.9465,11.4768,12.7325
train,53,0,700,90,banana in basket,banana in basket,2.1048,0.9953,33.1658,20.3613
train,53,5,700,95,banana in basket,banana in basket,2.2079,-0.9325,25.1373,49.3845
train,53,15,700,95,banana in basket,banana in basket,2.3702,0.2785,13.2725,49.3845
train,53,20,700,95,banana in basket,banana in basket,2.4178,-0.9116,15.158,49.3845
train,53,30,700,100,banana in basket,banana in basket,2.9011,-0.7415,14.1061,48.0086
train,53,35,700,105,banana in basket,banana in basket,3.2154,-0.9393,14.2611,38.7682
train,53,40,692,160,banana in basket,banana in basket,3.3352,0.4033,18.3293,22.5796
train,53,45,692,160,banana in basket,banana in basket,3.434,0.8062,15.5241,22.5796
train,53,50,1059,65,banana in basket,can on grey plate,3.479,-0.3378,14.3482,17.4316
train,53,60,1059,70,banana in basket,can on grey plate,3.2794,-0.4271,19.8787,18.1896
train,53,65,1059,70,banana in basket,can on grey plate,2.9263,0.2711,14.2798,18.1896
train,53,70,1059,70,banana in basket,can on grey plate,2.6991,0.9541,35.8558,18.1896
train,53,80,1058,35,banana in basket,can on grey plate,3.0972,0.2895,11.1834,15.2366
train,53,85,1058,40,banana in basket,can on grey plate,4.1266,0.8437,29.069,24.7426
train,53,90,891,55,banana in basket,banana in orange bowl,4.9014,-0.6519,13.6776,5.6925
train,53,95,924,110,banana in basket,blue brick between pink cup and basket,5.0782,-0.9227,21.2886,8.3372
train,53,110,777,90,banana in basket,banana in basket,4.6715,0.6841,15.0734,5.3982
train,53,120,732,75,banana in basket,banana in basket,3.1235,0.8607,38.4965,2.4212
train,54,0,700,90,banana in basket,banana in basket,2.4073,0.0909,19.5122,20.3613
train,54,5,700,95,banana in basket,banana in basket,2.65,-0.5804,16.573,49.3845
train,54,10,700,95,banana in basket,banana in basket,2.8046,-0.8573,15.7839,49.3845
train,54,15,700,100,banana in basket,banana in basket,2.8352,0.9884,15.3131,48.0086
train,54,20,700,105,banana in basket,banana in basket,2.8948,0.9695,24.6385,38.7682
train,54,25,700,110,banana in basket,banana in basket,2.88,0.9937,24.9715,33.7537
train,54,30,700,115,banana in basket,banana in basket,2.8698,0.4614,25.4064,38.6289
train,54,35,700,115,banana in basket,banana in basket,2.6815,0.906,17.1802,38.6289
train,54,40,1058,30,banana in basket,can on grey plate,2.474,-0.8671,20.9069,7.5169
train,54,45,1058,35,banana in basket,can on grey plate,2.3053,-0.992,18.3619,15.2366
train,54,50,1059,30,banana in basket,can on grey plate,2.6302,0.9997,22.0724,16.4998
train,54,55,924,105,banana in basket,blue brick between pink cup and basket,3.7649,0.5223,19.8956,29.835
train,54,85,732,75,banana in basket,banana in basket,3.0235,-0.4708,19.5598,2.4212
train,55,0,762,50,banana in basket,banana in basket,3.6553,-0.1677,15.948,12.6289
train,55,5,762,55,banana in basket,banana in basket,3.9463,0.387,18.4228,16.7532
train,55,30,707,80,banana in basket,banana in basket,3.7649,-0.0714,22.4345,17.3617
train,55,35,1440,175,banana in basket,yellow brick on blue brick,3.3863,-0.354,19.8768,14.5551
train,55,40,1059,70,banana in basket,can on grey plate,2.9283,0.9994,17.8367,18.1896
train,55,50,701,105,banana in basket,banana in basket,3.0773,0.8254,11.5711,13.1703
train,55,55,701,105,banana in basket,banana in basket,3.6622,0.4804,12.9635,13.1703
train,55,60,924,110,banana in basket,blue brick between pink cup and basket,3.9769,-0.9705,14.1551,8.3372
train,55,75,1027,100,banana in basket,red brick on pink plate and blue brick on pink plate,4.619,-0.4165,10.4522,4.6106
train,55,80,1027,105,banana in basket,red brick on pink plate and blue brick on pink plate,4.2613,-0.3718,15.76,18.8499
train,55,85,779,100,banana in basket,banana in basket,3.629,-0.9997,21.461,3.4427
train,56,0,700,95,banana in basket,banana in basket,3.2914,-0.0101,24.7906,49.3845
train,56,10,700,105,banana in basket,banana in basket,4.0217,-0.9988,11.0043,38.7682
train,56,15,700,105,banana in basket,banana in basket,4.0538,-0.7303,32.839,38.7682
train,56,25,1058,25,banana in basket,can on grey plate,3.8256,0.5944,30.9263,4.1929
train,56,30,1058,25,banana in basket,can on grey plate,3.5497,0.8501,15.5374,4.1929
train,56,40,1059,30,banana in basket,can on grey plate,3.7591,-0.9998,55.7274,16.4998
train,56,65,924,120,banana in basket,blue brick between pink cup and basket,5.0848,0.742,21.4494,11.3115
train,56,70,777,95,banana in basket,banana in basket,4.3428,-0.9935,27.6136,9.9447
train,56,75,777,95,banana in basket,banana in basket,3.6317,-0.1552,31.5458,9.9447
train,56,85,887,60,banana in basket,banana in orange bowl,2.7885,0.4367,32.0427,24.052
train,57,10,700,100,banana in basket,banana in basket,2.995,0.9525,18.4453,48.0086
train,57,30,700,120,banana in basket,banana in basket,2.4775,-0.2,25.7141,20.2645
train,58,0,700,90,banana in basket,banana in basket,2.7382,0.2053,19.8452,20.3613
train,58,10,762,50,banana in basket,banana in basket,3.5066,0.9107,8.8464,12.6289
train,58,15,700,105,banana in basket,banana in basket,3.7211,-0.2879,9.402,38.7682
train,58,25,700,110,banana in basket,banana in basket,3.8786,-0.1525,20.9393,33.7537
train,58,30,700,115,banana in basket,banana in basket,3.713,0.7319,12.8243,38.6289
train,58,50,701,100,banana in basket,banana in basket,2.9929,0.8351,9.7018,8.1272
train,58,70,924,115,banana in basket,blue brick between pink cup and basket,3.8384,-0.8843,26.5011,14.9725
train,58,80,775,75,banana in basket,banana in basket,3.5828,0.21,15.3801,6.6629
train,58,85,732,75,banana in basket,banana in basket,2.8983,0.7856,9.5408,2.4212
train,58,90,918,115,banana in basket,blue bowl on pink plate and yellow brick in blue bowl,2.316,-0.9387,13.294,13.6349
train,59,15,700,115,banana in basket,banana in basket,2.8431,0.4277,14.489,38.6289
train,59,20,700,115,banana in basket,banana in basket,2.6858,-0.6264,9.9367,38.6289
train,59,25,700,120,banana in basket,banana in basket,2.4668,0.6348,14.8203,20.2645
train,59,35,1059,30,banana in basket,can on grey plate,3.0323,0.258,28.6723,16.4998
train,59,65,770,110,banana in basket,banana in basket,2.8214,-0.2057,15.7567,4.3397
train,59,70,887,55,banana in basket,banana in orange bowl,2.3564,-0.7896,30.3178,10.3003
train,59,100,926,25,banana in basket,blue brick between pink cup and basket,2.3566,-0.9306,8.3409,15.7128
train,60,0,923,20,banana in orange bowl,blue brick between pink cup and basket,2.1666,0.542,8.6011,13.8335
train,60,75,1392,45,banana in orange bowl,yellow brick in orange bowl,2.9495,0.6159,11.7957,24.508
train,60,95,1392,60,banana in orange bowl,yellow brick in orange bowl,2.9011,0.961,14.0681,22.6319
train,60,105,1377,55,banana in orange bowl,yellow brick in basket,2.9049,-0.6167,14.6638,25.8379
train,60,110,1377,60,banana in orange bowl,yellow brick in basket,2.7519,-0.1693,9.4743,24.1707
train,60,120,1377,70,banana in orange bowl,yellow brick in basket,2.6423,-0.5596,9.6543,27.8266
train,60,125,1377,75,banana in orange bowl,yellow brick in basket,2.7628,0.4317,12.1104,16.1292
train,60,130,1377,80,banana in orange bowl,yellow brick in basket,2.7657,-0.2198,10.8306,9.3538
train,61,5,1144,105,banana in orange bowl,grey cup on pan,2.7939,0.9796,18.9891,11.0057
train,61,10,1144,115,banana in orange bowl,grey cup on pan,3.0907,0.9792,24.7067,19.8576
train,61,15,1144,115,banana in orange bowl,grey cup on pan,3.3912,-0.6739,17.1021,19.8576
train,61,20,1322,50,banana in orange bowl,white cup on pan,3.5661,0.7691,13.6089,10.8075
train,61,25,1518,70,banana in orange bowl,yellow brick on blue plate,3.396,-0.0307,11.8534,9.3616
train,61,30,1518,75,banana in orange bowl,yellow brick on blue plate,3.2392,-0.9967,32.9576,13.0159
train,61,35,1404,45,banana in orange bowl,yellow brick in orange bowl,3.0218,0.7473,28.6485,39.7253
train,61,40,1404,45,banana in orange bowl,yellow brick in orange bowl,2.8887,0.7195,21.3374,39.7253
train,61,45,1293,165,banana in orange bowl,white cup on grey plate,2.6851,0.2109,14.773,8.2599
train,61,50,1588,210,banana in orange bowl,yellow brick on top of drawer,2.4514,0.9964,12.4477,12.0224
train,61,55,1588,210,banana in orange bowl,yellow brick on top of drawer,2.3742,0.6154,13.5282,12.0224
train,61,60,1293,170,banana in orange bowl,white cup on grey plate,2.3391,0.4083,12.8305,1.4126
train,61,65,1588,205,banana in orange bowl,yellow brick on top of drawer,2.2664,0.0097,11.6116,10.1035
train,61,90,1377,50,banana in orange bowl,yellow brick in basket,2.2784,0.9992,10.9009,12.7635
train,61,95,1377,55,banana in orange bowl,yellow brick in basket,2.5309,-0.5793,24.699,25.8379
train,61,105,1377,55,banana in orange bowl,yellow brick in basket,3.3905,-0.9928,16.8066,25.8379
train,61,110,1394,60,banana in orange bowl,yellow brick in orange bowl,3.6428,-0.0892,23.5595,6.2385
train,61,115,1394,60,banana in orange bowl,yellow brick in orange bowl,3.585,-0.457,26.3755,6.2385
train,61,120,1394,65,banana in orange bowl,yellow brick in orange bowl,3.5551,-0.4341,28.698,20.2451
train,61,125,1394,65,banana in orange bowl,yellow brick in orange bowl,3.5541,-0.1888,15.3852,20.2451
train,61,130,1133,105,banana in orange bowl,grey cup on pan,3.1364,-0.4052,12.4656,13.8941
train,61,155,1133,135,banana in orange bowl,grey cup on pan,2.0625,0.0732,36.9674,1.526
train,61,200,1377,80,banana in orange bowl,yellow brick in basket,2.1845,0.0964,30.4727,9.3538
train,61,205,1377,85,banana in orange bowl,yellow brick in basket,2.3134,-0.8187,21.3435,11.3865
train,61,210,1132,145,banana in orange bowl,grey cup on pan,2.5774,-0.1882,21.3767,29.8377
train,62,20,1144,60,banana in orange bowl,grey cup on pan,2.3342,-0.1683,18.7552,12.6229
train,62,25,1144,60,banana in orange bowl,grey cup on pan,2.2194,0.0251,14.1642,12.6229
train,62,30,923,55,banana in orange bowl,blue brick between pink cup and basket,2.1085,0.9839,15.7263,12.6561
train,62,50,923,70,banana in orange bowl,blue brick between pink cup and basket,2.1642,0.9934,22.3888,23.956
train,62,60,776,60,banana in orange bowl,banana in basket,2.6704,0.2333,29.8849,1.4877
train,62,65,1123,95,banana in orange bowl,grey cup on grey plate,2.779,0.4703,26.3465,28.0631
train,62,75,1123,110,banana in orange bowl,grey cup on grey plate,2.7195,-0.4836,12.4143,45.1201
train,62,85,1123,120,banana in orange bowl,grey cup on grey plate,2.33,0.1192,28.1086,20.7473
train,63,15,1144,115,banana in orange bowl,grey cup on pan,3.7535,-0.9555,20.3826,19.8576
train,63,20,1144,120,banana in orange bowl,grey cup on pan,3.8073,-0.9043,13.9555,7.6569
train,63,25,1144,125,banana in orange bowl,grey cup on pan,3.8803,-0.6834,9.7919,11.2363
train,63,30,1144,130,banana in orange bowl,grey cup on pan,3.8762,0.0694,16.3503,12.5595
train,63,35,1144,135,banana in orange bowl,grey cup on pan,3.9321,0.9576,22.4748,17.188
train,63,40,923,160,banana in orange bowl,blue brick between pink cup and basket,3.6834,0.2362,17.1052,17.0945
train,63,70,1150,75,banana in orange bowl,grey cup on pan,3.4524,0.9774,17.0729,14.4739
train,63,80,1316,105,banana in orange bowl,white cup on pan,5.8556,-0.6467,23.5534,15.9629
train,63,85,777,75,banana in orange bowl,banana in basket,6.4193,-0.5048,29.7552,1.024
train,63,90,777,80,banana in orange bowl,banana in basket,6.609,0.2865,21.9759,3.4908
train,63,95,777,80,banana in orange bowl,banana in basket,6.546,0.7886,28.9263,3.4908
train,63,100,777,85,banana in orange bowl,banana in basket,6.2457,0.3676,30.7879,8.3859
train,63,105,777,90,banana in orange bowl,banana in basket,5.243,-0.1741,16.3671,5.3982
train,63,125,1143,50,banana in orange bowl,grey cup on pan,3.3205,0.7848,29.6676,4.0931
train,64,15,1144,105,banana in orange bowl,grey cup on pan,3.4322,-0.6106,17.2643,11.0057
train,64,25,1144,130,banana in orange bowl,grey cup on pan,3.4208,0.0269,22.7654,12.5595
train,64,30,1144,135,banana in orange bowl,grey cup on pan,3.2968,0.939,11.2938,17.188
train,64,40,1144,135,banana in orange bowl,grey cup on pan,2.8818,0.5874,23.2628,17.188
train,64,45,1144,60,banana in orange bowl,grey cup on pan,2.7732,0.5153,29.8234,12.6229
train,64,50,1144,145,banana in orange bowl,grey cup on pan,2.6664,0.9958,9.734,8.8331
train,64,70,1144,65,banana in orange bowl,grey cup on pan,2.5858,0.9993,17.8328,1.8083
train,64,75,1144,70,banana in orange bowl,grey cup on pan,2.9141,0.6589,18.6598,19.7708
train,64,80,1144,70,banana in orange bowl,grey cup on pan,3.4854,0.9848,15.9055,19.7708
train,64,110,1327,30,banana in orange bowl,white cup on pan,3.3314,-0.6716,9.761,1.8736
train,64,115,1123,125,banana in orange bowl,grey cup on grey plate,3.0425,0.9836,9.5256,14.7812
train,64,165,1144,35,banana in orange bowl,grey cup on pan,2.7281,-0.9217,9.394,4.7251
train,64,170,1308,140,banana in orange bowl,white cup on grey plate,2.7683,-0.7741,8.502,17.5466
train,65,40,1144,50,banana in orange bowl,grey cup on pan,2.9038,-0.9146,9.7015,13.2061
train,65,50,1144,60,banana in orange bowl,grey cup on pan,2.6194,0.0166,8.5592,12.6229
train,65,95,1392,40,banana in orange bowl,yellow brick in orange bowl,3.1104,-0.5942,15.0658,17.6266
train,65,100,1392,45,banana in orange bowl,yellow brick in orange bowl,3.3976,0.9901,13.8376,24.508
train,65,105,1392,55,banana in orange bowl,yellow brick in orange bowl,3.5328,-0.9937,13.7993,12.6649
train,65,125,1144,70,banana in orange bowl,grey cup on pan,3.4463,0.894,26.1045,19.7708
train,65,130,1144,75,banana in orange bowl,grey cup on pan,3.6209,0.9469,23.3493,16.2813
train,65,135,1377,70,banana in orange bowl,yellow brick in basket,3.6686,0.0874,11.424,27.8266
train,65,140,1377,75,banana in orange bowl,yellow brick in basket,3.588,-0.9547,17.2779,16.1292
train,66,115,1150,75,banana in orange bowl,grey cup on pan,3.418,0.698,33.3563,14.4739
train,66,130,1377,70,banana in orange bowl,yellow brick in basket,3.1582,0.6346,15.7605,27.8266
train,67,115,1181,135,banana in orange bowl,pink cup in basket,3.1698,0.9966,18.1584,27.1523
train,67,120,1181,140,banana in orange bowl,pink cup in basket,3.1033,0.8519,15.5444,33.6243
train,67,125,1377,40,banana in orange bowl,yellow brick in basket,3.0706,0.9505,19.975,14.2193
train,67,130,1377,50,banana in orange bowl,yellow brick in basket,3.1467,-0.6898,10.9881,12.7635
train,67,135,1377,55,banana in orange bowl,yellow brick in basket,3.4545,0.9243,15.6177,25.8379
train,67,155,1377,75,banana in orange bowl,yellow brick in basket,3.4642,-0.9999,26.5834,16.1292
train,68,25,1144,55,banana in orange bowl,grey cup on pan,2.2304,-0.9996,12.2274,28.7308
train,68,30,1143,130,banana in orange bowl,grey cup on pan,2.0009,0.608,13.773,14.41
train,69,5,1143,95,banana in orange bowl,grey cup on pan,3.0691,-0.2447,17.8748,7.821
train,69,15,1144,110,banana in orange bowl,grey cup on pan,3.3599,0.2908,13.2335,9.0849
train,69,20,1144,115,banana in orange bowl,grey cup on pan,3.5613,-0.8249,13.5596,19.8576
train,69,25,1144,115,banana in orange bowl,grey cup on pan,3.8031,0.3676,14.8951,19.8576
train,69,30,1144,120,banana in orange bowl,grey cup on pan,4.0198,0.9534,22.6586,7.6569
train,69,35,1322,50,banana in orange bowl,white cup on pan,4.0767,0.4475,10.0027,10.8075
train,69,45,1322,60,banana in orange bowl,white cup on pan,3.8827,0.4055,28.696,14.2787
train,69,50,1322,65,banana in orange bowl,white cup on pan,3.6498,0.1617,25.8198,14.7025
train,69,55,1322,70,banana in orange bowl,white cup on pan,3.2892,0.5015,25.6706,12.8834
train,69,70,1377,55,banana in orange bowl,yellow brick in basket,3.6592,-0.0691,18.6814,25.8379
train,69,75,1377,55,banana in orange bowl,yellow brick in basket,3.9923,-0.9992,22.3541,25.8379
train,69,80,1394,60,banana in orange bowl,yellow brick in orange bowl,4.311,0.4701,20.9407,6.2385
train,69,100,1111,130,banana in orange bowl,grey cup on grey plate,4.0896,-0.9465,15.3747,5.1032
train,69,105,1111,135,banana in orange bowl,grey cup on grey plate,3.5934,-0.269,21.1489,25.2171
train,69,110,923,35,banana in orange bowl,blue brick between pink cup and basket,3.2329,0.3321,9.6885,1.9075
train,69,115,1313,135,banana in orange bowl,white cup on pan,2.775,0.7545,25.2105,13.5793
train,69,125,1144,70,banana in orange bowl,grey cup on pan,3.0162,0.9051,22.7018,19.7708
train,69,130,1377,60,banana in orange bowl,yellow brick in basket,3.2716,-0.984,13.795,24.1707
train,70,120,1173,95,blue bowl on pink plate and yellow brick in blue bowl,pink cup in basket,2.3427,1.0,23.1123,27.6614
train,70,130,1173,105,blue bowl on pink plate and yellow brick in blue bowl,pink cup in basket,2.5586,-0.7806,20.192,26.4223
train,70,140,1173,115,blue bowl on pink plate and yellow brick in blue bowl,pink cup in basket,2.5348,0.9888,28.9645,26.0614
train,70,150,1197,145,blue bowl on pink plate and yellow brick in blue bowl,pink cup next to drawer,2.6527,0.9885,44.851,26.612
train,70,155,1039,290,blue bowl on pink plate and yellow brick in blue bowl,red brick on pink plate and blue brick on pink plate,2.7626,-0.9997,32.5513,21.8321
train,70,160,1210,160,blue bowl on pink plate and yellow brick in blue bowl,pink cup next to drawer,2.8299,0.7292,28.0107,30.7639
train,70,165,1038,300,blue bowl on pink plate and yellow brick in blue bowl,red brick on pink plate and blue brick on pink plate,2.8846,0.7686,26.6519,3.9559
train,70,170,1039,230,blue bowl on pink plate and yellow brick in blue bowl,red brick on pink plate and blue brick on pink plate,2.894,0.7518,20.3799,16.5877
train,70,180,1025,285,blue bowl on pink plate and yellow brick in blue bowl,red brick on pink plate and blue brick on pink plate,2.6619,-0.9778,32.5839,19.9374
train,70,185,1025,290,blue bowl on pink plate and yellow brick in blue bowl,red brick on pink plate and blue brick on pink plate,2.4991,0.9004,17.0255,16.0309
train,70,190,1153,120,blue bowl on pink plate and yellow brick in blue bowl,open drawer,2.3909,0.4365,18.5215,6.414
train,70,205,1209,65,blue bowl on pink plate and yellow brick in blue bowl,pink cup next to drawer,2.7287,-0.3533,26.8239,17.9103
train,70,210,924,105,blue bowl on pink plate and yellow brick in blue bowl,blue brick between pink cup and basket,3.6466,0.9668,18.4386,29.835
train,70,225,911,240,blue bowl on pink plate and yellow brick in blue bowl,blue bowl on pink plate and yellow brick in blue bowl,4.1211,-0.2293,8.2347,4.6195
train,70,230,1027,100,blue bowl on pink plate and yellow brick in blue bowl,red brick on pink plate and blue brick on pink plate,4.0566,0.8826,12.1983,4.6106
train,70,235,1027,105,blue bowl on pink plate and yellow brick in blue bowl,red brick on pink plate and blue brick on pink plate,3.4906,-0.9756,16.3443,18.8499
train,70,240,911,250,blue bowl on pink plate and yellow brick in blue bowl,blue bowl on pink plate and yellow brick in blue bowl,2.5413,-0.7778,8.9959,5.7313
train,70,245,911,255,blue bowl on pink plate and yellow brick in blue bowl,blue bowl on pink plate and yellow brick in blue bowl,1.9631,-0.0942,26.4134,5.7376
train,70,370,981,330,blue bowl on pink plate and yellow brick in blue bowl,open drawer and blue brick in drawer and close drawer,2.2591,0.7597,31.7447,14.4032
train,70,375,981,330,blue bowl on pink plate and yellow brick in blue bowl,open drawer and blue brick in drawer and close drawer,2.1433,0.6761,19.5562,14.4032
train,70,410,1027,100,blue bowl on pink plate and yellow brick in blue bowl,red brick on pink plate and blue brick on pink plate,3.4124,0.8772,13.2123,4.6106
train,70,425,1032,180,blue bowl on pink plate and yellow brick in blue bowl,red brick on pink plate and blue brick on pink plate,2.2814,0.2953,13.8391,2.6887
train,71,95,1153,115,blue bowl on pink plate and yellow brick in blue bowl,open drawer,2.0534,0.4444,21.9987,13.3408
train,71,115,1220,60,blue bowl on pink plate and yellow brick in blue bowl,pink cup on pink plate,2.0786,0.8637,39.1181,29.3667
train,71,120,938,85,blue bowl on pink plate and yellow brick in blue bowl,blue brick between pink cup and basket,2.1353,-0.7697,28.7683,9.5767
train,71,130,1220,75,blue bowl on pink plate and yellow brick in blue bowl,pink cup on pink plate,2.3597,-0.1037,19.4333,30.248
train,71,135,1220,85,blue bowl on pink plate and yellow brick in blue bowl,pink cup on pink plate,2.436,-0.7643,26.6924,21.9842
train,71,140,905,175,blue bowl on pink plate and yellow brick in blue bowl,blue bowl on pink plate and yellow brick in blue bowl,2.3707,-0.2585,26.8171,5.7873
train,71,150,779,105,blue bowl on pink plate and yellow brick in blue bowl,banana in basket,2.0074,0.9964,37.1874,1.5455
train,71,375,988,155,blue bowl on pink plate and yellow brick in blue bowl,open drawer and blue brick in drawer and close drawer,2.3474,0.5983,12.3298,26.0599
train,71,380,1220,5,blue bowl on pink plate and yellow brick in blue bowl,pink cup on pink plate,2.4883,-0.0456,11.2722,6.1477
train,72,10,1063,5,blue bowl on pink plate and yellow brick in blue bowl,can on stove,2.1243,-0.9822,12.3298,2.528
train,72,110,938,80,blue bowl on pink plate and yellow brick in blue bowl,blue brick between pink cup and basket,2.2425,-0.9451,26.6403,28.6426
train,72,120,1220,65,blue bowl on pink plate and yellow brick in blue bowl,pink cup on pink plate,2.401,0.8044,24.5232,29.9469
train,72,125,1220,70,blue bowl on pink plate and yellow brick in blue bowl,pink cup on pink plate,2.5734,0.9213,21.8047,38.2217
train,72,130,1220,75,blue bowl on pink plate and yellow brick in blue bowl,pink cup on pink plate,2.6064,-0.7962,24.815,30.248
train,72,135,934,80,blue bowl on pink plate and yellow brick in blue bowl,blue brick between pink cup and basket,2.6753,0.1118,22.7221,44.8372
train,72,370,1027,95,blue bowl on pink plate and yellow brick in blue bowl,red brick on pink plate and blue brick on pink plate,2.9298,0.9995,10.0434,5.8583
train,73,165,1172,110,blue bowl on pink plate and yellow brick in blue bowl,pink cup in basket,2.0718,0.973,33.9055,31.1493
train,73,175,1172,120,blue bowl on pink plate and yellow brick in blue bowl,pink cup in basket,2.1781,-0.8469,15.2428,26.54
train,73,205,1225,70,blue bowl on pink plate and yellow brick in blue bowl,pink cup on pink plate,2.7306,0.9986,31.5767,18.4441
train,73,210,924,105,blue bowl on pink plate and yellow brick in blue bowl,blue brick between pink cup and basket,3.5595,-0.2402,26.5361,29.835
train,73,350,1183,120,blue bowl on pink plate and yellow brick in blue bowl,pink cup in basket,2.2952,0.929,25.3811,16.1701
train,73,360,1172,130,blue bowl on pink plate and yellow brick in blue bowl,pink cup in basket,2.1988,0.9078,10.9444,21.4729
train,73,390,1027,90,blue bowl on pink plate and yellow brick in blue bowl,red brick on pink plate and blue brick on pink plate,3.4246,-0.0711,8.7865,13.3828
train,74,105,981,330,blue bowl on pink plate and yellow brick in blue bowl,open drawer and blue brick in drawer and close drawer,1.8561,0.4208,22.2859,14.4032
train,74,135,1220,60,blue bowl on pink plate and yellow brick in blue bowl,pink cup on pink plate,2.0767,0.5904,40.623,29.3667
train,74,145,938,85,blue bowl on pink plate and yellow brick in blue bowl,blue brick between pink cup and basket,2.1241,-0.9929,12.6274,9.5767
train,74,150,1220,85,blue bowl on pink plate and yellow brick in blue bowl,pink cup on pink plate,2.1231,-0.9953,19.1823,21.9842
train,74,155,905,175,blue bowl on pink plate and yellow brick in blue bowl,blue bowl on pink plate and yellow brick in blue bowl,2.169,-0.2047,21.5788,5.7873
train,74,165,905,180,blue bowl on pink plate and yellow brick in blue bowl,blue bowl on pink plate and yellow brick in blue bowl,1.8896,-0.6767,10.0544,13.2829
train,74,170,905,190,blue bowl on pink plate and yellow brick in blue bowl,blue bowl on pink plate and yellow brick in blue bowl,1.7592,0.3347,24.3582,8.3619
train,74,485,1195,15,blue bowl on pink plate and yellow brick in blue bowl,pink cup next to drawer,2.0062,0.9998,8.2783,11.8604
train,75,50,1038,295,blue bowl on pink plate and yellow brick in blue bowl,red brick on pink plate and blue brick on pink plate,3.3447,0.21,15.8379,2.6492
train,75,55,1038,300,blue bowl on pink plate and yellow brick in blue bowl,red brick on pink plate and blue brick on pink plate,3.3043,0.4338,12.2041,3.9559
train,75,70,1038,310,blue bowl on pink plate and yellow brick in blue bowl,red brick on pink plate and blue brick on pink plate,2.8315,-0.2442,13.8684,17.938
train,75,75,1038,310,blue bowl on pink plate and yellow brick in blue bowl,red brick on pink plate and blue brick on pink plate,2.4835,-0.9577,15.2143,17.938
train,75,115,1220,60,blue bowl on pink plate and yellow brick in blue bowl,pink cup on pink plate,2.078,0.6947,31.1573,29.3667
train,75,120,1220,60,blue bowl on pink plate and yellow brick in blue bowl,pink cup on pink plate,2.0713,0.8581,33.7081,29.3667
train,75,125,1220,65,blue bowl on pink plate and yellow brick in blue bowl,pink cup on pink plate,2.1457,0.8247,38.2261,29.9469
train,75,130,1220,70,blue bowl on pink plate and yellow brick in blue bowl,pink cup on pink plate,2.3399,0.8939,31.6862,38.2217
train,75,135,1220,75,blue bowl on pink plate and yellow brick in blue bowl,pink cup on pink plate,2.4859,-0.9201,17.6513,30.248
train,75,145,905,175,blue bowl on pink plate and yellow brick in blue bowl,blue bowl on pink plate and yellow brick in blue bowl,2.1968,-0.2356,42.2673,5.7873
train,75,150,905,180,blue bowl on pink plate and yellow brick in blue bowl,blue bowl on pink plate and yellow brick in blue bowl,2.0137,-0.9583,38.5019,13.2829
train,75,400,1064,20,blue bowl on pink plate and yellow brick in blue bowl,can on stove,2.2208,0.9764,15.2414,15.3941
train,76,135,1179,65,blue bowl on pink plate and yellow brick in blue bowl,pink cup in basket,2.0772,0.8997,22.322,19.8557
train,76,150,1195,90,blue bowl on pink plate and yellow brick in blue bowl,pink cup next to drawer,2.6219,-0.0646,32.1598,28.7773
train,76,160,1173,105,blue bowl on pink plate and yellow brick in blue bowl,pink cup in basket,3.0268,0.8916,25.0895,26.4223
train,76,165,1204,120,blue bowl on pink plate and yellow brick in blue bowl,pink cup next to drawer,2.9749,0.0236,28.4077,19.6905
train,76,170,1204,120,blue bowl on pink plate and yellow brick in blue bowl,pink cup next to drawer,2.8557,0.0564,29.8757,19.6905
train,76,175,1204,125,blue bowl on pink plate and yellow brick in blue bowl,pink cup next to drawer,2.8126,0.8186,28.0763,60.3424
train,76,180,1204,130,blue bowl on pink plate and yellow brick in blue bowl,pink cup next to drawer,2.843,0.1586,25.7808,45.7754
train,76,185,1204,135,blue bowl on pink plate and yellow brick in blue bowl,pink cup next to drawer,2.7957,-0.6712,31.4841,28.7185
train,76,190,1204,135,blue bowl on pink plate and yellow brick in blue bowl,pink cup next to drawer,2.7177,-0.9997,29.0527,28.7185
train,76,195,1171,115,blue bowl on pink plate and yellow brick in blue bowl,pink cup in basket,2.5779,0.8207,24.5249,25.0489
train,76,200,1171,120,blue bowl on pink plate and yellow brick in blue bowl,pink cup in basket,2.4008,0.9738,20.1651,20.8796
train,76,220,1209,65,blue bowl on pink plate and yellow brick in blue bowl,pink cup next to drawer,2.7109,0.9458,21.0106,17.9103
train,76,230,1209,70,blue bowl on pink plate and yellow brick in blue bowl,pink cup next to drawer,3.364,-0.8955,20.0868,28.815
train,76,235,1027,95,blue bowl on pink plate and yellow brick in blue bowl,red brick on pink plate and blue brick on pink plate,3.6805,0.8948,28.1767,5.8583
train,76,260,779,110,blue bowl on pink plate and yellow brick in blue bowl,banana in basket,3.0125,0.8864,14.3836,0.2805
train,76,265,1078,150,blue bowl on pink plate and yellow brick in blue bowl,can on stove,2.8989,-0.1953,14.9688,23.2035
train,76,270,1038,305,blue bowl on pink plate and yellow brick in blue bowl,red brick on pink plate and blue brick on pink plate,2.6553,0.9974,34.2747,14.9578
train,76,350,1225,70,blue bowl on pink plate and yellow brick in blue bowl,pink cup on pink plate,2.3011,0.9966,27.9713,18.4441
train,76,380,1196,120,blue bowl on pink plate and yellow brick in blue bowl,pink cup next to drawer,3.1247,-0.1352,21.921,62.6405
train,76,385,1204,125,blue bowl on pink plate and yellow brick in blue bowl,pink cup next to drawer,2.8646,-0.0024,25.559,60.3424
train,76,400,1039,225,blue bowl on pink plate and yellow brick in blue bowl,red brick on pink plate and blue brick on pink plate,2.8606,-0.9973,31.0776,30.2443
train,76,410,1039,235,blue bowl on pink plate and yellow brick in blue bowl,red brick on pink plate and blue brick on pink plate,2.4657,0.484,33.9369,21.2796
train,76,435,1027,90,blue bowl on pink plate and yellow brick in blue bowl,red brick on pink plate and blue brick on pink plate,2.963,0.2058,19.7638,13.3828
train,76,455,911,245,blue bowl on pink plate and yellow brick in blue bowl,blue bowl on pink plate and yellow brick in blue bowl,2.983,0.7154,16.8552,3.7661
train,76,460,1063,15,blue bowl on pink plate and yellow brick in blue bowl,can on stove,2.713,-0.039,16.6714,8.8426
train,76,475,1032,185,blue bowl on pink plate and yellow brick in blue bowl,red brick on pink plate and blue brick on pink plate,2.1264,-0.2285,22.9956,2.9423
train,77,120,981,330,blue bowl on pink plate and yellow brick in blue bowl,open drawer and blue brick in drawer and close drawer,1.917,0.5815,19.2183,14.4032
train,77,135,1225,70,blue bowl on pink plate and yellow brick in blue bowl,pink cup on pink plate,1.9043,0.8682,12.4387,18.4441
train,77,140,1209,65,blue bowl on pink plate and yellow brick in blue bowl,pink cup next to drawer,2.0209,0.9671,34.6895,17.9103
train,77,155,1039,260,blue bowl on pink plate and yellow brick in blue bowl,red brick on pink plate and blue brick on pink plate,2.6467,0.4747,22.6596,26.6701
train,77,180,1186,140,blue bowl on pink plate and yellow brick in blue bowl,pink cup in basket,2.3731,0.9769,15.5717,22.0333
train,77,215,1209,65,blue bowl on pink plate and yellow brick in blue bowl,pink cup next to drawer,2.2488,0.9904,18.5649,17.9103
train,77,245,914,135,blue bowl on pink plate and yellow brick in blue bowl,blue bowl on pink plate and yellow brick in blue bowl,2.2841,0.8476,28.3547,3.5421
train,77,370,1037,235,blue bowl on pink plate and yellow brick in blue bowl,red brick on pink plate and blue brick on pink plate,1.9857,0.4209,17.7394,16.8687
train,77,385,1179,65,blue bowl on pink plate and yellow brick in blue bowl,pink cup in basket,1.9399,0.73,22.7265,19.8557
train,77,420,1063,20,blue bowl on pink plate and yellow brick in blue bowl,can on stove,2.2362,-0.4948,16.7244,9.6792
train,78,85,1254,110,blue bowl on pink plate and yellow brick in blue bowl,push pink cup,2.2937,0.9435,28.3469,10.7991
train,78,125,1220,60,blue bowl on pink plate and yellow brick in blue bowl,pink cup on pink plate,2.305,0.8731,34.0404,29.3667
train,78,130,953,110,blue bowl on pink plate and yellow brick in blue bowl,blue brick in basket,2.4979,-0.4916,27.9989,35.4628
train,78,145,925,100,blue bowl on pink plate and yellow brick in blue bowl,blue brick between pink cup and basket,2.6281,-0.9623,12.7427,13.6979
train,78,150,925,105,blue bowl on pink plate and yellow brick in blue bowl,blue brick between pink cup and basket,2.4926,-0.2754,11.8167,5.6547
train,78,165,779,110,blue bowl on pink plate and yellow brick in blue bowl,banana in basket,2.1481,0.6107,33.2693,0.2805
train,78,275,1198,135,blue bowl on pink plate and yellow brick in blue bowl,pink cup next to drawer,2.419,0.9154,15.7198,33.0749
train,78,325,1225,70,blue bowl on pink plate and yellow brick in blue bowl,pink cup on pink plate,1.6542,0.8758,16.361,18.4441
train,78,345,1225,85,blue bowl on pink plate and yellow brick in blue bowl,pink cup on pink plate,2.4012,0.488,34.5227,30.4518
train,78,350,1039,265,blue bowl on pink plate and yellow brick in blue bowl,red brick on pink plate and blue brick on pink plate,2.5115,0.3583,35.9319,22.325
train,78,360,1197,155,blue bowl on pink plate and yellow brick in blue bowl,pink cup next to drawer,2.4277,-0.2697,24.5205,17.605
train,79,205,1059,45,blue bowl on pink plate and yellow brick in blue bowl,can on grey plate,4.3316,-0.0734,24.1047,23.1925
train,79,210,762,50,blue bowl on pink plate and yellow brick in blue bowl,banana in basket,4.5581,0.3173,17.5689,12.6289
train,79,220,1207,105,blue bowl on pink plate and yellow brick in blue bowl,pink cup next to drawer,3.9861,-0.928,34.7664,19.1635
train,79,230,1204,130,blue bowl on pink plate and yellow brick in blue bowl,pink cup next to drawer,3.6308,-0.526,30.4642,45.7754
train,79,235,1206,130,blue bowl on pink plate and yellow brick in blue bowl,pink cup next to drawer,3.4328,-0.8119,31.0852,64.1453
train,79,240,1199,130,blue bowl on pink plate and yellow brick in blue bowl,pink cup next to drawer,3.0068,-0.9343,28.9976,26.6241
train,79,245,1199,135,blue bowl on pink plate and yellow brick in blue bowl,pink cup next to drawer,2.9641,-0.9761,23.2694,23.2255
train,79,250,1199,135,blue bowl on pink plate and yellow brick in blue bowl,pink cup next to drawer,2.966,-0.7148,28.641,23.2255
train,79,255,1171,105,blue bowl on pink plate and yellow brick in blue bowl,pink cup in basket,2.8698,-0.9981,23.8821,23.7011
train,79,260,1171,110,blue bowl on pink plate and yellow brick in blue bowl,pink cup in basket,2.6667,0.207,27.3869,21.9679
train,79,265,1171,115,blue bowl on pink plate and yellow brick in blue bowl,pink cup in basket,2.4627,0.6508,33.5283,25.0489
train,79,270,1230,180,blue bowl on pink plate and yellow brick in blue bowl,pink cup on pink plate,2.3945,0.9886,22.2193,11.4369
train,79,305,1174,105,blue bowl on pink plate and yellow brick in blue bowl,pink cup in basket,2.2367,0.7887,14.6834,3.697
train,79,310,1209,65,blue bowl on pink plate and yellow brick in blue bowl,pink cup next to drawer,2.4328,0.9978,32.2612,17.9103
train,79,330,701,125,blue bowl on pink plate and yellow brick in blue bowl,banana in basket,3.4296,-0.7787,26.5991,10.334
train,79,345,698,140,blue bowl on pink plate and yellow brick in blue bowl,banana in basket,3.5626,0.2716,19.2017,11.1255
train,79,350,779,105,blue bowl on pink plate and yellow brick in blue bowl,banana in basket,3.3489,-0.9559,17.8908,1.5455
train,79,370,1040,105,blue bowl on pink plate and yellow brick in blue bowl,red brick on pink plate and blue brick on pink plate,2.1665,-0.8433,20.9764,16.2839
train,79,390,1190,125,blue bowl on pink plate and yellow brick in blue bowl,pink cup in basket,1.5965,0.9134,24.1056,23.2254
train,79,430,1039,185,blue bowl on pink plate and yellow brick in blue bowl,red brick on pink plate and blue brick on pink plate,2.4047,-0.9954,28.626,25.4667
train,80,150,1206,125,blue brick between pink cup and basket,pink cup next to drawer,2.9343,0.6131,28.1862,71.8063
train,80,155,1206,130,blue brick between pink cup and basket,pink cup next to drawer,2.9069,-0.206,19.6521,64.1453
train,80,160,1206,135,blue brick between pink cup and basket,pink cup next to drawer,2.7806,-0.4568,23.6317,35.8218
train,80,165,1206,125,blue brick between pink cup and basket,pink cup next to drawer,2.7163,-0.923,19.6148,71.8063
train,80,170,1025,285,blue brick between pink cup and basket,red brick on pink plate and blue brick on pink plate,2.5292,-0.9437,24.4806,19.9374
train,80,175,1025,290,blue brick between pink cup and basket,red brick on pink plate and blue brick on pink plate,2.2984,0.9596,19.0313,16.0309
train,80,180,1025,295,blue brick between pink cup and basket,red brick on pink plate and blue brick on pink plate,2.1931,0.9985,10.544,9.9718
train,80,210,1040,135,blue brick between pink cup and basket,red brick on pink plate and blue brick on pink plate,4.0356,0.8348,10.916,11.5638
train,80,215,1040,140,blue brick between pink cup and basket,red brick on pink plate and blue brick on pink plate,4.0461,0.8236,10.6262,5.5143
train,80,220,1040,145,blue brick between pink cup and basket,red brick on pink plate and blue brick on pink plate,4.0821,0.9465,12.4028,9.7971
train,81,165,1076,135,blue brick between pink cup and basket,can on stove,1.859,0.9654,37.3502,1.2328
train,81,180,1490,80,blue brick between pink cup and basket,yellow brick on blue plate,1.8575,0.4837,19.0717,6.4952
train,81,185,1490,80,blue brick between pink cup and basket,yellow brick on blue plate,1.751,0.4535,16.0961,6.4952
train,81,220,1022,270,blue brick between pink cup and basket,red brick on pink plate and blue brick on pink plate,2.778,-0.8237,23.7114,6.2494
train,81,225,1471,5,blue brick between pink cup and basket,yellow brick on blue plate,2.995,0.8092,27.6026,12.834
train,81,230,1471,10,blue brick between pink cup and basket,yellow brick on blue plate,3.1716,0.6934,22.7816,8.679
train,82,260,1373,45,blue brick between pink cup and basket,yellow brick in basket,2.6174,0.617,14.4358,8.3783
train,82,265,1369,145,blue brick between pink cup and basket,blue brick in blue bowl and yellow brick in blue bowl,2.8786,-0.1916,12.4238,21.8037
train,82,270,1377,65,blue brick between pink cup and basket,yellow brick in basket,3.0841,-0.9989,17.3505,29.9174
train,82,275,1377,70,blue brick between pink cup and basket,yellow brick in basket,3.1764,-0.9369,11.4847,27.8266
train,83,5,923,65,blue brick between pink cup and basket,blue brick between pink cup and basket,1.4683,0.9876,31.807,19.415
train,83,205,1225,70,blue brick between pink cup and basket,pink cup on pink plate,2.0446,0.9872,13.584,18.4441
train,83,215,1369,145,blue brick between pink cup and basket,blue brick in blue bowl and yellow brick in blue bowl,2.9717,0.9239,19.2435,21.8037
train,83,225,1471,10,blue brick between pink cup and basket,yellow brick on blue plate,3.4392,0.9999,16.9262,8.679
train,84,10,762,40,blue brick between pink cup and basket,banana in basket,3.0021,-0.3065,10.1001,3.1436
train,84,15,762,45,blue brick between pink cup and basket,banana in basket,3.4156,0.552,10.666,7.2639
train,84,25,762,55,blue brick between pink cup and basket,banana in basket,4.7026,0.6715,8.163,16.7532
train,84,35,1255,80,blue brick between pink cup and basket,push pink cup,5.2932,-0.4148,38.3614,22.3484
train,84,45,1254,100,blue brick between pink cup and basket,push pink cup,5.355,-0.9042,12.7196,40.6118
train,84,50,1059,65,blue brick between pink cup and basket,can on grey plate,4.9253,0.965,41.2422,17.4316
train,84,55,1553,40,blue brick between pink cup and basket,yellow brick on pink plate,4.4938,-0.1606,29.0406,9.6998
train,84,60,1230,180,blue brick between pink cup and basket,pink cup on pink plate,4.0239,0.8681,26.4238,11.4369
train,84,65,1230,180,blue brick between pink cup and basket,pink cup on pink plate,3.5411,0.8287,27.6164,11.4369
train,84,70,1230,180,blue brick between pink cup and basket,pink cup on pink plate,3.2865,0.9329,27.763,11.4369
train,84,75,1230,180,blue brick between pink cup and basket,pink cup on pink plate,3.0985,0.9492,29.6283,11.4369
train,84,80,1171,115,blue brick between pink cup and basket,pink cup in basket,3.0022,0.8137,30.4294,25.0489
train,84,85,1171,115,blue brick between pink cup and basket,pink cup in basket,2.8317,0.8096,28.1433,25.0489
train,84,90,1171,120,blue brick between pink cup and basket,pink cup in basket,2.7359,0.774,21.7445,20.8796
train,84,95,1171,120,blue brick between pink cup and basket,pink cup in basket,2.7191,0.6451,22.5698,20.8796
train,84,100,1171,120,blue brick between pink cup and basket,pink cup in basket,2.6626,0.6491,17.8818,20.8796
train,84,110,924,100,blue brick between pink cup and basket,blue brick between pink cup and basket,4.1619,0.3147,15.0487,38.1124
train,84,120,924,110,blue brick between pink cup and basket,blue brick between pink cup and basket,4.6125,0.9415,8.0082,8.3372
train,84,145,779,105,blue brick between pink cup and basket,banana in basket,2.9099,-0.5882,16.3009,1.5455
train,84,150,905,185,blue brick between pink cup and basket,blue bowl on pink plate and yellow brick in blue bowl,2.8478,-0.8189,15.1277,3.4268
train,84,210,1184,85,blue brick between pink cup and basket,pink cup in basket,1.857,0.9794,11.8102,20.9833
train,85,200,988,150,blue brick between pink cup and basket,open drawer and blue brick in drawer and close drawer,2.3573,0.7193,16.2498,42.6892
train,85,215,1220,10,blue brick between pink cup and basket,pink cup on pink plate,2.9456,-0.999,21.7995,6.6077
train,85,220,994,165,blue brick between pink cup and basket,open drawer and blue brick in drawer and close drawer,2.8468,-0.9742,18.5373,8.9243
train,86,40,1392,45,blue brick between pink cup and basket,yellow brick in orange bowl,3.881,0.124,9.0663,24.508
train,86,50,1392,50,blue brick between pink cup and basket,yellow brick in orange bowl,4.5126,0.4411,11.3346,5.9892
train,86,70,1404,45,blue brick between pink cup and basket,yellow brick in orange bowl,3.5279,0.9846,35.5881,39.7253
train,86,75,1588,205,blue brick between pink cup and basket,yellow brick on top of drawer,3.3855,0.9925,41.4631,10.1035
train,86,85,1588,200,blue brick between pink cup and basket,yellow brick on top of drawer,3.2446,0.3637,34.4118,9.1355
train,86,90,1588,200,blue brick between pink cup and basket,yellow brick on top of drawer,3.249,0.3105,39.0877,9.1355
train,86,100,1588,205,blue brick between pink cup and basket,yellow brick on top of drawer,3.2254,0.8527,40.5114,10.1035
train,86,105,1588,210,blue brick between pink cup and basket,yellow brick on top of drawer,3.1643,0.9035,42.4417,12.0224
train,86,160,1377,50,blue brick between pink cup and basket,yellow brick in basket,3.3369,0.9688,19.585,12.7635
train,86,165,1377,55,blue brick between pink cup and basket,yellow brick in basket,3.7394,-0.732,19.2243,25.8379
train,86,170,1394,60,blue brick between pink cup and basket,yellow brick in orange bowl,3.9844,-0.4633,30.9311,6.2385
train,86,175,1389,55,blue brick between pink cup and basket,yellow brick in basket,4.0166,0.923,17.7993,4.3959
train,86,180,1389,60,blue brick between pink cup and basket,yellow brick in basket,4.1407,-1.0,12.5987,7.0191
train,86,185,1389,65,blue brick between pink cup and basket,yellow brick in basket,4.063,-0.8281,19.787,5.4787
train,86,190,1133,105,blue brick between pink cup and basket,grey cup on pan,3.65,0.8132,9.3368,13.8941
train,86,200,1133,120,blue brick between pink cup and basket,grey cup on pan,2.8174,-0.6498,26.4371,12.7081
train,86,205,1133,130,blue brick between pink cup and basket,grey cup on pan,2.7443,0.8088,34.8996,7.4327
train,86,210,1133,130,blue brick between pink cup and basket,grey cup on pan,2.6417,0.994,29.3371,7.4327
train,86,215,923,50,blue brick between pink cup and basket,blue brick between pink cup and basket,2.5788,0.2878,22.7695,15.7137
train,86,220,1313,140,blue brick between pink cup and basket,white cup on pan,2.4262,0.6379,20.6501,12.3355
train,86,225,923,55,blue brick between pink cup and basket,blue brick between pink cup and basket,2.3145,0.5355,17.9948,12.6561
train,86,230,923,55,blue brick between pink cup and basket,blue brick between pink cup and basket,2.1919,0.3122,8.501,12.6561
train,86,240,923,60,blue brick between pink cup and basket,blue brick between pink cup and basket,2.0624,-1.0,14.253,6.5278
train,87,20,1593,185,blue brick between pink cup and basket,yellow brick on top of drawer,1.8298,0.9662,39.5425,3.0965
train,87,25,1131,15,blue brick between pink cup and basket,grey cup on pan,2.2495,0.9047,25.2919,15.1599
train,87,30,1392,35,blue brick between pink cup and basket,yellow brick in orange bowl,2.6464,-1.0,28.3847,12.5077
train,87,35,1392,35,blue brick between pink cup and basket,yellow brick in orange bowl,3.1907,-0.9981,27.7528,12.5077
train,87,40,1268,30,blue brick between pink cup and basket,push pink cup,3.5068,-0.8532,22.3608,10.8964
train,87,45,1268,35,blue brick between pink cup and basket,push pink cup,3.7797,-0.5878,20.2719,19.1509
train,87,55,714,145,blue brick between pink cup and basket,banana in basket,4.7946,-0.4422,21.0025,20.4207
train,87,60,1365,280,blue brick between pink cup and basket,blue brick in blue bowl and yellow brick in blue bowl,4.8854,-0.9312,8.6274,22.9618
train,87,65,1078,50,blue brick between pink cup and basket,can on stove,4.7939,-0.6294,16.8825,24.1685
train,87,70,1078,55,blue brick between pink cup and basket,can on stove,4.6729,-0.6443,10.8849,37.6351
train,87,75,1078,60,blue brick between pink cup and basket,can on stove,4.452,-0.4046,9.9623,23.7715
train,87,80,1078,65,blue brick between pink cup and basket,can on stove,4.0819,-0.9414,24.7136,14.7225
train,87,85,1230,165,blue brick between pink cup and basket,pink cup on pink plate,3.1826,-0.8511,27.0917,33.6674
train,87,120,924,100,blue brick between pink cup and basket,blue brick between pink cup and basket,3.4908,0.9733,37.305,38.1124
train,87,125,924,105,blue brick between pink cup and basket,blue brick between pink cup and basket,3.9086,0.5355,18.8105,29.835
train,87,130,1214,80,blue brick between pink cup and basket,pink cup on pink plate,4.1846,0.5979,15.9105,23.1423
train,87,135,1214,85,blue brick between pink cup and basket,pink cup on pink plate,4.2755,0.7799,17.403,26.1024
train,87,140,1214,90,blue brick between pink cup and basket,pink cup on pink plate,4.3807,0.7776,17.9869,19.1138
train,87,165,1462,85,blue brick between pink cup and basket,yellow brick on blue plate,2.8423,0.4322,23.3193,26.3388
train,87,170,1462,90,blue brick between pink cup and basket,yellow brick on blue plate,2.8872,-0.6696,9.2879,22.1148
train,87,220,1225,70,blue brick between pink cup and basket,pink cup on pink plate,2.0443,0.9699,18.8952,18.4441
train,87,245,1377,75,blue brick between pink cup and basket,yellow brick in basket,3.2151,0.817,28.7031,16.1292
train,88,20,1299,75,blue brick between pink cup and basket,white cup on grey plate,1.6801,0.4978,22.7945,2.9937
train,88,25,1299,75,blue brick between pink cup and basket,white cup on grey plate,2.0256,-0.231,11.8825,2.9937
train,88,30,1063,0,blue brick between pink cup and basket,can on stove,2.3346,-0.7876,12.8874,9.9418
train,88,35,1063,10,blue brick between pink cup and basket,can on stove,2.6291,0.7548,10.4348,2.7442
train,88,40,1021,20,blue brick between pink cup and basket,red brick on pink plate and blue brick on pink plate,2.8399,-0.1497,17.7215,4.6405
train,88,195,1220,55,blue brick between pink cup and basket,pink cup on pink plate,1.9987,0.9641,11.656,23.9751
train,89,15,762,45,blue brick between pink cup and basket,banana in basket,3.5289,0.9965,22.5838,7.2639
train,89,20,762,50,blue brick between pink cup and basket,banana in basket,4.0407,0.9943,24.3675,12.6289
train,89,25,762,55,blue brick between pink cup and basket,banana in basket,4.305,0.0107,26.4701,16.7532
train,89,40,1265,90,blue brick between pink cup and basket,push pink cup,4.2605,0.9692,19.385,33.411
train,89,45,1265,95,blue brick between pink cup and basket,push pink cup,4.038,0.1899,12.3056,30.1627
train,89,55,1230,180,blue brick between pink cup and basket,pink cup on pink plate,3.3209,0.9543,36.9798,11.4369
train,89,60,1230,185,blue brick between pink cup and basket,pink cup on pink plate,3.0466,1.0,34.7879,12.7049
train,89,85,924,105,blue brick between pink cup and basket,blue brick between pink cup and basket,3.4887,-0.7224,28.1263,29.835
train,89,100,924,115,blue brick between pink cup and basket,blue brick between pink cup and basket,4.0223,-0.9586,8.0247,14.9725
train,89,115,1027,110,blue brick between pink cup and basket,red brick on pink plate and blue brick on pink plate,3.2986,0.8699,8.3254,24.5331
train,90,50,1299,70,blue brick in basket,white cup on grey plate,1.4191,0.9787,21.2524,3.4667
train,90,55,1299,75,blue brick in basket,white cup on grey plate,1.5911,0.1276,22.717,2.9937
train,90,65,906,30,blue brick in basket,blue bowl on pink plate and yellow brick in blue bowl,1.9563,0.9729,23.6107,17.3668
train,90,125,1076,140,blue brick in basket,can on stove,1.8366,-0.27,18.1253,19.5425
train,90,165,1220,60,blue brick in basket,pink cup on pink plate,1.6109,0.9614,19.2686,29.3667
train,90,210,1179,115,blue brick in basket,pink cup in basket,2.5036,0.1046,11.4094,24.8219
train,90,220,1183,120,blue brick in basket,pink cup in basket,2.5535,-0.9227,23.3571,16.1701
train,90,225,1179,130,blue brick in basket,pink cup in basket,2.433,0.8414,17.4178,34.2798
train,90,230,1190,120,blue brick in basket,pink cup in basket,2.3265,0.1955,18.3673,24.3076
train,90,240,1190,125,blue brick in basket,pink cup in basket,2.0936,0.932,26.687,23.2254
train,90,250,1225,70,blue brick in basket,pink cup on pink plate,2.2356,1.0,21.6664,18.4441
train,90,255,1225,75,blue brick in basket,pink cup on pink plate,2.4486,-0.9886,20.7397,33.1667
train,90,260,988,155,blue brick in basket,open drawer and blue brick in drawer and close drawer,2.6828,0.6826,10.8251,26.0599
train,90,285,1038,175,blue brick in basket,red brick on pink plate and blue brick on pink plate,2.7869,0.9516,9.096,28.4256
train,90,290,1063,15,blue brick in basket,can on stove,2.6273,-0.9842,10.3447,8.8426
train,90,295,1063,20,blue brick in basket,can on stove,2.513,-0.0818,18.9616,9.6792
train,90,300,1032,175,blue brick in basket,red brick on pink plate and blue brick on pink plate,2.408,0.7217,15.7277,1.1431
train,91,40,1458,95,blue brick in basket,yellow brick on blue plate,3.1078,-0.1597,8.1684,24.433
train,91,50,1038,295,blue brick in basket,red brick on pink plate and blue brick on pink plate,3.0789,0.6711,18.8602,2.6492
train,91,55,1254,100,blue brick in basket,push pink cup,3.0139,-0.8814,21.6722,40.6118
train,91,65,1038,305,blue brick in basket,red brick on pink plate and blue brick on pink plate,2.7736,-0.9757,18.8598,14.9578
train,91,70,1038,305,blue brick in basket,red brick on pink plate and blue brick on pink plate,2.6671,0.7836,24.4335,14.9578
train,91,75,1038,305,blue brick in basket,red brick on pink plate and blue brick on pink plate,2.5116,0.5013,14.6828,14.9578
train,91,80,1172,130,blue brick in basket,pink cup in basket,2.3429,0.987,13.7102,21.4729
train,91,85,1190,120,blue brick in basket,pink cup in basket,2.2945,0.2105,10.9726,24.3076
train,91,90,1179,130,blue brick in basket,pink cup in basket,2.2123,0.9905,32.8099,34.2798
train,91,95,1172,135,blue brick in basket,pink cup in basket,2.093,0.4251,21.9737,18.8153
train,91,115,1220,55,blue brick in basket,pink cup on pink plate,2.1621,-0.0605,41.7024,23.9751
train,91,125,1220,65,blue brick in basket,pink cup on pink plate,2.4281,0.5289,24.5825,29.9469
train,91,130,1220,70,blue brick in basket,pink cup on pink plate,2.5535,0.852,30.3063,38.2217
train,91,155,926,100,blue brick in basket,blue brick between pink cup and basket,2.5282,-0.996,12.4008,22.5659
train,91,160,933,90,blue brick in basket,blue brick between pink cup and basket,2.3881,0.9327,43.2604,18.9659
train,92,80,1179,130,blue brick in basket,pink cup in basket,2.2093,0.9865,19.1638,34.2798
train,92,85,1172,130,blue brick in basket,pink cup in basket,2.079,0.6408,24.6516,21.4729
train,92,90,1172,135,blue brick in basket,pink cup in basket,2.0007,0.4671,20.6924,18.8153
train,92,110,1220,60,blue brick in basket,pink cup on pink plate,2.6392,0.9877,26.5696,29.3667
train,92,115,779,65,blue brick in basket,banana in basket,3.0098,-0.8858,27.4813,12.7846
train,92,120,779,70,blue brick in basket,banana in basket,3.1326,0.9333,19.2201,5.8333
train,92,135,926,90,blue brick in basket,blue brick between pink cup and basket,3.1985,-0.8586,16.2198,26.3804
train,92,145,779,100,blue brick in basket,banana in basket,2.7793,1.0,31.8133,3.4427
train,92,215,1063,15,blue brick in basket,can on stove,2.5948,-0.5376,8.1496,8.8426
train,94,50,933,90,blue brick in basket,blue brick between pink cup and basket,2.2353,0.9923,8.9015,18.9659
train,94,180,1038,300,blue brick in basket,red brick on pink plate and blue brick on pink plate,2.4468,-0.4396,9.8355,3.9559
train,94,195,901,145,blue brick in basket,blue bowl on pink plate and yellow brick in blue bowl,2.2698,0.4127,22.5493,23.3091
train,94,200,998,190,blue brick in basket,open drawer and blue brick in drawer and close drawer,2.0522,-0.5391,17.8712,16.783
train,96,110,981,330,blue brick in basket,open drawer and blue brick in drawer and close drawer,1.5305,-0.2449,10.3327,14.4032
train,96,170,1039,280,blue brick in basket,red brick on pink plate and blue brick on pink plate,2.8606,0.9646,32.6242,18.9006
train,96,175,1177,100,blue brick in basket,pink cup in basket,2.9172,0.9705,29.4722,15.9036
train,96,180,1179,115,blue brick in basket,pink cup in basket,3.0176,0.9925,19.9562,24.8219
train,96,185,1179,120,blue brick in basket,pink cup in basket,2.9918,0.9471,19.1033,15.2808
train,96,190,1179,125,blue brick in basket,pink cup in basket,2.9074,-0.7779,19.1994,20.4681
train,96,195,1179,130,blue brick in basket,pink cup in basket,2.863,0.9876,24.1141,34.2798
train,96,205,1172,135,blue brick in basket,pink cup in basket,2.2927,0.8062,18.0992,18.8153
train,96,210,1172,135,blue brick in basket,pink cup in basket,2.0609,0.6694,35.9972,18.8153
train,96,235,1059,35,blue brick in basket,can on grey plate,3.0566,-0.9172,9.7593,23.5433
train,96,240,779,70,blue brick in basket,banana in basket,3.1692,0.4997,17.8163,5.8333
train,96,250,911,240,blue brick in basket,blue bowl on pink plate and yellow brick in blue bowl,3.3679,-0.4037,28.4731,4.6195
train,96,270,1064,20,blue brick in basket,can on stove,2.6111,0.1816,15.6993,15.3941
train,96,275,700,35,blue brick in basket,banana in basket,2.3985,0.7741,14.4282,4.5354
train,97,60,1254,95,blue brick in basket,push pink cup,3.0653,-0.5047,11.2007,38.8205
train,97,65,1255,90,blue brick in basket,push pink cup,3.0051,-0.9462,10.666,7.0621
train,97,70,1254,100,blue brick in basket,push pink cup,2.8502,-0.7989,31.8064,40.6118
train,97,75,1187,90,blue brick in basket,pink cup in basket,2.7669,-0.8771,30.4335,3.554
train,97,80,1187,95,blue brick in basket,pink cup in basket,2.6552,-0.914,29.0346,16.0218
train,97,85,1187,100,blue brick in basket,pink cup in basket,2.533,-0.9677,29.8824,14.8174
train,97,90,1171,105,blue brick in basket,pink cup in basket,2.4842,-0.3456,36.6439,23.7011
train,97,95,1171,105,blue brick in basket,pink cup in basket,2.4637,-0.6713,43.7252,23.7011
train,97,100,1171,115,blue brick in basket,pink cup in basket,2.2933,0.6843,31.7546,25.0489
train,97,105,1171,120,blue brick in basket,pink cup in basket,2.1917,0.8019,22.3017,20.8796
train,97,125,701,105,blue brick in basket,banana in basket,2.7295,0.9639,11.8763,13.1703
train,97,130,1209,65,blue brick in basket,pink cup next to drawer,2.997,0.9959,22.7973,17.9103
train,97,135,937,105,blue brick in basket,blue brick between pink cup and basket,3.2835,-0.4447,30.52,28.9304
train,97,170,1027,115,blue brick in basket,red brick on pink plate and blue brick on pink plate,2.6462,0.8849,36.8956,26.8716
train,99,35,1183,95,blue brick in basket,pink cup in basket,2.8292,-0.9999,23.4442,24.4879
train,99,70,1255,85,blue brick in basket,push pink cup,4.2123,-0.0948,23.185,16.807
train,99,75,1255,90,blue brick in basket,push pink cup,4.1628,-0.3463,21.1599,7.0621
train,99,80,1255,90,blue brick in basket,push pink cup,4.0068,-0.1566,10.0044,7.0621
train,99,85,1059,70,blue brick in basket,can on grey plate,3.7406,0.6178,28.2156,18.1896
train,99,90,1059,70,blue brick in basket,can on grey plate,3.4568,0.969,30.0852,18.1896
train,99,95,1059,70,blue brick in basket,can on grey plate,3.1998,0.9307,22.9082,18.1896
train,99,100,1059,70,blue brick in basket,can on grey plate,2.9888,0.7207,22.1916,18.1896
train,99,105,1178,135,blue brick in basket,pink cup in basket,2.8216,0.8016,16.8614,18.0626
train,99,110,1059,70,blue brick in basket,can on grey plate,2.6582,0.8031,14.146,18.1896
train,99,130,701,100,blue brick in basket,banana in basket,2.9652,-0.3044,27.5937,8.1272
train,99,135,701,105,blue brick in basket,banana in basket,3.4254,0.7639,20.8644,13.1703
train,99,150,779,75,blue brick in basket,banana in basket,4.1554,0.999,17.6673,3.9764
train,99,155,779,80,blue brick in basket,banana in basket,4.0804,-0.2393,17.304,4.0373
train,99,165,779,90,blue brick in basket,banana in basket,3.2254,0.887,27.1201,25.3276
train,100,5,924,170,blue brick in blue bowl,blue brick between pink cup and basket,2.548,-0.0146,12.1248,2.9453
train,100,80,946,85,blue brick in blue bowl,blue brick in basket,2.7529,1.0,27.092,28.5141
train,100,90,1057,40,blue brick in blue bowl,can on grey plate,3.1253,-0.3329,22.464,13.426
train,100,95,1057,45,blue brick in blue bowl,can on grey plate,3.2509,-0.1921,20.6904,14.0532
train,100,100,1057,50,blue brick in blue bowl,can on grey plate,3.2891,-0.4897,18.9944,0.2553
train,100,120,1058,70,blue brick in blue bowl,can on grey plate,2.5608,0.04,11.0406,20.2931
train,100,125,952,155,blue brick in blue bowl,blue brick in basket,2.4045,-0.3995,12.6273,20.9191
train,101,40,1144,115,blue brick in blue bowl,grey cup on pan,4.0076,0.6775,11.0826,19.8576
train,101,45,1144,120,blue brick in blue bowl,grey cup on pan,3.871,-0.6404,9.7911,7.6569
train,101,55,1558,80,blue brick in blue bowl,yellow brick on pink plate,3.4625,0.8936,20.7364,10.3569
train,101,70,1144,140,blue brick in blue bowl,grey cup on pan,2.9258,0.9771,18.4798,15.0364
train,101,105,1556,60,blue brick in blue bowl,yellow brick on pink plate,3.0866,0.8528,19.8162,13.2147
train,101,110,1556,65,blue brick in blue bowl,yellow brick on pink plate,3.9904,-0.5408,54.7299,5.3794
train,101,115,777,70,blue brick in blue bowl,banana in basket,4.7157,0.8798,17.785,7.2794
train,101,125,777,80,blue brick in blue bowl,banana in basket,4.9147,0.9991,22.0202,3.4908
train,101,130,777,80,blue brick in blue bowl,banana in basket,4.821,0.9761,16.8166,3.4908
train,101,140,777,90,blue brick in blue bowl,banana in basket,3.81,-0.3082,17.3262,5.3982
train,101,145,777,95,blue brick in blue bowl,banana in basket,3.2515,-0.2343,20.3587,9.9447
train,102,10,1131,35,blue brick in blue bowl,grey cup on pan,2.7724,-0.9008,21.9019,2.7306
train,102,20,1131,45,blue brick in blue bowl,grey cup on pan,3.1663,-0.3862,11.3128,16.5026
train,102,25,923,135,blue brick in blue bowl,blue brick between pink cup and basket,3.4017,-0.6257,10.6505,4.7798
train,102,50,923,155,blue brick in blue bowl,blue brick between pink cup and basket,2.9959,0.9575,17.9997,22.2748
train,102,55,1317,135,blue brick in blue bowl,white cup on pan,2.6889,0.9889,23.8279,10.7898
train,102,60,1136,145,blue brick in blue bowl,grey cup on pan,2.4316,0.7638,18.3139,5.0528
train,102,110,1143,45,blue brick in blue bowl,grey cup on pan,3.3029,0.8905,13.1674,9.2866
train,102,115,1143,50,blue brick in blue bowl,grey cup on pan,3.0254,0.9792,34.4605,4.0931
train,102,145,1377,75,blue brick in blue bowl,yellow brick in basket,3.0762,0.6322,21.5294,16.1292
train,103,0,1143,95,blue brick in blue bowl,grey cup on pan,3.0278,0.9715,34.9412,7.821
train,103,5,1143,100,blue brick in blue bowl,grey cup on pan,3.6128,-0.0751,22.3865,5.8639
train,103,10,1328,55,blue brick in blue bowl,white cup on pan,3.9706,-0.2978,8.4173,7.1852
train,103,15,1328,60,blue brick in blue bowl,white cup on pan,4.1941,-0.9381,8.5489,18.2652
train,103,25,1328,65,blue brick in blue bowl,white cup on pan,4.1166,0.6841,29.396,12.8464
train,103,40,1322,70,blue brick in blue bowl,white cup on pan,3.0941,0.7373,35.3386,12.8834
train,103,50,1390,50,blue brick in blue bowl,yellow brick in basket,3.8051,0.2449,21.6377,40.8916
train,103,80,1387,75,blue brick in blue bowl,yellow brick in basket,3.3883,0.9975,11.6672,2.4581
train,103,85,1143,45,blue brick in blue bowl,grey cup on pan,2.9304,-0.8477,20.5055,9.2866
train,104,0,1144,100,blue brick in blue bowl,grey cup on pan,2.9968,0.6821,13.3751,4.4937
train,104,10,1144,105,blue brick in blue bowl,grey cup on pan,3.5284,0.9939,9.1664,11.0057
train,104,35,1144,130,blue brick in blue bowl,grey cup on pan,2.7606,0.2286,25.6161,12.5595
train,104,40,1317,140,blue brick in blue bowl,white cup on pan,2.5196,0.9959,23.4868,9.0912
train,104,85,1143,45,blue brick in blue bowl,grey cup on pan,3.1075,-0.7649,27.4825,9.2866
train,104,90,1143,50,blue brick in blue bowl,grey cup on pan,2.7206,0.932,15.9724,4.0931
train,106,70,1257,50,blue brick in blue bowl,push pink cup,3.5979,0.594,10.8563,16.5524
train,106,75,924,60,blue brick in blue bowl,blue brick between pink cup and basket,3.7973,-0.9193,15.0447,1.5238
train,106,80,924,60,blue brick in blue bowl,blue brick between pink cup and basket,3.6634,0.8954,8.767,1.5238
train,106,85,1265,85,blue brick in blue bowl,push pink cup,3.6751,0.2513,14.2738,22.9157
train,106,90,726,65,blue brick in blue bowl,banana in basket,3.7327,0.9896,12.1405,8.4609
train,106,95,1214,70,blue brick in blue bowl,pink cup on pink plate,3.985,0.4481,29.9378,20.8753
train,106,100,1053,30,blue brick in blue bowl,can on grey plate,4.4713,0.617,32.4678,1.1315
train,106,105,924,110,blue brick in blue bowl,blue brick between pink cup and basket,4.1604,-0.926,9.5058,8.3372
train,107,20,947,45,blue brick in blue bowl,blue brick in basket,3.6278,-0.7335,13.8072,6.7116
train,107,45,1059,30,blue brick in blue bowl,can on grey plate,2.8379,-0.4496,29.5205,16.4998
train,107,50,1059,40,blue brick in blue bowl,can on grey plate,3.1929,0.7567,17.1815,14.2757
train,107,55,1257,40,blue brick in blue bowl,push pink cup,3.4112,0.4107,11.8676,20.8325
train,107,60,1257,45,blue brick in blue bowl,push pink cup,3.4292,0.3382,12.9621,8.0489
train,107,65,1257,50,blue brick in blue bowl,push pink cup,3.7895,0.5895,15.9649,16.5524
train,107,70,1265,80,blue brick in blue bowl,push pink cup,3.8076,-0.073,12.5797,22.4505
train,107,90,1053,30,blue brick in blue bowl,can on grey plate,4.9317,-0.9998,16.0582,1.1315
train,107,95,924,110,blue brick in blue bowl,blue brick between pink cup and basket,4.9123,0.5401,23.3649,8.3372
train,107,100,738,70,blue brick in blue bowl,banana in basket,4.8419,-0.1054,24.5305,2.0663
train,107,105,775,70,blue brick in blue bowl,banana in basket,4.815,0.0157,31.007,26.4103
train,107,110,777,95,blue brick in blue bowl,banana in basket,4.5432,0.6389,29.3458,9.9447
train,108,40,1131,145,blue brick in blue bowl,grey cup on pan,1.8862,-0.3764,14.7443,9.0959
train,108,65,762,45,blue brick in blue bowl,banana in basket,3.6706,-0.7082,8.6097,7.2639
train,108,70,1420,50,blue brick in blue bowl,yellow brick next to stove,3.9716,-0.725,8.5802,10.2557
train,108,110,1299,25,blue brick in blue bowl,white cup on grey plate,3.8794,-0.0246,10.0179,10.6336
train,109,80,762,55,blue brick in blue bowl,banana in basket,3.3012,-0.037,13.8809,16.7532
train,109,85,1458,100,blue brick in blue bowl,yellow brick on blue plate,3.4876,-0.665,10.9681,23.5569
train,109,100,929,60,blue brick in blue bowl,blue brick between pink cup and basket,3.3371,0.5494,17.049,21.6751
train,109,105,926,70,blue brick in blue bowl,blue brick between pink cup and basket,3.7579,-0.0712,22.92,24.7033
train,109,110,1027,90,blue brick in blue bowl,red brick on pink plate and blue brick on pink plate,3.8014,0.2852,10.7385,13.3828
train,109,120,1377,75,blue brick in blue bowl,yellow brick in basket,4.016,0.7236,10.2525,16.1292
train,109,125,1377,80,blue brick in blue bowl,yellow brick in basket,3.9874,0.8805,9.3923,9.3538
train,110,40,1204,110,open drawer and blue brick in drawer and close drawer,pink cup next to drawer,2.7366,-0.362,19.9042,13.6777
train,110,50,1196,120,open drawer and blue brick in drawer and close drawer,pink cup next to drawer,2.7075,0.6032,26.0697,62.6405
train,110,110,1435,170,open drawer and blue brick in drawer and close drawer,yellow brick on blue brick,2.1809,0.9407,32.2547,10.3772
train,110,115,1435,170,open drawer and blue brick in drawer and close drawer,yellow brick on blue brick,2.2691,0.8852,35.2299,10.3772
train,110,120,1435,175,open drawer and blue brick in drawer and close drawer,yellow brick on blue brick,2.2484,0.5223,38.3703,10.9329
train,110,150,988,150,open drawer and blue brick in drawer and close drawer,open drawer and blue brick in drawer and close drawer,2.494,0.996,14.0953,42.6892
train,110,165,988,165,open drawer and blue brick in drawer and close drawer,open drawer and blue brick in drawer and close drawer,2.4688,-0.3473,28.1273,18.3971
train,110,180,940,25,open drawer and blue brick in drawer and close drawer,blue brick between pink cup and basket,2.1655,0.9424,26.7842,5.4486
train,110,300,1198,115,open drawer and blue brick in drawer and close drawer,pink cup next to drawer,2.596,0.856,9.2692,14.4512
train,110,335,1209,65,open drawer and blue brick in drawer and close drawer,pink cup next to drawer,2.3113,0.7597,30.0997,17.9103
train,110,340,1188,60,open drawer and blue brick in drawer and close drawer,pink cup in basket,2.3774,0.5864,12.5043,23.2985
train,110,345,1188,65,open drawer and blue brick in drawer and close drawer,pink cup in basket,2.6565,0.9132,17.6228,20.4538
train,110,350,1188,70,open drawer and blue brick in drawer and close drawer,pink cup in basket,2.9938,0.6109,26.0114,22.8456
train,110,355,1032,165,open drawer and blue brick in drawer and close drawer,red brick on pink plate and blue brick on pink plate,3.3993,0.8883,32.2832,1.9761
train,110,360,994,165,open drawer and blue brick in drawer and close drawer,open drawer and blue brick in drawer and close drawer,3.612,0.3416,31.589,8.9243
train,110,365,994,170,open drawer and blue brick in drawer and close drawer,open drawer and blue brick in drawer and close drawer,3.5189,-0.1741,13.6532,19.3677
train,110,370,994,175,open drawer and blue brick in drawer and close drawer,open drawer and blue brick in drawer and close drawer,3.462,0.3777,21.1939,4.3973
train,110,380,714,160,open drawer and blue brick in drawer and close drawer,banana in basket,3.2226,-0.5584,14.1636,29.934
train,110,385,714,160,open drawer and blue brick in drawer and close drawer,banana in basket,2.8344,0.7482,30.4363,29.934
train,110,460,998,280,open drawer and blue brick in drawer and close drawer,open drawer and blue brick in drawer and close drawer,2.0598,0.9999,38.1829,37.5508
train,110,490,988,150,open drawer and blue brick in drawer and close drawer,open drawer and blue brick in drawer and close drawer,2.8841,0.9143,34.3424,42.6892
train,111,55,1038,305,open drawer and blue brick in drawer and close drawer,red brick on pink plate and blue brick on pink plate,2.3023,0.8887,30.5377,14.9578
train,111,60,1431,45,open drawer and blue brick in drawer and close drawer,yellow brick on blue brick,2.2993,0.0607,30.6632,9.3783
train,111,175,988,155,open drawer and blue brick in drawer and close drawer,open drawer and blue brick in drawer and close drawer,2.6802,-0.7886,28.1749,26.0599
train,111,180,988,160,open drawer and blue brick in drawer and close drawer,open drawer and blue brick in drawer and close drawer,2.7097,-0.9573,23.1815,25.0515
train,111,190,988,165,open drawer and blue brick in drawer and close drawer,open drawer and blue brick in drawer and close drawer,2.7861,-0.9477,24.7765,18.3971
train,111,195,988,170,open drawer and blue brick in drawer and close drawer,open drawer and blue brick in drawer and close drawer,2.7205,-0.2362,18.4305,7.0323
train,111,315,910,30,open drawer and blue brick in drawer and close drawer,blue bowl on pink plate and yellow brick in blue bowl,2.4759,0.1978,11.3079,7.1345
train,111,325,1200,115,open drawer and blue brick in drawer and close drawer,pink cup next to drawer,2.3592,0.963,17.875,14.5018
train,111,335,1198,120,open drawer and blue brick in drawer and close drawer,pink cup next to drawer,2.2777,-0.3532,31.5522,12.693
train,111,370,1179,65,open drawer and blue brick in drawer and close drawer,pink cup in basket,2.095,0.9132,34.9924,19.8557
train,111,375,1188,60,open drawer and blue brick in drawer and close drawer,pink cup in basket,2.0164,0.9994,27.907,23.2985
train,111,385,1032,165,open drawer and blue brick in drawer and close drawer,red brick on pink plate and blue brick on pink plate,2.7245,0.7887,16.149,1.9761
train,111,390,994,165,open drawer and blue brick in drawer and close drawer,open drawer and blue brick in drawer and close drawer,2.8931,0.7825,34.4532,8.9243
train,111,480,998,280,open drawer and blue brick in drawer and close drawer,open drawer and blue brick in drawer and close drawer,1.9493,-0.9072,17.5181,37.5508
train,111,485,998,280,open drawer and blue brick in drawer and close drawer,open drawer and blue brick in drawer and close drawer,1.972,-0.9063,15.5202,37.5508
train,111,505,1188,60,open drawer and blue brick in drawer and close drawer,pink cup in basket,2.3106,0.9049,24.7133,23.2985
train,111,515,1435,170,open drawer and blue brick in drawer and close drawer,yellow brick on blue brick,2.4765,0.9758,35.3236,10.3772
train,112,170,1255,80,open drawer and blue brick in drawer and close drawer,push pink cup,3.763,0.8799,8.2251,22.3484
train,112,185,1039,225,open drawer and blue brick in drawer and close drawer,red brick on pink plate and blue brick on pink plate,3.3717,-0.926,17.7479,30.2443
train,112,190,937,75,open drawer and blue brick in drawer and close drawer,blue brick between pink cup and basket,2.9134,0.2848,13.3368,28.565
train,112,200,1204,135,open drawer and blue brick in drawer and close drawer,pink cup next to drawer,2.5574,-0.9992,43.5948,28.7185
train,112,205,722,165,open drawer and blue brick in drawer and close drawer,banana in basket,2.28,0.2504,22.216,16.6801
train,112,210,928,195,open drawer and blue brick in drawer and close drawer,blue brick between pink cup and basket,2.2314,0.7328,16.5547,9.5684
train,112,225,1209,65,open drawer and blue brick in drawer and close drawer,pink cup next to drawer,2.765,0.9444,37.9429,17.9103
train,112,230,924,105,open drawer and blue brick in drawer and close drawer,blue brick between pink cup and basket,3.1229,-0.6872,25.459,29.835
train,113,5,1295,0,open drawer and blue brick in drawer and close drawer,white cup on grey plate,1.624,-0.9832,31.8949,7.0129
train,113,40,933,105,open drawer and blue brick in drawer and close drawer,blue brick between pink cup and basket,1.9612,-0.9614,12.5227,6.4933
train,113,175,940,35,open drawer and blue brick in drawer and close drawer,blue brick between pink cup and basket,2.2042,-0.7804,15.4618,1.2902
train,114,35,1011,90,open drawer and blue brick in drawer and close drawer,blue brick on red brick,2.0181,0.9255,13.8511,24.9396
train,114,100,1435,175,open drawer and blue brick in drawer and close drawer,yellow brick on blue brick,2.3825,0.6254,39.783,10.9329
train,114,105,914,145,open drawer and blue brick in drawer and close drawer,blue bowl on pink plate and yellow brick in blue bowl,2.2653,0.9978,41.0928,8.0716
train,114,135,906,175,open drawer and blue brick in drawer and close drawer,blue bowl on pink plate and yellow brick in blue bowl,2.2784,-0.8934,40.1933,10.951
train,114,140,906,180,open drawer and blue brick in drawer and close drawer,blue bowl on pink plate and yellow brick in blue bowl,2.3458,-0.9788,35.6324,7.8429
train,114,145,906,185,open drawer and blue brick in drawer and close drawer,blue bowl on pink plate and yellow brick in blue bowl,2.4063,-0.9601,30.6283,7.9725
train,114,150,758,65,open drawer and blue brick in drawer and close drawer,banana in basket,2.5043,-0.1545,31.3148,6.3771
train,114,155,940,25,open drawer and blue brick in drawer and close drawer,blue brick between pink cup and basket,2.4648,0.9547,33.9675,5.4486
train,114,295,995,270,open drawer and blue brick in drawer and close drawer,open drawer and blue brick in drawer and close drawer,2.2403,0.9888,32.8498,19.8273
train,114,300,1188,75,open drawer and blue brick in drawer and close drawer,pink cup in basket,2.2167,0.2161,22.0698,29.1527
train,114,305,1039,275,open drawer and blue brick in drawer and close drawer,red brick on pink plate and blue brick on pink plate,2.2435,0.7499,22.5932,17.1774
train,114,335,1188,55,open drawer and blue brick in drawer and close drawer,pink cup in basket,2.2708,0.9753,23.7798,21.073
train,114,340,1188,60,open drawer and blue brick in drawer and close drawer,pink cup in basket,2.308,0.9672,26.4245,23.2985
train,114,345,1188,65,open drawer and blue brick in drawer and close drawer,pink cup in basket,2.5994,0.9992,24.4947,20.4538
train,114,350,1188,70,open drawer and blue brick in drawer and close drawer,pink cup in basket,2.9128,0.2149,18.2728,22.8456
train,114,360,1435,170,open drawer and blue brick in drawer and close drawer,yellow brick on blue brick,3.1929,0.9957,44.4808,10.3772
train,114,365,1435,175,open drawer and blue brick in drawer and close drawer,yellow brick on blue brick,3.0732,0.4934,14.9546,10.9329
train,114,370,698,145,open drawer and blue brick in drawer and close drawer,banana in basket,2.9208,0.7309,18.0333,9.8498
train,114,380,779,110,open drawer and blue brick in drawer and close drawer,banana in basket,2.4928,0.2303,34.6362,0.2805
train,114,385,1038,305,open drawer and blue brick in drawer and close drawer,red brick on pink plate and blue brick on pink plate,2.3378,0.7473,30.506,14.9578
train,114,430,998,280,open drawer and blue brick in drawer and close drawer,open drawer and blue brick in drawer and close drawer,1.9383,0.9882,19.8284,37.5508
train,114,485,988,150,open drawer and blue brick in drawer and close drawer,open drawer and blue brick in drawer and close drawer,2.6788,0.3939,41.6505,42.6892
train,114,505,911,250,open drawer and blue brick in drawer and close drawer,blue bowl on pink plate and yellow brick in blue bowl,2.7434,-0.7207,19.2201,5.7313
train,115,150,988,150,open drawer and blue brick in drawer and close drawer,open drawer and blue brick in drawer and close drawer,2.1321,0.8854,17.9877,42.6892
train,115,155,988,155,open drawer and blue brick in drawer and close drawer,open drawer and blue brick in drawer and close drawer,2.383,-0.3404,22.039,26.0599
train,115,160,936,20,open drawer and blue brick in drawer and close drawer,blue brick between pink cup and basket,2.5842,-0.3943,25.6952,5.5329
train,115,165,940,20,open drawer and blue brick in drawer and close drawer,blue brick between pink cup and basket,2.4856,0.9525,21.5683,11.8719
train,115,170,940,25,open drawer and blue brick in drawer and close drawer,blue brick between pink cup and basket,2.3905,0.9855,21.2522,5.4486
train,115,175,940,30,open drawer and blue brick in drawer and close drawer,blue brick between pink cup and basket,2.3074,0.8087,20.4684,2.0369
train,115,305,1198,120,open drawer and blue brick in drawer and close drawer,pink cup next to drawer,2.2416,-0.4755,31.1265,12.693
train,115,310,1038,300,open drawer and blue brick in drawer and close drawer,red brick on pink plate and blue brick on pink plate,2.2561,0.0674,25.1008,3.9559
train,115,335,1188,60,open drawer and blue brick in drawer and close drawer,pink cup in basket,2.5326,0.8995,14.6687,23.2985
train,115,340,1188,65,open drawer and blue brick in drawer and close drawer,pink cup in basket,3.0118,0.4773,24.899,20.4538
train,115,345,1435,170,open drawer and blue brick in drawer and close drawer,yellow brick on blue brick,3.2354,0.9789,33.997,10.3772
train,115,370,1038,305,open drawer and blue brick in drawer and close drawer,red brick on pink plate and blue brick on pink plate,2.6032,0.0472,32.7692,14.9578
train,115,425,917,95,open drawer and blue brick in drawer and close drawer,blue bowl on pink plate and yellow brick in blue bowl,1.8162,0.9621,16.9167,35.2665
train,115,500,1027,110,open drawer and blue brick in drawer and close drawer,red brick on pink plate and blue brick on pink plate,2.6785,0.7224,25.0939,24.5331
train,116,170,1173,100,open drawer and blue brick in drawer and close drawer,pink cup in basket,2.1975,-0.045,26.2967,40.221
train,116,190,1179,115,open drawer and blue brick in drawer and close drawer,pink cup in basket,2.7043,0.8495,8.4524,24.8219
train,116,195,1204,120,open drawer and blue brick in drawer and close drawer,pink cup next to drawer,2.726,1.0,10.7953,19.6905
train,116,200,1204,125,open drawer and blue brick in drawer and close drawer,pink cup next to drawer,2.7124,0.6119,25.0476,60.3424
train,116,205,1204,125,open drawer and blue brick in drawer and close drawer,pink cup next to drawer,2.6413,0.2423,34.6025,60.3424
train,116,210,1204,130,open drawer and blue brick in drawer and close drawer,pink cup next to drawer,2.5004,-0.5819,32.672,45.7754
train,116,215,1204,135,open drawer and blue brick in drawer and close drawer,pink cup next to drawer,2.3788,-0.9393,33.5138,28.7185
train,116,220,1204,135,open drawer and blue brick in drawer and close drawer,pink cup next to drawer,2.2882,-0.8156,23.3651,28.7185
train,116,225,1204,140,open drawer and blue brick in drawer and close drawer,pink cup next to drawer,2.2293,0.0438,16.5353,52.3619
train,116,230,1204,145,open drawer and blue brick in drawer and close drawer,pink cup next to drawer,2.1748,-0.2261,15.5564,53.5912
train,116,250,1209,60,open drawer and blue brick in drawer and close drawer,pink cup next to drawer,2.0722,0.9103,12.6757,13.7875
train,116,255,1209,65,open drawer and blue brick in drawer and close drawer,pink cup next to drawer,1.9965,0.7962,39.8095,17.9103
train,116,260,1209,70,open drawer and blue brick in drawer and close drawer,pink cup next to drawer,2.2554,0.9315,44.3121,28.815
train,116,265,1209,75,open drawer and blue brick in drawer and close drawer,pink cup next to drawer,2.3332,0.9711,48.2362,35.9976
train,116,270,1209,80,open drawer and blue brick in drawer and close drawer,pink cup next to drawer,2.4474,-0.9968,39.2051,29.9472
train,116,275,1209,85,open drawer and blue brick in drawer and close drawer,pink cup next to drawer,2.4865,-0.742,18.8211,26.9605
train,116,280,1220,80,open drawer and blue brick in drawer and close drawer,pink cup on pink plate,2.2996,-0.7344,15.4587,22.2765
train,116,300,1225,95,open drawer and blue brick in drawer and close drawer,pink cup on pink plate,2.2692,0.576,41.7592,30.3572
train,116,305,1442,135,open drawer and blue brick in drawer and close drawer,yellow brick on blue brick,2.1657,0.994,26.7712,14.5037
train,117,35,907,30,open drawer and blue brick in drawer and close drawer,blue bowl on pink plate and yellow brick in blue bowl,2.0882,0.9654,25.4305,4.0108
train,117,155,988,150,open drawer and blue brick in drawer and close drawer,open drawer and blue brick in drawer and close drawer,2.4306,0.7265,36.8213,42.6892
train,117,160,988,155,open drawer and blue brick in drawer and close drawer,open drawer and blue brick in drawer and close drawer,2.7107,-0.7861,29.6826,26.0599
train,117,165,936,20,open drawer and blue brick in drawer and close drawer,blue brick between pink cup and basket,2.8663,-0.0007,31.1382,5.5329
train,117,170,936,25,open drawer and blue brick in drawer and close drawer,blue brick between pink cup and basket,2.8532,0.9231,26.3811,24.1393
train,117,295,1204,130,open drawer and blue brick in drawer and close drawer,pink cup next to drawer,2.1632,-0.9821,25.5767,45.7754
train,117,365,1038,310,open drawer and blue brick in drawer and close drawer,red brick on pink plate and blue brick on pink plate,2.2459,0.9668,31.3239,17.938
train,117,410,908,85,open drawer and blue brick in drawer and close drawer,blue bowl on pink plate and yellow brick in blue bowl,1.7859,0.9946,14.2907,3.0325
train,117,415,917,85,open drawer and blue brick in drawer and close drawer,blue bowl on pink plate and yellow brick in blue bowl,1.8426,0.9862,15.8587,13.5629
train,117,420,917,85,open drawer and blue brick in drawer and close drawer,blue bowl on pink plate and yellow brick in blue bowl,1.8545,0.9829,14.6952,13.5629
train,117,425,917,90,open drawer and blue brick in drawer and close drawer,blue bowl on pink plate and yellow brick in blue bowl,1.8815,0.8885,15.6502,24.074
train,117,480,988,155,open drawer and blue brick in drawer and close drawer,open drawer and blue brick in drawer and close drawer,2.3657,-0.5547,29.6136,26.0599
train,118,15,906,35,open drawer and blue brick in drawer and close drawer,blue bowl on pink plate and yellow brick in blue bowl,2.2858,0.9345,31.3965,12.6202
train,118,170,919,190,open drawer and blue brick in drawer and close drawer,blue bowl on pink plate and yellow brick in blue bowl,2.5087,-0.747,36.4947,8.6993
train,118,185,1037,150,open drawer and blue brick in drawer and close drawer,red brick on pink plate and blue brick on pink plate,2.1068,-0.9747,15.5579,4.0153
train,118,190,779,105,open drawer and blue brick in drawer and close drawer,banana in basket,1.8929,0.9945,19.5021,1.5455
train,118,220,998,190,open drawer and blue brick in drawer and close drawer,open drawer and blue brick in drawer and close drawer,1.4896,0.0144,8.5054,16.783
train,118,315,1204,120,open drawer and blue brick in drawer and close drawer,pink cup next to drawer,2.2005,-0.9592,13.4665,19.6905
train,118,320,1204,125,open drawer and blue brick in drawer and close drawer,pink cup next to drawer,2.0785,0.8921,18.458,60.3424
train,118,365,1188,65,open drawer and blue brick in drawer and close drawer,pink cup in basket,2.4841,0.7462,15.9884,20.4538
train,118,530,701,135,open drawer and blue brick in drawer and close drawer,banana in basket,2.5738,0.953,34.6258,35.1791
train,118,535,701,135,open drawer and blue brick in drawer and close drawer,banana in basket,2.3679,-0.0739,14.3166,35.1791
train,118,540,701,140,open drawer and blue brick in drawer and close drawer,banana in basket,2.3146,-0.6164,17.4199,22.7933
train,118,545,701,145,open drawer and blue brick in drawer and close drawer,banana in basket,2.2617,-0.7146,17.084,24.8666
train,119,305,1204,95,open drawer and blue brick in drawer and close drawer,pink cup next to drawer,2.5435,-0.766,30.0986,6.7666
train,119,315,1198,110,open drawer and blue brick in drawer and close drawer,pink cup next to drawer,2.3631,0.0302,17.9029,9.7585
train,119,320,1204,125,open drawer and blue brick in drawer and close drawer,pink cup next to drawer,2.3034,0.9881,10.6344,60.3424
train,119,385,994,165,open drawer and blue brick in drawer and close drawer,open drawer and blue brick in drawer and close drawer,3.1956,0.2121,42.992,8.9243
train,119,410,1038,310,open drawer and blue brick in drawer and close drawer,red brick on pink plate and blue brick on pink plate,2.5059,-0.0551,27.01,17.938
train,119,515,701,140,open drawer and blue brick in drawer and close drawer,banana in basket,2.4161,-0.8618,20.007,22.7933
train,119,520,1032,175,open drawer and blue brick in drawer and close drawer,red brick on pink plate and blue brick on pink plate,2.2972,0.3679,17.6804,1.1431
train,120,190,1182,170,blue brick on red brick,pink cup in basket,2.535,-0.1431,27.7589,24.95
train,120,195,923,55,blue brick on red brick,blue brick between pink cup and basket,2.5079,0.9887,21.4351,12.6561
train,120,260,1123,70,blue brick on red brick,grey cup on grey plate,2.2593,0.9916,12.41,3.1063
train,120,265,1597,85,blue brick on red brick,yellow brick on top of drawer,2.5851,0.8354,14.1987,12.8075
train,120,300,1145,45,blue brick on red brick,grey cup on pan,2.9142,0.5522,32.3666,11.0845
train,121,50,1145,65,blue brick on red brick,grey cup on pan,3.0181,0.9351,8.9217,2.3849
train,121,270,1064,10,blue brick on red brick,can on stove,3.3721,0.3374,13.5731,10.7453
train,122,60,1145,65,blue brick on red brick,grey cup on pan,2.9216,0.9084,13.4087,2.3849
train,122,150,1063,90,blue brick on red brick,can on stove,1.9325,0.8073,19.3481,16.7971
train,122,265,923,65,blue brick on red brick,blue brick between pink cup and basket,2.3558,0.716,15.1069,19.415
train,122,300,1064,20,blue brick on red brick,can on stove,3.9781,0.4715,15.7726,15.3941
train,123,40,1123,135,blue brick on red brick,grey cup on grey plate,3.0476,0.8729,8.592,1.9425
train,123,210,923,65,blue brick on red brick,blue brick between pink cup and basket,2.4046,0.9331,24.9971,19.415
train,124,10,1131,0,blue brick on red brick,grey cup on pan,1.6508,0.9916,32.8747,12.3871
train,124,150,1182,155,blue brick on red brick,pink cup in basket,2.475,-0.2238,14.3053,22.3347
train,124,200,923,65,blue brick on red brick,blue brick between pink cup and basket,2.2604,0.9304,27.8989,19.415
train,124,215,1471,5,blue brick on red brick,yellow brick on blue plate,3.1683,0.6723,23.9524,12.834
train,125,125,1134,80,blue brick on red brick,grey cup on pan,2.0145,0.9968,25.6202,21.9613
train,125,160,923,55,blue brick on red brick,blue brick between pink cup and basket,2.4315,0.9994,23.3191,12.6561
train,125,165,923,55,blue brick on red brick,blue brick between pink cup and basket,2.3079,0.9918,19.995,12.6561
train,125,170,923,55,blue brick on red brick,blue brick between pink cup and basket,2.2354,0.9821,19.6855,12.6561
train,126,205,923,65,blue brick on red brick,blue brick between pink cup and basket,2.2909,0.9896,17.1999,19.415
train,126,245,1308,160,blue brick on red brick,white cup on grey plate,2.6653,0.8237,36.5402,4.8387
train,127,50,1123,135,blue brick on red brick,grey cup on grey plate,2.6513,0.5487,11.4972,1.9425
train,127,180,923,65,blue brick on red brick,blue brick between pink cup and basket,2.3282,0.9444,13.1548,19.415
train,127,200,1471,5,blue brick on red brick,yellow brick on blue plate,3.3424,0.4025,15.6484,12.834
train,128,205,923,65,blue brick on red brick,blue brick between pink cup and basket,2.3856,1.0,26.4428,19.415
train,129,185,1471,5,blue brick on red brick,yellow brick on blue plate,3.172,0.762,13.0779,12.834
train,130,115,1204,135,red brick on pink plate and blue brick on pink plate,pink cup next to drawer,2.9902,0.9719,31.6332,28.7185
train,130,150,1027,100,red brick on pink plate and blue brick on pink plate,red brick on pink plate and blue brick on pink plate,3.3897,0.9335,11.2417,4.6106
train,130,155,1027,105,red brick on pink plate and blue brick on pink plate,red brick on pink plate and blue brick on pink plate,3.3512,-0.365,8.3326,18.8499
train,130,165,1027,110,red brick on pink plate and blue brick on pink plate,red brick on pink plate and blue brick on pink plate,3.0734,-0.8743,15.4658,24.5331
train,130,270,1039,235,red brick on pink plate and blue brick on pink plate,red brick on pink plate and blue brick on pink plate,2.4779,0.6348,15.1895,21.2796
train,130,280,1209,60,red brick on pink plate and blue brick on pink plate,pink cup next to drawer,2.4439,0.628,28.6835,13.7875
train,130,300,1027,100,red brick on pink plate and blue brick on pink plate,red brick on pink plate and blue brick on pink plate,3.2086,0.9333,10.2593,4.6106
train,131,50,1025,295,red brick on pink plate and blue brick on pink plate,red brick on pink plate and blue brick on pink plate,1.9192,-0.4158,9.8822,9.9718
train,131,90,1196,100,red brick on pink plate and blue brick on pink plate,pink cup next to drawer,1.9661,-0.9988,28.3328,4.8422
train,131,100,1193,115,red brick on pink plate and blue brick on pink plate,pink cup next to drawer,2.3848,-0.524,38.3027,26.1071
train,131,150,1358,155,red brick on pink plate and blue brick on pink plate,blue brick in blue bowl and yellow brick in blue bowl,2.4991,0.9789,13.9162,18.6353
train,131,155,1027,110,red brick on pink plate and blue brick on pink plate,red brick on pink plate and blue brick on pink plate,2.4438,-0.8628,27.1439,24.5331
train,131,250,1209,55,red brick on pink plate and blue brick on pink plate,pink cup next to drawer,2.0148,-0.4133,24.0668,23.0533
train,131,260,1209,60,red brick on pink plate and blue brick on pink plate,pink cup next to drawer,1.9343,0.0251,8.8554,13.7875
train,131,285,1209,15,red brick on pink plate and blue brick on pink plate,pink cup next to drawer,3.0018,0.9014,28.7957,4.6235
train,131,295,1032,180,red brick on pink plate and blue brick on pink plate,red brick on pink plate and blue brick on pink plate,1.9301,0.2187,19.1346,2.6887
train,132,60,1199,130,red brick on pink plate and blue brick on pink plate,pink cup next to drawer,3.9098,-0.9825,21.9684,26.6241
train,132,65,1199,130,red brick on pink plate and blue brick on pink plate,pink cup next to drawer,3.8099,-0.4176,15.648,26.6241
train,132,75,1199,135,red brick on pink plate and blue brick on pink plate,pink cup next to drawer,3.2837,0.333,8.9305,23.2255
train,132,90,1039,235,red brick on pink plate and blue brick on pink plate,red brick on pink plate and blue brick on pink plate,2.3114,0.1353,35.7201,21.2796
train,132,100,1209,65,red brick on pink plate and blue brick on pink plate,pink cup next to drawer,2.0848,0.9063,16.3099,17.9103
train,132,105,1209,65,red brick on pink plate and blue brick on pink plate,pink cup next to drawer,2.0639,0.9145,37.0952,17.9103
train,132,110,1209,70,red brick on pink plate and blue brick on pink plate,pink cup next to drawer,2.1131,0.5828,35.9927,28.815
train,132,120,1225,90,red brick on pink plate and blue brick on pink plate,pink cup on pink plate,2.5908,0.5189,43.0097,31.5207
train,132,125,1358,160,red brick on pink plate and blue brick on pink plate,blue brick in blue bowl and yellow brick in blue bowl,2.6378,0.9781,43.6572,24.6312
train,132,130,906,200,red brick on pink plate and blue brick on pink plate,blue bowl on pink plate and yellow brick in blue bowl,2.5016,0.8463,31.4016,8.6812
train,132,135,1025,290,red brick on pink plate and blue brick on pink plate,red brick on pink plate and blue brick on pink plate,2.2275,0.8343,32.1384,16.0309
train,132,175,1027,110,red brick on pink plate and blue brick on pink plate,red brick on pink plate and blue brick on pink plate,2.3915,0.1507,11.8473,24.5331
train,133,75,1231,60,red brick on pink plate and blue brick on pink plate,point to top drawer,2.2423,0.7101,22.6913,17.471
train,133,85,1231,70,red brick on pink plate and blue brick on pink plate,point to top drawer,1.9746,0.5413,8.9597,2.0261
train,133,100,1225,70,red brick on pink plate and blue brick on pink plate,pink cup on pink plate,2.1809,0.6911,20.1117,18.4441
train,133,105,1209,65,red brick on pink plate and blue brick on pink plate,pink cup next to drawer,2.0255,0.9141,32.0538,17.9103
train,133,110,1209,70,red brick on pink plate and blue brick on pink plate,pink cup next to drawer,2.4472,0.4446,31.4674,28.815
train,133,120,1225,90,red brick on pink plate and blue brick on pink plate,pink cup on pink plate,3.183,-0.1538,22.7406,31.5207
train,133,125,1225,95,red brick on pink plate and blue brick on pink plate,pink cup on pink plate,3.1275,-0.23,26.0703,30.3572
train,133,135,1078,150,red brick on pink plate and blue brick on pink plate,can on stove,2.5031,-0.3354,22.7179,23.2035
train,133,145,1180,65,red brick on pink plate and blue brick on pink plate,pink cup in basket,1.8981,0.0923,25.4251,6.0095
train,133,155,1209,65,red brick on pink plate and blue brick on pink plate,pink cup next to drawer,2.1511,0.8915,29.7829,17.9103
train,134,5,1022,260,red brick on pink plate and blue brick on pink plate,red brick on pink plate and blue brick on pink plate,1.4932,0.9362,30.7993,11.9155
train,134,295,1209,65,red brick on pink plate and blue brick on pink plate,pink cup next to drawer,1.7353,0.9215,27.1669,17.9103
train,134,300,1209,70,red brick on pink plate and blue brick on pink plate,pink cup next to drawer,1.8409,0.14,21.0007,28.815
train,134,310,1220,70,red brick on pink plate and blue brick on pink plate,pink cup on pink plate,2.0759,0.2977,28.8515,38.2217
train,136,35,1204,125,red brick on pink plate and blue brick on pink plate,pink cup next to drawer,3.386,-0.0614,36.1535,60.3424
train,136,40,1255,90,red brick on pink plate and blue brick on pink plate,push pink cup,3.1784,-0.9038,18.0275,7.0621
train,136,45,1204,130,red brick on pink plate and blue brick on pink plate,pink cup next to drawer,2.8549,-0.739,26.2232,45.7754
train,136,50,1204,130,red brick on pink plate and blue brick on pink plate,pink cup next to drawer,2.7172,-0.7381,29.0454,45.7754
train,136,55,1204,130,red brick on pink plate and blue brick on pink plate,pink cup next to drawer,2.539,-0.8794,30.9987,45.7754
train,136,65,1204,145,red brick on pink plate and blue brick on pink plate,pink cup next to drawer,2.4163,-0.2664,31.8462,53.5912
train,136,80,1209,65,red brick on pink plate and blue brick on pink plate,pink cup next to drawer,2.4252,0.9873,28.039,17.9103
train,136,85,779,65,red brick on pink plate and blue brick on pink plate,banana in basket,2.8239,-0.8604,28.7839,12.7846
train,136,110,1220,95,red brick on pink plate and blue brick on pink plate,pink cup on pink plate,2.5183,0.442,36.0206,20.7318
train,136,115,992,230,red brick on pink plate and blue brick on pink plate,open drawer and blue brick in drawer and close drawer,2.3887,0.1335,30.0888,32.28
train,136,175,1207,105,red brick on pink plate and blue brick on pink plate,pink cup next to drawer,3.1811,-0.3327,19.9786,19.1635
train,136,200,1195,145,red brick on pink plate and blue brick on pink plate,pink cup next to drawer,2.9843,0.1608,29.3789,41.4522
train,136,205,1199,135,red brick on pink plate and blue brick on pink plate,pink cup next to drawer,2.8385,-0.897,38.7632,23.2255
train,136,210,1204,145,red brick on pink plate and blue brick on pink plate,pink cup next to drawer,2.7349,-0.326,31.3146,53.5912
train,136,215,1206,125,red brick on pink plate and blue brick on pink plate,pink cup next to drawer,2.5614,-0.4033,25.3841,71.8063
train,136,245,1209,65,red brick on pink plate and blue brick on pink plate,pink cup next to drawer,2.4349,0.8753,34.0835,17.9103
train,136,270,1077,125,red brick on pink plate and blue brick on pink plate,can on stove,2.7926,-0.5445,11.4209,11.7211
train,136,275,779,110,red brick on pink plate and blue brick on pink plate,banana in basket,2.473,-0.9284,19.5534,0.2805
train,136,290,1180,65,red brick on pink plate and blue brick on pink plate,pink cup in basket,1.9075,0.7483,12.6663,6.0095
train,136,315,1204,0,red brick on pink plate and blue brick on pink plate,pink cup next to drawer,2.6777,-0.5637,9.3522,29.3616
train,137,25,940,25,red brick on pink plate and blue brick on pink plate,blue brick between pink cup and basket,1.9867,0.9939,10.3335,5.4486
train,137,130,1225,70,red brick on pink plate and blue brick on pink plate,pink cup on pink plate,2.0353,-0.8737,8.2301,18.4441
train,137,255,1204,120,red brick on pink plate and blue brick on pink plate,pink cup next to drawer,2.5074,0.6728,19.158,19.6905
train,137,260,1204,125,red brick on pink plate and blue brick on pink plate,pink cup next to drawer,2.4079,0.6329,14.8079,60.3424
train,137,265,1245,60,red brick on pink plate and blue brick on pink plate,point to top drawer,2.1582,0.4569,14.7889,35.1434
train,138,160,1209,55,red brick on pink plate and blue brick on pink plate,pink cup next to drawer,2.0375,-0.5605,31.1768,23.0533
train,138,165,1231,75,red brick on pink plate and blue brick on pink plate,point to top drawer,2.0124,0.137,13.166,3.7944
train,139,175,1196,100,red brick on pink plate and blue brick on pink plate,pink cup next to drawer,2.2532,-0.2238,17.9861,4.8422
train,139,225,998,195,red brick on pink plate and blue brick on pink plate,open drawer and blue brick in drawer and close drawer,2.0158,-0.3779,12.2495,17.9143
train,139,250,1220,60,red brick on pink plate and blue brick on pink plate,pink cup on pink plate,1.8828,0.6524,35.9833,29.3667
train,139,255,1220,65,red brick on pink plate and blue brick on pink plate,pink cup on pink plate,2.1658,0.2021,40.0914,29.9469
train,139,305,1027,95,red brick on pink plate and blue brick on pink plate,red brick on pink plate and blue brick on pink plate,2.4535,0.7216,11.3275,5.8583
train,139,310,1027,100,red brick on pink plate and blue brick on pink plate,red brick on pink plate and blue brick on pink plate,2.718,0.1417,11.6177,4.6106
train,140,45,1059,30,can on grey plate,can on grey plate,2.6722,0.0835,31.4375,16.4998
train,140,50,1443,75,can on grey plate,yellow brick on blue brick,2.9533,0.2835,19.9838,15.7322
train,140,75,887,50,can on grey plate,banana in orange bowl,2.927,-0.8401,8.7448,12.5137
train,141,35,700,105,can on grey plate,banana in basket,2.1072,0.848,10.5117,38.7682
train,141,40,700,110,can on grey plate,banana in basket,2.1932,0.7731,13.5268,33.7537
train,141,50,700,120,can on grey plate,banana in basket,2.1826,-0.9985,18.6706,20.2645
train,141,80,738,65,can on grey plate,banana in basket,2.8718,-0.7335,25.8597,4.4934
train,142,50,1059,35,can on grey plate,can on grey plate,2.6028,0.1698,13.0171,23.5433
train,142,55,1059,40,can on grey plate,can on grey plate,2.7982,0.1459,8.3634,14.2757
train,142,60,1059,45,can on grey plate,can on grey plate,3.265,0.8772,10.4894,23.1925
train,142,65,762,50,can on grey plate,banana in basket,3.5552,0.6165,13.594,12.6289
train,142,75,1420,60,can on grey plate,yellow brick next to stove,3.3323,0.1375,26.7393,19.4339
train,142,80,700,120,can on grey plate,banana in basket,2.9933,-0.4322,10.6367,20.2645
train,142,85,924,90,can on grey plate,blue brick between pink cup and basket,3.1595,0.893,21.456,20.8689
train,142,90,929,65,can on grey plate,blue brick between pink cup and basket,3.1569,0.864,29.6232,17.5763
train,142,100,1027,90,can on grey plate,red brick on pink plate and blue brick on pink plate,3.2189,-0.3016,10.2448,13.3828
train,142,105,1027,95,can on grey plate,red brick on pink plate and blue brick on pink plate,3.4341,0.9888,10.4777,5.8583
train,142,110,1027,100,can on grey plate,red brick on pink plate and blue brick on pink plate,3.6676,0.6525,16.497,4.6106
train,143,25,699,95,can on grey plate,banana in basket,3.5146,-0.1493,10.3481,27.1255
train,143,60,1179,135,can on grey plate,pink cup in basket,2.1947,0.999,27.828,29.297
train,143,65,1172,140,can on grey plate,pink cup in basket,2.1607,0.5865,16.8308,15.8205
train,143,90,762,45,can on grey plate,banana in basket,3.5449,0.9632,15.6184,7.2639
train,143,105,937,50,can on grey plate,blue brick between pink cup and basket,3.9156,-0.8018,16.3785,4.0983
train,143,110,937,55,can on grey plate,blue brick between pink cup and basket,3.932,0.7528,15.3978,13.3762
train,143,115,937,60,can on grey plate,blue brick between pink cup and basket,3.9251,-0.1381,13.699,17.2319
train,143,130,706,120,can on grey plate,banana in basket,3.8007,-0.793,22.5166,24.5158
train,143,135,1059,70,can on grey plate,can on grey plate,3.5666,0.9988,17.0938,18.1896
train,143,140,1058,35,can on grey plate,can on grey plate,3.7797,-0.7653,53.291,15.2366
train,143,145,701,105,can on grey plate,banana in basket,5.1632,-0.3684,20.3401,13.1703
train,143,150,924,110,can on grey plate,blue brick between pink cup and basket,5.4737,-0.1423,12.1612,8.3372
train,143,155,924,110,can on grey plate,blue brick between pink cup and basket,5.431,-0.4128,18.0841,8.3372
train,143,160,924,115,can on grey plate,blue brick between pink cup and basket,5.4089,-0.6786,12.9449,14.9725
train,143,165,924,120,can on grey plate,blue brick between pink cup and basket,5.5533,0.8747,11.9871,11.3115
train,143,170,924,125,can on grey plate,blue brick between pink cup and basket,5.3288,0.5646,31.1262,8.1855
train,143,175,924,130,can on grey plate,blue brick between pink cup and basket,3.9497,0.029,13.6385,11.4953
train,144,5,762,45,can on grey plate,banana in basket,3.4103,-0.0376,12.1454,7.2639
train,144,35,1254,110,can on grey plate,push pink cup,3.5195,0.4939,29.2498,10.7991
train,144,50,1184,175,can on grey plate,pink cup in basket,2.6341,0.1559,28.9412,25.5833
train,144,65,701,105,can on grey plate,banana in basket,3.07,0.9779,19.7436,13.1703
train,144,70,924,105,can on grey plate,blue brick between pink cup and basket,3.3264,0.3198,16.3073,29.835
train,144,85,1058,55,can on grey plate,can on grey plate,3.995,-0.7589,15.4433,12.5372
train,144,90,779,100,can on grey plate,banana in basket,3.9617,-0.8378,11.8533,3.4427
train,144,95,779,105,can on grey plate,banana in basket,3.339,0.9983,39.2558,1.5455
train,144,100,1040,110,can on grey plate,red brick on pink plate and blue brick on pink plate,3.0491,-0.9865,18.1321,21.3739
train,144,105,952,155,can on grey plate,blue brick in basket,2.9179,0.2936,24.903,20.9191
train,144,115,929,65,can on grey plate,blue brick between pink cup and basket,3.1654,0.998,28.788,17.5763
train,145,40,700,120,can on grey plate,banana in basket,2.9825,-0.9374,29.4882,20.2645
train,145,55,700,130,can on grey plate,banana in basket,2.575,0.4864,28.5908,12.1447
train,145,60,1059,25,can on grey plate,can on grey plate,2.4965,-0.2734,21.047,8.648
train,145,80,1059,30,can on grey plate,can on grey plate,2.3421,0.8155,20.8458,16.4998
train,145,85,1059,35,can on grey plate,can on grey plate,2.7908,0.7712,27.5168,23.5433
train,145,110,770,110,can on grey plate,banana in basket,3.0176,-0.9884,10.2508,4.3397
train,146,10,700,100,can on grey plate,banana in basket,3.0222,-0.2386,21.584,48.0086
train,146,55,1059,30,can on grey plate,can on grey plate,3.0626,0.7492,41.6914,16.4998
train,146,60,1059,35,can on grey plate,can on grey plate,3.789,0.7163,22.622,23.5433
train,146,65,767,60,can on grey plate,banana in basket,3.9945,-0.4354,30.7614,13.9617
train,146,70,767,65,can on grey plate,banana in basket,4.1178,-0.9638,26.1352,13.1104
train,146,75,770,100,can on grey plate,banana in basket,4.0542,-0.4808,28.02,9.4034
train,146,80,770,105,can on grey plate,banana in basket,3.8319,0.0754,24.0675,4.565
train,146,85,770,110,can on grey plate,banana in basket,3.2648,-0.1932,12.3197,4.3397
train,147,15,1058,25,can on grey plate,can on grey plate,3.4341,-0.0516,27.5696,4.1929
train,147,30,1058,30,can on grey plate,can on grey plate,2.681,-0.6488,37.1173,7.5169
train,147,35,1059,70,can on grey plate,can on grey plate,2.5245,0.9349,33.3512,18.1896
train,147,40,1059,70,can on grey plate,can on grey plate,2.4971,0.9808,32.7547,18.1896
train,147,45,1059,70,can on grey plate,can on grey plate,2.3793,0.9995,32.3613,18.1896
train,147,65,1059,35,can on grey plate,can on grey plate,3.2715,0.8934,23.2206,23.5433
train,147,95,1053,55,can on grey plate,can on grey plate,4.1906,0.2458,31.7673,5.129
train,147,125,1188,60,can on grey plate,pink cup in basket,2.7424,0.2616,17.4011,23.2985
train,147,140,994,165,can on grey plate,open drawer and blue brick in drawer and close drawer,3.2946,0.2059,8.684,8.9243
train,148,25,700,105,can on grey plate,banana in basket,3.5629,0.5435,11.3337,38.7682
train,148,40,1187,100,can on grey plate,pink cup in basket,3.2453,-0.7825,30.0085,14.8174
train,148,50,945,160,can on grey plate,blue brick in basket,2.9579,0.9251,30.8957,12.6582
train,148,55,1172,125,can on grey plate,pink cup in basket,2.773,0.0943,14.8254,23.7051
train,148,60,1171,120,can on grey plate,pink cup in basket,2.6422,0.6644,16.3798,20.8796
train,148,70,924,100,can on grey plate,blue brick between pink cup and basket,3.0968,0.7499,22.0574,38.1124
train,148,75,924,105,can on grey plate,blue brick between pink cup and basket,3.3135,0.5901,32.6812,29.835
train,148,90,1214,90,can on grey plate,pink cup on pink plate,3.7372,0.222,11.5652,19.1138
train,148,95,1572,65,can on grey plate,yellow brick on pink plate,3.6706,0.6163,12.8258,11.1644
train,149,5,1392,40,can on grey plate,yellow brick in orange bowl,3.5209,-0.5787,9.676,17.6266
train,149,10,1392,40,can on grey plate,yellow brick in orange bowl,3.7609,-0.9994,9.5995,17.6266
train,149,35,923,150,can on grey plate,blue brick between pink cup and basket,3.5702,0.8797,23.7999,25.6133
train,149,45,1322,65,can on grey plate,white cup on pan,3.1424,0.765,30.3954,14.7025
train,149,50,1322,70,can on grey plate,white cup on pan,2.9121,0.6184,32.4503,12.8834
train,149,55,1322,80,can on grey plate,white cup on pan,2.9108,0.8734,18.7564,9.8293
train,149,65,1377,55,can on grey plate,yellow brick in basket,3.6944,-0.9506,22.7665,25.8379
train,149,70,1394,55,can on grey plate,yellow brick in orange bowl,3.7519,0.8298,20.6877,16.271
train,149,95,1123,115,can on grey plate,grey cup on grey plate,3.4817,-0.4567,11.7606,41.4184
train,149,125,1144,70,can on grey plate,grey cup on pan,2.5636,-0.2227,8.3015,19.7708
train,150,60,1131,140,can on grey plate,grey cup on pan,2.5257,-0.0238,20.4372,20.2893
train,150,65,1296,120,can on grey plate,white cup on grey plate,2.4058,0.9132,18.9225,11.0809
train,150,75,1299,70,can on grey plate,white cup on grey plate,2.4998,0.9987,14.6876,3.4667
train,150,90,947,95,can on grey plate,blue brick in basket,3.2917,0.6165,21.9501,12.4757
train,151,175,998,190,can on stove,open drawer and blue brick in drawer and close drawer,2.2067,-0.0603,25.5759,16.783
train,151,180,998,190,can on stove,open drawer and blue brick in drawer and close drawer,2.1757,-0.2961,24.6398,16.783
train,151,185,998,190,can on stove,open drawer and blue brick in drawer and close drawer,2.1664,-0.3291,21.9254,16.783
train,151,195,1022,265,can on stove,red brick on pink plate and blue brick on pink plate,2.6228,0.945,24.7052,8.8858
train,151,200,1187,50,can on stove,pink cup in basket,2.7367,0.5974,16.4928,16.1342
train,152,0,1179,65,can on stove,pink cup in basket,1.333,0.7893,26.5515,19.8557
train,152,50,936,45,can on stove,blue brick between pink cup and basket,2.9757,0.933,9.1637,3.2299
train,152,180,1039,235,can on stove,red brick on pink plate and blue brick on pink plate,2.4743,0.4968,33.7957,21.2796
train,152,190,927,70,can on stove,blue brick between pink cup and basket,2.6562,0.8222,31.542,12.485
train,152,225,1032,185,can on stove,red brick on pink plate and blue brick on pink plate,2.846,-0.4872,18.2888,2.9423
train,153,30,940,30,can on stove,blue brick between pink cup and basket,2.7907,-0.0656,8.6654,2.0369
train,153,90,1184,75,can on stove,pink cup in basket,1.4199,0.9595,8.3011,4.1601
train,153,210,931,70,can on stove,blue brick between pink cup and basket,2.6538,0.9845,8.3387,11.1872
train,153,215,1022,265,can on stove,red brick on pink plate and blue brick on pink plate,3.0512,0.9946,8.9158,8.8858
train,155,15,929,25,can on stove,blue brick between pink cup and basket,3.7171,0.9699,13.6559,25.4194
train,155,40,1255,90,can on stove,push pink cup,3.8873,0.2422,15.5312,7.0621
train,155,50,1254,110,can on stove,push pink cup,3.3664,0.9046,17.1453,10.7991
train,155,55,1171,120,can on stove,pink cup in basket,3.0518,0.4585,30.2008,20.8796
train,155,60,1171,120,can on stove,pink cup in basket,2.6355,0.2481,19.5474,20.8796
train,155,65,1171,120,can on stove,pink cup in basket,2.5113,-0.1,15.3184,20.8796
train,155,70,1184,185,can on stove,pink cup in basket,2.3466,0.2052,17.2181,12.8917
train,155,80,1225,70,can on stove,pink cup on pink plate,2.5659,0.7274,12.1865,18.4441
train,155,85,924,100,can on stove,blue brick between pink cup and basket,3.0973,0.9738,35.3445,38.1124
train,155,90,924,105,can on stove,blue brick between pink cup and basket,3.3982,-0.9685,15.0264,29.835
train,155,95,924,110,can on stove,blue brick between pink cup and basket,3.5778,-0.994,18.433,8.3372
train,155,110,1036,235,can on stove,red brick on pink plate and blue brick on pink plate,3.8148,0.9899,12.7483,6.8094
train,155,120,1040,110,can on stove,red brick on pink plate and blue brick on pink plate,2.8887,-0.9941,33.7679,21.3739
train,155,125,1025,290,can on stove,red brick on pink plate and blue brick on pink plate,2.7539,0.5932,18.0668,16.0309
train,155,150,1022,270,can on stove,red brick on pink plate and blue brick on pink plate,3.4378,0.5993,8.9629,6.2494
train,156,30,1255,80,can on stove,push pink cup,3.2846,-0.6312,26.5272,22.3484
train,156,35,1255,85,can on stove,push pink cup,3.0754,-0.4335,26.2569,16.807
train,156,50,1076,135,can on stove,can on stove,2.4074,0.1075,28.9862,1.2328
train,156,55,1076,135,can on stove,can on stove,2.2578,-0.023,25.2499,1.2328
train,156,60,1076,135,can on stove,can on stove,2.2102,-0.1407,21.7036,1.2328
train,156,65,1172,135,can on stove,pink cup in basket,2.1325,0.1476,25.9853,18.8153
train,156,80,924,100,can on stove,blue brick between pink cup and basket,2.9092,0.6988,22.3497,38.1124
train,156,85,1057,35,can on stove,can on grey plate,3.3299,0.2455,26.7979,13.78
train,156,105,926,90,can on stove,blue brick between pink cup and basket,3.6578,0.4115,31.1927,26.3804
train,158,40,1254,95,can on stove,push pink cup,2.9357,-0.4396,16.5641,38.8205
train,158,55,1171,115,can on stove,pink cup in basket,2.5322,0.4337,29.9517,25.0489
train,158,60,1171,115,can on stove,pink cup in basket,2.4375,0.2922,23.6132,25.0489
train,158,65,1171,115,can on stove,pink cup in basket,2.3633,0.0286,23.2845,25.0489
train,158,75,1171,120,can on stove,pink cup in basket,2.0864,0.8152,23.6411,20.8796
train,158,80,1171,120,can on stove,pink cup in basket,2.047,0.7229,14.4912,20.8796
train,158,95,1209,65,can on stove,pink cup next to drawer,2.9701,0.9979,39.0207,17.9103
train,158,105,1027,95,can on stove,red brick on pink plate and blue brick on pink plate,3.4978,0.5652,21.5278,5.8583
train,158,115,1027,105,can on stove,red brick on pink plate and blue brick on pink plate,3.4888,-0.8318,17.9693,18.8499
train,158,125,779,100,can on stove,banana in basket,2.7957,0.1714,19.6214,3.4427
train,158,135,1037,160,can on stove,red brick on pink plate and blue brick on pink plate,2.0827,0.9525,29.2301,16.8557
train,159,15,1257,50,can on stove,push pink cup,2.8505,-0.3776,13.7461,16.5524
train,159,20,1465,50,can on stove,yellow brick on blue plate,3.0324,0.0298,11.4513,41.8425
train,159,35,1066,155,can on stove,can on stove,2.9096,-0.9928,9.2121,20.2685
train,159,45,1067,140,can on stove,can on stove,2.4698,0.0475,30.9026,16.9646
train,159,50,1588,205,can on stove,yellow brick on top of drawer,2.3569,0.5109,24.5238,10.1035
train,159,55,1588,210,can on stove,yellow brick on top of drawer,2.1161,0.9608,21.5832,12.0224
train,159,60,1588,210,can on stove,yellow brick on top of drawer,1.9103,0.9712,10.3803,12.0224
train,159,75,1023,220,can on stove,red brick on pink plate and blue brick on pink plate,3.197,0.9842,37.9724,34.5784
train,159,105,1572,75,can on stove,yellow brick on pink plate,3.066,-0.4072,9.5128,5.3443
train,159,110,1257,155,can on stove,push pink cup,2.5716,-0.9996,32.775,9.8728
train,160,195,1377,75,can on stove,yellow brick in basket,3.4442,0.7601,19.3284,16.1292
train,161,20,1255,75,can on stove,push pink cup,3.6053,0.9999,9.9399,20.2362
train,161,25,1265,85,can on stove,push pink cup,3.505,0.9528,11.0461,22.9157
train,161,30,1265,90,can on stove,push pink cup,3.4502,0.9787,16.033,33.411
train,161,35,1080,150,can on stove,can on stove,3.3267,0.5567,13.4781,11.9025
train,161,45,1370,290,can on stove,blue brick in blue bowl and yellow brick in blue bowl,2.8314,0.3352,19.738,64.0756
train,161,50,1370,290,can on stove,blue brick in blue bowl and yellow brick in blue bowl,2.7247,0.3317,13.9543,64.0756
train,161,55,1370,295,can on stove,blue brick in blue bowl and yellow brick in blue bowl,2.5984,-0.1799,26.2593,15.5326
train,161,60,1588,210,can on stove,yellow brick on top of drawer,2.4207,0.9736,29.897,12.0224
train,161,65,1588,210,can on stove,yellow brick on top of drawer,2.358,0.9846,19.6429,12.0224
train,161,90,1225,70,can on stove,pink cup on pink plate,2.4708,0.9089,21.6737,18.4441
train,161,95,924,100,can on stove,blue brick between pink cup and basket,3.2892,0.9728,26.4974,38.1124
train,161,120,1572,65,can on stove,yellow brick on pink plate,3.5194,-0.8155,20.3127,11.1644
train,162,165,1076,140,can on stove,can on stove,2.1507,0.8814,28.5807,19.5425
train,162,195,1063,15,can on stove,can on stove,2.8644,-0.0238,12.7057,8.8426
train,163,165,1022,270,can on stove,red brick on pink plate and blue brick on pink plate,2.6834,-0.9014,14.8269,6.2494
train,164,40,1080,145,can on stove,can on stove,2.8454,0.9131,14.8256,8.0865
train,164,60,1080,160,can on stove,can on stove,2.5332,0.9999,32.842,45.2205
train,164,65,1066,165,can on stove,can on stove,2.4367,0.1291,24.0853,14.4037
train,164,70,1066,165,can on stove,can on stove,2.1881,0.68,20.4947,14.4037
train,164,75,1066,165,can on stove,can on stove,2.0711,0.8838,19.7516,14.4037
train,164,80,1066,165,can on stove,can on stove,2.073,0.8172,8.4163,14.4037
train,164,95,1023,220,can on stove,red brick on pink plate and blue brick on pink plate,3.1257,0.9975,39.3688,34.5784
train,164,125,926,95,can on stove,blue brick between pink cup and basket,2.7575,0.3718,17.8601,14.7872
train,164,130,1462,85,can on stove,yellow brick on blue plate,2.3799,0.2871,34.1857,26.3388
train,165,75,1131,140,can on stove,grey cup on pan,1.9454,-0.1063,18.4098,20.2893
train,165,105,924,100,can on stove,blue brick between pink cup and basket,3.2163,0.3823,15.7523,38.1124
train,165,110,1057,40,can on stove,can on grey plate,3.3214,0.466,31.4156,13.426
train,165,115,926,80,can on stove,blue brick between pink cup and basket,3.3654,-0.1914,33.0599,28.628
train,165,120,926,85,can on stove,blue brick between pink cup and basket,3.503,0.2178,33.0131,28.9881
train,165,125,926,90,can on stove,blue brick between pink cup and basket,3.4758,0.2221,32.5697,26.3804
train,165,130,926,95,can on stove,blue brick between pink cup and basket,3.4229,-0.2053,23.4409,14.7872
train,166,40,1255,80,can on stove,push pink cup,3.8322,0.3397,15.5395,22.3484
train,166,50,1255,90,can on stove,push pink cup,3.6365,0.1992,15.458,7.0621
train,166,55,1254,105,can on stove,push pink cup,3.3822,0.527,13.2822,19.1794
train,166,60,1227,130,can on stove,pink cup on pink plate,3.1809,0.7836,33.6841,14.3804
train,166,65,1230,180,can on stove,pink cup on pink plate,2.9602,0.7706,29.0363,11.4369
train,166,70,1230,180,can on stove,pink cup on pink plate,2.6386,0.9981,34.1536,11.4369
train,166,75,1230,180,can on stove,pink cup on pink plate,2.4736,0.9711,25.6263,11.4369
train,166,80,1230,180,can on stove,pink cup on pink plate,2.3627,0.9474,22.0347,11.4369
train,166,85,1171,120,can on stove,pink cup in basket,2.2745,0.9896,19.7539,20.8796
train,166,95,924,100,can on stove,blue brick between pink cup and basket,2.956,0.8973,12.185,38.1124
train,166,135,1037,155,can on stove,red brick on pink plate and blue brick on pink plate,2.7364,0.7112,13.9179,12.6772
train,167,20,929,35,can on stove,blue brick between pink cup and basket,3.4884,0.8534,16.4106,14.0477
train,167,40,1254,100,can on stove,push pink cup,2.7873,-0.0862,19.4646,40.6118
train,167,50,1066,165,can on stove,can on stove,2.3509,0.6234,26.5022,14.4037
train,167,65,1061,135,can on stove,can on stove,2.0172,0.9006,24.8918,11.9452
train,167,80,924,105,can on stove,blue brick between pink cup and basket,3.6624,0.1806,19.1795,29.835
train,167,105,926,95,can on stove,blue brick between pink cup and basket,3.9355,-0.9895,28.1228,14.7872
train,168,5,1063,5,can on stove,can on stove,1.762,-0.0349,8.4424,2.528
train,169,145,1078,150,can on stove,can on stove,2.7029,0.7653,17.3211,23.2035
train,169,170,1209,65,can on stove,pink cup next to drawer,3.5235,0.8718,29.9579,17.9103
train,169,180,1027,90,can on stove,red brick on pink plate and blue brick on pink plate,4.102,0.1388,9.2655,13.3828
train,169,185,1027,95,can on stove,red brick on pink plate and blue brick on pink plate,4.1358,0.9665,8.1727,5.8583
train,170,20,762,50,can on stove,banana in basket,3.1518,0.8814,10.7067,12.6289
train,170,35,1255,85,can on stove,push pink cup,3.7882,0.2121,9.0794,16.807
train,170,50,1199,135,can on stove,pink cup next to drawer,3.2625,-0.4757,10.9937,23.2255
train,170,55,1034,330,can on stove,red brick on pink plate and blue brick on pink plate,2.9809,0.7905,29.4191,20.6274
train,170,60,1171,115,can on stove,pink cup in basket,2.7365,0.9554,23.0473,25.0489
train,170,65,1171,115,can on stove,pink cup in basket,2.4128,0.5558,30.185,25.0489
train,170,70,1230,185,can on stove,pink cup on pink plate,2.2665,0.8383,9.6825,12.7049
train,170,85,1225,70,can on stove,pink cup on pink plate,2.4394,0.802,17.7971,18.4441
train,170,90,924,105,can on stove,blue brick between pink cup and basket,3.1033,-0.0347,10.5324,29.835
train,170,115,1221,90,can on stove,pink cup on pink plate,3.8557,0.6949,11.1635,13.5529
train,170,125,1040,110,can on stove,red brick on pink plate and blue brick on pink plate,2.6699,-0.5001,9.5138,21.3739
train,171,15,927,15,can on stove,blue brick between pink cup and basket,2.8475,0.6507,10.0402,29.9396
train,171,40,1204,125,can on stove,pink cup next to drawer,3.6498,-0.0763,15.9077,60.3424
train,171,45,1254,95,can on stove,push pink cup,3.6799,0.9151,19.3013,38.8205
train,171,65,1254,110,can on stove,push pink cup,3.15,0.8186,26.6804,10.7991
train,171,70,1171,115,can on stove,pink cup in basket,3.0295,0.9755,25.6593,25.0489
train,171,75,1171,115,can on stove,pink cup in basket,2.6697,0.4663,13.3204,25.0489
train,171,80,1171,115,can on stove,pink cup in basket,2.5255,0.3643,21.3795,25.0489
train,171,85,1171,115,can on stove,pink cup in basket,2.4353,0.3993,17.8635,25.0489
train,171,90,1171,120,can on stove,pink cup in basket,2.3021,0.8331,17.5322,20.8796
train,171,105,924,100,can on stove,blue brick between pink cup and basket,3.1314,0.7397,20.6356,38.1124
train,171,120,924,115,can on stove,blue brick between pink cup and basket,3.7363,-0.859,15.2085,14.9725
train,171,125,924,125,can on stove,blue brick between pink cup and basket,3.8196,0.9948,9.9214,8.1855
train,171,130,1216,105,can on stove,pink cup on pink plate,3.7247,0.0933,10.8449,7.7651
train,171,135,1216,110,can on stove,pink cup on pink plate,3.1569,0.2995,21.3297,15.9617
train,171,145,1040,110,can on stove,red brick on pink plate and blue brick on pink plate,2.5384,-0.7981,31.5592,21.3739
train,172,40,1254,100,can on stove,push pink cup,2.9856,-0.3931,23.5157,40.6118
train,172,45,1254,105,can on stove,push pink cup,3.0048,-0.2551,27.7678,19.1794
train,172,50,1171,110,can on stove,pink cup in basket,2.919,0.8691,22.7117,21.9679
train,172,55,1171,115,can on stove,pink cup in basket,2.7743,0.9848,21.3145,25.0489
train,172,60,1230,180,can on stove,pink cup on pink plate,2.7719,0.9813,28.3903,11.4369
train,172,65,1107,120,can on stove,can on stove,2.7147,0.925,23.3007,13.9201
train,172,70,1230,175,can on stove,pink cup on pink plate,2.6464,0.9526,31.0332,12.9541
train,172,75,1230,175,can on stove,pink cup on pink plate,2.4826,0.9662,30.7839,12.9541
train,172,80,1230,180,can on stove,pink cup on pink plate,2.3929,0.7678,26.1799,11.4369
train,172,90,1023,220,can on stove,red brick on pink plate and blue brick on pink plate,3.1517,0.8636,27.8602,34.5784
train,172,95,1221,70,can on stove,pink cup on pink plate,3.5739,-0.9762,8.0071,29.7164
train,172,125,1462,85,can on stove,yellow brick on blue plate,2.8089,-0.2977,39.1675,26.3388
train,173,120,1076,135,can on stove,can on stove,2.5422,-0.7036,25.6633,1.2328
train,173,125,1076,135,can on stove,can on stove,2.4599,-0.6897,16.762,1.2328
train,173,130,1076,135,can on stove,can on stove,2.3724,-0.8049,8.5784,1.2328
train,173,140,1068,55,can on stove,can on stove,3.1289,0.9468,13.1717,5.901
train,173,145,1027,85,can on stove,red brick on pink plate and blue brick on pink plate,3.6792,0.83,14.1906,36.3551
train,174,130,1076,140,can on stove,can on stove,2.2953,0.9957,29.6469,19.5425
train,174,140,1225,70,can on stove,pink cup on pink plate,2.4217,0.8759,20.0257,18.4441
train,174,150,1369,145,can on stove,blue brick in blue bowl and yellow brick in blue bowl,2.924,0.9918,20.4908,21.8037
train,174,160,1377,75,can on stove,yellow brick in basket,3.0459,-0.9996,18.5731,16.1292
train,174,165,1377,80,can on stove,yellow brick in basket,2.9421,-0.9919,10.7813,9.3538
train,175,135,1361,335,can on stove,blue brick in blue bowl and yellow brick in blue bowl,2.4625,0.8257,9.2087,16.5739
train,175,150,1209,65,can on stove,pink cup next to drawer,2.4707,0.8013,10.3845,17.9103
train,175,190,1128,135,can on stove,grey cup on grey plate,2.3538,-0.0563,23.2739,3.9107
train,176,30,1257,55,can on stove,push pink cup,3.546,-0.6327,8.1113,18.0612
train,176,40,1265,85,can on stove,push pink cup,3.7209,-0.3349,11.4728,22.9157
train,176,45,1265,90,can on stove,push pink cup,3.816,0.7335,24.0099,33.411
train,176,50,1265,95,can on stove,push pink cup,3.684,-0.8275,17.9517,30.1627
train,176,55,1265,95,can on stove,push pink cup,3.441,-0.6661,9.5783,30.1627
train,176,60,1588,95,can on stove,yellow brick on top of drawer,3.3137,0.692,18.9967,34.0927
train,176,65,1588,95,can on stove,yellow brick on top of drawer,2.964,0.231,19.4293,34.0927
train,176,70,1588,100,can on stove,yellow brick on top of drawer,2.6133,-0.0633,12.6676,24.2951
train,176,80,1390,50,can on stove,yellow brick in basket,3.1053,0.7566,27.6398,40.8916
train,176,85,1221,70,can on stove,pink cup on pink plate,3.4592,-0.8341,14.3526,29.7164
train,176,110,1214,95,can on stove,pink cup on pink plate,3.1227,-0.2844,12.3806,21.7888
train,176,115,1462,90,can on stove,yellow brick on blue plate,2.6994,-0.392,34.206,22.1148
train,176,120,1462,95,can on stove,yellow brick on blue plate,2.4611,-0.8497,20.8099,17.4448
train,178,0,1112,5,can on stove,grey cup on grey plate,1.5724,0.8717,38.4506,0.5647
train,178,110,1181,140,can on stove,pink cup in basket,2.4191,-0.2186,10.7126,33.6243
train,178,120,1180,135,can on stove,pink cup in basket,2.4114,-0.8425,25.2886,23.7957
train,178,125,1588,205,can on stove,yellow brick on top of drawer,2.3897,0.9847,12.6529,10.1035
train,178,130,1588,210,can on stove,yellow brick on top of drawer,2.348,0.9781,19.4718,12.0224
train,178,135,923,60,can on stove,blue brick between pink cup and basket,2.4333,0.9644,27.6615,6.5278
train,178,150,1027,90,can on stove,red brick on pink plate and blue brick on pink plate,3.9987,0.9999,20.053,13.3828
train,178,170,1377,75,can on stove,yellow brick in basket,3.9056,-0.5747,23.1538,16.1292
train,178,185,1377,85,can on stove,yellow brick in basket,2.2882,0.9592,36.3047,11.3865
train,179,0,1593,185,can on stove,yellow brick on top of drawer,1.6393,0.8914,31.3594,3.0965
train,179,135,1181,140,can on stove,pink cup in basket,2.537,-0.9175,31.6665,33.6243
train,179,140,1181,145,can on stove,pink cup in basket,2.463,-0.8469,22.1645,27.6079
train,179,145,1588,205,can on stove,yellow brick on top of drawer,2.3993,0.7088,28.8701,10.1035
train,179,150,1588,205,can on stove,yellow brick on top of drawer,2.3523,0.7462,30.9173,10.1035
train,179,155,1588,205,can on stove,yellow brick on top of drawer,2.324,0.9081,27.4278,10.1035
train,179,170,1225,70,can on stove,pink cup on pink plate,3.3402,0.9822,33.6988,18.4441
train,179,175,1209,65,can on stove,pink cup next to drawer,3.7041,0.9864,28.9396,17.9103
train,179,180,1377,60,can on stove,yellow brick in basket,3.9185,-0.2564,8.0258,24.1707
train,179,220,1326,175,can on stove,white cup on pan,2.0515,0.9715,36.6001,19.8014
train,180,0,1131,15,can on stove,grey cup on pan,2.2761,-0.4064,32.9107,15.1599
train,180,15,1257,45,can on stove,push pink cup,3.5426,0.5578,16.3457,8.0489
train,180,20,1257,50,can on stove,push pink cup,3.8586,0.9043,8.0161,16.5524
train,180,45,1125,120,can on stove,grey cup on grey plate,3.1079,0.9667,19.8013,18.075
train,180,50,1125,125,can on stove,grey cup on grey plate,2.9277,0.8401,37.7606,16.3227
train,180,55,923,160,can on stove,blue brick between pink cup and basket,2.7652,0.584,27.8172,17.0945
train,180,60,1588,205,can on stove,yellow brick on top of drawer,2.5867,0.8904,31.5352,10.1035
train,180,65,1588,205,can on stove,yellow brick on top of drawer,2.5077,0.9518,12.0549,10.1035
train,180,80,1150,70,can on stove,grey cup on pan,2.9075,0.3919,20.9051,2.8355
train,180,85,1214,75,can on stove,pink cup on pink plate,3.7192,0.6701,27.3603,22.2556
train,180,90,1387,50,can on stove,yellow brick in basket,4.0051,0.9312,14.4396,9.0293
train,180,95,1214,85,can on stove,pink cup on pink plate,4.0794,0.692,26.3974,26.1024
train,180,105,1023,240,can on stove,red brick on pink plate and blue brick on pink plate,4.2408,0.0597,8.5946,8.9789
train,180,110,1023,245,can on stove,red brick on pink plate and blue brick on pink plate,4.0733,0.2212,14.62,63.7389
train,180,115,1023,245,can on stove,red brick on pink plate and blue brick on pink plate,3.6132,0.3394,12.5833,63.7389
train,181,30,1264,75,can on stove,push pink cup,3.8562,0.5727,14.5726,18.0479
train,181,35,1265,90,can on stove,push pink cup,3.8137,0.9584,16.2276,33.411
train,181,45,1265,100,can on stove,push pink cup,3.2261,0.2236,11.744,24.9103
train,181,50,1479,140,can on stove,yellow brick on blue plate,2.9517,0.8806,28.6449,23.9516
train,181,55,1096,150,can on stove,can on stove,2.7344,0.9912,20.9362,13.2475
train,181,60,1096,155,can on stove,can on stove,2.5461,-0.446,17.8807,10.8973
train,181,65,1096,155,can on stove,can on stove,2.3297,0.523,12.7097,10.8973
train,181,75,1370,315,can on stove,blue brick in blue bowl and yellow brick in blue bowl,2.6445,0.7367,28.7782,13.1701
train,181,105,1216,110,can on stove,pink cup on pink plate,3.267,0.3907,15.9002,15.9617
train,181,115,1351,210,can on stove,blue brick in blue bowl and yellow brick in blue bowl,2.636,0.9659,25.3165,2.2227
train,182,15,1265,70,can on stove,push pink cup,3.2981,0.9996,9.4999,25.2411
train,182,25,1264,70,can on stove,push pink cup,3.7878,0.1911,8.5416,18.3432
train,182,45,1258,115,can on stove,push pink cup,3.448,0.3663,20.2866,21.778
train,182,50,1489,85,can on stove,yellow brick on blue plate,3.1252,-0.6238,17.8962,40.4355
train,182,55,1230,180,can on stove,pink cup on pink plate,2.8369,0.9776,33.053,11.4369
train,182,60,1230,180,can on stove,pink cup on pink plate,2.6354,0.9894,17.6175,11.4369
train,182,65,1230,185,can on stove,pink cup on pink plate,2.589,0.8464,14.0426,12.7049
train,182,75,1390,50,can on stove,yellow brick in basket,2.9365,0.7647,32.6554,40.8916
train,182,80,1515,65,can on stove,yellow brick on blue plate,3.5481,-0.1313,9.2222,4.9235
train,182,105,1027,110,can on stove,red brick on pink plate and blue brick on pink plate,3.3248,0.8044,10.0866,24.5331
train,182,165,1103,0,can on stove,can on stove,2.3141,0.3425,8.6184,4.9362
train,183,50,1369,115,can on stove,blue brick in blue bowl and yellow brick in blue bowl,2.6376,-0.8341,35.771,20.2179
train,183,55,1108,140,can on stove,can on stove,2.7394,0.988,39.4936,14.6334
train,183,60,1108,140,can on stove,can on stove,2.6694,0.9999,37.0868,14.6334
train,183,65,1108,140,can on stove,can on stove,2.5132,1.0,28.1376,14.6334
train,183,70,1108,145,can on stove,can on stove,2.3882,0.9979,19.1928,12.3429
train,183,75,1588,210,can on stove,yellow brick on top of drawer,2.3157,0.9115,14.2262,12.0224
train,183,85,1209,65,can on stove,pink cup next to drawer,2.3989,0.9864,30.9653,17.9103
train,183,175,1063,20,can on stove,can on stove,2.3178,0.4681,10.2607,9.6792
train,184,100,1384,60,can on stove,yellow brick in basket,2.9489,-0.5867,9.4559,34.6631
train,184,135,1209,65,can on stove,pink cup next to drawer,2.9595,0.823,28.1942,17.9103
train,184,140,1369,145,can on stove,blue brick in blue bowl and yellow brick in blue bowl,3.2331,-0.6894,22.3821,21.8037
train,184,170,1377,85,can on stove,yellow brick in basket,2.0816,0.8441,18.8553,11.3865
train,185,130,1108,145,can on stove,can on stove,2.4409,0.8437,28.099,12.3429
train,185,145,1209,65,can on stove,pink cup next to drawer,3.087,0.8848,22.7806,17.9103
train,185,150,1369,145,can on stove,blue brick in blue bowl and yellow brick in blue bowl,3.5527,-0.9298,18.8013,21.8037
train,186,160,1369,140,can on stove,blue brick in blue bowl and yellow brick in blue bowl,3.1734,-0.0583,13.9177,21.1169
train,186,195,1352,225,can on stove,blue brick in blue bowl and yellow brick in blue bowl,2.6597,0.9906,16.2004,4.9172
train,187,45,1465,60,can on stove,yellow brick on blue plate,3.4918,0.1579,25.9002,23.3814
train,187,60,923,155,can on stove,blue brick between pink cup and basket,2.3457,0.7513,34.0614,22.2748
train,187,65,923,155,can on stove,blue brick between pink cup and basket,2.2553,0.8772,19.3634,22.2748
train,187,70,1108,140,can on stove,can on stove,2.1821,0.9401,17.667,14.6334
train,187,75,1108,145,can on stove,can on stove,2.0941,0.9997,18.392,12.3429
train,187,80,1108,145,can on stove,can on stove,2.0037,0.9995,14.6924,12.3429
train,187,95,1209,65,can on stove,pink cup next to drawer,2.8884,0.9951,21.3732,17.9103
train,187,100,1572,45,can on stove,yellow brick on pink plate,3.1205,0.0076,28.3366,4.7089
train,187,105,1572,50,can on stove,yellow brick on pink plate,3.2449,0.5168,23.1441,14.9489
train,187,110,1572,55,can on stove,yellow brick on pink plate,3.4432,0.1019,22.1547,17.7208
train,187,115,1572,60,can on stove,yellow brick on pink plate,3.5416,0.029,23.0481,17.6781
train,187,120,1462,80,can on stove,yellow brick on blue plate,3.5016,-0.9217,26.8258,11.5678
train,187,125,1462,80,can on stove,yellow brick on blue plate,2.996,-0.3148,22.5029,11.5678
train,188,110,1352,340,can on stove,blue brick in blue bowl and yellow brick in blue bowl,3.1233,-0.8406,16.0115,18.6989
train,188,155,1225,70,can on stove,pink cup on pink plate,2.3137,0.924,27.4183,18.4441
train,188,175,1504,125,can on stove,yellow brick on blue plate,3.6958,0.2102,8.1458,9.8317
train,188,180,1504,130,can on stove,yellow brick on blue plate,3.7081,0.6566,8.4837,2.3203
train,188,190,1068,15,can on stove,can on stove,3.1599,0.9819,11.4967,7.048
train,189,150,1369,145,can on stove,blue brick in blue bowl and yellow brick in blue bowl,3.2891,-0.9921,22.708,21.8037
train,191,25,929,30,can on stove,blue brick between pink cup and basket,2.8748,0.7649,18.8936,14.08
train,191,35,1465,55,can on stove,yellow brick on blue plate,3.1267,-0.972,13.8288,30.9783
train,191,40,1256,75,can on stove,push pink cup,3.0475,0.41,14.7218,10.3293
train,191,60,1171,105,can on stove,pink cup in basket,2.7764,-0.9642,24.5496,23.7011
train,191,65,1108,140,can on stove,can on stove,2.7877,0.9828,23.1999,14.6334
train,191,70,1230,175,can on stove,pink cup on pink plate,2.7845,0.9044,33.6513,12.9541
train,191,75,1230,175,can on stove,pink cup on pink plate,2.7827,0.8921,29.4218,12.9541
train,191,80,1230,180,can on stove,pink cup on pink plate,2.7067,0.94,20.1696,11.4369
train,191,85,1230,185,can on stove,pink cup on pink plate,2.5791,0.7251,31.3655,12.7049
train,191,90,1230,185,can on stove,pink cup on pink plate,2.5108,0.6323,26.718,12.7049
train,191,100,1209,65,can on stove,pink cup next to drawer,3.0566,0.609,18.4459,17.9103
train,191,105,1390,55,can on stove,yellow brick in basket,3.3299,-0.1689,11.7849,11.1292
train,191,115,1214,85,can on stove,pink cup on pink plate,3.3742,-0.1804,15.3199,26.1024
train,191,120,1214,90,can on stove,pink cup on pink plate,3.4825,-0.153,12.9506,19.1138
train,191,135,1462,90,can on stove,yellow brick on blue plate,2.6843,-0.387,38.8204,22.1148
train,191,140,1462,95,can on stove,yellow brick on blue plate,2.537,-0.9287,20.7337,17.4448
train,193,135,1588,210,can on stove,yellow brick on top of drawer,2.2349,0.9905,26.9674,12.0224
train,193,150,1209,65,can on stove,pink cup next to drawer,2.8553,0.9146,23.4285,17.9103
train,193,160,1504,115,can on stove,yellow brick on blue plate,3.9465,0.6276,8.6584,2.0555
train,193,165,1374,100,can on stove,yellow brick in basket,3.8754,0.1835,8.1039,9.8649
train,193,180,1361,205,can on stove,blue brick in blue bowl and yellow brick in blue bowl,3.2092,-0.3438,13.8098,17.2137
train,193,185,1352,230,can on stove,blue brick in blue bowl and yellow brick in blue bowl,2.6152,-0.3675,19.1961,23.3554
train,194,110,1377,70,can on stove,yellow brick in basket,2.7109,-0.9757,27.5378,27.8266
train,195,15,1257,45,can on stove,push pink cup,3.0582,0.9438,15.9874,8.0489
train,195,35,1465,60,can on stove,yellow brick on blue plate,3.5367,0.6149,27.8343,23.3814
train,195,50,1254,100,can on stove,push pink cup,2.9877,-0.707,9.3869,40.6118
train,195,55,923,150,can on stove,blue brick between pink cup and basket,2.761,0.6163,26.3101,25.6133
train,195,60,1108,140,can on stove,can on stove,2.579,0.9421,25.42,14.6334
train,195,65,1171,115,can on stove,pink cup in basket,2.472,0.5601,23.4234,25.0489
train,195,70,1171,115,can on stove,pink cup in basket,2.2731,0.8711,24.2408,25.0489
train,195,75,1171,120,can on stove,pink cup in basket,2.2163,0.8898,24.1385,20.8796
train,195,85,1023,220,can on stove,red brick on pink plate and blue brick on pink plate,3.6369,0.9845,19.8033,34.5784
train,195,90,924,110,can on stove,blue brick between pink cup and basket,3.9602,0.133,16.8464,8.3372
train,195,110,1572,65,can on stove,yellow brick on pink plate,3.8904,-0.7888,25.3837,11.1644
train,196,50,1076,135,can on stove,can on stove,2.6657,-0.3674,14.3547,1.2328
train,196,60,1061,130,can on stove,can on stove,2.6259,0.7183,17.6174,14.0354
train,196,70,1061,130,can on stove,can on stove,2.5117,0.8658,26.8375,14.0354
train,196,100,1225,70,can on stove,pink cup on pink plate,2.1701,0.9119,21.5678,18.4441
train,196,105,1022,265,can on stove,red brick on pink plate and blue brick on pink plate,2.8024,0.9037,21.6858,8.8858
train,196,130,926,95,can on stove,blue brick between pink cup and basket,3.1913,0.4392,10.8844,14.7872
train,197,35,1384,45,can on stove,yellow brick in basket,3.5412,0.5102,11.4484,19.5845
train,197,45,1265,75,can on stove,push pink cup,4.5272,0.6238,32.1129,24.2776
train,197,50,1265,80,can on stove,push pink cup,4.7154,0.0528,18.6712,22.4505
train,197,55,1265,85,can on stove,push pink cup,4.9211,0.802,13.6192,22.9157
train,197,60,1265,90,can on stove,push pink cup,4.7972,0.092,19.961,33.411
train,197,65,1265,90,can on stove,push pink cup,4.6018,-0.6542,20.3933,33.411
train,197,70,1265,95,can on stove,push pink cup,4.3288,0.1065,12.7632,30.1627
train,197,75,1588,95,can on stove,yellow brick on top of drawer,4.2214,0.8396,12.7828,34.0927
train,197,80,1261,110,can on stove,push pink cup,3.8155,-0.0118,31.8271,24.3157
train,197,85,1588,100,can on stove,yellow brick on top of drawer,3.3366,-0.692,9.2697,24.2951
train,197,90,1588,205,can on stove,yellow brick on top of drawer,3.0607,0.7968,35.5655,10.1035
train,197,95,1588,205,can on stove,yellow brick on top of drawer,2.8167,0.9087,29.3046,10.1035
train,197,100,1588,210,can on stove,yellow brick on top of drawer,2.5315,0.7524,17.7053,12.0224
train,197,115,1390,50,can on stove,yellow brick in basket,3.5787,0.8323,40.6698,40.8916
train,197,125,723,95,can on stove,banana in basket,5.0511,-0.9962,27.9758,7.4163
train,197,145,1572,65,can on stove,yellow brick on pink plate,4.7523,-0.1259,28.1324,11.1644
train,198,135,1369,145,can on stove,blue brick in blue bowl and yellow brick in blue bowl,3.0082,-0.9349,17.2155,21.8037
train,198,155,1504,130,can on stove,yellow brick on blue plate,3.1889,0.3884,8.4113,2.3203
train,200,10,1392,35,can on stove,yellow brick in orange bowl,3.0145,-0.9601,9.3451,12.5077
train,200,15,1257,45,can on stove,push pink cup,3.5603,0.878,16.7673,8.0489
train,200,20,1257,50,can on stove,push pink cup,4.0341,-0.4158,15.7701,16.5524
train,200,30,1265,80,can on stove,push pink cup,4.5062,-0.5863,13.186,22.4505
train,200,40,1265,90,can on stove,push pink cup,4.2609,-0.2032,31.9771,33.411
train,200,45,1265,95,can on stove,push pink cup,4.1547,0.4003,22.9146,30.1627
train,200,55,1588,95,can on stove,yellow brick on top of drawer,3.6346,-0.3027,14.465,34.0927
train,200,60,1588,100,can on stove,yellow brick on top of drawer,3.2413,-0.1133,23.5182,24.2951
train,200,65,1588,205,can on stove,yellow brick on top of drawer,2.9365,0.769,24.5141,10.1035
train,200,70,1588,205,can on stove,yellow brick on top of drawer,2.738,0.8789,25.6463,10.1035
train,200,75,1588,205,can on stove,yellow brick on top of drawer,2.5611,0.8303,20.1219,10.1035
train,200,80,1588,210,can on stove,yellow brick on top of drawer,2.4552,0.9991,10.28,12.0224
train,200,100,1390,50,can on stove,yellow brick in basket,2.8942,0.6406,28.0173,40.8916
train,200,110,1515,65,can on stove,yellow brick on blue plate,3.4379,-0.9793,15.3482,4.9235
train,200,140,1502,75,can on stove,yellow brick on blue plate,2.7071,-0.8337,29.5681,42.1534
train,200,145,923,35,can on stove,blue brick between pink cup and basket,2.5354,0.942,13.6431,1.9075
train,200,150,923,55,can on stove,blue brick between pink cup and basket,2.3526,-0.861,12.7643,12.6561
train,200,155,923,55,can on stove,blue brick between pink cup and basket,2.1697,-0.9767,12.067,12.6561
train,201,40,1066,145,grey cup on grey plate,can on stove,3.2922,0.8306,16.4118,15.2803
train,201,45,1066,150,grey cup on grey plate,can on stove,3.2888,0.2601,9.4417,8.5601
train,201,50,1066,155,grey cup on grey plate,can on stove,3.1947,0.5969,16.5132,20.2685
train,201,60,923,155,grey cup on grey plate,blue brick between pink cup and basket,2.9606,0.7184,31.0756,22.2748
train,201,65,1588,205,grey cup on grey plate,yellow brick on top of drawer,2.8045,0.8585,19.8946,10.1035
train,201,90,1377,55,grey cup on grey plate,yellow brick in basket,3.1234,-0.683,22.1208,25.8379
train,201,95,1377,55,grey cup on grey plate,yellow brick in basket,3.4092,-0.897,25.5583,25.8379
train,201,110,1214,90,grey cup on grey plate,pink cup on pink plate,3.6273,0.4394,10.71,19.1138
train,201,115,1133,105,grey cup on grey plate,grey cup on pan,3.4101,-0.6695,18.0438,13.8941
train,202,105,1182,150,grey cup on grey plate,pink cup in basket,2.9362,-0.3721,11.1526,17.832
train,202,130,923,150,grey cup on grey plate,blue brick between pink cup and basket,2.8114,0.9981,32.6913,25.6133
train,202,140,923,155,grey cup on grey plate,blue brick between pink cup and basket,2.6178,0.9061,29.1146,22.2748
train,202,145,923,155,grey cup on grey plate,blue brick between pink cup and basket,2.5467,0.9099,27.6416,22.2748
train,202,150,1293,165,grey cup on grey plate,white cup on grey plate,2.4612,0.7223,25.5485,8.2599
train,202,165,1377,55,grey cup on grey plate,yellow brick in basket,3.2041,-0.9028,23.1381,25.8379
train,203,45,923,145,grey cup on grey plate,blue brick between pink cup and basket,3.0373,0.3916,9.6643,12.9873
train,203,95,1150,75,grey cup on grey plate,grey cup on pan,2.3207,0.9887,17.7864,14.4739
train,203,115,1393,55,grey cup on grey plate,yellow brick in orange bowl,3.1924,-0.9165,22.0527,54.3168
train,203,120,1181,120,grey cup on grey plate,pink cup in basket,3.2305,0.6911,17.3396,24.264
train,203,135,1181,140,grey cup on grey plate,pink cup in basket,3.6152,-0.285,19.7814,33.6243
train,203,140,1144,125,grey cup on grey plate,grey cup on pan,3.7366,0.3269,19.8838,11.2363
train,203,145,923,150,grey cup on grey plate,blue brick between pink cup and basket,3.6364,0.9968,26.5543,25.6133
train,203,150,923,155,grey cup on grey plate,blue brick between pink cup and basket,3.5974,0.7296,24.7766,22.2748
train,203,155,922,195,grey cup on grey plate,blue brick between pink cup and basket,3.3207,0.718,31.7077,18.2961
train,203,160,922,195,grey cup on grey plate,blue brick between pink cup and basket,3.0644,0.9808,38.2634,18.2961
train,203,165,1588,205,grey cup on grey plate,yellow brick on top of drawer,2.9108,0.8341,33.7902,10.1035
train,203,170,1588,210,grey cup on grey plate,yellow brick on top of drawer,2.7237,0.9857,27.978,12.0224
train,203,200,1515,70,grey cup on grey plate,yellow brick on blue plate,4.0798,-0.7134,8.4491,11.6707
train,204,50,923,150,grey cup on grey plate,blue brick between pink cup and basket,3.4233,0.6774,17.3575,25.6133
train,204,75,922,200,grey cup on grey plate,blue brick between pink cup and basket,2.383,0.7906,28.0016,15.5871
train,204,80,922,205,grey cup on grey plate,blue brick between pink cup and basket,2.2828,0.0425,16.6487,9.8862
train,204,85,923,60,grey cup on grey plate,blue brick between pink cup and basket,2.2658,-0.1097,16.4522,6.5278
train,204,90,923,65,grey cup on grey plate,blue brick between pink cup and basket,2.3226,0.9048,23.3851,19.415
train,204,95,1377,55,grey cup on grey plate,yellow brick in basket,2.5098,-0.969,20.0678,25.8379
train,204,100,1377,60,grey cup on grey plate,yellow brick in basket,2.607,-0.9159,25.8382,24.1707
train,204,105,1377,65,grey cup on grey plate,yellow brick in basket,2.7406,-0.9672,16.5329,29.9174
train,204,110,1377,70,grey cup on grey plate,yellow brick in basket,3.0026,-0.9997,16.3394,27.8266
train,204,115,1377,75,grey cup on grey plate,yellow brick in basket,3.4226,-0.5396,24.9919,16.1292
train,204,145,1313,125,grey cup on grey plate,white cup on pan,3.1296,0.2903,24.0429,14.4905
train,204,150,923,150,grey cup on grey plate,blue brick between pink cup and basket,2.8901,-0.9054,11.1876,25.6133
train,204,155,923,155,grey cup on grey plate,blue brick between pink cup and basket,2.7097,0.8753,22.056,22.2748
train,204,160,1588,205,grey cup on grey plate,yellow brick on top of drawer,2.5904,0.7935,26.6458,10.1035
train,204,165,1588,210,grey cup on grey plate,yellow brick on top of drawer,2.4286,0.991,21.7148,12.0224
train,204,175,1377,55,grey cup on grey plate,yellow brick in basket,3.1174,-0.4785,13.8832,25.8379
train,204,205,1504,130,grey cup on grey plate,yellow brick on blue plate,3.7467,0.0143,8.7031,2.3203
train,205,40,1394,20,grey cup on grey plate,yellow brick in orange bowl,3.4207,-0.9157,10.4551,31.9174
train,205,60,922,180,grey cup on grey plate,blue brick between pink cup and basket,2.9662,0.6363,23.0892,28.647
train,205,75,922,195,grey cup on grey plate,blue brick between pink cup and basket,2.6437,0.9163,35.4519,18.2961
train,205,80,922,195,grey cup on grey plate,blue brick between pink cup and basket,2.6221,0.8967,37.7936,18.2961
train,205,85,922,195,grey cup on grey plate,blue brick between pink cup and basket,2.5544,0.8732,36.2211,18.2961
train,205,90,922,200,grey cup on grey plate,blue brick between pink cup and basket,2.4264,0.8613,31.6571,15.5871
train,205,95,922,200,grey cup on grey plate,blue brick between pink cup and basket,2.3009,0.8,24.5849,15.5871
train,205,100,922,205,grey cup on grey plate,blue brick between pink cup and basket,2.1927,0.5883,19.6433,9.8862
train,205,115,1377,50,grey cup on grey plate,yellow brick in basket,2.2669,0.9818,23.4613,12.7635
train,207,35,1143,105,grey cup on grey plate,grey cup on pan,3.2717,0.9845,8.7142,1.7195
train,207,40,923,135,grey cup on grey plate,blue brick between pink cup and basket,3.4993,-0.9917,17.1845,4.7798
train,207,55,923,145,grey cup on grey plate,blue brick between pink cup and basket,3.4049,0.9609,35.9474,12.9873
train,207,60,923,150,grey cup on grey plate,blue brick between pink cup and basket,3.3169,0.9625,25.3513,25.6133
train,207,65,923,150,grey cup on grey plate,blue brick between pink cup and basket,3.1654,0.9885,18.6141,25.6133
train,207,70,923,150,grey cup on grey plate,blue brick between pink cup and basket,3.0039,0.9999,19.2374,25.6133
train,207,85,1293,165,grey cup on grey plate,white cup on grey plate,2.5573,0.581,28.5872,8.2599
train,207,110,1377,55,grey cup on grey plate,yellow brick in basket,2.5771,-0.7795,22.678,25.8379
train,207,115,1377,55,grey cup on grey plate,yellow brick in basket,2.7476,-0.9978,19.0495,25.8379
train,207,125,1133,95,grey cup on grey plate,grey cup on pan,2.9998,0.842,9.0365,3.5903
train,207,130,1133,100,grey cup on grey plate,grey cup on pan,3.015,-0.8492,18.0549,3.9304
train,207,205,1143,70,grey cup on grey plate,grey cup on pan,2.4511,-0.7542,9.3361,7.2282
train,207,210,1392,35,grey cup on grey plate,yellow brick in orange bowl,2.5622,0.7787,8.111,12.5077
train,208,135,1181,135,grey cup on grey plate,pink cup in basket,3.3362,0.6179,19.8467,27.1523
train,209,75,1313,140,grey cup on grey plate,white cup on pan,2.5955,0.4559,17.2821,12.3355
train,209,90,1377,55,grey cup on grey plate,yellow brick in basket,2.7329,-0.7841,29.8048,25.8379
train,209,105,1133,90,grey cup on grey plate,grey cup on pan,3.1842,0.6212,14.0761,8.4497
train,210,5,1144,10,grey cup on grey plate,grey cup on pan,1.5233,-0.2218,23.7385,2.4283
train,210,135,1143,120,grey cup on grey plate,grey cup on pan,2.7826,-0.973,20.6665,9.2796
train,210,150,923,160,grey cup on grey plate,blue brick between pink cup and basket,2.2799,0.5961,33.8256,17.0945
train,210,165,1144,70,grey cup on grey plate,grey cup on pan,2.8802,0.9898,30.9828,19.7708
train,210,170,1327,10,grey cup on grey plate,white cup on pan,3.1519,0.5673,24.9854,4.789
train,210,190,1327,25,grey cup on grey plate,white cup on pan,3.0269,0.8045,12.8381,2.9315
train,211,105,1134,85,grey cup on pan,grey cup on pan,2.162,0.2495,15.3656,22.5136
train,211,110,1134,80,grey cup on pan,grey cup on pan,2.2536,0.8096,23.3522,21.9613
train,211,125,1181,120,grey cup on pan,pink cup in basket,2.7402,0.9919,20.3152,24.264
train,211,130,1182,150,grey cup on pan,pink cup in basket,2.8997,-0.5053,16.4235,17.832
train,211,135,1182,155,grey cup on pan,pink cup in basket,2.9819,-0.9829,11.7292,22.3347
train,211,150,923,150,grey cup on pan,blue brick between pink cup and basket,2.9477,0.9956,24.3531,25.6133
train,211,155,923,155,grey cup on pan,blue brick between pink cup and basket,2.8154,0.8303,19.6665,22.2748
train,211,160,923,160,grey cup on pan,blue brick between pink cup and basket,2.6076,0.7741,40.766,17.0945
train,211,165,923,165,grey cup on pan,blue brick between pink cup and basket,2.5001,0.9937,26.7251,9.9467
train,211,175,1148,70,grey cup on pan,grey cup on pan,3.1985,0.6354,19.7401,14.1998
train,211,190,1377,65,grey cup on pan,yellow brick in basket,3.9321,0.699,20.7475,29.9174
train,211,195,1377,70,grey cup on pan,yellow brick in basket,3.9963,0.9844,18.463,27.8266
train,211,215,1327,30,grey cup on pan,white cup on pan,2.1618,-0.656,11.4203,1.8736
train,212,50,923,125,grey cup on pan,blue brick between pink cup and basket,3.3794,-0.4014,12.2276,64.1099
train,212,60,923,140,grey cup on pan,blue brick between pink cup and basket,3.4226,-0.7223,23.2435,12.4694
train,212,70,923,150,grey cup on pan,blue brick between pink cup and basket,3.2418,0.9773,33.8976,25.6133
train,212,90,1293,170,grey cup on pan,white cup on grey plate,2.6604,0.9961,23.2124,1.4126
train,212,120,1150,75,grey cup on pan,grey cup on pan,2.5027,0.9992,24.6109,14.4739
train,212,135,1377,70,grey cup on pan,yellow brick in basket,3.3637,-0.0605,9.3777,27.8266
train,212,145,1122,95,grey cup on pan,grey cup on grey plate,3.716,-0.3952,25.8691,3.2593
train,212,150,1080,135,grey cup on pan,can on stove,3.6164,-0.9094,12.425,22.3464
train,212,155,1080,140,grey cup on pan,can on stove,3.5061,0.3404,10.7633,26.6406
train,212,160,1181,140,grey cup on pan,pink cup in basket,3.4744,0.5251,14.9264,33.6243
train,212,165,1181,140,grey cup on pan,pink cup in basket,3.5185,-0.6595,30.0132,33.6243
train,212,170,1080,160,grey cup on pan,can on stove,3.4677,0.0492,30.5579,45.2205
train,212,180,1588,205,grey cup on pan,yellow brick on top of drawer,3.1749,0.7183,31.0068,10.1035
train,212,185,1317,140,grey cup on pan,white cup on pan,3.0482,0.8591,48.417,9.0912
train,212,200,1316,100,grey cup on pan,white cup on pan,3.9767,-0.964,20.1733,16.4171
train,212,205,1316,105,grey cup on pan,white cup on pan,4.6894,0.9938,23.694,15.9629
train,212,225,777,95,grey cup on pan,banana in basket,4.5189,-0.9986,15.0225,9.9447
train,212,235,1145,45,grey cup on pan,grey cup on pan,2.3843,0.3154,13.3561,11.0845
train,212,240,1145,45,grey cup on pan,grey cup on pan,2.0365,0.9839,28.095,11.0845
train,213,40,1257,55,grey cup on pan,push pink cup,3.1473,-0.4977,11.7242,18.0612
train,213,45,1143,105,grey cup on pan,grey cup on pan,3.301,0.8759,19.7461,1.7195
train,213,50,1144,115,grey cup on pan,grey cup on pan,3.4218,0.9718,16.3248,19.8576
train,213,55,1144,120,grey cup on pan,grey cup on pan,3.3897,0.4097,17.8534,7.6569
train,213,60,1144,125,grey cup on pan,grey cup on pan,3.2348,-0.8519,22.5987,11.2363
train,213,65,1144,125,grey cup on pan,grey cup on pan,3.1577,0.3011,9.1858,11.2363
train,213,70,1322,60,grey cup on pan,white cup on pan,3.0742,0.4393,12.0828,14.2787
train,213,75,1322,65,grey cup on pan,white cup on pan,2.9313,0.8295,21.0429,14.7025
train,213,80,1322,70,grey cup on pan,white cup on pan,2.7409,0.6539,32.8514,12.8834
train,213,85,1293,165,grey cup on pan,white cup on grey plate,2.506,0.7578,21.7206,8.2599
train,213,95,1377,50,grey cup on pan,yellow brick in basket,3.2614,0.9464,39.4991,12.7635
train,213,100,1394,55,grey cup on pan,yellow brick in orange bowl,4.1287,-0.8314,16.6376,16.271
train,213,125,1572,65,grey cup on pan,yellow brick on pink plate,4.2792,-0.999,19.4355,11.1644
train,213,135,1502,75,grey cup on pan,yellow brick on blue plate,3.4813,-0.8205,31.0852,42.1534
train,213,190,1377,70,grey cup on pan,yellow brick in basket,3.274,-0.9177,10.7222,27.8266
train,213,210,1377,85,grey cup on pan,yellow brick in basket,2.5878,0.8605,17.7329,11.3865
train,214,10,1182,115,grey cup on pan,pink cup in basket,2.1175,0.312,10.9234,13.2235
train,214,85,923,65,grey cup on pan,blue brick between pink cup and basket,2.3005,0.8789,25.7925,19.415
train,214,95,1392,30,grey cup on pan,yellow brick in orange bowl,3.0254,-0.0974,22.6259,19.27
train,214,100,1392,35,grey cup on pan,yellow brick in orange bowl,3.1927,-0.5624,23.6744,12.5077
train,214,105,1392,40,grey cup on pan,yellow brick in orange bowl,3.6175,-0.3758,19.9269,17.6266
train,214,110,1392,40,grey cup on pan,yellow brick in orange bowl,3.8828,-0.4999,16.0752,17.6266
train,214,125,1392,55,grey cup on pan,yellow brick in orange bowl,3.7748,-0.9538,20.0007,12.6649
train,214,140,923,35,grey cup on pan,blue brick between pink cup and basket,2.9308,0.8951,15.1871,1.9075
train,214,150,923,50,grey cup on pan,blue brick between pink cup and basket,2.2678,0.8397,27.6323,15.7137
train,214,155,923,55,grey cup on pan,blue brick between pink cup and basket,2.167,0.8719,30.0435,12.6561
train,214,160,923,55,grey cup on pan,blue brick between pink cup and basket,2.0454,0.9625,33.0102,12.6561
train,215,10,1593,185,grey cup on pan,yellow brick on top of drawer,1.6585,-0.3244,8.7573,3.0965
train,215,15,1620,40,grey cup on pan,yellow cup next to stove,1.8767,0.2984,8.5868,2.5807
train,215,70,923,160,grey cup on pan,blue brick between pink cup and basket,2.0701,0.7804,24.4194,17.0945
train,215,75,923,55,grey cup on pan,blue brick between pink cup and basket,2.019,0.9057,14.7904,12.6561
train,215,85,923,65,grey cup on pan,blue brick between pink cup and basket,1.9824,0.9956,26.4848,19.415
train,215,90,923,70,grey cup on pan,blue brick between pink cup and basket,2.2692,0.8879,28.0401,23.956
train,216,40,1143,105,grey cup on pan,grey cup on pan,2.7909,0.9151,9.1117,1.7195
train,216,45,1143,110,grey cup on pan,grey cup on pan,3.0468,-0.4053,10.4378,11.356
train,216,50,1144,120,grey cup on pan,grey cup on pan,3.0845,0.846,11.4031,7.6569
train,216,55,923,140,grey cup on pan,blue brick between pink cup and basket,3.1429,-0.9982,11.3259,12.4694
train,216,65,923,145,grey cup on pan,blue brick between pink cup and basket,2.8944,0.8179,38.9757,12.9873
train,216,70,923,150,grey cup on pan,blue brick between pink cup and basket,2.8521,0.8755,14.4821,25.6133
train,216,75,923,155,grey cup on pan,blue brick between pink cup and basket,2.6886,0.9732,22.7742,22.2748
train,216,80,1293,165,grey cup on pan,white cup on grey plate,2.5219,0.7471,27.7897,8.2599
train,216,100,1148,70,grey cup on pan,grey cup on pan,2.4972,0.9459,24.4284,14.1998
train,216,110,1377,60,grey cup on pan,yellow brick in basket,2.9551,0.9269,12.2082,24.1707
train,216,120,1377,70,grey cup on pan,yellow brick in basket,3.2038,-0.2673,12.952,27.8266
train,216,130,1111,135,grey cup on pan,grey cup on grey plate,2.855,0.909,12.9933,25.2171
train,216,135,1593,145,grey cup on pan,yellow brick on top of drawer,2.6543,-0.104,14.8953,9.35
train,217,10,1620,40,grey cup on pan,yellow cup next to stove,1.8409,-0.978,27.2988,2.5807
train,217,15,1617,40,grey cup on pan,yellow cup next to stove,1.947,-0.2617,13.686,1.3235
train,217,25,1143,95,grey cup on pan,grey cup on pan,2.3812,0.9942,29.4971,7.821
train,217,35,1143,105,grey cup on pan,grey cup on pan,3.1808,0.8674,22.9522,1.7195
train,217,40,1144,115,grey cup on pan,grey cup on pan,3.3187,0.5094,29.4424,19.8576
train,217,60,923,155,grey cup on pan,blue brick between pink cup and basket,3.2225,0.6227,12.5365,22.2748
train,217,65,1293,155,grey cup on pan,white cup on grey plate,3.0137,0.9851,23.8604,15.7638
train,217,70,1293,155,grey cup on pan,white cup on grey plate,2.7704,0.8041,33.2456,15.7638
train,217,75,1293,165,grey cup on pan,white cup on grey plate,2.6086,0.8593,24.215,8.2599
train,217,80,1293,165,grey cup on pan,white cup on grey plate,2.4941,0.7029,13.4391,8.2599
train,217,100,1377,55,grey cup on pan,yellow brick in basket,2.8733,-0.8189,24.821,25.8379
train,217,105,1377,55,grey cup on pan,yellow brick in basket,3.5754,-0.029,23.3271,25.8379
train,217,115,1387,55,grey cup on pan,yellow brick in basket,4.0103,-0.9995,19.6385,7.1696
train,217,120,1572,55,grey cup on pan,yellow brick on pink plate,4.0962,-0.9716,20.0521,17.7208
train,217,125,1572,60,grey cup on pan,yellow brick on pink plate,3.9196,-0.6323,20.1669,17.6781
train,217,130,980,55,grey cup on pan,blue brick in blue bowl,3.547,-0.5008,27.7598,0.1375
train,218,105,1113,85,grey cup on pan,grey cup on grey plate,3.1029,0.3206,17.5855,5.2618
train,218,125,1265,90,grey cup on pan,push pink cup,3.2849,-0.9754,12.5355,33.411
train,218,135,1377,35,grey cup on pan,yellow brick in basket,3.0139,-0.6567,22.0022,36.5933
train,218,140,1588,210,grey cup on pan,yellow brick on top of drawer,2.8089,0.91,9.883,12.0224
train,218,155,1377,55,grey cup on pan,yellow brick in basket,3.5104,-0.7894,24.7426,25.8379
train,218,185,1327,30,grey cup on pan,white cup on pan,3.4771,-0.4279,30.6424,1.8736
train,219,170,1108,140,grey cup on pan,can on stove,2.5044,0.9966,38.0313,14.6334
train,219,175,1588,210,grey cup on pan,yellow brick on top of drawer,2.3331,0.9392,28.37,12.0224
train,219,180,1588,210,grey cup on pan,yellow brick on top of drawer,2.1947,0.9485,20.4001,12.0224
train,219,215,1377,80,grey cup on pan,yellow brick in basket,2.9984,-0.8867,13.6119,9.3538
train,219,220,1377,80,grey cup on pan,yellow brick in basket,2.5143,0.7467,8.6384,9.3538
train,219,225,1377,85,grey cup on pan,yellow brick in basket,2.1542,0.8887,20.6203,11.3865
train,220,120,1392,50,grey cup on pan,yellow brick in orange bowl,3.624,-0.5346,9.8691,5.9892
train,220,140,923,150,grey cup on pan,blue brick between pink cup and basket,3.3362,0.7069,24.4469,25.6133
train,220,145,923,150,grey cup on pan,blue brick between pink cup and basket,3.0555,0.9345,23.0553,25.6133
train,220,150,923,155,grey cup on pan,blue brick between pink cup and basket,2.8073,0.989,18.4226,22.2748
train,220,155,923,160,grey cup on pan,blue brick between pink cup and basket,2.6751,0.9999,19.3333,17.0945
train,220,175,1377,65,grey cup on pan,yellow brick in basket,2.9566,0.1775,16.7315,29.9174
train,220,185,1377,70,grey cup on pan,yellow brick in basket,3.1454,-0.5944,9.7675,27.8266
train,220,190,1377,75,grey cup on pan,yellow brick in basket,3.1546,0.3626,11.1089,16.1292
train,221,65,1076,135,open drawer,can on stove,2.8237,-0.4307,22.8448,1.2328
train,221,235,923,70,open drawer,blue brick between pink cup and basket,2.9197,0.442,32.9707,23.956
train,221,250,1308,150,open drawer,white cup on grey plate,2.8597,-0.9873,21.1935,7.8523
train,222,210,1182,120,open drawer,pink cup in basket,2.7135,0.528,26.3156,15.3801
train,222,215,1308,140,open drawer,white cup on grey plate,2.7462,0.7225,37.0546,17.5466
train,222,220,1308,140,open drawer,white cup on grey plate,2.6847,0.7811,18.1805,17.5466
train,223,15,1131,15,open drawer,grey cup on pan,2.2137,0.9374,25.7566,15.1599
train,223,205,923,70,open drawer,blue brick between pink cup and basket,2.8725,0.7159,30.0223,23.956
train,224,55,923,155,open drawer,blue brick between pink cup and basket,2.8571,-0.8045,34.97,22.2748
train,224,205,1544,120,open drawer,yellow brick on pink plate,3.1079,0.7477,26.0269,4.0849
train,224,215,764,75,open drawer,banana in basket,3.2007,0.9085,24.1993,18.1047
train,225,40,1063,45,open drawer,can on stove,2.4379,-0.7835,23.092,11.1783
train,225,45,1063,45,open drawer,can on stove,2.5126,-0.8644,21.2351,11.1783
train,225,200,923,70,open drawer,blue brick between pink cup and basket,2.6402,0.6892,31.3171,23.956
train,225,205,1301,110,open drawer,white cup on grey plate,2.6239,0.8355,32.6603,12.0798
train,226,55,923,55,open drawer,blue brick between pink cup and basket,2.3286,0.7161,16.7363,12.6561
train,226,155,1315,0,open drawer,white cup on pan,2.6711,0.5345,25.0897,2.6494
train,227,10,927,15,open drawer,blue brick between pink cup and basket,2.3574,0.8566,29.9127,29.9396
train,227,35,1299,50,open drawer,white cup on grey plate,2.3548,-0.8382,26.7034,1.0961
train,227,170,1145,0,open drawer,grey cup on pan,2.0033,0.4049,17.1294,6.853
train,227,175,1299,80,open drawer,white cup on grey plate,2.1441,0.8717,23.7479,2.6216
train,227,180,1299,80,open drawer,white cup on grey plate,2.2415,0.4898,28.1063,2.6216
train,229,35,923,155,open drawer,blue brick between pink cup and basket,2.7637,0.8504,20.8742,22.2748
train,229,40,923,160,open drawer,blue brick between pink cup and basket,2.6691,0.8647,44.1715,17.0945
train,229,120,923,70,open drawer,blue brick between pink cup and basket,2.6296,0.974,26.3353,23.956
train,229,125,923,70,open drawer,blue brick between pink cup and basket,2.8069,0.9741,37.2591,23.956
train,229,130,1329,10,open drawer,white cup on pan,3.0829,-0.3543,30.1553,14.537
train,229,140,764,75,open drawer,banana in basket,3.0754,0.9472,33.128,18.1047
train,230,30,923,140,open drawer,blue brick between pink cup and basket,2.9683,0.9689,30.6829,12.4694
train,230,125,923,65,open drawer,blue brick between pink cup and basket,2.4801,0.6552,23.2164,19.415
train,230,130,923,70,open drawer,blue brick between pink cup and basket,2.7537,1.0,33.7716,23.956
train,230,135,1544,120,open drawer,yellow brick on pink plate,3.0489,-0.1555,36.6063,4.0849
train,230,140,764,70,open drawer,banana in basket,3.0067,0.8023,34.6823,4.3899
train,230,145,764,75,open drawer,banana in basket,2.8821,0.9092,32.7371,18.1047
train,231,100,1131,10,pink cup in basket,grey cup on pan,2.381,1.0,20.9051,2.9681
train,231,105,1134,80,pink cup in basket,grey cup on pan,2.4913,-0.4512,14.8065,21.9613
train,231,110,1590,115,pink cup in basket,yellow brick on top of drawer,2.6348,-0.2966,13.6198,7.3855
train,231,125,1458,95,pink cup in basket,yellow brick on blue plate,3.0374,-0.4112,30.4712,24.433
train,231,160,923,55,pink cup in basket,blue brick between pink cup and basket,2.1583,0.9421,30.685,12.6561
train,231,170,923,65,pink cup in basket,blue brick between pink cup and basket,2.5038,0.9331,17.3208,19.415
train,231,210,1145,45,pink cup in basket,grey cup on pan,2.5816,-0.399,9.2123,11.0845
train,232,75,1144,60,pink cup in basket,grey cup on pan,1.8703,0.0864,8.4523,12.6229
train,232,135,923,145,pink cup in basket,blue brick between pink cup and basket,3.0208,0.8908,29.9198,12.9873
train,232,140,923,150,pink cup in basket,blue brick between pink cup and basket,2.8876,0.4572,27.7367,25.6133
train,232,160,1129,65,pink cup in basket,grey cup on grey plate,2.5979,1.0,23.8673,12.9541
train,232,165,1144,70,pink cup in basket,grey cup on pan,3.0968,0.759,27.7571,19.7708
train,232,175,1504,120,pink cup in basket,yellow brick on blue plate,3.9235,0.2067,11.9824,2.7054
train,232,200,1327,30,pink cup in basket,white cup on pan,3.1298,0.7491,16.9874,1.8736
train,233,130,1182,165,pink cup in basket,pink cup in basket,2.8785,-0.5848,13.998,15.5867
train,233,165,923,65,pink cup in basket,blue brick between pink cup and basket,2.6699,-0.5833,12.6138,19.415
train,233,175,1318,5,pink cup in basket,white cup on pan,3.3154,0.9991,20.57,22.5104
train,234,140,923,160,pink cup in basket,blue brick between pink cup and basket,2.4286,0.5606,10.6064,17.0945
train,234,150,1131,75,pink cup in basket,grey cup on pan,2.4959,0.036,26.4572,3.9465
train,235,100,1392,30,pink cup in basket,yellow brick in orange bowl,2.8346,0.9994,17.012,19.27
train,235,130,923,155,pink cup in basket,blue brick between pink cup and basket,3.8088,0.9996,17.4951,22.2748
train,235,155,1144,65,pink cup in basket,grey cup on pan,2.6319,0.8384,14.202,1.8083
train,235,165,1369,145,pink cup in basket,blue brick in blue bowl and yellow brick in blue bowl,3.9086,0.9927,25.052,21.8037
train,235,170,1327,15,pink cup in basket,white cup on pan,4.0338,-0.9887,25.9495,5.8989
train,235,175,1327,20,pink cup in basket,white cup on pan,4.2589,-0.993,22.9533,7.2933
train,236,125,1131,45,pink cup in basket,grey cup on pan,3.2917,-0.837,19.591,16.5026
train,236,160,923,65,pink cup in basket,blue brick between pink cup and basket,2.8205,0.9686,22.5067,19.415
train,237,95,1392,35,pink cup in basket,yellow brick in orange bowl,3.1214,-0.5454,10.4628,12.5077
train,237,120,923,145,pink cup in basket,blue brick between pink cup and basket,3.5223,-0.9778,25.1999,12.9873
train,237,125,923,150,pink cup in basket,blue brick between pink cup and basket,3.2437,0.8921,8.3558,25.6133
train,237,130,923,155,pink cup in basket,blue brick between pink cup and basket,2.9584,-0.7263,12.6959,22.2748
train,237,135,923,160,pink cup in basket,blue brick between pink cup and basket,2.5949,0.9528,16.846,17.0945
train,237,165,1063,15,pink cup in basket,can on stove,4.2791,-0.6437,25.333,8.8426
train,238,5,1299,15,pink cup in basket,white cup on grey plate,2.7054,0.9953,25.4058,1.4289
train,238,10,1145,30,pink cup in basket,grey cup on pan,3.1624,0.7988,26.5386,5.7739
train,238,95,1458,90,pink cup in basket,yellow brick on blue plate,3.5015,-0.928,9.6363,30.9665
train,238,115,923,155,pink cup in basket,blue brick between pink cup and basket,3.19,0.9493,12.1955,22.2748
train,238,125,923,160,pink cup in basket,blue brick between pink cup and basket,2.5301,0.6448,33.8761,17.0945
train,239,0,1131,0,pink cup in basket,grey cup on pan,1.6915,1.0,29.3372,12.3871
train,239,115,1458,90,pink cup in basket,yellow brick on blue plate,3.1756,-0.051,13.9534,30.9665
train,239,125,1458,100,pink cup in basket,yellow brick on blue plate,3.3304,0.9786,29.0326,23.5569
train,239,130,1182,165,pink cup in basket,pink cup in basket,3.1376,0.8319,31.7346,15.5867
train,239,135,1131,60,pink cup in basket,grey cup on pan,3.017,0.2995,30.2331,34.0812
train,239,145,923,160,pink cup in basket,blue brick between pink cup and basket,2.4876,0.8703,14.5384,17.0945
train,240,155,1131,75,pink cup in basket,grey cup on pan,2.5043,0.5298,23.2956,3.9465
train,241,165,1076,135,pink cup next to drawer,can on stove,2.5967,0.7471,10.4225,1.2328
train,241,170,1315,45,pink cup next to drawer,white cup on pan,2.5141,0.3493,23.5946,10.6543
train,242,140,1131,145,pink cup next to drawer,grey cup on pan,2.3042,0.2736,13.6767,9.0959
train,242,155,931,70,pink cup next to drawer,blue brick between pink cup and basket,2.5112,0.6746,20.2523,11.1872
train,243,35,1471,125,pink cup next to drawer,yellow brick on blue plate,2.922,0.423,11.2939,1.4188
train,243,145,1076,135,pink cup next to drawer,can on stove,2.5826,0.3901,26.8763,1.2328
train,243,150,1076,135,pink cup next to drawer,can on stove,2.513,0.213,29.0441,1.2328
train,243,160,1076,145,pink cup next to drawer,can on stove,2.3607,0.3485,24.5999,14.3329
train,244,170,1315,45,pink cup next to drawer,white cup on pan,2.2113,0.4266,23.7119,10.6543
train,244,180,1220,55,pink cup next to drawer,pink cup on pink plate,2.365,0.895,16.9887,23.9751
train,244,185,1022,265,pink cup next to drawer,red brick on pink plate and blue brick on pink plate,2.8225,-0.7475,13.5445,8.8858
train,245,165,1180,140,pink cup next to drawer,pink cup in basket,2.5223,0.1218,28.5525,37.9636
train,245,170,1076,135,pink cup next to drawer,can on stove,2.5078,0.1792,27.7976,1.2328
train,245,205,1064,5,pink cup next to drawer,can on stove,3.8319,0.4628,13.3912,8.4506
train,245,210,1064,10,pink cup next to drawer,can on stove,3.9732,0.6636,13.4199,10.7453
train,247,120,927,20,pink cup next to drawer,blue brick between pink cup and basket,2.5378,0.5281,13.1182,23.0579
train,247,190,1179,65,pink cup next to drawer,pink cup in basket,2.1667,0.956,17.817,19.8557
train,248,165,1179,65,pink cup next to drawer,pink cup in basket,2.3683,0.997,15.3794,19.8557
train,248,175,931,75,pink cup next to drawer,blue brick between pink cup and basket,2.9709,0.9437,10.3545,24.6422
train,249,0,1299,75,pink cup next to drawer,white cup on grey plate,1.7311,0.788,40.1995,2.9937
train,249,115,1458,95,pink cup next to drawer,yellow brick on blue plate,2.5721,-0.8271,17.2116,24.433
train,249,135,1076,135,pink cup next to drawer,can on stove,2.3659,-0.2807,29.5566,1.2328
train,249,145,1076,145,pink cup next to drawer,can on stove,2.2526,0.7402,15.5375,14.3329
train,249,155,925,80,pink cup next to drawer,blue brick between pink cup and basket,2.5447,0.9916,25.4991,11.4974
train,250,5,1299,70,pink cup next to drawer,white cup on grey plate,1.3975,0.9874,26.7075,3.4667
train,250,10,1299,75,pink cup next to drawer,white cup on grey plate,1.7289,0.0662,24.9014,2.9937
train,250,15,1063,0,pink cup next to drawer,can on stove,2.218,-0.6514,35.8804,9.9418
train,250,20,1057,40,pink cup next to drawer,can on grey plate,2.7568,0.533,34.1868,13.426
train,250,25,1021,20,pink cup next to drawer,red brick on pink plate and blue brick on pink plate,3.0983,0.7158,34.022,4.6405
train,250,135,1068,45,pink cup next to drawer,can on stove,2.6024,-0.7821,24.0937,16.7862
train,250,140,1068,50,pink cup next to drawer,can on stove,2.451,0.2373,28.4201,16.6159
train,250,175,1064,15,pink cup next to drawer,can on stove,3.7649,0.9485,10.7412,9.9956
train,251,110,1195,95,pink cup on pink plate,pink cup next to drawer,2.6412,0.8771,10.9252,22.6686
train,251,115,1206,80,pink cup on pink plate,pink cup next to drawer,2.9538,-0.297,11.7869,25.7761
train,251,120,1204,120,pink cup on pink plate,pink cup next to drawer,3.0023,0.5738,13.0677,19.6905
train,251,155,1171,115,pink cup on pink plate,pink cup in basket,2.5623,0.3465,34.9701,25.0489
train,251,160,1171,120,pink cup on pink plate,pink cup in basket,2.3526,0.5936,24.2143,20.8796
train,251,165,1171,120,pink cup on pink plate,pink cup in basket,2.2751,0.5266,20.809,20.8796
train,251,185,924,105,pink cup on pink plate,blue brick between pink cup and basket,3.6597,0.9197,27.4697,29.835
train,251,190,924,110,pink cup on pink plate,blue brick between pink cup and basket,4.3786,0.8739,12.8033,8.3372
train,251,195,1027,95,pink cup on pink plate,red brick on pink plate and blue brick on pink plate,4.6338,0.8545,11.4446,5.8583
train,251,200,1027,100,pink cup on pink plate,red brick on pink plate and blue brick on pink plate,4.7555,0.5122,15.184,4.6106
train,251,205,1361,200,pink cup on pink plate,blue brick in blue bowl and yellow brick in blue bowl,4.487,-0.1464,10.2477,16.2388
train,252,35,1199,130,pink cup on pink plate,pink cup next to drawer,4.0516,0.9484,10.0964,26.6241
train,252,40,1199,135,pink cup on pink plate,pink cup next to drawer,3.7698,-0.8085,15.4549,23.2255
train,252,45,1039,230,pink cup on pink plate,red brick on pink plate and blue brick on pink plate,3.5714,0.1402,29.4753,16.5877
train,252,50,1204,130,pink cup on pink plate,pink cup next to drawer,3.0514,-0.4204,27.2543,45.7754
train,252,55,1171,115,pink cup on pink plate,pink cup in basket,2.6662,0.826,39.4854,25.0489
train,252,60,1171,115,pink cup on pink plate,pink cup in basket,2.4732,0.8243,28.0572,25.0489
train,252,70,1171,120,pink cup on pink plate,pink cup in basket,2.5793,0.8037,20.3669,20.8796
train,252,75,1171,115,pink cup on pink plate,pink cup in basket,2.6059,0.4798,18.5279,25.0489
train,252,80,1214,115,pink cup on pink plate,pink cup on pink plate,2.4794,-0.4515,20.5015,41.1063
train,252,90,1209,60,pink cup on pink plate,pink cup next to drawer,2.7194,0.6884,16.1864,13.7875
train,252,100,1023,225,pink cup on pink plate,red brick on pink plate and blue brick on pink plate,3.3342,-0.633,40.0438,28.5123
train,252,120,1209,85,pink cup on pink plate,pink cup next to drawer,3.4957,0.9826,18.0555,26.9605
train,253,140,1196,130,pink cup on pink plate,pink cup next to drawer,3.5768,-0.7244,11.4183,105.7723
train,253,145,1352,335,pink cup on pink plate,blue brick in blue bowl and yellow brick in blue bowl,3.5824,1.0,9.2852,18.7629
train,253,170,1180,65,pink cup on pink plate,pink cup in basket,2.1327,0.9548,19.2333,6.0095
train,253,185,1225,70,pink cup on pink plate,pink cup on pink plate,2.4628,0.9086,19.2787,18.4441
train,253,205,1369,155,pink cup on pink plate,blue brick in blue bowl and yellow brick in blue bowl,4.0827,0.9362,10.4926,17.7411
train,253,215,1468,35,pink cup on pink plate,yellow brick on blue plate,3.8094,0.8385,8.3745,32.3413
train,253,225,1032,170,pink cup on pink plate,red brick on pink plate and blue brick on pink plate,2.7538,0.4477,23.1736,9.9865
train,254,35,1367,95,pink cup on pink plate,blue brick in blue bowl and yellow brick in blue bowl,3.9805,-0.9611,10.7677,24.0584
train,254,45,1204,125,pink cup on pink plate,pink cup next to drawer,3.2394,0.5504,13.0172,60.3424
train,254,65,998,190,pink cup on pink plate,open drawer and blue brick in drawer and close drawer,2.4753,0.0857,27.018,16.783
train,254,70,1172,125,pink cup on pink plate,pink cup in basket,2.4788,0.3954,27.1295,23.7051
train,254,75,1172,125,pink cup on pink plate,pink cup in basket,2.4716,0.26,32.2624,23.7051
train,254,80,1171,120,pink cup on pink plate,pink cup in basket,2.3814,0.6208,29.7795,20.8796
train,254,85,1171,120,pink cup on pink plate,pink cup in basket,2.2975,0.6184,26.4406,20.8796
train,254,95,1209,65,pink cup on pink plate,pink cup next to drawer,2.6055,1.0,28.2276,17.9103
train,254,100,1220,60,pink cup on pink plate,pink cup on pink plate,2.6398,0.8078,33.082,29.3667
train,254,125,905,180,pink cup on pink plate,blue bowl on pink plate and yellow brick in blue bowl,2.7398,0.9068,11.9923,13.2829
train,255,170,1171,115,pink cup on pink plate,pink cup in basket,2.2518,0.596,24.6428,25.0489
train,255,175,1180,65,pink cup on pink plate,pink cup in basket,2.2053,0.8496,24.2049,6.0095
train,255,180,1180,65,pink cup on pink plate,pink cup in basket,2.1354,0.792,23.2405,6.0095
train,255,210,1225,70,pink cup on pink plate,pink cup on pink plate,2.2854,0.9988,26.9006,18.4441
train,255,220,1572,45,pink cup on pink plate,yellow brick on pink plate,3.6531,-0.9952,11.0951,4.7089
train,255,240,1468,35,pink cup on pink plate,yellow brick on blue plate,4.0465,0.8217,9.5973,32.3413
train,255,245,1064,20,pink cup on pink plate,can on stove,3.1908,-0.5587,12.9948,15.3941
train,256,40,1039,230,pink cup on pink plate,red brick on pink plate and blue brick on pink plate,3.1121,0.1846,14.4782,16.5877
train,256,50,998,195,pink cup on pink plate,open drawer and blue brick in drawer and close drawer,2.5522,0.1231,21.798,17.9143
train,256,90,1209,65,pink cup on pink plate,pink cup next to drawer,2.6965,0.983,29.4676,17.9103
train,256,95,1209,70,pink cup on pink plate,pink cup next to drawer,3.0205,0.5893,32.8044,28.815
train,256,130,1037,165,pink cup on pink plate,red brick on pink plate and blue brick on pink plate,2.3185,0.9791,27.1258,14.9188
train,256,185,1063,15,pink cup on pink plate,can on stove,2.764,-0.8855,8.0203,8.8426
train,257,30,1353,120,pink cup on pink plate,blue brick in blue bowl and yellow brick in blue bowl,4.0175,-0.9406,27.2582,11.3952
train,257,35,1479,125,pink cup on pink plate,yellow brick on blue plate,3.6355,-0.9429,24.8415,23.288
train,257,40,1366,250,pink cup on pink plate,blue brick in blue bowl and yellow brick in blue bowl,3.3814,0.0909,21.6672,15.7948
train,257,60,1076,135,pink cup on pink plate,can on stove,2.495,-0.423,15.7821,1.2328
train,257,80,1220,55,pink cup on pink plate,pink cup on pink plate,2.5602,0.7344,35.0694,23.9751
train,257,85,1220,60,pink cup on pink plate,pink cup on pink plate,2.6065,0.7457,30.3051,29.3667
train,257,90,1220,65,pink cup on pink plate,pink cup on pink plate,2.7822,0.3179,36.0892,29.9469
train,257,95,1220,70,pink cup on pink plate,pink cup on pink plate,2.8131,0.5699,41.7175,38.2217
train,257,100,1220,75,pink cup on pink plate,pink cup on pink plate,2.8697,-0.5543,34.3345,30.248
train,257,105,1220,80,pink cup on pink plate,pink cup on pink plate,3.0101,-0.7207,31.5861,22.2765
train,257,110,1462,80,pink cup on pink plate,yellow brick on blue plate,2.8477,-0.9966,33.6899,11.5678
train,258,110,1458,95,pink cup on pink plate,yellow brick on blue plate,2.6701,-0.6759,13.5093,24.433
train,258,185,1352,225,pink cup on pink plate,blue brick in blue bowl and yellow brick in blue bowl,3.3303,0.9675,16.1894,4.9172
train,259,145,1198,125,pink cup on pink plate,pink cup next to drawer,2.7554,-0.3327,23.7275,11.14
train,259,155,1025,295,pink cup on pink plate,red brick on pink plate and blue brick on pink plate,2.4346,0.832,23.2638,9.9718
train,259,170,927,75,pink cup on pink plate,blue brick between pink cup and basket,3.3196,-0.9915,14.6007,57.4479
train,259,205,718,45,pink cup on pink plate,banana in basket,2.5889,-0.2528,22.7737,3.9156
train,260,10,1063,90,pink cup on pink plate,can on stove,1.8558,-0.8521,10.4864,16.7971
train,260,25,1458,90,pink cup on pink plate,yellow brick on blue plate,2.953,0.5033,18.4991,30.9665
train,260,35,1254,90,pink cup on pink plate,push pink cup,3.1609,0.6672,9.7556,23.1211
train,260,55,1171,105,pink cup on pink plate,pink cup in basket,2.3343,-0.4084,40.3546,23.7011
train,260,60,1172,120,pink cup on pink plate,pink cup in basket,2.1916,0.7184,32.0248,26.54
train,260,75,1225,65,pink cup on pink plate,pink cup on pink plate,2.3235,0.2437,11.3887,3.8283
train,260,80,924,100,pink cup on pink plate,blue brick between pink cup and basket,2.6923,0.9715,27.5033,38.1124
train,260,85,924,105,pink cup on pink plate,blue brick between pink cup and basket,3.0856,-0.7849,46.7763,29.835
train,260,90,1214,80,pink cup on pink plate,pink cup on pink plate,3.0889,-0.9992,22.6549,23.1423
train,260,105,1023,240,pink cup on pink plate,red brick on pink plate and blue brick on pink plate,3.5762,-0.5631,21.1154,8.9789
train,260,115,1462,90,pink cup on pink plate,yellow brick on blue plate,2.9335,-1.0,15.8329,22.1148
train,261,0,1458,75,point to top drawer,yellow brick on blue plate,1.524,-0.6795,12.5917,3.0654
train,261,5,1458,75,point to top drawer,yellow brick on blue plate,1.6837,-0.7537,16.981,3.0654
train,261,10,1458,80,point to top drawer,yellow brick on blue plate,1.8507,-0.9377,46.1597,4.7603
train,261,15,1458,85,point to top drawer,yellow brick on blue plate,1.9561,0.2797,39.7478,9.8303
train,261,20,1458,90,point to top drawer,yellow brick on blue plate,2.2802,0.4025,33.9098,30.9665
train,261,25,1064,105,point to top drawer,can on stove,2.4488,0.6612,41.9144,10.9156
train,261,30,1064,105,point to top drawer,can on stove,2.4976,0.4903,15.658,10.9156
train,261,40,1200,110,point to top drawer,pink cup next to drawer,2.4101,0.1123,50.7819,15.1754
train,261,45,1200,115,point to top drawer,pink cup next to drawer,2.2651,0.1229,83.1608,14.5018
train,261,50,1200,120,point to top drawer,pink cup next to drawer,2.2763,0.1456,95.5107,9.923
train,261,55,1064,105,point to top drawer,can on stove,2.2479,-0.9649,85.9393,10.9156
train,261,60,1368,0,point to top drawer,blue brick in blue bowl and yellow brick in blue bowl,2.0406,0.588,43.627,25.4071
train,261,85,1179,65,point to top drawer,pink cup in basket,2.0744,-0.9715,19.426,19.8557
train,261,90,988,150,point to top drawer,open drawer and blue brick in drawer and close drawer,2.5663,0.969,57.518,42.6892
train,261,95,1064,35,point to top drawer,can on stove,2.6222,-0.2204,45.0931,0.7511
train,261,100,1064,35,point to top drawer,can on stove,2.6651,0.2127,57.625,0.7511
train,261,105,1064,40,point to top drawer,can on stove,2.7097,0.3584,68.858,0.5254
train,261,110,955,35,point to top drawer,blue brick in basket,2.6487,0.759,54.7147,5.6414
train,261,115,996,235,point to top drawer,open drawer and blue brick in drawer and close drawer,2.6157,-0.3348,25.7968,58.6422
train,261,120,1481,135,point to top drawer,yellow brick on blue plate,1.9292,0.2805,25.5632,21.8341
train,261,125,932,210,point to top drawer,blue brick between pink cup and basket,1.8229,0.4645,18.7291,23.5418
train,261,130,1078,150,point to top drawer,can on stove,1.875,0.1781,11.1475,23.2035
train,261,135,1065,165,point to top drawer,can on stove,1.8409,-0.8052,11.8924,35.773
train,262,0,1103,0,point to top drawer,can on stove,2.0233,0.7282,40.3247,4.9362
train,262,5,1103,5,point to top drawer,can on stove,2.1141,0.8602,43.9384,5.4564
train,262,10,1021,25,point to top drawer,red brick on pink plate and blue brick on pink plate,2.2317,-0.9699,45.1664,2.8713
train,262,15,1064,95,point to top drawer,can on stove,2.2192,-0.4013,31.0399,14.1909
train,262,25,939,100,point to top drawer,blue brick between pink cup and basket,2.2898,0.7666,10.7266,4.3607
train,262,30,939,100,point to top drawer,blue brick between pink cup and basket,2.2699,-0.9926,68.879,4.3607
train,262,35,1200,115,point to top drawer,pink cup next to drawer,2.2578,0.3122,93.0397,14.5018
train,262,40,1200,115,point to top drawer,pink cup next to drawer,2.2046,0.2163,84.8867,14.5018
train,262,45,1027,260,point to top drawer,red brick on pink plate and blue brick on pink plate,2.2241,-0.9181,71.9554,25.8588
train,262,50,1593,170,point to top drawer,yellow brick on top of drawer,2.0735,-0.1393,73.3665,8.2792
train,262,55,1315,45,point to top drawer,white cup on pan,1.9009,0.4388,60.6211,10.6543
train,262,70,988,150,point to top drawer,open drawer and blue brick in drawer and close drawer,2.2734,0.8576,30.32,42.6892
train,262,75,1063,90,point to top drawer,can on stove,2.5714,0.9123,35.7374,16.7971
train,262,80,1064,35,point to top drawer,can on stove,2.4535,0.6569,22.3625,0.7511
train,262,85,924,165,point to top drawer,blue brick between pink cup and basket,2.5622,-0.6961,24.0909,1.275
train,262,90,1021,30,point to top drawer,red brick on pink plate and blue brick on pink plate,2.6207,0.9997,30.5031,24.2336
train,262,95,955,35,point to top drawer,blue brick in basket,2.5705,0.8822,32.7628,5.6414
train,262,100,1481,135,point to top drawer,yellow brick on blue plate,2.3165,-0.3418,9.6732,21.8341
train,262,105,1481,140,point to top drawer,yellow brick on blue plate,1.9032,0.7054,13.0039,18.8458
train,262,110,1351,205,point to top drawer,blue brick in blue bowl and yellow brick in blue bowl,1.8672,0.9828,30.7023,15.686
train,263,5,1063,90,point to top drawer,can on stove,1.9492,0.4311,30.8515,16.7971
train,263,10,1458,85,point to top drawer,yellow brick on blue plate,2.0981,0.4937,50.7377,9.8303
train,263,15,1037,25,point to top drawer,red brick on pink plate and blue brick on pink plate,2.2683,0.825,47.2123,5.3853
train,263,20,1243,50,point to top drawer,point to top drawer,2.4111,-0.7572,30.1486,11.2755
train,263,25,939,100,point to top drawer,blue brick between pink cup and basket,2.5006,0.0071,21.3053,4.3607
train,263,30,939,100,point to top drawer,blue brick between pink cup and basket,2.4471,-0.9532,31.1213,4.3607
train,263,35,939,105,point to top drawer,blue brick between pink cup and basket,2.3619,-0.6829,29.6787,8.1835
train,263,40,1200,115,point to top drawer,pink cup next to drawer,2.3412,0.3426,65.1494,14.5018
train,263,45,1445,135,point to top drawer,yellow brick on blue brick,2.3424,0.3875,56.7195,6.6425
train,263,50,989,255,point to top drawer,open drawer and blue brick in drawer and close drawer,2.2592,0.6986,65.5473,45.7243
train,263,55,1368,0,point to top drawer,blue brick in blue bowl and yellow brick in blue bowl,2.0523,-0.2008,28.635,25.4071
train,263,65,1179,65,point to top drawer,pink cup in basket,2.1605,-0.7943,21.3464,19.8557
train,263,70,988,150,point to top drawer,open drawer and blue brick in drawer and close drawer,2.4926,0.8415,37.2352,42.6892
train,263,75,990,100,point to top drawer,open drawer and blue brick in drawer and close drawer,2.7927,-0.9779,57.293,12.6809
train,263,80,1064,35,point to top drawer,can on stove,2.8531,0.1364,72.8764,0.7511
train,263,85,988,165,point to top drawer,open drawer and blue brick in drawer and close drawer,2.895,-0.9811,60.4067,18.3971
train,263,90,955,35,point to top drawer,blue brick in basket,2.8142,0.9728,61.1675,5.6414
train,263,95,996,235,point to top drawer,open drawer and blue brick in drawer and close drawer,2.4644,-0.9144,60.5621,58.6422
train,263,100,932,210,point to top drawer,blue brick between pink cup and basket,1.9937,-0.3408,18.3503,23.5418
train,263,105,932,210,point to top drawer,blue brick between pink cup and basket,1.9201,-0.6995,24.631,23.5418
train,263,110,1063,35,point to top drawer,can on stove,1.825,-0.7016,14.7642,7.16
train,263,115,1145,60,point to top drawer,grey cup on pan,1.5823,-0.9246,35.9627,2.2255
train,264,0,1063,90,point to top drawer,can on stove,1.6212,0.9993,28.6205,16.7971
train,264,5,1063,90,point to top drawer,can on stove,1.9329,0.8905,29.3958,16.7971
train,264,10,1199,10,point to top drawer,pink cup next to drawer,2.4015,0.6809,18.4968,13.1095
train,264,15,1199,15,point to top drawer,pink cup next to drawer,2.4975,0.8914,11.7215,11.6732
train,264,20,1243,50,point to top drawer,point to top drawer,2.5848,0.6254,78.8307,11.2755
train,264,25,1200,115,point to top drawer,pink cup next to drawer,2.5482,0.3745,65.3238,14.5018
train,264,30,1200,120,point to top drawer,pink cup next to drawer,2.413,0.4452,42.0684,9.923
train,264,35,1180,130,point to top drawer,pink cup in basket,2.2439,-0.2406,51.1528,17.7102
train,264,40,1180,135,point to top drawer,pink cup in basket,2.0204,-0.1844,43.4472,23.7957
train,264,45,1315,45,point to top drawer,white cup on pan,1.8075,-0.0384,43.2016,10.6543
train,264,50,1490,80,point to top drawer,yellow brick on blue plate,1.6719,0.4196,34.4465,6.4952
train,264,65,988,150,point to top drawer,open drawer and blue brick in drawer and close drawer,2.355,0.7056,24.4759,42.6892
train,264,70,988,150,point to top drawer,open drawer and blue brick in drawer and close drawer,2.5045,0.9632,47.3725,42.6892
train,264,75,990,100,point to top drawer,open drawer and blue brick in drawer and close drawer,2.6545,-0.9993,43.8409,12.6809
train,264,80,988,160,point to top drawer,open drawer and blue brick in drawer and close drawer,2.8274,-0.9995,58.3409,25.0515
train,264,85,988,165,point to top drawer,open drawer and blue brick in drawer and close drawer,2.9814,-0.9639,53.5136,18.3971
train,264,90,932,205,point to top drawer,blue brick between pink cup and basket,2.8343,0.2252,62.0188,29.8193
train,264,95,932,210,point to top drawer,blue brick between pink cup and basket,2.3792,-0.1206,11.8995,23.5418
train,264,105,1063,30,point to top drawer,can on stove,2.0863,0.4165,8.5828,10.1912
train,264,110,1065,165,point to top drawer,can on stove,1.7207,-0.9999,29.2793,35.773
train,265,0,1315,0,point to top drawer,white cup on pan,1.9849,-0.4752,49.257,2.6494
train,265,5,1199,10,point to top drawer,pink cup next to drawer,2.0318,0.7542,33.0266,13.1095
train,265,10,1199,15,point to top drawer,pink cup next to drawer,2.0179,0.634,25.48,11.6732
train,265,15,1199,20,point to top drawer,pink cup next to drawer,2.1418,-0.5347,9.6444,5.0096
train,265,20,1064,100,point to top drawer,can on stove,2.3929,0.9807,16.917,2.8479
train,265,25,939,100,point to top drawer,blue brick between pink cup and basket,2.3546,-0.9317,28.7786,4.3607
train,265,30,1200,110,point to top drawer,pink cup next to drawer,2.1059,-0.1655,73.2917,15.1754
train,265,35,1200,115,point to top drawer,pink cup next to drawer,2.0136,0.2736,68.0422,14.5018
train,265,40,1200,115,point to top drawer,pink cup next to drawer,2.011,0.0643,71.6485,14.5018
train,265,55,988,150,point to top drawer,open drawer and blue brick in drawer and close drawer,2.5458,0.7413,47.8418,42.6892
train,265,60,1064,35,point to top drawer,can on stove,2.5832,0.1513,54.8574,0.7511
train,265,65,988,160,point to top drawer,open drawer and blue brick in drawer and close drawer,2.8405,-0.7282,40.1118,25.0515
train,265,70,990,105,point to top drawer,open drawer and blue brick in drawer and close drawer,2.9393,-0.2122,26.0602,16.1858
train,265,75,994,170,point to top drawer,open drawer and blue brick in drawer and close drawer,2.77,-0.357,18.3093,19.3677
train,265,80,932,210,point to top drawer,blue brick between pink cup and basket,2.4549,-0.8998,8.4733,23.5418
train,265,85,1351,205,point to top drawer,blue brick in blue bowl and yellow brick in blue bowl,2.2604,0.251,37.6349,15.686
train,266,0,1199,5,point to top drawer,pink cup next to drawer,2.3312,0.9595,12.6912,9.7471
train,266,5,926,25,point to top drawer,blue brick between pink cup and basket,2.3819,0.8842,17.7317,15.7128
train,266,10,926,30,point to top drawer,blue brick between pink cup and basket,2.5,0.9741,16.041,15.1778
train,266,15,1195,20,point to top drawer,pink cup next to drawer,2.5383,0.4632,22.4571,8.7621
train,266,20,1064,100,point to top drawer,can on stove,2.4405,0.9914,41.1386,2.8479
train,266,25,1027,265,point to top drawer,red brick on pink plate and blue brick on pink plate,2.225,-0.9063,65.7675,23.7194
train,266,30,1064,105,point to top drawer,can on stove,1.8727,-0.7685,56.2433,10.9156
train,266,35,1063,90,point to top drawer,can on stove,1.7365,-0.885,21.2631,16.7971
train,266,40,1064,105,point to top drawer,can on stove,1.6905,-0.5233,30.4736,10.9156
train,266,45,1455,0,point to top drawer,yellow brick on blue plate,1.7524,0.9765,54.7479,3.7972
train,266,55,1063,90,point to top drawer,can on stove,1.9839,-0.9875,29.3664,16.7971
train,266,60,1024,10,point to top drawer,red brick on pink plate and blue brick on pink plate,2.2857,0.8748,40.569,14.5811
train,266,65,1074,30,point to top drawer,can on stove,2.5574,-0.1803,58.9278,9.8439
train,266,70,1074,35,point to top drawer,can on stove,2.5592,-0.4558,18.7458,6.8755
train,266,75,932,200,point to top drawer,blue brick between pink cup and basket,2.5209,0.2228,25.7004,19.4471
train,266,80,932,205,point to top drawer,blue brick between pink cup and basket,2.5084,-0.9958,27.3462,29.8193
train,266,85,932,205,point to top drawer,blue brick between pink cup and basket,2.3249,0.7443,20.4832,29.8193
train,266,95,1022,220,point to top drawer,red brick on pink plate and blue brick on pink plate,1.9526,-0.2055,29.9225,10.5905
train,266,100,1315,25,point to top drawer,white cup on pan,1.8597,0.6338,34.9364,2.653
train,267,5,1063,90,point to top drawer,can on stove,1.9085,0.3364,32.4741,16.7971
train,267,10,1199,10,point to top drawer,pink cup next to drawer,2.2142,0.762,49.2985,13.1095
train,267,15,1199,15,point to top drawer,pink cup next to drawer,2.4088,0.9409,32.1926,11.6732
train,267,20,938,15,point to top drawer,blue brick between pink cup and basket,2.5814,0.2483,52.2919,4.5335
train,267,25,1243,50,point to top drawer,point to top drawer,2.6761,0.6645,59.3692,11.2755
train,267,30,1243,55,point to top drawer,point to top drawer,2.6411,-0.9533,61.0859,8.9194
train,267,35,1180,125,point to top drawer,pink cup in basket,2.5478,0.2358,51.4744,29.0903
train,267,40,1064,105,point to top drawer,can on stove,2.4738,-0.8693,62.2964,10.9156
train,267,45,1315,45,point to top drawer,white cup on pan,2.3242,0.0943,39.0473,10.6543
train,267,50,1315,45,point to top drawer,white cup on pan,2.1674,0.0964,30.2141,10.6543
train,267,60,1179,65,point to top drawer,pink cup in basket,2.4222,-0.9481,16.516,19.8557
train,267,65,988,150,point to top drawer,open drawer and blue brick in drawer and close drawer,2.5474,0.7438,25.1084,42.6892
train,267,70,988,155,point to top drawer,open drawer and blue brick in drawer and close drawer,2.595,-0.4305,23.7179,26.0599
train,267,75,988,160,point to top drawer,open drawer and blue brick in drawer and close drawer,2.5965,-0.872,41.4469,25.0515
train,267,80,988,165,point to top drawer,open drawer and blue brick in drawer and close drawer,2.491,-0.6198,32.2918,18.3971
train,267,85,1225,25,point to top drawer,pink cup on pink plate,2.5165,-0.209,48.6401,1.2599
train,267,90,1225,30,point to top drawer,pink cup on pink plate,2.201,-0.7004,47.9788,2.411
train,267,95,1022,210,point to top drawer,red brick on pink plate and blue brick on pink plate,1.8513,-0.1214,53.1136,20.8997
train,267,105,946,50,point to top drawer,blue brick in basket,2.1175,-0.9145,8.7405,20.2538
train,268,10,1063,0,point to top drawer,can on stove,1.6867,0.5649,26.5705,9.9418
train,268,20,1103,5,point to top drawer,can on stove,2.338,-0.0292,48.9663,5.4564
train,268,25,1021,20,point to top drawer,red brick on pink plate and blue brick on pink plate,2.5254,-0.7165,34.361,4.6405
train,268,30,1021,25,point to top drawer,red brick on pink plate and blue brick on pink plate,2.6049,-0.8235,16.0885,2.8713
train,268,35,1243,50,point to top drawer,point to top drawer,2.7633,-0.7519,34.0943,11.2755
train,268,40,939,100,point to top drawer,blue brick between pink cup and basket,2.7969,-0.413,23.8331,4.3607
train,268,45,939,100,point to top drawer,blue brick between pink cup and basket,2.6498,-0.6992,35.6998,4.3607
train,268,50,939,105,point to top drawer,blue brick between pink cup and basket,2.5191,-0.9616,67.9375,8.1835
train,268,55,1200,115,point to top drawer,pink cup next to drawer,2.3912,0.3215,76.8098,14.5018
train,268,60,1027,260,point to top drawer,red brick on pink plate and blue brick on pink plate,2.3168,-0.9063,70.5672,25.8588
train,268,90,988,150,point to top drawer,open drawer and blue brick in drawer and close drawer,2.5239,0.6847,26.3258,42.6892
train,268,95,1024,15,point to top drawer,red brick on pink plate and blue brick on pink plate,2.7151,0.9545,56.3577,10.9551
train,268,100,988,160,point to top drawer,open drawer and blue brick in drawer and close drawer,3.0678,-0.9651,39.6095,25.0515
train,268,105,988,165,point to top drawer,open drawer and blue brick in drawer and close drawer,3.2602,-0.9361,43.4835,18.3971
train,268,110,1225,25,point to top drawer,pink cup on pink plate,3.1153,0.9959,28.0318,1.2599
train,268,115,1225,30,point to top drawer,pink cup on pink plate,2.8002,-0.7625,15.3883,2.411
train,268,120,994,170,point to top drawer,open drawer and blue brick in drawer and close drawer,2.6481,0.4128,43.9338,19.3677
train,268,130,1063,35,point to top drawer,can on stove,2.2647,0.8891,36.8393,7.16
train,269,0,1481,5,point to top drawer,yellow brick on blue plate,2.2347,0.9939,32.1744,14.416
train,269,5,1103,5,point to top drawer,can on stove,2.5095,0.2755,40.3266,5.4564
train,269,10,938,10,point to top drawer,blue brick between pink cup and basket,2.6169,-0.8404,27.953,6.7444
train,269,15,1199,15,point to top drawer,pink cup next to drawer,2.787,-0.1706,29.5078,11.6732
train,269,20,1243,50,point to top drawer,point to top drawer,2.8126,0.9978,30.1689,11.2755
train,269,25,1243,55,point to top drawer,point to top drawer,2.7246,-0.8808,40.8515,8.9194
train,269,30,1200,115,point to top drawer,pink cup next to drawer,2.5031,0.4626,49.6663,14.5018
train,269,35,1200,120,point to top drawer,pink cup next to drawer,2.3705,0.3199,65.4829,9.923
train,269,40,1180,140,point to top drawer,pink cup in basket,2.2692,0.654,88.4371,37.9636
train,269,50,1063,90,point to top drawer,can on stove,1.9335,-0.8791,17.0362,16.7971
train,269,65,1022,265,point to top drawer,red brick on pink plate and blue brick on pink plate,2.3947,0.7877,40.399,8.8858
train,269,70,988,150,point to top drawer,open drawer and blue brick in drawer and close drawer,2.5339,0.6842,51.7935,42.6892
train,269,75,988,155,point to top drawer,open drawer and blue brick in drawer and close drawer,2.6756,-0.9916,20.6313,26.0599
train,269,80,988,160,point to top drawer,open drawer and blue brick in drawer and close drawer,3.0059,-0.9405,37.1681,25.0515
train,269,85,988,165,point to top drawer,open drawer and blue brick in drawer and close drawer,3.1223,-0.2635,9.3367,18.3971
train,269,90,1225,30,point to top drawer,pink cup on pink plate,3.0233,-0.9514,44.0229,2.411
train,269,95,1225,30,point to top drawer,pink cup on pink plate,2.6747,-0.7881,41.7644,2.411
train,269,100,1129,35,point to top drawer,grey cup on grey plate,2.6021,0.8472,28.1319,4.2062
train,269,105,1129,40,point to top drawer,grey cup on grey plate,2.4518,-0.8623,15.8197,16.9674
train,269,110,1318,35,point to top drawer,white cup on pan,1.9461,0.5422,48.3408,21.1941
train,270,20,1130,0,point to top drawer,grey cup on grey plate,1.5496,-0.9993,18.719,38.7433
train,270,25,1103,0,point to top drawer,can on stove,1.8603,-0.406,9.6624,4.9362
train,270,30,1199,5,point to top drawer,pink cup next to drawer,2.1189,0.7003,8.2873,9.7471
train,270,35,1199,10,point to top drawer,pink cup next to drawer,2.2088,0.5559,45.7809,13.1095
train,270,40,1199,15,point to top drawer,pink cup next to drawer,2.2715,0.2637,38.5551,11.6732
train,270,45,1199,15,point to top drawer,pink cup next to drawer,2.4991,-0.7064,27.6278,11.6732
train,270,50,1199,20,point to top drawer,pink cup next to drawer,2.5719,-0.9198,40.624,5.0096
train,270,55,1200,115,point to top drawer,pink cup next to drawer,2.255,0.73,47.0621,14.5018
train,270,60,1200,115,point to top drawer,pink cup next to drawer,1.9303,0.0265,30.9121,14.5018
train,270,65,1200,120,point to top drawer,pink cup next to drawer,1.9419,0.3433,61.7394,9.923
train,270,70,1593,170,point to top drawer,yellow brick on top of drawer,1.9441,-0.1972,42.1027,8.2792
train,270,75,1593,170,point to top drawer,yellow brick on top of drawer,1.6899,-0.3459,28.769,8.2792
train,270,80,1315,45,point to top drawer,white cup on pan,1.6084,-0.1583,17.3324,10.6543
train,270,85,923,60,point to top drawer,blue brick between pink cup and basket,1.5783,-0.8176,41.4234,6.5278
train,270,90,1225,70,point to top drawer,pink cup on pink plate,2.0895,0.9986,12.1122,18.4441
train,270,95,988,150,point to top drawer,open drawer and blue brick in drawer and close drawer,2.3934,0.9332,43.7289,42.6892
train,270,100,988,155,point to top drawer,open drawer and blue brick in drawer and close drawer,2.5345,-0.9154,51.593,26.0599
train,270,105,988,160,point to top drawer,open drawer and blue brick in drawer and close drawer,2.6649,-0.9911,27.0004,25.0515
train,270,110,1377,70,point to top drawer,yellow brick in basket,2.9616,-0.5277,29.7552,27.8266
train,270,120,1225,30,point to top drawer,pink cup on pink plate,2.4777,-0.8555,20.8794,2.411
train,270,125,994,170,point to top drawer,open drawer and blue brick in drawer and close drawer,2.2099,0.0343,45.8797,19.3677
train,270,130,1547,70,point to top drawer,yellow brick on pink plate,2.2876,-0.2783,23.3877,8.8777
train,271,60,929,30,push pink cup,blue brick between pink cup and basket,2.8646,0.9205,9.055,14.08
train,271,65,1268,35,push pink cup,push pink cup,2.8425,-0.368,12.2003,19.1509
train,271,70,1204,120,push pink cup,pink cup next to drawer,2.701,0.3886,20.2895,19.6905
train,271,75,1204,115,push pink cup,pink cup next to drawer,2.6189,-0.2739,15.3387,15.2961
train,271,80,1204,115,push pink cup,pink cup next to drawer,2.6278,-0.0309,18.2554,15.2961
train,271,85,1204,120,push pink cup,pink cup next to drawer,2.556,-0.6034,15.5199,19.6905
train,271,90,1204,115,push pink cup,pink cup next to drawer,2.9692,-0.6493,13.1065,15.2961
train,271,100,1199,130,push pink cup,pink cup next to drawer,3.2999,0.1229,15.4829,26.6241
train,271,105,1199,130,push pink cup,pink cup next to drawer,3.3016,0.4698,14.5453,26.6241
train,271,110,1199,135,push pink cup,pink cup next to drawer,3.2275,0.259,9.9609,23.2255
train,271,115,1199,140,push pink cup,pink cup next to drawer,3.3903,-0.7639,19.8464,13.27
train,271,120,1210,155,push pink cup,pink cup next to drawer,3.2314,0.7249,38.2493,38.6023
train,271,125,1210,155,push pink cup,pink cup next to drawer,2.9682,0.0157,37.3429,38.6023
train,271,130,1195,140,push pink cup,pink cup next to drawer,2.8679,-0.2553,27.0737,76.2481
train,271,135,1230,175,push pink cup,pink cup on pink plate,2.8773,-0.0484,15.3124,12.9541
train,271,140,1206,125,push pink cup,pink cup next to drawer,2.9252,-0.3014,27.2989,71.8063
train,271,145,1227,130,push pink cup,pink cup on pink plate,2.7088,0.9073,18.7413,14.3804
train,271,200,1258,190,push pink cup,push pink cup,2.1123,0.9436,13.7031,28.1239
train,271,210,1258,195,push pink cup,push pink cup,2.1785,0.9749,32.9781,30.0459
train,271,215,1258,195,push pink cup,push pink cup,2.2332,0.929,32.7405,30.0459
train,271,220,1253,145,push pink cup,push pink cup,2.2491,-0.0943,37.723,13.0407
train,271,225,1253,145,push pink cup,push pink cup,2.217,-0.1662,38.8761,13.0407
train,271,230,1251,150,push pink cup,push pink cup,2.1482,-0.9065,37.4032,19.0867
train,271,245,1253,145,push pink cup,push pink cup,1.9939,-0.2303,31.4291,13.0407
train,271,250,1253,145,push pink cup,push pink cup,2.0109,-0.2222,30.0857,13.0407
train,271,255,1253,145,push pink cup,push pink cup,2.029,-0.2526,33.3816,13.0407
train,271,260,1251,150,push pink cup,push pink cup,2.0402,-0.8357,36.9577,19.0867
train,271,265,1251,155,push pink cup,push pink cup,2.1146,-0.8711,38.297,15.0273
train,271,270,938,80,push pink cup,blue brick between pink cup and basket,2.3702,-0.3619,29.1501,28.6426
train,271,275,988,150,push pink cup,open drawer and blue brick in drawer and close drawer,2.6835,0.2397,19.3711,42.6892
train,271,280,988,155,push pink cup,open drawer and blue brick in drawer and close drawer,2.9795,0.3749,9.6013,26.0599
train,272,60,1204,115,push pink cup,pink cup next to drawer,3.0993,-0.9099,21.0605,15.2961
train,272,65,1204,115,push pink cup,pink cup next to drawer,3.5815,-0.012,23.4001,15.2961
train,272,75,1227,115,push pink cup,pink cup on pink plate,3.7003,0.4645,21.3636,16.8062
train,272,85,1199,135,push pink cup,pink cup next to drawer,3.5264,0.5641,24.1234,23.2255
train,272,90,1227,125,push pink cup,pink cup on pink plate,3.4671,-0.9749,8.8273,16.9583
train,272,95,1227,130,push pink cup,pink cup on pink plate,3.2016,0.9988,15.6024,14.3804
train,272,105,1199,135,push pink cup,pink cup next to drawer,2.8575,-0.8238,21.6998,23.2255
train,272,110,1204,135,push pink cup,pink cup next to drawer,2.6433,-1.0,32.0578,28.7185
train,272,115,1204,145,push pink cup,pink cup next to drawer,2.5814,-0.2544,36.6921,53.5912
train,272,120,1195,155,push pink cup,pink cup next to drawer,2.4926,0.4389,25.0745,16.1336
train,272,125,1206,145,push pink cup,pink cup next to drawer,2.3935,0.9678,13.0811,12.5415
train,272,135,1266,110,push pink cup,push pink cup,2.1934,0.9706,10.4758,7.1603
train,272,140,1258,195,push pink cup,push pink cup,2.1007,0.9977,15.1446,30.0459
train,272,145,1258,195,push pink cup,push pink cup,2.0357,0.9851,18.6781,30.0459
train,272,150,1258,195,push pink cup,push pink cup,2.0436,0.9812,22.0544,30.0459
train,272,155,1258,195,push pink cup,push pink cup,2.0209,0.9642,23.3443,30.0459
train,272,160,1258,195,push pink cup,push pink cup,2.0732,0.8812,28.3268,30.0459
train,272,165,1251,150,push pink cup,push pink cup,2.128,-0.9999,37.6169,19.0867
train,272,170,1251,150,push pink cup,push pink cup,2.1229,-0.9992,40.8231,19.0867
train,272,175,1253,145,push pink cup,push pink cup,2.1789,0.2338,41.5601,13.0407
train,272,180,1253,145,push pink cup,push pink cup,2.2327,0.0442,43.047,13.0407
train,272,185,1251,150,push pink cup,push pink cup,2.1945,-0.9561,45.5051,19.0867
train,272,190,1251,150,push pink cup,push pink cup,2.0998,-0.9752,44.8113,19.0867
train,272,195,1251,155,push pink cup,push pink cup,2.0638,-0.623,42.6022,15.0273
train,272,200,1253,165,push pink cup,push pink cup,2.1006,-0.9299,30.9223,15.3765
train,272,205,938,80,push pink cup,blue brick between pink cup and basket,2.1089,-0.5912,24.4302,28.6426
train,273,55,1204,115,push pink cup,pink cup next to drawer,2.6616,-0.9905,19.646,15.2961
train,273,60,729,145,push pink cup,banana in basket,2.9602,-0.6884,14.3617,28.9505
train,273,75,1204,120,push pink cup,pink cup next to drawer,3.3985,0.5999,18.1729,19.6905
train,273,80,1171,100,push pink cup,pink cup in basket,3.7542,0.6263,8.8805,31.7749
train,273,100,1199,135,push pink cup,pink cup next to drawer,3.7083,-0.8331,17.1595,23.2255
train,273,105,1199,135,push pink cup,pink cup next to drawer,3.5877,-0.8876,23.4988,23.2255
train,273,110,1199,140,push pink cup,pink cup next to drawer,3.3738,-0.6019,26.9498,13.27
train,273,115,1230,180,push pink cup,pink cup on pink plate,3.0825,0.9563,35.9798,11.4369
train,273,120,1230,180,push pink cup,pink cup on pink plate,2.901,0.9071,26.4458,11.4369
train,273,125,1230,180,push pink cup,pink cup on pink plate,2.6319,0.957,9.005,11.4369
train,273,150,1174,100,push pink cup,pink cup in basket,2.1394,-1.0,15.4196,3.2216
train,273,155,1258,190,push pink cup,push pink cup,2.2176,0.7639,20.4284,28.1239
train,273,160,1258,190,push pink cup,push pink cup,2.1982,0.6885,21.708,28.1239
train,273,165,1258,195,push pink cup,push pink cup,2.2246,0.8794,28.4729,30.0459
train,273,170,1258,195,push pink cup,push pink cup,2.2478,0.8392,32.4747,30.0459
train,273,175,1258,195,push pink cup,push pink cup,2.2974,0.8948,40.1585,30.0459
train,273,180,1251,150,push pink cup,push pink cup,2.324,-0.9653,42.511,19.0867
train,273,185,1251,150,push pink cup,push pink cup,2.3114,-0.9513,43.8774,19.0867
train,273,190,1251,145,push pink cup,push pink cup,2.3097,-0.9059,46.7152,12.6423
train,273,195,1251,145,push pink cup,push pink cup,2.3465,-0.8883,44.9538,12.6423
train,273,200,1251,150,push pink cup,push pink cup,2.334,-0.9764,41.1163,19.0867
train,273,205,1257,155,push pink cup,push pink cup,2.3091,-0.963,48.2181,9.8728
train,273,210,1251,155,push pink cup,push pink cup,2.4368,-0.8791,42.6763,15.0273
train,273,215,938,80,push pink cup,blue brick between pink cup and basket,2.5916,-0.8921,35.3451,28.6426
train,273,220,938,80,push pink cup,blue brick between pink cup and basket,2.7983,-0.0839,12.9001,28.6426
train,274,40,1131,30,push pink cup,grey cup on pan,2.4808,-0.1719,20.4603,4.6786
train,274,45,1064,100,push pink cup,can on stove,2.5321,0.6279,17.3797,2.8479
train,274,65,1254,85,push pink cup,push pink cup,3.3692,-0.2099,8.8247,24.6317
train,274,80,1264,75,push pink cup,push pink cup,4.1742,0.9062,21.4037,18.0479
train,274,85,1265,90,push pink cup,push pink cup,4.0864,0.9598,9.5702,33.411
train,274,90,1265,95,push pink cup,push pink cup,3.9732,0.6354,16.7965,30.1627
train,274,95,1265,95,push pink cup,push pink cup,3.8814,-0.9596,11.1303,30.1627
train,274,110,1230,175,push pink cup,pink cup on pink plate,3.228,0.5944,32.597,12.9541
train,274,115,1230,180,push pink cup,pink cup on pink plate,3.1393,0.9805,27.3715,11.4369
train,274,120,1230,185,push pink cup,pink cup on pink plate,2.9307,0.9616,15.2997,12.7049
train,274,145,1174,100,push pink cup,pink cup in basket,2.1538,-0.9997,13.7504,3.2216
train,274,150,1258,190,push pink cup,push pink cup,2.1694,0.5257,16.7035,28.1239
train,274,155,1258,205,push pink cup,push pink cup,2.1708,0.4258,20.3633,16.8133
train,274,160,1258,205,push pink cup,push pink cup,2.1963,0.8604,28.6651,16.8133
train,274,165,1258,205,push pink cup,push pink cup,2.2318,0.6718,34.363,16.8133
train,274,170,1258,205,push pink cup,push pink cup,2.3358,0.6555,39.5041,16.8133
train,274,175,1258,205,push pink cup,push pink cup,2.4153,0.6859,45.5661,16.8133
train,274,180,1258,195,push pink cup,push pink cup,2.4724,0.878,53.2194,30.0459
train,274,190,1263,130,push pink cup,push pink cup,2.479,-0.4056,9.1673,3.1161
train,274,200,1251,155,push pink cup,push pink cup,2.2704,-0.3271,22.2793,15.0273
train,274,205,1251,155,push pink cup,push pink cup,2.3076,-0.7782,40.7989,15.0273
train,274,210,1225,70,push pink cup,pink cup on pink plate,2.4424,0.2189,31.3059,18.4441
train,274,215,1369,140,push pink cup,blue brick in blue bowl and yellow brick in blue bowl,2.6119,-0.6098,29.2,21.1169
train,274,220,1369,145,push pink cup,blue brick in blue bowl and yellow brick in blue bowl,2.635,-0.5616,18.7705,21.8037
train,275,75,729,145,push pink cup,banana in basket,3.6713,0.9075,22.3393,28.9505
train,275,80,1467,180,push pink cup,yellow brick on blue plate,3.7795,-0.9891,11.8227,18.0616
train,275,85,1080,145,push pink cup,can on stove,3.9562,-0.9715,29.6302,8.0865
train,275,90,1080,150,push pink cup,can on stove,4.051,-0.828,13.8446,11.9025
train,275,95,1254,95,push pink cup,push pink cup,3.9816,-0.8752,20.0878,38.8205
train,275,100,1254,100,push pink cup,push pink cup,3.9268,-0.944,16.358,40.6118
train,275,110,1254,100,push pink cup,push pink cup,3.5347,0.9948,13.9877,40.6118
train,275,115,1254,105,push pink cup,push pink cup,3.2312,0.161,26.5859,19.1794
train,275,120,1230,180,push pink cup,pink cup on pink plate,3.0044,0.9639,23.3575,11.4369
train,275,125,1171,120,push pink cup,pink cup in basket,2.8557,0.7975,28.9446,20.8796
train,275,130,1171,120,push pink cup,pink cup in basket,2.7183,0.6528,18.4823,20.8796
train,275,150,1258,190,push pink cup,push pink cup,2.4871,0.9992,15.3523,28.1239
train,275,155,1258,195,push pink cup,push pink cup,2.5463,0.9677,26.804,30.0459
train,275,170,1258,205,push pink cup,push pink cup,2.7556,0.4434,48.6349,16.8133
train,275,175,1263,130,push pink cup,push pink cup,2.7867,-0.7932,26.6405,3.1161
train,275,180,1263,130,push pink cup,push pink cup,2.7727,-0.7399,30.3405,3.1161
train,275,185,1078,125,push pink cup,can on stove,2.6456,0.8019,45.6979,10.7897
train,275,190,1078,125,push pink cup,can on stove,2.5634,0.7743,36.8313,10.7897
train,275,195,1220,95,push pink cup,pink cup on pink plate,2.9332,0.7324,24.2562,20.7318
train,275,200,938,75,push pink cup,blue brick between pink cup and basket,3.1975,-0.6104,21.2757,22.0694
train,276,45,929,30,push pink cup,blue brick between pink cup and basket,3.2978,-0.593,16.1111,14.08
train,276,50,1468,125,push pink cup,yellow brick on blue plate,3.3944,0.1288,12.9517,7.2818
train,276,60,1467,180,push pink cup,yellow brick on blue plate,3.8081,-0.9996,25.2779,18.0616
train,276,65,1366,95,push pink cup,blue brick in blue bowl and yellow brick in blue bowl,3.9976,0.9995,15.1938,11.9319
train,276,70,1254,95,push pink cup,push pink cup,3.8751,-0.3155,9.8976,38.8205
train,276,75,1254,100,push pink cup,push pink cup,3.7329,-0.0458,17.6302,40.6118
train,276,80,1370,285,push pink cup,blue brick in blue bowl and yellow brick in blue bowl,3.6208,-0.8224,18.0001,71.2008
train,276,85,1254,105,push pink cup,push pink cup,3.5966,0.4882,27.0066,19.1794
train,276,90,1227,130,push pink cup,pink cup on pink plate,3.3828,0.9117,18.9952,14.3804
train,276,95,1230,180,push pink cup,pink cup on pink plate,3.181,0.6094,13.9592,11.4369
train,276,100,1230,180,push pink cup,pink cup on pink plate,2.9071,0.9186,20.9608,11.4369
train,276,105,1171,115,push pink cup,pink cup in basket,2.8235,0.7386,24.0241,25.0489
train,276,110,1230,180,push pink cup,pink cup on pink plate,2.8355,0.9739,40.4105,11.4369
train,276,115,1230,180,push pink cup,pink cup on pink plate,2.5878,0.9234,30.3916,11.4369
train,276,120,1230,185,push pink cup,pink cup on pink plate,2.4754,0.7571,17.9591,12.7049
train,276,125,1230,185,push pink cup,pink cup on pink plate,2.3776,0.4888,10.2791,12.7049
train,276,130,1225,110,push pink cup,pink cup on pink plate,2.3165,0.9841,10.9267,9.8159
train,276,135,1225,105,push pink cup,pink cup on pink plate,2.2373,0.9888,16.1173,15.6909
train,276,140,1225,105,push pink cup,pink cup on pink plate,2.2344,0.9516,19.1721,15.6909
train,276,145,1269,95,push pink cup,push pink cup,2.2635,0.9207,24.1803,29.22
train,276,150,1257,145,push pink cup,push pink cup,2.2878,-0.8448,28.7029,11.637
train,276,155,1257,145,push pink cup,push pink cup,2.2828,-0.8533,33.4084,11.637
train,276,160,1257,145,push pink cup,push pink cup,2.2341,-0.8544,41.9461,11.637
train,276,170,1257,145,push pink cup,push pink cup,2.3043,0.2087,25.005,11.637
train,276,190,1257,160,push pink cup,push pink cup,2.1034,-0.1941,41.0403,11.487
train,276,195,1257,165,push pink cup,push pink cup,2.1342,0.9162,32.6696,28.3675
train,276,200,938,75,push pink cup,blue brick between pink cup and basket,2.3173,-0.9984,26.1597,22.0694
train,277,70,729,145,push pink cup,banana in basket,3.1512,-0.9428,16.505,28.9505
train,277,80,729,150,push pink cup,banana in basket,3.5156,0.9999,19.9136,35.1079
train,277,95,1254,95,push pink cup,push pink cup,3.4857,-0.8684,24.7914,38.8205
train,277,100,1254,95,push pink cup,push pink cup,3.563,-0.3228,16.3051,38.8205
train,277,110,1171,105,push pink cup,pink cup in basket,3.1682,0.485,13.5054,23.7011
train,277,115,1171,115,push pink cup,pink cup in basket,3.122,0.7592,35.6342,25.0489
train,277,120,1171,115,push pink cup,pink cup in basket,3.124,0.6126,29.9883,25.0489
train,277,125,1171,120,push pink cup,pink cup in basket,2.9589,0.9394,33.5327,20.8796
train,277,130,1230,185,push pink cup,pink cup on pink plate,2.7453,0.8202,20.8809,12.7049
train,277,135,1230,185,push pink cup,pink cup on pink plate,2.6396,0.7037,9.2177,12.7049
train,277,140,1230,185,push pink cup,pink cup on pink plate,2.6838,-0.0067,15.8577,12.7049
train,277,145,1258,190,push pink cup,push pink cup,2.6106,0.8199,19.6755,28.1239
train,277,150,1258,195,push pink cup,push pink cup,2.5979,0.9174,30.7691,30.0459
train,277,155,1258,190,push pink cup,push pink cup,2.6376,0.8782,34.1402,28.1239
train,277,160,1220,70,push pink cup,pink cup on pink plate,2.6406,0.4431,46.7943,38.2217
train,277,165,1220,75,push pink cup,pink cup on pink plate,2.6458,-0.364,37.4383,30.248
train,277,170,1220,80,push pink cup,pink cup on pink plate,2.528,-0.6125,37.3904,22.2765
train,277,175,1269,110,push pink cup,push pink cup,2.4516,-0.9993,37.2952,7.4809
train,277,180,1257,150,push pink cup,push pink cup,2.3286,-0.8511,38.0599,8.6406
train,277,185,1257,150,push pink cup,push pink cup,2.1296,-0.7793,47.8066,8.6406
train,277,190,1257,145,push pink cup,push pink cup,2.0119,-0.683,46.5688,11.637
train,277,195,1257,145,push pink cup,push pink cup,1.9729,-0.7014,46.2119,11.637
train,277,200,1257,150,push pink cup,push pink cup,1.9522,-0.8206,35.4121,8.6406
train,277,205,1257,155,push pink cup,push pink cup,1.8646,-0.8653,34.511,9.8728
train,277,210,1257,160,push pink cup,push pink cup,1.8524,-0.0493,28.4943,11.487
train,277,220,938,80,push pink cup,blue brick between pink cup and basket,2.3901,-0.3176,14.4293,28.6426
train,278,35,1131,35,push pink cup,grey cup on pan,3.1555,0.9912,11.4638,2.7306
train,278,50,1254,85,push pink cup,push pink cup,3.9823,0.0596,15.3393,24.6317
train,278,60,1254,95,push pink cup,push pink cup,4.2516,-0.295,13.2133,38.8205
train,278,70,1265,90,push pink cup,push pink cup,4.0314,-0.9465,18.7539,33.411
train,278,75,1265,95,push pink cup,push pink cup,3.7735,-0.9719,20.4104,30.1627
train,278,80,1265,100,push pink cup,push pink cup,3.5382,0.6642,22.7638,24.9103
train,278,85,1023,305,push pink cup,red brick on pink plate and blue brick on pink plate,3.3618,0.7975,35.0425,27.4369
train,278,90,1171,120,push pink cup,pink cup in basket,3.0408,0.8434,41.9885,20.8796
train,278,95,1230,185,push pink cup,pink cup on pink plate,2.7517,0.9859,23.9926,12.7049
train,278,100,1174,95,push pink cup,pink cup in basket,2.5928,-0.9091,11.1739,11.7357
train,278,105,1258,190,push pink cup,push pink cup,2.4696,0.8143,16.2909,28.1239
train,278,110,1258,195,push pink cup,push pink cup,2.4045,0.8978,20.4089,30.0459
train,278,115,1258,205,push pink cup,push pink cup,2.412,0.4689,21.5452,16.8133
train,278,120,1258,205,push pink cup,push pink cup,2.4917,0.6497,36.3376,16.8133
train,278,125,1258,205,push pink cup,push pink cup,2.515,0.6975,43.8362,16.8133
train,278,130,1258,195,push pink cup,push pink cup,2.5488,0.9325,49.3847,30.0459
train,278,135,1263,125,push pink cup,push pink cup,2.5815,-0.8844,36.9664,10.7882
train,278,140,1269,110,push pink cup,push pink cup,2.4719,0.9307,14.0037,7.4809
train,278,145,1269,110,push pink cup,push pink cup,2.3549,0.9891,20.9394,7.4809
train,278,160,1257,150,push pink cup,push pink cup,1.9979,-0.816,43.6452,8.6406
train,278,165,1257,155,push pink cup,push pink cup,1.9456,-0.8977,42.2261,9.8728
train,278,170,1257,155,push pink cup,push pink cup,1.884,-0.9234,34.316,9.8728
train,278,175,1257,160,push pink cup,push pink cup,1.9121,-0.1138,26.4573,11.487
train,278,180,1269,135,push pink cup,push pink cup,2.2956,0.8662,24.952,27.5085
train,279,45,1479,110,push pink cup,yellow brick on blue plate,3.6327,-0.9766,18.874,26.441
train,279,50,1366,90,push pink cup,blue brick in blue bowl and yellow brick in blue bowl,4.0789,0.8622,20.942,12.1653
train,279,65,1265,90,push pink cup,push pink cup,4.3321,0.7576,35.8114,33.411
train,279,70,1265,90,push pink cup,push pink cup,4.1074,-0.2591,10.2022,33.411
train,279,80,1254,105,push pink cup,push pink cup,3.4738,-0.7075,23.482,19.1794
train,279,85,1066,165,push pink cup,can on stove,3.1515,0.5078,24.2341,14.4037
train,279,90,1230,185,push pink cup,pink cup on pink plate,2.7712,0.9968,13.6598,12.7049
train,279,95,1230,180,push pink cup,pink cup on pink plate,2.5069,0.9789,10.3703,11.4369
train,279,100,1230,185,push pink cup,pink cup on pink plate,2.4169,0.1003,15.7499,12.7049
train,279,105,1258,190,push pink cup,push pink cup,2.4073,0.858,26.8982,28.1239
train,279,110,1258,190,push pink cup,push pink cup,2.4052,0.8963,28.2049,28.1239
train,279,115,1223,125,push pink cup,pink cup on pink plate,2.2592,-0.5245,35.1929,23.9007
train,279,120,1223,125,push pink cup,pink cup on pink plate,2.3218,-0.4242,39.2927,23.9007
train,279,125,1258,195,push pink cup,push pink cup,2.3876,0.8779,47.1019,30.0459
train,279,130,1263,125,push pink cup,push pink cup,2.3669,-0.8898,53.0388,10.7882
train,279,135,1263,130,push pink cup,push pink cup,2.4059,0.8733,42.6427,3.1161
train,279,140,1263,130,push pink cup,push pink cup,2.3555,0.9054,41.2685,3.1161
train,279,145,1263,125,push pink cup,push pink cup,2.3347,-0.9867,36.9541,10.7882
train,279,150,1257,150,push pink cup,push pink cup,2.2541,-0.9974,20.3055,8.6406
train,279,155,1257,145,push pink cup,push pink cup,2.1569,0.2666,23.0005,11.637
train,279,160,1257,155,push pink cup,push pink cup,2.0535,-0.9712,34.4897,9.8728
train,279,165,1257,155,push pink cup,push pink cup,1.9077,-0.9742,41.0646,9.8728
train,279,170,1257,155,push pink cup,push pink cup,1.8405,-0.9804,37.878,9.8728
train,279,175,1257,160,push pink cup,push pink cup,1.8661,-0.234,31.5728,11.487
train,279,180,1257,165,push pink cup,push pink cup,2.0441,0.6615,28.6245,28.3675
train,280,60,1254,85,push pink cup,push pink cup,3.6901,0.5907,19.4838,24.6317
train,280,70,1254,95,push pink cup,push pink cup,3.7487,-0.4061,20.4167,38.8205
train,280,80,1254,100,push pink cup,push pink cup,3.4955,-0.7777,18.0657,40.6118
train,280,85,1254,100,push pink cup,push pink cup,3.1632,-0.9614,12.149,40.6118
train,280,90,1254,105,push pink cup,push pink cup,2.8617,-0.4146,20.1219,19.1794
train,280,95,1254,110,push pink cup,push pink cup,2.77,1.0,18.2398,10.7991
train,280,100,1171,120,push pink cup,pink cup in basket,2.6296,0.4078,32.3584,20.8796
train,280,105,1171,120,push pink cup,pink cup in basket,2.4064,0.6749,31.2324,20.8796
train,280,110,1230,185,push pink cup,pink cup on pink plate,2.307,0.5315,13.8817,12.7049
train,280,115,1269,90,push pink cup,push pink cup,2.2532,0.4076,14.4442,16.1099
train,280,120,1269,95,push pink cup,push pink cup,2.1558,0.9468,23.9469,29.22
train,280,125,1269,95,push pink cup,push pink cup,2.1132,0.9837,31.4817,29.22
train,280,130,1269,100,push pink cup,push pink cup,2.1159,0.955,37.0357,34.5955
train,280,135,1269,105,push pink cup,push pink cup,2.153,-0.6112,47.1335,9.4267
train,280,170,1257,160,push pink cup,push pink cup,1.9883,-0.2318,36.152,11.487
train,281,35,1074,120,red brick in green bowl and yellow brick in green bowl,can on stove,2.9548,0.151,13.4903,11.4837
train,281,50,923,140,red brick in green bowl and yellow brick in green bowl,blue brick between pink cup and basket,3.0072,0.9446,36.5038,12.4694
train,281,55,923,140,red brick in green bowl and yellow brick in green bowl,blue brick between pink cup and basket,2.9708,0.9888,41.7542,12.4694
train,281,60,1061,130,red brick in green bowl and yellow brick in green bowl,can on stove,2.8944,0.9723,39.1534,14.0354
train,281,65,1061,130,red brick in green bowl and yellow brick in green bowl,can on stove,2.7481,0.9077,36.071,14.0354
train,281,70,1066,165,red brick in green bowl and yellow brick in green bowl,can on stove,2.647,0.9583,31.414,14.4037
train,281,130,1225,70,red brick in green bowl and yellow brick in green bowl,pink cup on pink plate,2.5014,0.7919,27.6682,18.4441
train,281,135,1225,75,red brick in green bowl and yellow brick in green bowl,pink cup on pink plate,2.8523,0.748,27.4539,33.1667
train,281,140,1214,80,red brick in green bowl and yellow brick in green bowl,pink cup on pink plate,3.0779,0.8883,17.7673,23.1423
train,281,170,1025,290,red brick in green bowl and yellow brick in green bowl,red brick on pink plate and blue brick on pink plate,2.2532,0.2885,31.1446,16.0309
train,281,175,1078,160,red brick in green bowl and yellow brick in green bowl,can on stove,2.3688,-0.0604,40.7967,19.3571
train,281,265,1458,95,red brick in green bowl and yellow brick in green bowl,yellow brick on blue plate,2.2683,0.5902,8.1604,24.433
train,282,35,1056,40,red brick in green bowl and yellow brick in green bowl,can on grey plate,3.0176,-0.4748,26.7673,19.1501
train,282,40,1056,40,red brick in green bowl and yellow brick in green bowl,can on grey plate,2.7385,0.9178,30.2724,19.1501
train,282,55,1131,145,red brick in green bowl and yellow brick in green bowl,grey cup on pan,1.9483,0.9362,16.1848,9.0959
train,282,90,1131,75,red brick in green bowl and yellow brick in green bowl,grey cup on pan,2.2325,0.0489,20.2383,3.9465
train,282,95,1131,80,red brick in green bowl and yellow brick in green bowl,grey cup on pan,2.4686,0.8485,32.2423,14.8749
train,282,115,1123,110,red brick in green bowl and yellow brick in green bowl,grey cup on grey plate,2.4735,-0.9853,9.8691,45.1201
train,282,230,1299,70,red brick in green bowl and yellow brick in green bowl,white cup on grey plate,1.925,0.9994,23.7678,3.4667
train,282,255,1052,40,red brick in green bowl and yellow brick in green bowl,can on grey plate,2.3805,-0.8091,35.9366,13.0678
train,282,265,777,115,red brick in green bowl and yellow brick in green bowl,banana in basket,2.4125,0.776,22.468,3.9447
train,283,40,1560,30,red brick in green bowl and yellow brick in green bowl,yellow brick on pink plate,2.2954,0.9384,8.7845,0.5957
train,283,135,1057,30,red brick in green bowl and yellow brick in green bowl,can on grey plate,2.4322,0.2995,36.2603,16.4292
train,283,155,887,55,red brick in green bowl and yellow brick in green bowl,banana in orange bowl,2.4418,-0.9535,41.0051,10.3003
train,283,160,710,140,red brick in green bowl and yellow brick in green bowl,banana in basket,2.3675,0.6424,33.3587,8.7862
train,283,240,1172,110,red brick in green bowl and yellow brick in green bowl,pink cup in basket,2.5118,-0.2188,15.5284,31.1493
train,283,250,1068,55,red brick in green bowl and yellow brick in green bowl,can on stove,2.7663,0.0929,16.24,5.901
train,283,260,1187,55,red brick in green bowl and yellow brick in green bowl,pink cup in basket,3.1151,0.5993,25.7762,12.2729
train,284,30,699,95,red brick in green bowl and yellow brick in green bowl,banana in basket,2.6661,-0.7437,12.6474,27.1255
train,284,35,699,95,red brick in green bowl and yellow brick in green bowl,banana in basket,2.6893,-0.534,24.3693,27.1255
train,284,40,699,100,red brick in green bowl and yellow brick in green bowl,banana in basket,2.7165,-0.5839,30.0943,32.2771
train,284,45,699,100,red brick in green bowl and yellow brick in green bowl,banana in basket,2.6743,0.7592,33.5296,32.2771
train,284,65,1179,135,red brick in green bowl and yellow brick in green bowl,pink cup in basket,2.2328,0.683,21.986,29.297
train,284,80,1220,55,red brick in green bowl and yellow brick in green bowl,pink cup on pink plate,2.218,0.7092,13.7087,23.9751
train,284,90,1188,60,red brick in green bowl and yellow brick in green bowl,pink cup in basket,2.6085,0.5764,35.7597,23.2985
train,284,110,779,105,red brick in green bowl and yellow brick in green bowl,banana in basket,2.7936,-0.981,24.131,1.5455
train,284,115,779,110,red brick in green bowl and yellow brick in green bowl,banana in basket,2.5578,-0.1929,21.3955,0.2805
train,284,120,779,115,red brick in green bowl and yellow brick in green bowl,banana in basket,2.5467,-0.3647,32.8748,0.7212
train,284,130,1059,35,red brick in green bowl and yellow brick in green bowl,can on grey plate,2.3906,0.1889,20.9473,23.5433
train,284,140,702,100,red brick in green bowl and yellow brick in green bowl,banana in basket,2.2532,-0.9978,8.3712,35.9107
train,284,145,702,100,red brick in green bowl and yellow brick in green bowl,banana in basket,2.376,0.9951,17.2881,35.9107
train,284,150,702,105,red brick in green bowl and yellow brick in green bowl,banana in basket,2.4992,0.9972,16.9905,37.3666
train,284,160,952,155,red brick in green bowl and yellow brick in green bowl,blue brick in basket,2.3792,-0.9893,34.3779,20.9191
train,284,195,1172,65,red brick in green bowl and yellow brick in green bowl,pink cup in basket,2.1216,0.9693,19.7491,19.2019
train,284,200,1179,70,red brick in green bowl and yellow brick in green bowl,pink cup in basket,2.2256,0.9256,15.3809,20.1573
train,284,210,1179,80,red brick in green bowl and yellow brick in green bowl,pink cup in basket,2.5549,-0.2027,17.1368,18.203
train,284,215,1179,85,red brick in green bowl and yellow brick in green bowl,pink cup in basket,2.5504,-0.6419,19.434,17.216
train,284,220,1186,135,red brick in green bowl and yellow brick in green bowl,pink cup in basket,2.5392,0.25,10.1137,25.7668
train,284,225,1014,160,red brick in green bowl and yellow brick in green bowl,blue brick on red brick,2.3818,0.1023,13.3067,13.1987
train,285,85,762,50,red brick in green bowl and yellow brick in green bowl,banana in basket,3.2891,0.4505,16.9798,12.6289
train,285,100,1189,95,red brick in green bowl and yellow brick in green bowl,pink cup in basket,2.9404,0.9989,25.4972,15.783
train,285,105,1187,100,red brick in green bowl and yellow brick in green bowl,pink cup in basket,2.729,-0.9999,36.8952,14.8174
train,285,110,1220,55,red brick in green bowl and yellow brick in green bowl,pink cup on pink plate,2.6963,-0.7378,33.9689,23.9751
train,285,115,953,105,red brick in green bowl and yellow brick in green bowl,blue brick in basket,2.7821,-0.8978,32.5928,17.901
train,285,130,918,105,red brick in green bowl and yellow brick in green bowl,blue bowl on pink plate and yellow brick in blue bowl,2.7883,-0.2654,10.8542,4.0064
train,285,135,918,110,red brick in green bowl and yellow brick in green bowl,blue bowl on pink plate and yellow brick in blue bowl,2.792,-0.999,9.1883,1.467
train,285,225,762,55,red brick in green bowl and yellow brick in green bowl,banana in basket,3.1583,0.5807,9.2291,16.7532
train,285,245,1254,100,red brick in green bowl and yellow brick in green bowl,push pink cup,2.9419,-0.46,31.0322,40.6118
train,285,250,1039,300,red brick in green bowl and yellow brick in green bowl,red brick on pink plate and blue brick on pink plate,3.0803,-0.9722,19.7831,31.46
train,285,260,1214,75,red brick in green bowl and yellow brick in green bowl,pink cup on pink plate,3.446,0.9927,14.5246,22.2556
train,285,265,924,110,red brick in green bowl and yellow brick in green bowl,blue brick between pink cup and basket,3.4078,0.8462,11.3684,8.3372
train,285,275,924,120,red brick in green bowl and yellow brick in green bowl,blue brick between pink cup and basket,3.5927,-0.1435,15.5493,11.3115
train,286,0,924,160,red brick in green bowl and yellow brick in green bowl,blue brick between pink cup and basket,2.5106,-0.9113,21.2177,1.6076
train,286,10,762,50,red brick in green bowl and yellow brick in green bowl,banana in basket,2.822,-0.2148,21.5041,12.6289
train,286,15,700,100,red brick in green bowl and yellow brick in green bowl,banana in basket,3.0065,0.8199,15.5638,48.0086
train,286,30,1187,90,red brick in green bowl and yellow brick in green bowl,pink cup in basket,3.4485,0.943,24.4627,3.554
train,286,35,1187,95,red brick in green bowl and yellow brick in green bowl,pink cup in basket,3.3777,0.9432,19.8401,16.0218
train,286,40,1187,95,red brick in green bowl and yellow brick in green bowl,pink cup in basket,3.1928,-0.9185,14.8317,16.0218
train,286,45,1187,100,red brick in green bowl and yellow brick in green bowl,pink cup in basket,3.0188,-0.9502,44.5993,14.8174
train,286,50,1171,120,red brick in green bowl and yellow brick in green bowl,pink cup in basket,2.8389,0.9743,32.0611,20.8796
train,286,55,1184,180,red brick in green bowl and yellow brick in green bowl,pink cup in basket,2.6509,0.6743,20.5857,21.5362
train,286,65,953,100,red brick in green bowl and yellow brick in green bowl,blue brick in basket,2.7101,0.6592,27.6514,12.9231
train,286,70,953,105,red brick in green bowl and yellow brick in green bowl,blue brick in basket,3.0959,-0.7926,30.6057,17.901
train,286,75,953,110,red brick in green bowl and yellow brick in green bowl,blue brick in basket,3.243,0.2098,19.8132,35.4628
train,286,100,779,100,red brick in green bowl and yellow brick in green bowl,banana in basket,2.6697,-0.6344,15.4858,3.4427
train,286,150,929,25,red brick in green bowl and yellow brick in green bowl,blue brick between pink cup and basket,2.7945,-0.9976,10.9085,25.4194
train,286,165,929,40,red brick in green bowl and yellow brick in green bowl,blue brick between pink cup and basket,3.2969,0.284,9.0266,14.8868
train,286,170,1255,85,red brick in green bowl and yellow brick in green bowl,push pink cup,3.314,0.7587,12.2026,16.807
train,286,175,1255,90,red brick in green bowl and yellow brick in green bowl,push pink cup,3.2387,0.924,32.0285,7.0621
train,286,180,706,120,red brick in green bowl and yellow brick in green bowl,banana in basket,3.3608,0.7098,18.3904,24.5158
train,286,185,1174,165,red brick in green bowl and yellow brick in green bowl,pink cup in basket,3.2183,0.8107,17.9541,31.1897
train,286,190,1171,95,red brick in green bowl and yellow brick in green bowl,pink cup in basket,3.2111,-0.6394,15.1464,31.0852
train,286,195,1178,120,red brick in green bowl and yellow brick in green bowl,pink cup in basket,3.1471,-0.9228,22.9099,19.5502
train,286,200,1178,120,red brick in green bowl and yellow brick in green bowl,pink cup in basket,2.9915,-0.9975,25.4202,19.5502
train,286,205,1178,125,red brick in green bowl and yellow brick in green bowl,pink cup in basket,2.8896,0.4756,24.1645,26.3823
train,286,210,1178,130,red brick in green bowl and yellow brick in green bowl,pink cup in basket,2.7341,0.0658,17.3296,11.6604
train,286,215,1058,70,red brick in green bowl and yellow brick in green bowl,can on grey plate,2.3301,0.8576,19.293,20.2931
train,286,220,1058,70,red brick in green bowl and yellow brick in green bowl,can on grey plate,2.5365,0.8748,15.5914,20.2931
train,286,225,1059,30,red brick in green bowl and yellow brick in green bowl,can on grey plate,3.0577,0.7074,25.3333,16.4998
train,286,230,701,105,red brick in green bowl and yellow brick in green bowl,banana in basket,3.5091,0.2615,13.572,13.1703
train,286,235,924,110,red brick in green bowl and yellow brick in green bowl,blue brick between pink cup and basket,3.7369,0.3019,10.753,8.3372
train,286,240,694,110,red brick in green bowl and yellow brick in green bowl,banana in basket,3.9456,0.0541,8.3575,7.725
train,286,270,779,110,red brick in green bowl and yellow brick in green bowl,banana in basket,2.2347,0.277,11.5739,0.2805
train,286,275,779,110,red brick in green bowl and yellow brick in green bowl,banana in basket,2.0714,0.6222,26.943,0.2805
train,287,75,1225,70,red brick in green bowl and yellow brick in green bowl,pink cup on pink plate,1.8428,0.9165,15.0247,18.4441
train,287,105,779,100,red brick in green bowl and yellow brick in green bowl,banana in basket,2.8218,0.7816,13.208,3.4427
train,287,160,929,35,red brick in green bowl and yellow brick in green bowl,blue brick between pink cup and basket,3.6893,0.985,15.8363,14.0477
train,287,165,1177,100,red brick in green bowl and yellow brick in green bowl,pink cup in basket,3.5668,0.9935,15.6272,15.9036
train,287,175,1187,95,red brick in green bowl and yellow brick in green bowl,pink cup in basket,3.3663,0.9156,27.9337,16.0218
train,287,180,1187,100,red brick in green bowl and yellow brick in green bowl,pink cup in basket,3.1708,0.9992,10.0511,14.8174
train,287,195,718,170,red brick in green bowl and yellow brick in green bowl,banana in basket,2.862,0.7311,30.5579,21.345
train,287,200,718,170,red brick in green bowl and yellow brick in green bowl,banana in basket,2.7311,0.8797,21.1929,21.345
train,287,205,1184,185,red brick in green bowl and yellow brick in green bowl,pink cup in basket,2.5963,0.9983,18.4881,12.8917
train,287,235,1209,65,red brick in green bowl and yellow brick in green bowl,pink cup next to drawer,2.5961,0.9853,14.3521,17.9103
train,287,260,779,90,red brick in green bowl and yellow brick in green bowl,banana in basket,3.6164,-0.1843,17.7349,25.3276
train,287,265,899,60,red brick in green bowl and yellow brick in green bowl,banana in orange bowl,3.3009,-0.9656,15.507,14.6676
train,287,270,918,110,red brick in green bowl and yellow brick in green bowl,blue bowl on pink plate and yellow brick in blue bowl,2.9266,-0.9717,19.6283,1.467
train,287,280,918,120,red brick in green bowl and yellow brick in green bowl,blue bowl on pink plate and yellow brick in blue bowl,2.4579,0.1941,9.0235,3.7211
train,287,320,929,30,red brick in green bowl and yellow brick in green bowl,blue brick between pink cup and basket,2.6339,0.6418,12.2653,14.08
train,288,0,700,90,red brick in green bowl and yellow brick in green bowl,banana in basket,2.4369,-0.0966,8.8099,20.3613
train,288,15,1172,100,red brick in green bowl and yellow brick in green bowl,pink cup in basket,2.8526,-0.9608,11.8626,25.569
train,288,20,1172,100,red brick in green bowl and yellow brick in green bowl,pink cup in basket,2.9581,0.8653,18.4903,25.569
train,288,25,1172,100,red brick in green bowl and yellow brick in green bowl,pink cup in basket,2.9379,0.8078,23.0526,25.569
train,288,30,1172,110,red brick in green bowl and yellow brick in green bowl,pink cup in basket,3.0703,0.9397,21.7359,31.1493
train,288,35,1172,115,red brick in green bowl and yellow brick in green bowl,pink cup in basket,3.1151,0.9518,21.2938,33.1929
train,288,40,1172,115,red brick in green bowl and yellow brick in green bowl,pink cup in basket,3.0598,0.5434,19.0213,33.1929
train,288,45,1179,120,red brick in green bowl and yellow brick in green bowl,pink cup in basket,3.1711,-0.0876,9.1285,15.2808
train,288,50,1172,125,red brick in green bowl and yellow brick in green bowl,pink cup in basket,3.2044,0.3776,32.5006,23.7051
train,288,55,1059,65,red brick in green bowl and yellow brick in green bowl,can on grey plate,3.1931,0.8331,24.5356,17.4316
train,288,60,1059,65,red brick in green bowl and yellow brick in green bowl,can on grey plate,3.2072,0.9654,37.4306,17.4316
train,288,65,1059,70,red brick in green bowl and yellow brick in green bowl,can on grey plate,3.0649,0.9123,31.9991,18.1896
train,288,100,738,55,red brick in green bowl and yellow brick in green bowl,banana in basket,2.7535,0.871,19.2846,11.2692
train,288,105,924,105,red brick in green bowl and yellow brick in green bowl,blue brick between pink cup and basket,3.7189,-0.9636,11.1424,29.835
train,288,110,924,110,red brick in green bowl and yellow brick in green bowl,blue brick between pink cup and basket,3.8146,-0.2372,22.9947,8.3372
train,288,115,924,115,red brick in green bowl and yellow brick in green bowl,blue brick between pink cup and basket,4.0757,0.7852,14.3609,14.9725
train,288,120,924,120,red brick in green bowl and yellow brick in green bowl,blue brick between pink cup and basket,4.0528,0.2379,13.9807,11.3115
train,288,125,924,125,red brick in green bowl and yellow brick in green bowl,blue brick between pink cup and basket,3.9393,-0.0438,13.8223,8.1855
train,288,130,775,80,red brick in green bowl and yellow brick in green bowl,banana in basket,3.7165,0.6163,39.5149,2.0105
train,288,135,1300,105,red brick in green bowl and yellow brick in green bowl,white cup on grey plate,2.6574,-0.0214,48.3116,5.533
train,288,145,1296,55,red brick in green bowl and yellow brick in green bowl,white cup on grey plate,1.6944,0.1919,10.7946,3.4179
train,288,430,700,100,red brick in green bowl and yellow brick in green bowl,banana in basket,2.6394,-0.3817,29.791,48.0086
train,288,440,947,130,red brick in green bowl and yellow brick in green bowl,blue brick in basket,2.6436,-0.385,29.5646,3.3027
train,288,445,1172,115,red brick in green bowl and yellow brick in green bowl,pink cup in basket,2.6441,-0.0436,25.4093,33.1929
train,288,450,1172,125,red brick in green bowl and yellow brick in green bowl,pink cup in basket,2.5648,-0.4271,16.3824,23.7051
train,288,455,1172,125,red brick in green bowl and yellow brick in green bowl,pink cup in basket,2.4129,-0.6929,11.2589,23.7051
train,288,460,1172,130,red brick in green bowl and yellow brick in green bowl,pink cup in basket,2.345,-0.801,12.653,21.4729
train,288,465,1172,135,red brick in green bowl and yellow brick in green bowl,pink cup in basket,2.3716,0.3294,17.2523,18.8153
train,288,470,1172,115,red brick in green bowl and yellow brick in green bowl,pink cup in basket,2.2098,0.268,33.5963,33.1929
train,288,500,1059,30,red brick in green bowl and yellow brick in green bowl,can on grey plate,2.1729,0.5689,27.6837,16.4998
train,288,505,1059,35,red brick in green bowl and yellow brick in green bowl,can on grey plate,2.2104,0.9994,13.2727,23.5433
train,288,510,1059,35,red brick in green bowl and yellow brick in green bowl,can on grey plate,2.4933,0.8509,16.9094,23.5433
train,288,515,1058,45,red brick in green bowl and yellow brick in green bowl,can on grey plate,2.7284,0.8755,19.8349,29.2092
train,288,520,1058,50,red brick in green bowl and yellow brick in green bowl,can on grey plate,2.8443,-0.6771,24.9412,8.4895
train,288,530,1058,55,red brick in green bowl and yellow brick in green bowl,can on grey plate,2.7764,-0.8727,14.839,12.5372
train,288,540,733,85,red brick in green bowl and yellow brick in green bowl,banana in basket,2.6218,-0.0621,14.0984,15.2423
train,288,550,893,60,red brick in green bowl and yellow brick in green bowl,banana in orange bowl,2.3882,0.7154,16.2767,10.2563
train,288,605,700,115,red brick in green bowl and yellow brick in green bowl,banana in basket,2.9589,0.1597,35.2018,38.6289
train,288,610,700,120,red brick in green bowl and yellow brick in green bowl,banana in basket,2.9006,-0.9413,41.7983,20.2645
train,288,615,699,100,red brick in green bowl and yellow brick in green bowl,banana in basket,2.9095,0.7085,27.2805,32.2771
train,288,680,946,85,red brick in green bowl and yellow brick in green bowl,blue brick in basket,2.5112,0.9611,25.0214,28.5141
train,288,710,779,105,red brick in green bowl and yellow brick in green bowl,banana in basket,3.0369,-0.976,16.7086,1.5455
train,288,715,779,110,red brick in green bowl and yellow brick in green bowl,banana in basket,2.8708,-0.3377,18.3281,0.2805
train,289,0,700,100,red brick in green bowl and yellow brick in green bowl,banana in basket,2.2145,-0.4408,17.2904,48.0086
train,289,5,700,100,red brick in green bowl and yellow brick in green bowl,banana in basket,2.44,-0.0297,17.8563,48.0086
train,289,10,700,105,red brick in green bowl and yellow brick in green bowl,banana in basket,2.4859,-0.163,18.1658,38.7682
train,289,20,699,100,red brick in green bowl and yellow brick in green bowl,banana in basket,2.6844,0.9774,21.8551,32.2771
train,289,30,699,100,red brick in green bowl and yellow brick in green bowl,banana in basket,2.5146,0.7707,33.5646,32.2771
train,289,35,700,120,red brick in green bowl and yellow brick in green bowl,banana in basket,2.4944,-0.9906,25.1303,20.2645
train,289,40,700,120,red brick in green bowl and yellow brick in green bowl,banana in basket,2.3845,-0.9905,11.166,20.2645
train,289,75,1172,60,red brick in green bowl and yellow brick in green bowl,pink cup in basket,1.7968,0.9998,15.3498,13.9922
train,289,80,1179,65,red brick in green bowl and yellow brick in green bowl,pink cup in basket,2.04,-0.154,15.5985,19.8557
train,289,85,946,90,red brick in green bowl and yellow brick in green bowl,blue brick in basket,2.1822,0.3785,23.0604,31.3495
train,289,90,946,95,red brick in green bowl and yellow brick in green bowl,blue brick in basket,2.2506,0.5214,24.486,30.2074
train,289,95,925,100,red brick in green bowl and yellow brick in green bowl,blue brick between pink cup and basket,2.301,-0.9106,17.1611,13.6979
train,289,100,925,105,red brick in green bowl and yellow brick in green bowl,blue brick between pink cup and basket,2.5169,-0.966,21.556,5.6547
train,289,105,779,100,red brick in green bowl and yellow brick in green bowl,banana in basket,2.5016,0.8946,27.5617,3.4427
train,289,110,779,105,red brick in green bowl and yellow brick in green bowl,banana in basket,2.2982,1.0,43.2028,1.5455
train,289,115,779,110,red brick in green bowl and yellow brick in green bowl,banana in basket,2.165,0.7772,27.4369,0.2805
train,289,120,779,110,red brick in green bowl and yellow brick in green bowl,banana in basket,2.1184,0.7997,19.271,0.2805
train,289,125,1172,55,red brick in green bowl and yellow brick in green bowl,pink cup in basket,1.9207,0.9768,27.8119,6.3638
train,289,165,924,75,red brick in green bowl and yellow brick in green bowl,blue brick between pink cup and basket,2.7338,-0.2714,26.2102,9.0906
train,289,170,1255,90,red brick in green bowl and yellow brick in green bowl,push pink cup,2.6751,0.8896,12.1665,7.0621
train,289,175,729,170,red brick in green bowl and yellow brick in green bowl,banana in basket,2.583,-0.5391,28.464,40.6197
train,289,180,1173,130,red brick in green bowl and yellow brick in green bowl,pink cup in basket,2.4217,-0.6236,36.7175,20.814
train,289,185,1184,180,red brick in green bowl and yellow brick in green bowl,pink cup in basket,2.1518,0.5594,18.8708,21.5362
train,289,205,701,105,red brick in green bowl and yellow brick in green bowl,banana in basket,2.4698,0.9348,32.5637,13.1703
train,289,210,1059,35,red brick in green bowl and yellow brick in green bowl,can on grey plate,2.5879,0.6952,15.5931,23.5433
train,289,235,779,100,red brick in green bowl and yellow brick in green bowl,banana in basket,2.5031,-0.6532,14.1101,3.4427
train,289,240,779,100,red brick in green bowl and yellow brick in green bowl,banana in basket,2.3254,-0.898,14.9892,3.4427
train,289,250,779,110,red brick in green bowl and yellow brick in green bowl,banana in basket,2.1454,0.9964,18.3737,0.2805
train,290,5,924,160,red brick in green bowl and yellow brick in green bowl,blue brick between pink cup and basket,2.3192,-0.9781,10.009,1.6076
train,290,75,1179,65,red brick in green bowl and yellow brick in green bowl,pink cup in basket,1.84,0.8442,17.8193,19.8557
train,290,80,1188,60,red brick in green bowl and yellow brick in green bowl,pink cup in basket,1.989,0.7511,22.0387,23.2985
train,290,85,1173,100,red brick in green bowl and yellow brick in green bowl,pink cup in basket,2.4701,0.7248,21.0037,40.221
train,290,90,1173,105,red brick in green bowl and yellow brick in green bowl,pink cup in basket,2.6292,-1.0,20.0309,26.4223
train,290,95,1179,110,red brick in green bowl and yellow brick in green bowl,pink cup in basket,2.7637,0.5925,10.5748,24.7789
train,290,100,1177,100,red brick in green bowl and yellow brick in green bowl,pink cup in basket,2.5879,0.9996,8.5403,15.9036
train,290,110,929,60,red brick in green bowl and yellow brick in green bowl,blue brick between pink cup and basket,2.5352,0.9751,34.3375,21.6751
train,290,115,1443,75,red brick in green bowl and yellow brick in green bowl,yellow brick on blue brick,2.621,0.3814,21.0394,15.7322
train,290,125,893,45,red brick in green bowl and yellow brick in green bowl,banana in orange bowl,2.8002,0.9464,10.4448,2.7423
train,290,130,893,50,red brick in green bowl and yellow brick in green bowl,banana in orange bowl,2.7501,0.717,9.6955,4.2537
train,290,135,893,55,red brick in green bowl and yellow brick in green bowl,banana in orange bowl,2.728,0.9999,8.559,3.2041
train,290,140,918,115,red brick in green bowl and yellow brick in green bowl,blue bowl on pink plate and yellow brick in blue bowl,2.4899,-0.2008,8.7008,13.6349
train,290,235,1173,105,red brick in green bowl and yellow brick in green bowl,pink cup in basket,2.1798,-0.8712,9.4842,26.4223
train,290,240,1173,110,red brick in green bowl and yellow brick in green bowl,pink cup in basket,2.406,-0.9073,11.1252,26.2513
train,290,260,929,60,red brick in green bowl and yellow brick in green bowl,blue brick between pink cup and basket,2.7392,0.6846,17.2236,21.6751
train,290,265,929,65,red brick in green bowl and yellow brick in green bowl,blue brick between pink cup and basket,3.1014,0.3604,16.9499,17.5763
train,290,285,985,140,red brick in green bowl and yellow brick in green bowl,open drawer and blue brick in drawer and close drawer,3.9114,0.8221,9.458,13.485
train,291,105,923,125,white cup on grey plate,blue brick between pink cup and basket,2.7173,0.0543,12.294,64.1099
train,291,110,1144,105,white cup on grey plate,grey cup on pan,2.8153,0.9489,11.1234,11.0057
train,291,120,1144,125,white cup on grey plate,grey cup on pan,2.6154,0.5985,19.9207,11.2363
train,291,135,923,160,white cup on grey plate,blue brick between pink cup and basket,2.364,0.6467,15.9095,17.0945
train,291,140,1144,145,white cup on grey plate,grey cup on pan,2.308,0.9743,18.8909,8.8331
train,291,145,1329,65,white cup on grey plate,white cup on pan,2.4961,-0.2623,18.0818,6.1496
train,291,155,1377,60,white cup on grey plate,yellow brick in basket,2.9993,-0.6322,9.0898,24.1707
train,291,185,1327,30,white cup on grey plate,white cup on pan,2.4097,-0.1397,11.079,1.8736
train,291,190,1326,170,white cup on grey plate,white cup on pan,2.3057,0.9571,35.3569,12.5542
train,292,5,1144,15,white cup on grey plate,grey cup on pan,1.8653,0.4587,8.1812,8.6588
train,292,45,923,150,white cup on grey plate,blue brick between pink cup and basket,2.6313,0.9616,24.2132,25.6133
train,292,60,1144,140,white cup on grey plate,grey cup on pan,2.1198,0.9721,13.7286,15.0364
train,292,65,1144,145,white cup on grey plate,grey cup on pan,2.0672,0.9997,22.301,8.8331
train,292,75,1144,70,white cup on grey plate,grey cup on pan,2.262,0.6145,14.3481,19.7708
train,292,80,1134,80,white cup on grey plate,grey cup on pan,2.4968,0.5769,11.5429,21.9613
train,292,90,1377,75,white cup on grey plate,yellow brick in basket,2.8531,-0.1565,13.2698,16.1292
train,292,120,1126,145,white cup on grey plate,grey cup on grey plate,2.3444,0.6896,25.7938,11.0586
train,292,140,1129,65,white cup on grey plate,grey cup on grey plate,2.703,0.8409,19.6548,12.9541
train,292,145,1316,105,white cup on grey plate,white cup on pan,3.1854,-0.4457,12.4137,15.9629
train,292,150,1316,105,white cup on grey plate,white cup on pan,3.5383,-0.9774,20.3956,15.9629
train,292,160,1377,70,white cup on grey plate,yellow brick in basket,3.5661,-0.9095,19.4323,27.8266
train,292,170,1145,40,white cup on grey plate,grey cup on pan,3.0665,0.0004,27.0108,1.8478
train,293,25,1257,50,white cup on grey plate,push pink cup,3.8037,0.9538,13.4181,16.5524
train,293,30,1257,55,white cup on grey plate,push pink cup,4.025,0.5998,11.9715,18.0612
train,293,35,1257,60,white cup on grey plate,push pink cup,4.1591,-0.4119,15.2666,7.5083
train,293,40,1314,40,white cup on grey plate,white cup on pan,4.3321,-0.9133,8.4695,7.4871
train,293,45,1144,120,white cup on grey plate,grey cup on pan,3.9648,0.9934,14.6119,7.6569
train,293,65,923,155,white cup on grey plate,blue brick between pink cup and basket,3.177,0.9653,23.8252,22.2748
train,293,70,1317,135,white cup on grey plate,white cup on pan,2.9665,0.6341,28.1113,10.7898
train,293,75,1317,140,white cup on grey plate,white cup on pan,2.8211,0.5592,29.5818,9.0912
train,293,90,1377,55,white cup on grey plate,yellow brick in basket,2.6577,-0.7985,33.7104,25.8379
train,293,95,1377,55,white cup on grey plate,yellow brick in basket,2.9651,0.4799,12.4496,25.8379
train,293,100,1133,90,white cup on grey plate,grey cup on pan,3.2839,-0.0673,14.4086,8.4497
train,293,105,1394,60,white cup on grey plate,yellow brick in orange bowl,3.3061,-0.9703,17.0591,6.2385
train,293,130,1150,120,white cup on grey plate,grey cup on pan,2.6176,0.8497,36.2364,9.1449
train,294,40,1392,55,white cup on grey plate,yellow brick in orange bowl,2.8473,0.9893,13.167,12.6649
train,294,50,923,150,white cup on grey plate,blue brick between pink cup and basket,2.5795,0.7039,17.1704,25.6133
train,294,65,922,195,white cup on grey plate,blue brick between pink cup and basket,2.1137,0.976,13.5549,18.2961
train,294,85,1150,75,white cup on grey plate,grey cup on pan,2.1337,0.945,14.1839,14.4739
train,294,90,1377,65,white cup on grey plate,yellow brick in basket,2.4221,-0.9686,26.3215,29.9174
train,294,95,1377,70,white cup on grey plate,yellow brick in basket,2.619,-0.9939,28.3353,27.8266
train,294,100,1377,75,white cup on grey plate,yellow brick in basket,2.8265,0.7864,28.1666,16.1292
train,294,110,1132,145,white cup on grey plate,grey cup on pan,3.0871,-0.1996,27.6569,29.8377
train,294,115,1588,200,white cup on grey plate,yellow brick on top of drawer,2.8199,-0.9937,21.7841,9.1355
train,294,120,1588,200,white cup on grey plate,yellow brick on top of drawer,2.482,-0.2767,9.3676,9.1355
train,294,145,1377,60,white cup on grey plate,yellow brick in basket,2.7343,-0.4307,8.461,24.1707
train,294,155,1377,70,white cup on grey plate,yellow brick in basket,2.8368,-0.6764,12.3077,27.8266
train,294,160,1377,70,white cup on grey plate,yellow brick in basket,2.8013,-0.7479,9.78,27.8266
train,295,115,1136,30,white cup on grey plate,grey cup on pan,3.5449,-0.6749,10.5733,15.4136
train,295,120,1384,55,white cup on grey plate,yellow brick in basket,3.7142,0.1858,19.7937,6.6115
train,295,135,1265,85,white cup on grey plate,push pink cup,4.1149,-0.4772,10.2389,22.9157
train,295,140,1265,90,white cup on grey plate,push pink cup,3.9701,-0.4157,17.2466,33.411
train,295,145,923,150,white cup on grey plate,blue brick between pink cup and basket,3.846,0.6562,28.1744,25.6133
train,295,150,1588,95,white cup on grey plate,yellow brick on top of drawer,3.6292,0.4548,17.6675,34.0927
train,295,155,1588,95,white cup on grey plate,yellow brick on top of drawer,3.2693,-0.0033,31.1869,34.0927
train,295,160,1588,210,white cup on grey plate,yellow brick on top of drawer,2.9053,0.9235,30.0632,12.0224
train,295,170,1515,60,white cup on grey plate,yellow brick on blue plate,4.4624,-0.7159,26.6087,5.4514
train,295,175,1515,65,white cup on grey plate,yellow brick on blue plate,4.5315,-0.9091,9.6897,4.9235
train,295,180,1515,70,white cup on grey plate,yellow brick on blue plate,4.7246,-0.8011,18.3337,11.6707
train,295,185,1515,80,white cup on grey plate,yellow brick on blue plate,4.8461,0.9789,24.7401,2.5156
train,295,190,1515,85,white cup on grey plate,yellow brick on blue plate,4.6866,-0.2152,29.5684,4.3716
train,295,195,1515,90,white cup on grey plate,yellow brick on blue plate,4.4431,0.0562,10.0419,5.3311
train,296,40,1144,120,white cup on grey plate,grey cup on pan,2.9527,-0.8591,9.7109,7.6569
train,296,55,1322,65,white cup on grey plate,white cup on pan,2.7938,0.9982,9.406,14.7025
train,296,60,1317,140,white cup on grey plate,white cup on pan,2.6811,0.9098,19.9259,9.0912
train,296,70,1377,50,white cup on grey plate,yellow brick in basket,2.9043,0.9999,32.8299,12.7635
train,296,75,1377,55,white cup on grey plate,yellow brick in basket,3.3607,-0.7619,9.9526,25.8379
train,296,80,1394,55,white cup on grey plate,yellow brick in orange bowl,3.8394,-0.8902,18.8994,16.271
train,296,85,1387,55,white cup on grey plate,yellow brick in basket,3.9097,-0.9197,14.2779,7.1696
train,296,90,1515,80,white cup on grey plate,yellow brick on blue plate,3.9917,0.8842,14.7873,2.5156
train,296,95,1515,85,white cup on grey plate,yellow brick on blue plate,3.9619,-0.9645,14.1613,4.3716
train,297,105,1597,90,white cup on grey plate,yellow brick on top of drawer,2.2271,0.9466,18.4874,26.1616
train,297,125,1132,135,white cup on grey plate,grey cup on pan,2.829,-0.1265,27.5271,23.1818
train,297,135,1132,150,white cup on grey plate,grey cup on pan,2.5306,-0.0116,20.8559,32.1818
train,297,150,1588,210,white cup on grey plate,yellow brick on top of drawer,1.9897,0.9367,21.4298,12.0224
train,298,20,1143,100,white cup on grey plate,grey cup on pan,3.1871,0.8285,8.8363,5.8639
train,298,25,1143,105,white cup on grey plate,grey cup on pan,3.3669,0.8755,14.4267,1.7195
train,298,35,1144,120,white cup on grey plate,grey cup on pan,3.5048,0.923,19.8084,7.6569
train,298,45,1144,130,white cup on grey plate,grey cup on pan,3.2576,0.199,17.8835,12.5595
train,298,50,1308,65,white cup on grey plate,white cup on grey plate,3.1887,-0.0192,25.9394,8.8931
train,298,55,1308,70,white cup on grey plate,white cup on grey plate,3.0651,0.0751,28.4195,11.0578
train,298,70,738,55,white cup on grey plate,banana in basket,3.2404,0.1965,19.449,11.2692
train,298,95,777,95,white cup on grey plate,banana in basket,3.8611,0.8421,14.8005,9.9447
train,298,105,980,60,white cup on grey plate,blue brick in blue bowl,3.1521,-0.6527,14.7741,15.1978
train,298,110,1143,45,white cup on grey plate,grey cup on pan,2.7812,0.9955,27.5597,9.2866
train,298,180,1308,150,white cup on grey plate,white cup on grey plate,2.0022,-0.1178,38.5262,7.8523
train,299,45,1392,50,white cup on grey plate,yellow brick in orange bowl,3.8671,0.9979,8.0281,5.9892
train,299,50,1392,55,white cup on grey plate,yellow brick in orange bowl,3.7835,-0.9133,14.8428,12.6649
train,299,55,923,145,white cup on grey plate,blue brick between pink cup and basket,3.6224,-0.6081,17.0378,12.9873
train,299,65,923,155,white cup on grey plate,blue brick between pink cup and basket,3.2394,0.9896,30.2682,22.2748
train,299,75,1313,135,white cup on grey plate,white cup on pan,2.6956,0.9887,33.4216,13.5793
train,299,80,1313,140,white cup on grey plate,white cup on pan,2.5525,0.9988,21.91,12.3355
train,299,85,1144,145,white cup on grey plate,grey cup on pan,2.4457,0.9946,14.9312,8.8331
train,299,95,1150,70,white cup on grey plate,grey cup on pan,2.4344,-0.6759,11.445,2.8355
train,299,125,1133,105,white cup on grey plate,grey cup on pan,3.5724,-0.859,9.4366,13.8941
train,299,130,1327,30,white cup on grey plate,white cup on pan,3.2634,-0.5693,13.6552,1.8736
train,300,100,1180,125,white cup on grey plate,pink cup in basket,2.6919,-0.4091,12.4137,29.0903
train,300,140,923,65,white cup on grey plate,blue brick between pink cup and basket,2.0997,0.9333,20.7497,19.415
train,300,150,1318,5,white cup on grey plate,white cup on pan,2.9297,0.9975,8.1325,22.5104
train,301,30,1136,40,white cup on pan,grey cup on pan,3.9033,-0.9608,8.5414,6.9602
train,301,40,1144,120,white cup on pan,grey cup on pan,4.0285,0.7218,13.0741,7.6569
train,301,55,1322,60,white cup on pan,white cup on pan,3.4962,0.9364,12.1676,14.2787
train,301,60,1322,60,white cup on pan,white cup on pan,3.3379,0.4344,10.9093,14.2787
train,301,65,1322,65,white cup on pan,white cup on pan,3.1622,0.8294,12.5143,14.7025
train,301,70,1588,205,white cup on pan,yellow brick on top of drawer,2.9498,0.7606,30.4301,10.1035
train,301,75,1588,210,white cup on pan,yellow brick on top of drawer,2.7639,0.9958,22.6752,12.0224
train,301,95,1377,55,white cup on pan,yellow brick in basket,3.3806,-0.0021,10.859,25.8379
train,301,105,1394,60,white cup on pan,yellow brick in orange bowl,4.2374,0.7219,20.5068,6.2385
train,301,110,1392,40,white cup on pan,yellow brick in orange bowl,4.6169,-0.2652,17.733,17.6266
train,301,120,1392,50,white cup on pan,yellow brick in orange bowl,4.9185,0.2186,21.9099,5.9892
train,301,125,1508,65,white cup on pan,yellow brick on blue plate,4.417,-0.8756,11.5784,15.8507
train,301,135,1464,65,white cup on pan,yellow brick on blue plate,3.8463,-0.1622,26.6372,23.1581
train,301,140,1464,65,white cup on pan,yellow brick on blue plate,3.6818,0.0051,20.4192,23.1581
train,301,145,1322,65,white cup on pan,white cup on pan,3.525,0.0424,31.4817,14.7025
train,301,150,1322,65,white cup on pan,white cup on pan,3.2482,-0.0915,24.8626,14.7025
train,301,155,1322,75,white cup on pan,white cup on pan,3.0165,0.8937,11.2756,11.7815
train,301,165,1377,50,white cup on pan,yellow brick in basket,2.9764,0.964,13.0354,12.7635
train,301,170,1377,55,white cup on pan,yellow brick in basket,3.2389,-0.5524,29.5167,25.8379
train,301,175,1377,60,white cup on pan,yellow brick in basket,3.3043,-0.7706,20.6689,24.1707
train,301,180,1377,65,white cup on pan,yellow brick in basket,3.4437,0.8004,16.269,29.9174
train,302,110,1392,35,white cup on pan,yellow brick in orange bowl,3.2139,-0.4592,12.8163,12.5077
train,302,115,1392,40,white cup on pan,yellow brick in orange bowl,3.5957,-0.6229,11.9735,17.6266
train,302,125,1392,50,white cup on pan,yellow brick in orange bowl,4.0647,0.5867,19.411,5.9892
train,302,130,1392,55,white cup on pan,yellow brick in orange bowl,4.2206,-0.8282,12.919,12.6649
train,302,135,923,140,white cup on pan,blue brick between pink cup and basket,4.1991,-0.1932,25.5615,12.4694
train,302,140,923,145,white cup on pan,blue brick between pink cup and basket,4.2225,0.9412,32.2697,12.9873
train,302,145,923,150,white cup on pan,blue brick between pink cup and basket,3.9397,0.9956,38.0214,25.6133
train,302,150,923,155,white cup on pan,blue brick between pink cup and basket,3.7608,0.9399,28.7205,22.2748
train,302,155,923,155,white cup on pan,blue brick between pink cup and basket,3.5296,0.9741,24.8398,22.2748
train,302,160,1317,140,white cup on pan,white cup on pan,3.1988,0.433,31.3836,9.0912
train,302,170,1377,55,white cup on pan,yellow brick in basket,3.8586,-0.6902,33.0829,25.8379
train,302,190,1377,70,white cup on pan,yellow brick in basket,4.5983,0.3248,11.3587,27.8266
train,302,200,1327,30,white cup on pan,white cup on pan,3.5679,-0.8599,13.7344,1.8736
train,303,130,923,140,white cup on pan,blue brick between pink cup and basket,3.6575,-0.5829,29.6101,12.4694
train,303,145,923,150,white cup on pan,blue brick between pink cup and basket,3.3368,0.8664,23.4203,25.6133
train,303,155,922,195,white cup on pan,blue brick between pink cup and basket,3.1221,0.915,38.1036,18.2961
train,303,160,922,195,white cup on pan,blue brick between pink cup and basket,3.0731,0.89,35.1207,18.2961
train,303,165,1126,140,white cup on pan,grey cup on grey plate,3.0032,0.999,29.12,13.57
train,303,170,1126,140,white cup on pan,grey cup on grey plate,2.8153,0.9954,24.6094,13.57
train,303,180,1150,70,white cup on pan,grey cup on pan,3.1005,-0.5515,18.2665,2.8355
train,303,210,1327,25,white cup on pan,white cup on pan,3.8081,-0.9728,12.2686,2.9315
train,304,45,923,140,white cup on pan,blue brick between pink cup and basket,3.0629,0.9062,14.0682,12.4694
train,304,50,923,140,white cup on pan,blue brick between pink cup and basket,3.0819,0.7597,8.6369,12.4694
train,304,60,923,150,white cup on pan,blue brick between pink cup and basket,2.756,0.9864,18.3852,25.6133
train,304,65,923,155,white cup on pan,blue brick between pink cup and basket,2.6383,0.9997,23.9726,22.2748
train,304,75,1313,140,white cup on pan,white cup on pan,2.3304,0.9738,27.2605,12.3355
train,304,80,1133,70,white cup on pan,grey cup on pan,2.1248,0.0986,14.122,9.9033
train,306,115,1392,40,white cup on pan,yellow brick in orange bowl,3.337,0.2848,12.6911,17.6266
train,306,130,1392,50,white cup on pan,yellow brick in orange bowl,3.9368,0.9816,8.0434,5.9892
train,306,145,923,150,white cup on pan,blue brick between pink cup and basket,3.6823,0.9994,21.5626,25.6133
train,306,150,923,150,white cup on pan,blue brick between pink cup and basket,3.5699,0.8985,15.9928,25.6133
train,306,155,1322,60,white cup on pan,white cup on pan,3.444,0.9591,21.49,14.2787
train,306,160,1322,65,white cup on pan,white cup on pan,3.1514,0.6681,34.2765,14.7025
train,306,165,1322,65,white cup on pan,white cup on pan,2.9501,0.3547,36.785,14.7025
train,306,170,1588,210,white cup on pan,yellow brick on top of drawer,2.7803,0.9192,31.3606,12.0224
train,306,180,1377,55,white cup on pan,yellow brick in basket,3.7465,-0.9768,19.9446,25.8379
train,306,185,1515,65,white cup on pan,yellow brick on blue plate,3.9286,-0.002,16.7692,4.9235
train,306,190,1377,65,white cup on pan,yellow brick in basket,4.0706,0.7766,14.5584,29.9174
train,306,205,1504,130,white cup on pan,yellow brick on blue plate,4.1307,0.7311,11.7959,2.3203
train,306,210,1327,25,white cup on pan,white cup on pan,3.2169,-0.9995,18.6042,2.9315
train,306,230,1326,175,white cup on pan,white cup on pan,1.7639,0.994,22.9657,19.8014
train,307,25,1143,105,white cup on pan,grey cup on pan,3.1777,-0.3417,8.8591,1.7195
train,307,30,1143,105,white cup on pan,grey cup on pan,3.3497,0.8676,10.5882,1.7195
train,307,45,1265,90,white cup on pan,push pink cup,3.7558,-0.917,17.2579,33.411
train,307,50,1588,85,white cup on pan,yellow brick on top of drawer,3.6384,0.9527,17.8756,16.2249
train,307,55,1464,65,white cup on pan,yellow brick on blue plate,3.5264,-0.0327,30.6213,23.1581
train,307,60,1464,65,white cup on pan,yellow brick on blue plate,3.3157,-0.398,25.3009,23.1581
train,307,65,1588,95,white cup on pan,yellow brick on top of drawer,3.1727,0.7183,25.3419,34.0927
train,307,70,1588,100,white cup on pan,yellow brick on top of drawer,2.9201,0.8401,33.1144,24.2951
train,307,75,1588,100,white cup on pan,yellow brick on top of drawer,2.6906,0.5971,27.2595,24.2951
train,307,80,1404,50,white cup on pan,yellow brick in orange bowl,2.5254,0.9589,22.804,17.0189
train,307,90,1515,60,white cup on pan,yellow brick on blue plate,2.9821,-0.5661,32.969,5.4514
train,307,95,1515,65,white cup on pan,yellow brick on blue plate,3.2243,0.1588,21.3722,4.9235
train,307,100,1515,70,white cup on pan,yellow brick on blue plate,3.4598,-0.7228,29.3635,11.6707
train,307,105,1515,75,white cup on pan,yellow brick on blue plate,3.6361,-0.5862,32.1258,1.6887
train,307,110,1515,80,white cup on pan,yellow brick on blue plate,3.6391,0.9899,31.3942,2.5156
train,307,115,1515,85,white cup on pan,yellow brick on blue plate,3.6362,-0.2985,22.9328,4.3716
train,307,125,1387,75,white cup on pan,yellow brick in basket,3.0516,0.9198,19.2688,2.4581
train,308,40,922,160,white cup on pan,blue brick between pink cup and basket,2.274,0.9854,28.2552,21.3108
train,308,75,1150,70,white cup on pan,grey cup on pan,2.6211,-0.2495,28.1826,2.8355
train,308,80,1377,55,white cup on pan,yellow brick in basket,2.8424,-0.9756,25.9064,25.8379
train,308,85,1133,90,white cup on pan,grey cup on pan,3.044,-0.832,22.2126,8.4497
train,308,90,1392,35,white cup on pan,yellow brick in orange bowl,3.1031,-0.9954,23.9106,12.5077
train,308,95,1502,65,white cup on pan,yellow brick on blue plate,3.3113,0.8179,23.644,1.3472
train,308,100,1502,70,white cup on pan,yellow brick on blue plate,3.3413,0.4671,14.8372,11.1924
train,309,20,1392,40,white cup on pan,yellow brick in orange bowl,3.0037,-0.8455,8.0457,17.6266
train,309,40,1392,55,white cup on pan,yellow brick in orange bowl,4.0505,-0.9793,18.3682,12.6649
train,309,45,1593,65,white cup on pan,yellow brick on top of drawer,4.0395,0.8681,12.1342,35.068
train,309,55,1322,60,white cup on pan,white cup on pan,3.4334,0.4447,25.9614,14.2787
train,309,60,1322,65,white cup on pan,white cup on pan,3.0969,0.2675,20.0481,14.7025
train,309,65,1322,70,white cup on pan,white cup on pan,2.8808,0.132,29.1974,12.8834
train,309,70,1293,165,white cup on pan,white cup on grey plate,2.7083,0.1481,19.3548,8.2599
train,309,85,1377,55,white cup on pan,yellow brick in basket,2.8771,-0.9942,18.6629,25.8379
train,309,90,1377,60,white cup on pan,yellow brick in basket,3.1794,-0.9353,29.984,24.1707
train,309,95,1377,65,white cup on pan,yellow brick in basket,3.3985,-0.992,31.7288,29.9174
train,309,100,1377,70,white cup on pan,yellow brick in basket,3.6199,0.9774,14.315,27.8266
train,309,105,1377,75,white cup on pan,yellow brick in basket,3.771,0.6986,30.4917,16.1292
train,309,110,1377,80,white cup on pan,yellow brick in basket,3.8115,0.9993,23.1642,9.3538
train,309,115,1377,85,white cup on pan,yellow brick in basket,3.6841,0.2825,13.0125,11.3865
train,309,130,1133,55,white cup on pan,grey cup on pan,2.9389,0.9945,21.0882,21.7587
train,309,135,1588,200,white cup on pan,yellow brick on top of drawer,2.6743,0.9756,24.1411,9.1355
train,309,140,1588,205,white cup on pan,yellow brick on top of drawer,2.5601,0.998,19.8314,10.1035
train,309,185,1327,30,white cup on pan,white cup on pan,3.3704,0.9334,23.5812,1.8736
train,309,190,1327,30,white cup on pan,white cup on pan,2.3702,0.9329,8.2002,1.8736
train,310,25,1392,40,white cup on pan,yellow brick in orange bowl,2.36,0.6359,11.3954,17.6266
train,310,140,922,195,white cup on pan,blue brick between pink cup and basket,2.5734,0.9941,8.3081,18.2961
train,310,145,922,195,white cup on pan,blue brick between pink cup and basket,2.4176,0.9245,8.9584,18.2961
train,310,150,922,195,white cup on pan,blue brick between pink cup and basket,2.3471,0.945,30.5452,18.2961
train,310,155,922,200,white cup on pan,blue brick between pink cup and basket,2.2648,0.9208,23.6539,15.5871
train,310,165,1150,70,white cup on pan,grey cup on pan,2.4199,-0.7728,26.1165,2.8355
train,310,200,1377,80,white cup on pan,yellow brick in basket,2.3621,-0.036,19.8195,9.3538
train,310,205,1326,170,white cup on pan,white cup on pan,1.9642,0.9883,9.386,12.5542
train,311,85,1375,65,wipe sponge on table,yellow brick in basket,3.2338,-0.6541,29.7839,11.9423
train,311,115,1516,25,wipe sponge on table,yellow brick on blue plate,3.6369,0.9996,14.6746,1.7216
train,311,145,1135,185,wipe sponge on table,grey cup on pan,2.2283,0.9769,14.0254,12.4653
train,311,185,1181,110,wipe sponge on table,pink cup in basket,2.1261,0.7189,11.1722,13.403
train,311,190,921,125,wipe sponge on table,blue brick between pink cup and basket,2.2213,0.6259,13.024,18.3398
train,311,195,921,105,wipe sponge on table,blue brick between pink cup and basket,2.2084,0.6568,17.0592,9.891
train,311,200,921,110,wipe sponge on table,blue brick between pink cup and basket,2.2646,0.8005,21.6275,8.8913
train,311,205,1181,115,wipe sponge on table,pink cup in basket,2.313,0.9484,24.6771,26.2965
train,311,210,1181,125,wipe sponge on table,pink cup in basket,2.2916,-0.9999,24.1626,26.0233
train,311,215,1181,130,wipe sponge on table,pink cup in basket,2.292,-0.999,24.3297,26.371
train,311,220,1181,130,wipe sponge on table,pink cup in basket,2.2929,-0.9999,25.699,26.371
train,311,225,1360,295,wipe sponge on table,blue brick in blue bowl and yellow brick in blue bowl,2.3697,0.9349,26.3436,15.3066
train,311,230,1360,295,wipe sponge on table,blue brick in blue bowl and yellow brick in blue bowl,2.4014,0.8931,24.9752,15.3066
train,311,235,1352,140,wipe sponge on table,blue brick in blue bowl and yellow brick in blue bowl,2.4377,0.555,23.7901,19.5151
train,311,240,1360,295,wipe sponge on table,blue brick in blue bowl and yellow brick in blue bowl,2.538,0.864,25.2864,15.3066
train,311,245,1197,135,wipe sponge on table,pink cup next to drawer,2.551,0.507,24.7203,32.6833
train,311,250,1197,135,wipe sponge on table,pink cup next to drawer,2.518,0.5151,20.1847,32.6833
train,311,255,1360,300,wipe sponge on table,blue brick in blue bowl and yellow brick in blue bowl,2.6004,0.9772,12.938,8.6152
train,311,265,1209,65,wipe sponge on table,pink cup next to drawer,2.855,0.8852,33.4226,17.9103
train,311,270,1389,50,wipe sponge on table,yellow brick in basket,2.7507,-0.9063,24.4173,9.6258
train,311,280,1389,55,wipe sponge on table,yellow brick in basket,3.3552,-0.1535,14.0319,4.3959
train,311,295,1377,70,wipe sponge on table,yellow brick in basket,3.2912,0.9993,8.985,27.8266
train,311,300,1377,75,wipe sponge on table,yellow brick in basket,3.1288,-0.9998,15.3992,16.1292
train,312,30,923,65,wipe sponge on table,blue brick between pink cup and basket,1.7418,0.9844,13.1748,19.415
train,312,40,1392,30,wipe sponge on table,yellow brick in orange bowl,2.2856,0.4018,29.6535,19.27
train,312,45,1392,35,wipe sponge on table,yellow brick in orange bowl,2.5412,0.1249,28.9367,12.5077
train,312,180,921,125,wipe sponge on table,blue brick between pink cup and basket,2.2903,0.6371,20.7218,18.3398
train,312,185,1360,295,wipe sponge on table,blue brick in blue bowl and yellow brick in blue bowl,2.2516,0.9688,18.5157,15.3066
train,312,190,1180,105,wipe sponge on table,pink cup in basket,2.2421,0.8252,19.2034,30.9959
train,312,195,1180,105,wipe sponge on table,pink cup in basket,2.2492,0.7997,22.805,30.9959
train,312,200,1180,105,wipe sponge on table,pink cup in basket,2.2709,0.7681,24.6709,30.9959
train,312,205,1181,125,wipe sponge on table,pink cup in basket,2.2956,-0.9989,23.539,26.0233
train,312,210,1360,300,wipe sponge on table,blue brick in blue bowl and yellow brick in blue bowl,2.2495,0.9681,19.6126,8.6152
train,312,215,1231,75,wipe sponge on table,point to top drawer,2.312,-0.982,14.9031,3.7944
train,312,260,1352,220,wipe sponge on table,blue brick in blue bowl and yellow brick in blue bowl,2.7776,-0.853,17.862,3.3207
train,313,210,1181,130,wipe sponge on table,pink cup in basket,2.2162,-0.9907,32.8915,26.371
train,313,215,1181,130,wipe sponge on table,pink cup in basket,2.2482,-0.9821,28.9314,26.371
train,313,220,1588,210,wipe sponge on table,yellow brick on top of drawer,2.5355,0.5527,21.9242,12.0224
train,313,225,1209,60,wipe sponge on table,pink cup next to drawer,2.4383,0.8164,16.9566,13.7875
train,313,230,1209,65,wipe sponge on table,pink cup next to drawer,2.4321,0.8468,34.3982,17.9103
train,314,180,1209,60,wipe sponge on table,pink cup next to drawer,2.7947,0.1547,34.3541,13.7875
train,314,185,1209,65,wipe sponge on table,pink cup next to drawer,2.645,0.2919,32.7373,17.9103
train,314,190,1209,65,wipe sponge on table,pink cup next to drawer,2.9404,0.5443,37.0596,17.9103
train,314,195,1377,65,wipe sponge on table,yellow brick in basket,3.2104,-0.9038,9.2802,29.9174
train,315,85,1096,145,wipe sponge on table,can on stove,2.8467,-0.2699,14.641,17.2919
train,315,195,1584,155,wipe sponge on table,yellow brick on top of drawer,2.2343,0.4831,30.9695,18.0474
train,315,200,1584,155,wipe sponge on table,yellow brick on top of drawer,2.2972,0.5259,32.609,18.0474
train,315,205,1584,155,wipe sponge on table,yellow brick on top of drawer,2.3353,0.2044,43.1697,18.0474
train,315,210,1584,155,wipe sponge on table,yellow brick on top of drawer,2.3398,0.111,57.4268,18.0474
train,315,215,1584,155,wipe sponge on table,yellow brick on top of drawer,2.3411,0.4494,44.2878,18.0474
train,315,220,1584,155,wipe sponge on table,yellow brick on top of drawer,2.2432,0.1375,53.2249,18.0474
train,315,225,1584,155,wipe sponge on table,yellow brick on top of drawer,2.0779,0.4282,37.0622,18.0474
train,315,230,1584,155,wipe sponge on table,yellow brick on top of drawer,1.9848,0.578,31.3057,18.0474
train,316,55,1506,0,wipe sponge on table,yellow brick on blue plate,2.9454,0.9486,27.7243,0.734
train,316,210,1181,130,wipe sponge on table,pink cup in basket,2.3106,-0.9754,33.2799,26.371
train,316,215,1181,130,wipe sponge on table,pink cup in basket,2.4688,-0.9714,24.9339,26.371
train,316,220,1209,60,wipe sponge on table,pink cup next to drawer,2.5921,0.2245,14.7094,13.7875
train,316,225,1209,65,wipe sponge on table,pink cup next to drawer,2.6188,0.4257,21.4969,17.9103
train,316,230,1209,65,wipe sponge on table,pink cup next to drawer,3.1003,0.5923,25.5465,17.9103
train,316,245,1369,150,wipe sponge on table,blue brick in blue bowl and yellow brick in blue bowl,3.9631,0.9561,12.0701,18.3311
train,316,250,1504,125,wipe sponge on table,yellow brick on blue plate,3.8118,-0.6226,16.4465,9.8317
train,317,170,1180,115,wipe sponge on table,pink cup in basket,2.0619,0.7334,32.3741,32.9992
train,317,180,1180,115,wipe sponge on table,pink cup in basket,2.3368,0.723,35.7499,32.9992
train,317,185,1180,120,wipe sponge on table,pink cup in basket,2.3443,0.7267,32.0473,30.4509
train,317,190,1181,130,wipe sponge on table,pink cup in basket,2.3712,-0.9768,48.6536,26.371
train,317,195,1181,130,wipe sponge on table,pink cup in basket,2.6018,-0.9764,34.0823,26.371
train,317,200,1209,60,wipe sponge on table,pink cup next to drawer,2.9269,0.5236,20.2847,13.7875
train,317,205,1209,65,wipe sponge on table,pink cup next to drawer,2.8574,0.5222,29.235,17.9103
train,317,210,1209,70,wipe sponge on table,pink cup next to drawer,2.9457,0.9077,34.2793,28.815
train,317,215,1389,55,wipe sponge on table,yellow brick in basket,3.1968,-0.8716,10.2482,4.3959
train,317,220,1377,65,wipe sponge on table,yellow brick in basket,3.4942,-0.9506,22.1088,29.9174
train,317,230,1369,150,wipe sponge on table,blue brick in blue bowl and yellow brick in blue bowl,3.7469,0.8166,14.0904,18.3311
train,317,235,1504,125,wipe sponge on table,yellow brick on blue plate,3.3675,-0.4167,9.2289,9.8317
train,317,240,1504,130,wipe sponge on table,yellow brick on blue plate,3.2855,0.5267,9.6337,2.3203
train,318,120,1584,155,wipe sponge on table,yellow brick on top of drawer,1.9725,0.683,11.7886,18.0474
train,318,125,1584,155,wipe sponge on table,yellow brick on top of drawer,1.9921,0.9981,13.8511,18.0474
train,318,130,1181,110,wipe sponge on table,pink cup in basket,2.0467,-0.536,13.8205,13.403
train,318,135,1181,115,wipe sponge on table,pink cup in basket,2.0336,0.6009,23.2013,26.2965
train,318,140,1181,120,wipe sponge on table,pink cup in basket,2.1238,-0.0463,28.1617,24.264
train,318,150,1180,110,wipe sponge on table,pink cup in basket,2.4193,-0.3795,35.6858,28.6506
train,318,160,1181,125,wipe sponge on table,pink cup in basket,2.8167,0.6845,35.2931,26.0233
train,318,165,1181,130,wipe sponge on table,pink cup in basket,2.7513,0.4795,29.8108,26.371
train,318,170,1181,135,wipe sponge on table,pink cup in basket,2.9836,-0.9995,32.6523,27.1523
train,318,175,1404,50,wipe sponge on table,yellow brick in orange bowl,3.2026,0.9992,30.7305,17.0189
train,318,180,1209,65,wipe sponge on table,pink cup next to drawer,3.3773,0.0648,13.8707,17.9103
train,318,185,1515,60,wipe sponge on table,yellow brick on blue plate,3.8101,-0.9749,34.9192,5.4514
train,318,205,1365,175,wipe sponge on table,blue brick in blue bowl and yellow brick in blue bowl,4.9137,0.3319,8.4825,6.4315
train,318,210,1365,180,wipe sponge on table,blue brick in blue bowl and yellow brick in blue bowl,4.1569,-0.5622,8.0001,13.2154
train,319,75,1588,100,wipe sponge on table,yellow brick on top of drawer,2.7696,0.6206,27.8241,24.2951
train,319,80,1588,100,wipe sponge on table,yellow brick on top of drawer,2.509,0.3726,22.3874,24.2951
train,319,85,1588,210,wipe sponge on table,yellow brick on top of drawer,2.375,0.9931,16.7704,12.0224
train,319,160,1584,155,wipe sponge on table,yellow brick on top of drawer,2.792,0.2207,29.1461,18.0474
train,319,170,1584,155,wipe sponge on table,yellow brick on top of drawer,3.0343,-0.9715,29.9516,18.0474
train,319,190,1584,155,wipe sponge on table,yellow brick on top of drawer,2.6415,-0.2219,32.5358,18.0474
train,319,195,1225,70,wipe sponge on table,pink cup on pink plate,3.1135,0.2315,35.531,18.4441
train,319,200,1124,80,wipe sponge on table,grey cup on grey plate,3.1865,-0.7516,42.3075,6.7781
train,319,225,1377,75,wipe sponge on table,yellow brick in basket,2.4957,0.9647,35.096,16.1292
train,320,125,1181,115,wipe sponge on table,pink cup in basket,1.7665,0.2749,11.9406,26.2965
train,320,130,1180,110,wipe sponge on table,pink cup in basket,1.9948,0.2068,12.9699,28.6506
train,320,135,1180,110,wipe sponge on table,pink cup in basket,2.1396,0.1863,19.1155,28.6506
train,320,150,1488,155,wipe sponge on table,yellow brick on blue plate,2.3914,0.9332,24.609,32.8743
train,320,170,1225,75,wipe sponge on table,pink cup on pink plate,2.2135,-0.8469,10.1015,33.1667
train,320,175,1377,60,wipe sponge on table,yellow brick in basket,2.4686,-0.1907,23.7044,24.1707
train,320,185,1377,70,wipe sponge on table,yellow brick in basket,2.4432,-0.9269,18.2789,27.8266
train,320,190,1377,70,wipe sponge on table,yellow brick in basket,2.5538,-0.9925,25.3954,27.8266
train,320,195,1377,75,wipe sponge on table,yellow brick in basket,2.2867,0.6953,26.6064,16.1292
train,320,205,1377,85,wipe sponge on table,yellow brick in basket,2.1095,0.4101,8.782,11.3865
train,321,30,1103,0,blue brick in blue bowl and yellow brick in blue bowl,can on stove,2.4439,-0.9864,25.0584,4.9362
train,321,35,773,60,blue brick in blue bowl and yellow brick in blue bowl,banana in basket,2.7927,0.652,24.6819,13.4711
train,321,40,1021,20,blue brick in blue bowl and yellow brick in blue bowl,red brick on pink plate and blue brick on pink plate,2.9784,0.9435,23.0915,4.6405
train,321,170,1076,135,blue brick in blue bowl and yellow brick in blue bowl,can on stove,2.6221,-0.4337,18.038,1.2328
train,321,185,1209,65,blue brick in blue bowl and yellow brick in blue bowl,pink cup next to drawer,2.3853,0.5703,17.555,17.9103
train,321,195,1027,90,blue brick in blue bowl and yellow brick in blue bowl,red brick on pink plate and blue brick on pink plate,2.8868,0.9154,12.0629,13.3828
train,321,225,779,105,blue brick in blue bowl and yellow brick in blue bowl,banana in basket,2.8774,0.7886,10.8043,1.5455
train,321,315,1361,335,blue brick in blue bowl and yellow brick in blue bowl,blue brick in blue bowl and yellow brick in blue bowl,2.3911,0.9909,14.0571,16.5739
train,321,325,1209,60,blue brick in blue bowl and yellow brick in blue bowl,pink cup next to drawer,2.1193,0.8936,13.9909,13.7875
train,322,15,1022,265,blue brick in blue bowl and yellow brick in blue bowl,red brick on pink plate and blue brick on pink plate,1.9332,0.8713,15.2635,8.8858
train,322,50,1254,90,blue brick in blue bowl and yellow brick in blue bowl,push pink cup,2.8766,-0.9898,33.2625,23.1211
train,322,60,1254,100,blue brick in blue bowl and yellow brick in blue bowl,push pink cup,2.9202,-0.7469,13.068,40.6118
train,322,70,1254,105,blue brick in blue bowl and yellow brick in blue bowl,push pink cup,2.7616,-0.0828,29.9815,19.1794
train,322,75,1254,110,blue brick in blue bowl and yellow brick in blue bowl,push pink cup,2.7212,0.9983,30.0244,10.7991
train,322,80,1076,135,blue brick in blue bowl and yellow brick in blue bowl,can on stove,2.5729,-0.0752,28.0663,1.2328
train,322,85,1076,135,blue brick in blue bowl and yellow brick in blue bowl,can on stove,2.2567,-0.2213,36.4154,1.2328
train,322,105,1076,135,blue brick in blue bowl and yellow brick in blue bowl,can on stove,2.2125,-0.3629,19.4971,1.2328
train,322,125,1209,65,blue brick in blue bowl and yellow brick in blue bowl,pink cup next to drawer,2.2296,1.0,40.9935,17.9103
train,322,130,1209,65,blue brick in blue bowl and yellow brick in blue bowl,pink cup next to drawer,2.7272,0.9808,41.1618,17.9103
train,322,155,1023,245,blue brick in blue bowl and yellow brick in blue bowl,red brick on pink plate and blue brick on pink plate,2.9248,-0.4545,38.8553,63.7389
train,322,160,1029,105,blue brick in blue bowl and yellow brick in blue bowl,red brick on pink plate and blue brick on pink plate,2.534,-0.8076,34.31,2.3
train,322,165,1029,105,blue brick in blue bowl and yellow brick in blue bowl,red brick on pink plate and blue brick on pink plate,2.3338,-0.9827,21.0418,2.3
train,322,400,1032,170,blue brick in blue bowl and yellow brick in blue bowl,red brick on pink plate and blue brick on pink plate,2.3976,0.4525,8.6703,9.9865
train,323,15,1063,0,blue brick in blue bowl and yellow brick in blue bowl,can on stove,1.8707,-1.0,32.5394,9.9418
train,323,20,1103,0,blue brick in blue bowl and yellow brick in blue bowl,can on stove,2.1434,-0.9754,29.0866,4.9362
train,323,190,1076,135,blue brick in blue bowl and yellow brick in blue bowl,can on stove,1.7715,-0.999,11.4367,1.2328
train,323,305,1225,85,blue brick in blue bowl and yellow brick in blue bowl,pink cup on pink plate,2.412,0.394,21.3937,30.4518
train,323,310,1225,90,blue brick in blue bowl and yellow brick in blue bowl,pink cup on pink plate,2.6731,-0.0582,21.4766,31.5207
train,323,315,1225,95,blue brick in blue bowl and yellow brick in blue bowl,pink cup on pink plate,2.7604,0.1491,29.1406,30.3572
train,324,60,1204,130,blue brick in blue bowl and yellow brick in blue bowl,pink cup next to drawer,2.6932,-0.6679,22.8078,45.7754
train,324,65,1204,135,blue brick in blue bowl and yellow brick in blue bowl,pink cup next to drawer,2.2886,-0.8563,14.7037,28.7185
train,324,85,1361,340,blue brick in blue bowl and yellow brick in blue bowl,blue brick in blue bowl and yellow brick in blue bowl,1.9172,0.4534,20.0252,12.2544
train,324,105,1209,65,blue brick in blue bowl and yellow brick in blue bowl,pink cup next to drawer,2.0476,0.9825,21.6025,17.9103
train,324,180,1365,255,blue brick in blue bowl and yellow brick in blue bowl,blue brick in blue bowl and yellow brick in blue bowl,2.5524,-0.4755,16.5915,28.8444
train,324,200,1198,115,blue brick in blue bowl and yellow brick in blue bowl,pink cup next to drawer,3.1113,-0.0186,33.4147,14.4512
train,324,205,1479,130,blue brick in blue bowl and yellow brick in blue bowl,yellow brick on blue plate,2.8664,0.9534,32.951,29.8929
train,324,210,1204,135,blue brick in blue bowl and yellow brick in blue bowl,pink cup next to drawer,2.8707,-0.6258,30.7637,28.7185
train,324,220,1204,130,blue brick in blue bowl and yellow brick in blue bowl,pink cup next to drawer,2.7764,-0.3479,29.8424,45.7754
train,324,225,1204,135,blue brick in blue bowl and yellow brick in blue bowl,pink cup next to drawer,2.6222,-0.9867,41.9272,28.7185
train,324,230,1204,135,blue brick in blue bowl and yellow brick in blue bowl,pink cup next to drawer,2.4871,-0.9851,31.1541,28.7185
train,324,235,1231,60,blue brick in blue bowl and yellow brick in blue bowl,point to top drawer,2.3663,0.3801,21.132,17.471
train,324,255,1209,65,blue brick in blue bowl and yellow brick in blue bowl,pink cup next to drawer,2.2548,0.9762,33.5378,17.9103
train,324,285,1078,135,blue brick in blue bowl and yellow brick in blue bowl,can on stove,2.62,0.1876,26.7098,31.6148
train,324,290,905,185,blue brick in blue bowl and yellow brick in blue bowl,blue bowl on pink plate and yellow brick in blue bowl,2.2513,-0.7079,19.2697,3.4268
train,324,295,1078,150,blue brick in blue bowl and yellow brick in blue bowl,can on stove,2.1741,-0.2483,30.386,23.2035
train,324,300,1078,155,blue brick in blue bowl and yellow brick in blue bowl,can on stove,1.9816,0.9416,20.4796,21.298
train,324,315,1225,70,blue brick in blue bowl and yellow brick in blue bowl,pink cup on pink plate,1.7688,0.8424,14.5057,18.4441
train,324,330,1220,5,blue brick in blue bowl and yellow brick in blue bowl,pink cup on pink plate,2.4279,0.8586,14.4646,6.1477
train,324,340,1377,75,blue brick in blue bowl and yellow brick in blue bowl,yellow brick in basket,2.2626,0.9231,12.2044,16.1292
train,324,345,1377,80,blue brick in blue bowl and yellow brick in blue bowl,yellow brick in basket,2.0698,0.9955,20.7085,9.3538
train,324,355,1128,135,blue brick in blue bowl and yellow brick in blue bowl,grey cup on grey plate,1.732,-0.4169,12.5864,3.9107
train,325,40,729,145,blue brick in blue bowl and yellow brick in blue bowl,banana in basket,2.9116,0.8807,19.1522,28.9505
train,325,55,1254,100,blue brick in blue bowl and yellow brick in blue bowl,push pink cup,2.5969,0.6064,8.8225,40.6118
train,325,80,1076,135,blue brick in blue bowl and yellow brick in blue bowl,can on stove,2.0481,-0.6045,16.1752,1.2328
train,325,100,1225,70,blue brick in blue bowl and yellow brick in blue bowl,pink cup on pink plate,2.0252,0.8204,25.8007,18.4441
train,325,105,1209,65,blue brick in blue bowl and yellow brick in blue bowl,pink cup next to drawer,2.5764,0.9052,42.1893,17.9103
train,325,110,1209,70,blue brick in blue bowl and yellow brick in blue bowl,pink cup next to drawer,3.0511,0.9654,36.9934,28.815
train,325,115,1209,75,blue brick in blue bowl and yellow brick in blue bowl,pink cup next to drawer,3.1999,0.9726,35.244,35.9976
train,325,120,1023,235,blue brick in blue bowl and yellow brick in blue bowl,red brick on pink plate and blue brick on pink plate,3.3023,-0.3845,27.5169,10.5971
train,325,125,1023,240,blue brick in blue bowl and yellow brick in blue bowl,red brick on pink plate and blue brick on pink plate,3.1719,-0.4658,23.1931,8.9789
train,325,130,1023,245,blue brick in blue bowl and yellow brick in blue bowl,red brick on pink plate and blue brick on pink plate,3.1673,0.8885,30.3183,63.7389
train,325,135,1206,115,blue brick in blue bowl and yellow brick in blue bowl,pink cup next to drawer,2.9232,0.8339,32.0171,63.255
train,325,150,1061,130,blue brick in blue bowl and yellow brick in blue bowl,can on stove,2.5008,0.4284,14.1326,14.0354
train,325,345,1377,80,blue brick in blue bowl and yellow brick in blue bowl,yellow brick in basket,2.8625,0.7199,27.4702,9.3538
train,326,55,1199,135,blue brick in blue bowl and yellow brick in blue bowl,pink cup next to drawer,3.7142,-0.9731,31.7269,23.2255
train,326,65,1199,140,blue brick in blue bowl and yellow brick in blue bowl,pink cup next to drawer,3.2022,0.2065,37.008,13.27
train,326,70,1198,135,blue brick in blue bowl and yellow brick in blue bowl,pink cup next to drawer,2.9387,-0.0053,31.5817,33.0749
train,326,75,1361,335,blue brick in blue bowl and yellow brick in blue bowl,blue brick in blue bowl and yellow brick in blue bowl,2.6672,0.3719,35.0364,16.5739
train,326,85,1361,335,blue brick in blue bowl and yellow brick in blue bowl,blue brick in blue bowl and yellow brick in blue bowl,2.2254,0.3398,17.6584,16.5739
train,326,90,1361,340,blue brick in blue bowl and yellow brick in blue bowl,blue brick in blue bowl and yellow brick in blue bowl,1.9875,0.4066,10.5458,12.2544
train,326,130,1027,105,blue brick in blue bowl and yellow brick in blue bowl,red brick on pink plate and blue brick on pink plate,3.2825,-0.3705,9.8901,18.8499
train,326,135,1365,190,blue brick in blue bowl and yellow brick in blue bowl,blue brick in blue bowl and yellow brick in blue bowl,3.0083,-0.3627,28.62,40.6619
train,326,210,1198,115,blue brick in blue bowl and yellow brick in blue bowl,pink cup next to drawer,2.6629,0.0955,21.8254,14.4512
train,326,275,1209,65,blue brick in blue bowl and yellow brick in blue bowl,pink cup next to drawer,2.5899,0.9544,35.8021,17.9103
train,326,300,996,230,blue brick in blue bowl and yellow brick in blue bowl,open drawer and blue brick in drawer and close drawer,3.0619,-0.173,13.7402,29.8632
train,326,305,996,235,blue brick in blue bowl and yellow brick in blue bowl,open drawer and blue brick in drawer and close drawer,2.7321,-0.0634,21.7593,58.6422
train,327,150,1384,50,blue brick in blue bowl and yellow brick in blue bowl,yellow brick in basket,2.5512,-0.8971,39.6501,7.93
train,327,155,1171,75,blue brick in blue bowl and yellow brick in blue bowl,pink cup in basket,2.6673,-0.0376,23.6202,12.3932
train,327,160,1180,115,blue brick in blue bowl and yellow brick in blue bowl,pink cup in basket,2.6486,0.829,24.8727,32.9992
train,327,165,1171,90,blue brick in blue bowl and yellow brick in blue bowl,pink cup in basket,2.5806,0.4931,22.9026,29.2913
train,327,170,1202,120,blue brick in blue bowl and yellow brick in blue bowl,pink cup next to drawer,2.6764,-0.5017,29.635,32.4156
train,327,175,1171,95,blue brick in blue bowl and yellow brick in blue bowl,pink cup in basket,2.7963,0.9914,34.0309,31.0852
train,327,180,1171,100,blue brick in blue bowl and yellow brick in blue bowl,pink cup in basket,2.8839,0.9991,26.878,31.7749
train,327,200,1498,190,blue brick in blue bowl and yellow brick in blue bowl,yellow brick on blue plate,2.6467,0.3478,25.8835,16.929
train,327,210,1209,65,blue brick in blue bowl and yellow brick in blue bowl,pink cup next to drawer,2.5327,-0.5393,19.1475,17.9103
train,327,215,1389,50,blue brick in blue bowl and yellow brick in blue bowl,yellow brick in basket,2.7504,0.7037,11.7943,9.6258
train,327,220,1027,95,blue brick in blue bowl and yellow brick in blue bowl,red brick on pink plate and blue brick on pink plate,2.8849,0.5794,15.2457,5.8583
train,327,225,1027,100,blue brick in blue bowl and yellow brick in blue bowl,red brick on pink plate and blue brick on pink plate,3.3634,0.8136,10.7274,4.6106
train,327,230,1027,100,blue brick in blue bowl and yellow brick in blue bowl,red brick on pink plate and blue brick on pink plate,3.6724,0.7891,32.2813,4.6106
train,327,255,1024,245,blue brick in blue bowl and yellow brick in blue bowl,red brick on pink plate and blue brick on pink plate,3.1731,-0.4272,16.2407,34.5048
train,327,260,1078,145,blue brick in blue bowl and yellow brick in blue bowl,can on stove,2.9062,-0.9342,13.6699,27.2107
train,327,295,1076,135,blue brick in blue bowl and yellow brick in blue bowl,can on stove,2.1321,0.0237,24.9966,1.2328
train,327,330,1196,100,blue brick in blue bowl and yellow brick in blue bowl,pink cup next to drawer,2.721,-0.4003,24.0943,4.8422
train,327,335,1365,255,blue brick in blue bowl and yellow brick in blue bowl,blue brick in blue bowl and yellow brick in blue bowl,2.8757,-0.8535,17.9802,28.8444
train,327,340,1195,95,blue brick in blue bowl and yellow brick in blue bowl,pink cup next to drawer,3.3364,0.9866,17.3756,22.6686
train,327,345,1193,115,blue brick in blue bowl and yellow brick in blue bowl,pink cup next to drawer,3.6352,0.1207,18.8372,26.1071
train,327,350,1207,105,blue brick in blue bowl and yellow brick in blue bowl,pink cup next to drawer,3.706,0.0275,20.6501,19.1635
train,327,355,1207,105,blue brick in blue bowl and yellow brick in blue bowl,pink cup next to drawer,3.6801,-0.4194,9.6898,19.1635
train,327,360,1199,135,blue brick in blue bowl and yellow brick in blue bowl,pink cup next to drawer,3.557,-0.9988,40.7523,23.2255
train,327,365,1258,115,blue brick in blue bowl and yellow brick in blue bowl,push pink cup,3.3605,0.4234,35.173,21.778
train,327,370,1230,185,blue brick in blue bowl and yellow brick in blue bowl,pink cup on pink plate,3.1444,0.7948,34.3794,12.7049
train,327,375,1209,60,blue brick in blue bowl and yellow brick in blue bowl,pink cup next to drawer,2.9322,0.4775,20.0814,13.7875
train,327,390,1389,55,blue brick in blue bowl and yellow brick in blue bowl,yellow brick in basket,3.3296,-0.9831,17.6441,4.3959
train,328,10,1225,70,blue brick in blue bowl and yellow brick in blue bowl,pink cup on pink plate,1.1867,0.867,18.968,18.4441
train,328,200,1384,45,blue brick in blue bowl and yellow brick in blue bowl,yellow brick in basket,2.6088,0.3418,17.3394,19.5845
train,328,205,1384,50,blue brick in blue bowl and yellow brick in blue bowl,yellow brick in basket,2.8861,0.98,17.3441,7.93
train,328,215,1366,95,blue brick in blue bowl and yellow brick in blue bowl,blue brick in blue bowl and yellow brick in blue bowl,3.4218,0.9944,30.1609,11.9319
train,328,230,1199,135,blue brick in blue bowl and yellow brick in blue bowl,pink cup next to drawer,3.4047,-0.7845,9.6686,23.2255
train,328,235,1199,140,blue brick in blue bowl and yellow brick in blue bowl,pink cup next to drawer,3.2345,-0.6957,18.9216,13.27
train,328,240,1195,150,blue brick in blue bowl and yellow brick in blue bowl,pink cup next to drawer,3.0463,0.3986,24.9447,20.4087
train,328,245,1195,150,blue brick in blue bowl and yellow brick in blue bowl,pink cup next to drawer,2.7792,0.5697,38.4269,20.4087
train,328,250,1195,150,blue brick in blue bowl and yellow brick in blue bowl,pink cup next to drawer,2.6469,0.5144,26.8904,20.4087
train,328,255,1195,150,blue brick in blue bowl and yellow brick in blue bowl,pink cup next to drawer,2.6595,0.4,22.4667,20.4087
train,328,260,1195,150,blue brick in blue bowl and yellow brick in blue bowl,pink cup next to drawer,2.5801,0.2436,17.6341,20.4087
train,328,285,1209,65,blue brick in blue bowl and yellow brick in blue bowl,pink cup next to drawer,2.9461,0.9863,17.9747,17.9103
train,328,290,1209,65,blue brick in blue bowl and yellow brick in blue bowl,pink cup next to drawer,3.2661,0.9747,33.0278,17.9103
train,328,295,1209,70,blue brick in blue bowl and yellow brick in blue bowl,pink cup next to drawer,3.623,-0.9956,26.428,28.815
train,328,325,1024,250,blue brick in blue bowl and yellow brick in blue bowl,red brick on pink plate and blue brick on pink plate,2.4321,0.6643,35.9185,29.6317
train,329,75,1198,135,blue brick in blue bowl and yellow brick in blue bowl,pink cup next to drawer,2.5049,0.969,20.0656,33.0749
train,329,105,1361,340,blue brick in blue bowl and yellow brick in blue bowl,blue brick in blue bowl and yellow brick in blue bowl,1.7785,0.3191,13.9388,12.2544
train,329,125,1209,65,blue brick in blue bowl and yellow brick in blue bowl,pink cup next to drawer,1.6001,0.9849,28.586,17.9103
train,329,130,1225,80,blue brick in blue bowl and yellow brick in blue bowl,pink cup on pink plate,2.1418,0.7025,30.9693,31.4723
train,329,150,1077,130,blue brick in blue bowl and yellow brick in blue bowl,can on stove,2.7506,-0.6389,19.8288,20.2356
train,330,55,1028,130,blue brick in blue bowl and yellow brick in blue bowl,red brick on pink plate and blue brick on pink plate,3.0724,0.9243,16.9948,2.4286
train,330,65,1370,280,blue brick in blue bowl and yellow brick in blue bowl,blue brick in blue bowl and yellow brick in blue bowl,3.2187,-0.4074,18.2502,68.0547
train,330,75,1261,105,blue brick in blue bowl and yellow brick in blue bowl,push pink cup,3.1148,-0.3164,35.2603,39.3442
train,330,80,1261,110,blue brick in blue bowl and yellow brick in blue bowl,push pink cup,2.962,-0.8345,31.2185,24.3157
train,330,85,1204,130,blue brick in blue bowl and yellow brick in blue bowl,pink cup next to drawer,2.6701,0.8436,30.4266,45.7754
train,330,90,1204,135,blue brick in blue bowl and yellow brick in blue bowl,pink cup next to drawer,2.5719,-0.9888,39.8578,28.7185
train,330,95,1204,130,blue brick in blue bowl and yellow brick in blue bowl,pink cup next to drawer,2.5563,-0.7804,37.5681,45.7754
train,330,100,1195,150,blue brick in blue bowl and yellow brick in blue bowl,pink cup next to drawer,2.5204,0.4392,35.3761,20.4087
train,330,105,1195,155,blue brick in blue bowl and yellow brick in blue bowl,pink cup next to drawer,2.3762,0.423,31.6444,16.1336
train,330,120,1209,65,blue brick in blue bowl and yellow brick in blue bowl,pink cup next to drawer,3.1628,0.999,16.5278,17.9103
train,330,160,1358,165,blue brick in blue bowl and yellow brick in blue bowl,blue brick in blue bowl and yellow brick in blue bowl,2.5261,0.6829,34.3837,16.3819
train,330,225,1193,135,blue brick in blue bowl and yellow brick in blue bowl,pink cup next to drawer,3.2971,-0.6421,22.6734,30.8288
train,330,240,1195,150,blue brick in blue bowl and yellow brick in blue bowl,pink cup next to drawer,2.5484,0.3117,36.7418,20.4087
train,330,245,1195,150,blue brick in blue bowl and yellow brick in blue bowl,pink cup next to drawer,2.4753,0.3713,28.5407,20.4087
train,330,250,1195,150,blue brick in blue bowl and yellow brick in blue bowl,pink cup next to drawer,2.4098,0.4199,23.2081,20.4087
train,330,255,1195,155,blue brick in blue bowl and yellow brick in blue bowl,pink cup next to drawer,2.2962,0.4938,16.6478,16.1336
train,330,290,1209,65,blue brick in blue bowl and yellow brick in blue bowl,pink cup next to drawer,2.3976,0.9923,38.5023,17.9103
train,330,310,1225,95,blue brick in blue bowl and yellow brick in blue bowl,pink cup on pink plate,2.8335,-0.377,14.5279,30.3572
train,330,315,1225,95,blue brick in blue bowl and yellow brick in blue bowl,pink cup on pink plate,2.6739,-0.6164,19.634,30.3572
train,330,325,1197,160,blue brick in blue bowl and yellow brick in blue bowl,pink cup next to drawer,2.4345,-0.4199,36.0811,17.3067
train,330,375,1204,15,blue brick in blue bowl and yellow brick in blue bowl,pink cup next to drawer,2.347,0.9861,21.3271,28.8016
train,330,380,1032,175,blue brick in blue bowl and yellow brick in blue bowl,red brick on pink plate and blue brick on pink plate,2.1807,-0.0745,27.4408,1.1431
train,331,55,1384,40,yellow brick in basket,yellow brick in basket,1.8659,0.5742,14.5166,22.1962
train,331,75,1384,60,yellow brick in basket,yellow brick in basket,2.4474,-0.6585,20.8017,34.6631
train,331,90,1403,90,yellow brick in basket,yellow brick in orange bowl,2.6291,0.3731,21.5805,29.4238
train,331,100,1377,75,yellow brick in basket,yellow brick in basket,2.797,-0.892,23.1383,16.1292
train,331,110,1377,85,yellow brick in basket,yellow brick in basket,2.9667,-0.9905,14.5895,11.3865
train,332,15,922,140,yellow brick in basket,blue brick between pink cup and basket,2.5905,0.6008,21.9002,7.0038
train,332,25,1392,55,yellow brick in basket,yellow brick in orange bowl,2.6971,0.7419,22.665,12.6649
train,332,35,922,170,yellow brick in basket,blue brick between pink cup and basket,2.8012,0.4656,36.7165,28.2713
train,332,40,922,175,yellow brick in basket,blue brick between pink cup and basket,2.8458,0.6823,31.4083,40.9986
train,332,45,922,175,yellow brick in basket,blue brick between pink cup and basket,2.8249,0.6664,32.1184,40.9986
train,332,50,922,180,yellow brick in basket,blue brick between pink cup and basket,2.7627,0.883,26.4806,28.647
train,332,55,921,130,yellow brick in basket,blue brick between pink cup and basket,2.7484,0.4412,25.3179,30.5963
train,332,60,921,130,yellow brick in basket,blue brick between pink cup and basket,2.7084,0.6708,18.2048,30.5963
train,332,65,1293,160,yellow brick in basket,white cup on grey plate,2.5634,0.2781,13.4694,10.5709
train,332,90,1377,55,yellow brick in basket,yellow brick in basket,2.6089,-0.7556,36.0658,25.8379
train,332,95,1377,55,yellow brick in basket,yellow brick in basket,3.0478,-0.6836,42.1487,25.8379
train,332,100,1389,50,yellow brick in basket,yellow brick in basket,3.2127,-0.7214,42.9932,9.6258
train,332,110,1389,60,yellow brick in basket,yellow brick in basket,3.4302,-0.4178,18.1831,7.0191
train,332,115,1387,65,yellow brick in basket,yellow brick in basket,3.4641,0.9744,8.7094,13.1712
train,332,120,1387,70,yellow brick in basket,yellow brick in basket,3.2004,0.5777,15.2322,26.1909
train,332,125,1502,75,yellow brick in basket,yellow brick on blue plate,2.7377,0.2687,9.7993,42.1534
train,333,0,922,135,yellow brick in basket,blue brick between pink cup and basket,2.266,0.6842,24.9885,4.7487
train,333,5,922,140,yellow brick in basket,blue brick between pink cup and basket,2.4199,0.7694,26.0135,7.0038
train,333,20,1392,55,yellow brick in basket,yellow brick in orange bowl,2.5519,0.3086,29.9633,12.6649
train,333,30,923,140,yellow brick in basket,blue brick between pink cup and basket,2.4999,0.9967,26.7912,12.4694
train,333,80,1377,55,yellow brick in basket,yellow brick in basket,2.9167,-0.6907,39.164,25.8379
train,333,85,1394,55,yellow brick in basket,yellow brick in orange bowl,3.1179,-0.6506,34.6065,16.271
train,333,90,1394,60,yellow brick in basket,yellow brick in orange bowl,3.2295,0.1943,20.8441,6.2385
train,333,100,1387,65,yellow brick in basket,yellow brick in basket,3.5816,-0.1617,10.5988,13.1712
train,333,105,1387,70,yellow brick in basket,yellow brick in basket,3.5033,0.9715,16.472,26.1909
train,333,110,1502,75,yellow brick in basket,yellow brick on blue plate,3.1021,0.4043,14.4154,42.1534
train,333,130,1377,80,yellow brick in basket,yellow brick in basket,2.2887,0.7613,25.567,9.3538
train,334,20,1504,0,yellow brick in basket,yellow brick on blue plate,2.4554,0.6317,27.4724,0.8656
train,334,110,923,65,yellow brick in basket,blue brick between pink cup and basket,2.4615,0.1584,12.0978,19.415
train,334,120,1563,50,yellow brick in basket,yellow brick on pink plate,2.4631,0.5359,10.23,25.8024
train,335,5,1504,5,yellow brick in basket,yellow brick on blue plate,2.3625,0.9081,24.8253,1.4405
train,335,85,1403,90,yellow brick in basket,yellow brick in orange bowl,3.0702,0.036,24.1061,29.4238
train,335,90,1377,65,yellow brick in basket,yellow brick in basket,2.8053,-0.586,11.7997,29.9174
train,335,110,1326,170,yellow brick in basket,white cup on pan,1.9094,-0.2176,18.2559,12.5542
train,336,15,923,125,yellow brick in basket,blue brick between pink cup and basket,2.4692,0.9934,15.7768,64.1099
train,336,20,923,135,yellow brick in basket,blue brick between pink cup and basket,2.5172,0.9603,14.1661,4.7798
train,336,40,922,175,yellow brick in basket,blue brick between pink cup and basket,2.4882,0.749,31.4381,40.9986
train,336,60,1150,75,yellow brick in basket,grey cup on pan,2.5897,0.9328,32.4468,14.4739
train,336,70,1394,55,yellow brick in basket,yellow brick in orange bowl,2.8616,-0.6487,29.7004,16.271
train,336,75,1394,60,yellow brick in basket,yellow brick in orange bowl,2.9546,-0.4145,26.503,6.2385
train,336,80,1502,65,yellow brick in basket,yellow brick on blue plate,3.1269,0.3249,19.2726,1.3472
train,336,85,1502,70,yellow brick in basket,yellow brick on blue plate,3.1022,0.5404,14.7234,11.1924
train,336,90,1502,75,yellow brick in basket,yellow brick on blue plate,2.8504,0.1674,14.2417,42.1534
train,336,95,980,65,yellow brick in basket,blue brick in blue bowl,2.8733,0.3294,29.389,4.0162
train,336,100,980,70,yellow brick in basket,blue brick in blue bowl,2.7531,0.9993,35.8089,1.0553
train,338,140,1377,65,yellow brick in basket,yellow brick in basket,3.2359,-1.0,17.4209,29.9174
train,339,10,923,135,yellow brick in basket,blue brick between pink cup and basket,2.6315,0.8835,27.7204,4.7798
train,339,20,923,135,yellow brick in basket,blue brick between pink cup and basket,2.8866,0.9259,21.6748,4.7798
train,339,25,922,175,yellow brick in basket,blue brick between pink cup and basket,3.0336,0.9995,23.8033,40.9986
train,339,30,922,180,yellow brick in basket,blue brick between pink cup and basket,3.1139,0.9496,33.2443,28.647
train,339,35,922,180,yellow brick in basket,blue brick between pink cup and basket,3.0952,0.9373,40.1668,28.647
train,339,40,922,190,yellow brick in basket,blue brick between pink cup and basket,3.0415,0.6639,28.078,20.8937
train,339,45,922,195,yellow brick in basket,blue brick between pink cup and basket,2.9468,0.3571,20.3521,18.2961
train,339,50,1293,165,yellow brick in basket,white cup on grey plate,2.742,0.9528,22.2508,8.2599
train,339,60,1377,55,yellow brick in basket,yellow brick in basket,3.1568,-0.7576,36.8841,25.8379
train,339,65,1389,50,yellow brick in basket,yellow brick in basket,3.3703,-0.718,36.7497,9.6258
train,339,95,980,65,yellow brick in basket,blue brick in blue bowl,2.7533,0.9992,9.1454,4.0162
train,339,115,1377,75,yellow brick in basket,yellow brick in basket,2.755,-1.0,9.513,16.1292
train,340,5,923,25,yellow brick in basket,blue brick between pink cup and basket,2.2288,-0.2378,24.1278,5.2089
train,340,80,1392,25,yellow brick in basket,yellow brick in orange bowl,3.176,-0.7424,19.0399,26.7888
train,340,85,1392,30,yellow brick in basket,yellow brick in orange bowl,3.309,-0.4258,16.1058,19.27
train,340,90,1502,60,yellow brick in basket,yellow brick on blue plate,3.4961,-0.7301,27.4038,9.5862
train,340,95,1502,65,yellow brick in basket,yellow brick on blue plate,3.6235,0.5907,11.1898,1.3472
train,340,100,1387,70,yellow brick in basket,yellow brick in basket,3.5173,0.7891,26.5768,26.1909
train,340,105,1387,75,yellow brick in basket,yellow brick in basket,3.2379,-0.9974,25.8157,2.4581
train,340,110,980,65,yellow brick in basket,blue brick in blue bowl,2.84,0.004,31.7214,4.0162
train,340,125,1587,60,yellow brick in basket,yellow brick on top of drawer,2.5983,-0.9568,11.6286,16.1781
train,340,135,1377,75,yellow brick in basket,yellow brick in basket,2.7633,-0.9904,9.5577,16.1292
train,341,115,1353,120,yellow brick in orange bowl,blue brick in blue bowl and yellow brick in blue bowl,2.5881,0.9492,12.0346,11.3952
train,341,130,1091,55,yellow brick in orange bowl,can on stove,2.6658,-0.7831,11.4556,12.2367
train,341,140,1377,70,yellow brick in orange bowl,yellow brick in basket,2.2533,-0.8403,10.2155,27.8266
train,342,35,1504,0,yellow brick in orange bowl,yellow brick on blue plate,2.5876,-0.2657,10.7863,0.8656
train,343,15,1369,100,yellow brick in orange bowl,blue brick in blue bowl and yellow brick in blue bowl,3.0147,0.2569,16.3032,45.9864
train,343,20,1369,105,yellow brick in orange bowl,blue brick in blue bowl and yellow brick in blue bowl,3.2409,0.5666,35.7744,40.958
train,343,30,1364,295,yellow brick in orange bowl,blue brick in blue bowl and yellow brick in blue bowl,3.3477,0.6433,32.4799,56.4573
train,343,35,1364,295,yellow brick in orange bowl,blue brick in blue bowl and yellow brick in blue bowl,3.2082,0.5364,32.1,56.4573
train,343,40,1364,295,yellow brick in orange bowl,blue brick in blue bowl and yellow brick in blue bowl,3.0889,0.4612,30.5913,56.4573
train,343,45,1225,155,yellow brick in orange bowl,pink cup on pink plate,3.0554,0.7674,17.0133,30.8653
train,343,50,1361,335,yellow brick in orange bowl,blue brick in blue bowl and yellow brick in blue bowl,2.8518,0.9751,14.2664,16.5739
train,343,60,1390,50,yellow brick in orange bowl,yellow brick in basket,2.9841,0.9279,13.4494,40.8916
train,343,65,1390,55,yellow brick in orange bowl,yellow brick in basket,3.2366,-0.6883,24.7307,11.1292
train,343,70,1389,55,yellow brick in orange bowl,yellow brick in basket,3.2679,-0.7889,20.7809,4.3959
train,343,95,1502,80,yellow brick in orange bowl,yellow brick on blue plate,2.9703,-0.8523,47.1998,17.3386
train,343,115,1377,75,yellow brick in orange bowl,yellow brick in basket,2.7758,0.7443,20.6824,16.1292
train,343,120,1377,80,yellow brick in orange bowl,yellow brick in basket,2.698,0.696,22.6217,9.3538
train,344,20,923,135,yellow brick in orange bowl,blue brick between pink cup and basket,2.3475,-0.5426,9.6628,4.7798
train,344,65,1377,50,yellow brick in orange bowl,yellow brick in basket,2.6874,0.9813,30.3451,12.7635
train,344,70,1377,55,yellow brick in orange bowl,yellow brick in basket,2.9111,-0.6986,24.4657,25.8379
train,344,75,1389,50,yellow brick in orange bowl,yellow brick in basket,2.9647,-0.4791,38.1519,9.6258
train,344,80,1389,55,yellow brick in orange bowl,yellow brick in basket,3.0909,0.4222,35.2032,4.3959
train,344,85,1502,65,yellow brick in orange bowl,yellow brick on blue plate,3.1846,0.8403,26.8301,1.3472
train,344,90,1509,80,yellow brick in orange bowl,yellow brick on blue plate,3.1743,0.903,24.8258,7.2482
train,344,100,1502,80,yellow brick in orange bowl,yellow brick on blue plate,2.378,-0.2089,37.1767,17.3386
train,345,75,1181,85,yellow brick in orange bowl,pink cup in basket,1.935,0.9965,18.5971,23.2979
train,345,80,1181,90,yellow brick in orange bowl,pink cup in basket,2.1143,0.6648,14.4469,23.9297
train,345,90,1386,60,yellow brick in orange bowl,yellow brick in basket,2.6096,-0.7235,15.3876,17.9634
train,345,100,1488,155,yellow brick in orange bowl,yellow brick on blue plate,2.5907,-0.6129,24.3954,32.8743
train,345,110,1078,150,yellow brick in orange bowl,can on stove,2.2178,-0.649,24.3416,23.2035
train,345,115,1584,160,yellow brick in orange bowl,yellow brick on top of drawer,2.0547,-0.1596,26.0201,15.0365
train,345,120,1584,160,yellow brick in orange bowl,yellow brick on top of drawer,1.894,0.3493,12.7376,15.0365
train,345,125,1142,65,yellow brick in orange bowl,grey cup on pan,1.808,0.9736,18.0514,13.2005
train,346,30,1096,150,yellow brick in orange bowl,can on stove,2.0761,0.9099,18.4138,13.2475
train,346,95,1505,65,yellow brick in orange bowl,yellow brick on blue plate,2.4827,-0.285,10.9285,6.5295
train,346,105,1377,70,yellow brick in orange bowl,yellow brick in basket,2.4135,-0.9527,19.5584,27.8266
train,348,25,1182,145,yellow brick in orange bowl,pink cup in basket,2.542,0.6402,22.2539,28.2206
train,348,35,1384,55,yellow brick in orange bowl,yellow brick in basket,3.0468,0.9939,17.4073,6.6115
train,348,50,1258,105,yellow brick in orange bowl,push pink cup,3.521,-0.3379,15.1389,41.2064
train,348,65,1390,35,yellow brick in orange bowl,yellow brick in basket,3.3486,0.6536,25.6966,21.2972
train,348,70,1390,40,yellow brick in orange bowl,yellow brick in basket,3.1567,0.7925,23.9761,27.0705
train,348,90,1390,50,yellow brick in orange bowl,yellow brick in basket,3.6332,0.9192,19.8721,40.8916
train,348,105,1390,65,yellow brick in orange bowl,yellow brick in basket,4.3672,-0.2587,12.0507,6.138
train,348,110,1390,70,yellow brick in orange bowl,yellow brick in basket,4.5213,-0.4119,13.0364,3.0482
train,348,115,1515,85,yellow brick in orange bowl,yellow brick on blue plate,4.4651,-0.7674,11.1669,4.3716
train,348,120,1372,80,yellow brick in orange bowl,yellow brick in basket,3.6259,-0.9932,18.5021,18.3072
train,348,125,1372,85,yellow brick in orange bowl,yellow brick in basket,2.9852,-0.6139,10.0216,17.3807
train,349,5,1104,110,yellow brick in orange bowl,can on stove,3.0422,-1.0,16.9807,12.6487
train,349,10,1086,90,yellow brick in orange bowl,can on stove,3.2034,-0.545,13.1001,4.1992
train,349,15,1394,20,yellow brick in orange bowl,yellow brick in orange bowl,3.212,0.9264,14.0812,31.9174
train,349,25,1369,105,yellow brick in orange bowl,blue brick in blue bowl and yellow brick in blue bowl,3.1682,0.6424,27.8847,40.958
train,349,40,1105,140,yellow brick in orange bowl,can on stove,2.9189,0.1238,25.8752,23.3925
train,349,60,1390,50,yellow brick in orange bowl,yellow brick in basket,3.0581,0.8713,37.7372,40.8916
train,349,65,1209,65,yellow brick in orange bowl,pink cup next to drawer,3.2829,0.7557,10.2448,17.9103
train,349,80,1377,75,yellow brick in orange bowl,yellow brick in basket,4.1598,-0.9868,12.1211,16.1292
train,349,90,1040,100,yellow brick in orange bowl,red brick on pink plate and blue brick on pink plate,3.7736,0.5858,12.2853,18.7095
train,350,30,1394,20,yellow brick in orange bowl,yellow brick in orange bowl,3.2178,-0.6648,8.1633,31.9174
train,350,75,1377,75,yellow brick in orange bowl,yellow brick in basket,3.4557,0.3246,19.9685,16.1292
train,350,80,1377,80,yellow brick in orange bowl,yellow brick in basket,3.5511,0.7976,18.9001,9.3538
train,350,95,1355,145,yellow brick in orange bowl,blue brick in blue bowl and yellow brick in blue bowl,2.8026,-0.924,11.783,14.6435
train,350,115,1377,65,yellow brick in orange bowl,yellow brick in basket,2.5263,-0.9399,16.0826,29.9174
train,350,120,1377,70,yellow brick in orange bowl,yellow brick in basket,2.3407,-0.91,19.9613,27.8266
train,350,130,1377,80,yellow brick in orange bowl,yellow brick in basket,2.3305,-0.6193,14.3642,9.3538
train,351,125,1443,70,yellow brick next to stove,yellow brick on blue brick,2.4613,0.9628,19.9748,2.7803
train,351,130,1179,65,yellow brick next to stove,pink cup in basket,2.3576,0.9815,19.3725,19.8557
train,351,135,1187,50,yellow brick next to stove,pink cup in basket,2.5014,0.922,12.0476,16.1342
train,351,140,1187,55,yellow brick next to stove,pink cup in basket,2.6192,-0.8253,9.6622,12.2729
train,352,10,884,55,yellow brick next to stove,banana in orange bowl,2.1165,-0.0325,25.1712,5.4423
train,352,180,1443,75,yellow brick next to stove,yellow brick on blue brick,2.2767,0.8132,25.0619,15.7322
train,353,115,1179,65,yellow brick next to stove,pink cup in basket,2.1078,0.9876,10.1504,19.8557
train,353,120,1179,65,yellow brick next to stove,pink cup in basket,2.165,0.9487,19.5249,19.8557
train,353,125,1179,70,yellow brick next to stove,pink cup in basket,2.2497,0.8466,30.3565,20.1573
train,353,130,1172,75,yellow brick next to stove,pink cup in basket,2.3419,0.8981,32.6648,21.5986
train,353,170,1011,115,yellow brick next to stove,blue brick on red brick,2.5437,0.0175,31.0507,22.3643
train,353,180,1179,65,yellow brick next to stove,pink cup in basket,2.4032,0.9133,24.7604,19.8557
train,353,190,1187,55,yellow brick next to stove,pink cup in basket,2.8328,0.9276,11.8103,12.2729
train,354,15,700,130,yellow brick next to stove,banana in basket,2.2175,0.0207,18.7335,12.1447
train,354,75,1422,45,yellow brick next to stove,yellow brick next to stove,2.4507,0.5961,25.25,15.8067
train,354,100,700,110,yellow brick next to stove,banana in basket,2.6596,0.013,11.3114,33.7537
train,354,130,1179,65,yellow brick next to stove,pink cup in basket,2.4955,0.9899,21.3752,19.8557
train,354,140,1027,90,yellow brick next to stove,red brick on pink plate and blue brick on pink plate,3.256,0.2123,10.8681,13.3828
train,355,15,700,120,yellow brick next to stove,banana in basket,2.618,-0.8843,12.7083,20.2645
train,355,115,1179,65,yellow brick next to stove,pink cup in basket,2.5591,0.9746,19.2413,19.8557
train,356,140,1443,75,yellow brick next to stove,yellow brick on blue brick,2.8835,0.9997,23.6509,15.7322
train,357,75,1063,90,yellow brick next to stove,can on stove,1.9039,0.5186,20.715,16.7971
train,357,85,904,255,yellow brick next to stove,blue bowl on pink plate and yellow brick in blue bowl,2.2425,-0.8512,14.7955,21.3229
train,359,140,1443,75,yellow brick next to stove,yellow brick on blue brick,3.0805,0.8771,8.9112,15.7322
train,360,65,1445,170,yellow brick next to stove,yellow brick on blue brick,2.1789,-0.0908,13.1434,8.2985
train,360,100,1179,65,yellow brick next to stove,pink cup in basket,1.9297,0.9919,18.8409,19.8557
train,360,115,1173,100,yellow brick next to stove,pink cup in basket,2.3763,0.5548,16.1749,40.221
train,360,130,1172,100,yellow brick next to stove,pink cup in basket,2.4947,0.8,20.514,25.569
train,360,135,1183,115,yellow brick next to stove,pink cup in basket,2.3688,0.3602,14.1243,15.0089
train,360,145,1172,135,yellow brick next to stove,pink cup in basket,2.208,0.7266,21.1739,18.8153
train,360,150,1172,135,yellow brick next to stove,pink cup in basket,2.0309,0.0251,25.335,18.8153
train,360,155,1179,65,yellow brick next to stove,pink cup in basket,2.1801,0.0385,15.3907,19.8557
train,361,15,1593,185,yellow brick on blue brick,yellow brick on top of drawer,1.2737,0.8879,20.5023,3.0965
train,361,150,1181,110,yellow brick on blue brick,pink cup in basket,2.3919,-0.9658,14.8951,13.403
train,361,155,1171,75,yellow brick on blue brick,pink cup in basket,2.5422,0.1089,20.4071,12.3932
train,361,160,1181,120,yellow brick on blue brick,pink cup in basket,2.6128,-0.1246,20.7865,24.264
train,361,165,1181,125,yellow brick on blue brick,pink cup in basket,2.511,0.9461,22.2883,26.0233
train,361,190,1181,155,yellow brick on blue brick,pink cup in basket,2.3878,0.9895,37.1252,32.9755
train,361,195,1588,210,yellow brick on blue brick,yellow brick on top of drawer,2.3595,0.8716,26.4548,12.0224
train,361,200,1293,165,yellow brick on blue brick,white cup on grey plate,2.3157,0.718,21.0161,8.2599
train,361,205,1293,165,yellow brick on blue brick,white cup on grey plate,2.2516,0.6018,16.6159,8.2599
train,361,260,1377,60,yellow brick on blue brick,yellow brick in basket,2.6056,0.9688,19.5437,24.1707
train,361,280,1377,75,yellow brick on blue brick,yellow brick in basket,2.7232,-0.964,16.0869,16.1292
train,362,5,1144,5,yellow brick on blue brick,grey cup on pan,1.4069,-0.9163,23.4565,2.4469
train,362,190,923,65,yellow brick on blue brick,blue brick between pink cup and basket,1.8995,0.6979,11.9726,19.415
train,362,195,923,65,yellow brick on blue brick,blue brick between pink cup and basket,2.0215,0.883,24.0377,19.415
train,363,30,1392,35,yellow brick on blue brick,yellow brick in orange bowl,2.053,-0.7114,11.1838,12.5077
train,363,65,923,140,yellow brick on blue brick,blue brick between pink cup and basket,3.0568,0.4077,13.8088,12.4694
train,363,70,923,145,yellow brick on blue brick,blue brick between pink cup and basket,3.0399,0.3787,12.2419,12.9873
train,363,85,1370,295,yellow brick on blue brick,blue brick in blue bowl and yellow brick in blue bowl,2.5139,-0.1072,8.5742,15.5326
train,363,95,1108,145,yellow brick on blue brick,can on stove,2.1819,0.9714,28.3298,12.3429
train,363,120,1181,80,yellow brick on blue brick,pink cup in basket,2.0071,0.9993,19.7604,11.908
train,363,125,1225,75,yellow brick on blue brick,pink cup on pink plate,2.1132,0.7476,12.8679,33.1667
train,363,130,1220,65,yellow brick on blue brick,pink cup on pink plate,2.3054,0.5268,24.1308,29.9469
train,363,135,1377,65,yellow brick on blue brick,yellow brick in basket,2.4767,-0.9965,12.1392,29.9174
train,364,15,1501,45,yellow brick on blue brick,yellow brick on blue plate,1.7929,0.9833,29.0748,9.993
train,364,20,1501,50,yellow brick on blue brick,yellow brick on blue plate,1.9397,0.6632,30.2683,17.7927
train,364,35,1124,100,yellow brick on blue brick,grey cup on grey plate,2.924,-0.466,31.2233,7.5897
train,364,40,1204,110,yellow brick on blue brick,pink cup next to drawer,3.043,-0.7738,20.8614,13.6777
train,364,55,1204,120,yellow brick on blue brick,pink cup next to drawer,3.2959,0.6233,20.8884,19.6905
train,364,65,1204,130,yellow brick on blue brick,pink cup next to drawer,3.1206,0.6027,12.3824,45.7754
train,364,75,1352,340,yellow brick on blue brick,blue brick in blue bowl and yellow brick in blue bowl,2.7866,-0.1669,32.3892,18.6989
train,364,80,1351,145,yellow brick on blue brick,blue brick in blue bowl and yellow brick in blue bowl,2.6711,-0.4004,26.4672,25.6535
train,364,85,1361,335,yellow brick on blue brick,blue brick in blue bowl and yellow brick in blue bowl,2.6592,0.7338,23.1882,16.5739
train,364,95,1171,115,yellow brick on blue brick,pink cup in basket,2.4473,0.6086,36.5613,25.0489
train,364,100,1230,175,yellow brick on blue brick,pink cup on pink plate,2.353,0.4149,29.9312,12.9541
train,364,105,1230,175,yellow brick on blue brick,pink cup on pink plate,2.2777,0.3657,25.2118,12.9541
train,364,110,1361,340,yellow brick on blue brick,blue brick in blue bowl and yellow brick in blue bowl,2.1723,0.5615,21.7804,12.2544
train,364,135,1209,65,yellow brick on blue brick,pink cup next to drawer,2.0955,0.9969,33.9747,17.9103
train,364,140,1209,65,yellow brick on blue brick,pink cup next to drawer,2.7599,0.9992,45.0975,17.9103
train,364,155,1027,100,yellow brick on blue brick,red brick on pink plate and blue brick on pink plate,3.4337,-0.4137,8.5596,4.6106
train,364,170,1462,80,yellow brick on blue brick,yellow brick on blue plate,2.8859,-0.9936,8.0576,11.5678
train,365,15,1392,35,yellow brick on blue brick,yellow brick in orange bowl,2.2068,0.3039,9.131,12.5077
train,365,105,1181,95,yellow brick on blue brick,pink cup in basket,2.4575,-0.3312,20.6719,27.0516
train,365,190,1505,75,yellow brick on blue brick,yellow brick on blue plate,2.3146,0.7765,8.4099,9.6342
train,366,190,1107,115,yellow brick on blue brick,can on stove,2.4736,0.5947,28.8982,15.1818
train,366,195,1107,120,yellow brick on blue brick,can on stove,2.4041,0.8731,25.2525,13.9201
train,366,200,1107,125,yellow brick on blue brick,can on stove,2.3044,0.7857,19.5586,10.036
train,366,235,1181,80,yellow brick on blue brick,pink cup in basket,2.1444,0.996,24.5155,11.908
train,366,245,1377,60,yellow brick on blue brick,yellow brick in basket,2.6073,0.5787,23.1877,24.1707
train,366,265,1377,75,yellow brick on blue brick,yellow brick in basket,2.7728,-0.9639,12.8866,16.1292
train,366,275,1377,85,yellow brick on blue brick,yellow brick in basket,2.148,0.8865,15.5435,11.3865
train,366,280,1377,85,yellow brick on blue brick,yellow brick in basket,1.9706,0.9948,14.3661,11.3865
train,367,70,1204,125,yellow brick on blue brick,pink cup next to drawer,3.2562,0.2516,14.9069,60.3424
train,367,75,1204,125,yellow brick on blue brick,pink cup next to drawer,3.2647,-0.8257,24.0558,60.3424
train,367,80,1204,125,yellow brick on blue brick,pink cup next to drawer,3.158,-0.9763,9.764,60.3424
train,367,90,1352,340,yellow brick on blue brick,blue brick in blue bowl and yellow brick in blue bowl,2.991,-0.3299,16.0299,18.6989
train,367,95,1364,150,yellow brick on blue brick,blue brick in blue bowl and yellow brick in blue bowl,2.8606,0.952,14.4936,20.3568
train,367,100,1364,150,yellow brick on blue brick,blue brick in blue bowl and yellow brick in blue bowl,2.7266,0.8858,21.8029,20.3568
train,367,105,1364,150,yellow brick on blue brick,blue brick in blue bowl and yellow brick in blue bowl,2.6058,0.8542,33.7949,20.3568
train,367,110,1588,100,yellow brick on blue brick,yellow brick on top of drawer,2.496,0.3267,42.914,24.2951
train,367,115,1588,205,yellow brick on blue brick,yellow brick on top of drawer,2.3404,0.8006,36.8332,10.1035
train,367,120,1588,205,yellow brick on blue brick,yellow brick on top of drawer,2.1831,0.4407,27.712,10.1035
train,367,125,1588,205,yellow brick on blue brick,yellow brick on top of drawer,2.1003,0.4461,17.8662,10.1035
train,367,160,1209,65,yellow brick on blue brick,pink cup next to drawer,2.4289,0.5055,19.6569,17.9103
train,367,165,1209,65,yellow brick on blue brick,pink cup next to drawer,2.7458,0.9727,14.006,17.9103
train,367,170,1223,100,yellow brick on blue brick,pink cup on pink plate,2.9928,0.9396,16.5214,23.7071
train,367,175,1223,105,yellow brick on blue brick,pink cup on pink plate,3.1232,-0.6214,21.6759,28.8129
train,367,200,1078,135,yellow brick on blue brick,can on stove,2.6502,0.2249,38.9129,31.6148
train,367,205,1078,145,yellow brick on blue brick,can on stove,2.551,0.3125,40.0674,27.2107
train,367,210,1078,150,yellow brick on blue brick,can on stove,2.4752,-0.0559,32.7638,23.2035
train,368,155,1180,115,yellow brick on blue brick,pink cup in basket,1.7931,-0.2599,11.4694,32.9992
train,368,180,1076,135,yellow brick on blue brick,can on stove,2.2385,0.0498,33.5403,1.2328
train,368,185,1076,135,yellow brick on blue brick,can on stove,2.1667,0.0047,37.8039,1.2328
train,368,190,1361,335,yellow brick on blue brick,blue brick in blue bowl and yellow brick in blue bowl,2.1158,0.5117,33.3889,16.5739
train,368,195,1361,335,yellow brick on blue brick,blue brick in blue bowl and yellow brick in blue bowl,1.9831,0.6787,25.9958,16.5739
train,368,215,1225,70,yellow brick on blue brick,pink cup on pink plate,1.813,0.9995,14.3635,18.4441
train,368,220,1225,75,yellow brick on blue brick,pink cup on pink plate,2.1367,0.9816,32.7024,33.1667
train,368,250,1377,80,yellow brick on blue brick,yellow brick in basket,2.3866,0.846,36.4895,9.3538
train,369,5,1593,185,yellow brick on blue brick,yellow brick on top of drawer,1.7685,0.0663,9.7438,3.0965
train,369,25,1501,55,yellow brick on blue brick,yellow brick on blue plate,2.595,-0.6296,17.4639,7.6562
train,369,35,1131,35,yellow brick on blue brick,grey cup on pan,3.0196,-0.8983,26.2529,2.7306
train,369,45,1352,325,yellow brick on blue brick,blue brick in blue bowl and yellow brick in blue bowl,3.3997,0.1821,25.8987,26.371
train,369,50,1204,120,yellow brick on blue brick,pink cup next to drawer,3.3598,-0.565,39.7178,19.6905
train,369,55,1369,95,yellow brick on blue brick,blue brick in blue bowl and yellow brick in blue bowl,3.5798,0.5142,24.7786,50.7797
train,369,65,1207,105,yellow brick on blue brick,pink cup next to drawer,4.3093,0.7721,24.2928,19.1635
train,369,70,1207,105,yellow brick on blue brick,pink cup next to drawer,4.2446,-0.4016,28.5728,19.1635
train,369,75,1464,60,yellow brick on blue brick,yellow brick on blue plate,4.373,0.2789,40.8698,12.5787
train,369,80,1464,65,yellow brick on blue brick,yellow brick on blue plate,4.464,-0.4082,19.7006,23.1581
train,369,90,1230,180,yellow brick on blue brick,pink cup on pink plate,3.9607,0.9732,31.9398,11.4369
train,369,95,1230,180,yellow brick on blue brick,pink cup on pink plate,3.624,0.8359,24.0869,11.4369
train,369,100,1230,180,yellow brick on blue brick,pink cup on pink plate,3.6156,0.5416,20.6273,11.4369
train,369,105,1230,180,yellow brick on blue brick,pink cup on pink plate,3.5148,0.9722,26.4919,11.4369
train,369,110,1588,210,yellow brick on blue brick,yellow brick on top of drawer,3.3789,0.8887,37.54,12.0224
train,369,115,1135,165,yellow brick on blue brick,grey cup on pan,3.2006,0.7132,38.859,17.9525
train,369,120,1588,205,yellow brick on blue brick,yellow brick on top of drawer,3.1904,0.8762,38.4467,10.1035
train,369,130,1588,205,yellow brick on blue brick,yellow brick on top of drawer,3.0041,0.9724,32.2629,10.1035
train,369,135,1588,205,yellow brick on blue brick,yellow brick on top of drawer,2.8995,0.7794,30.0437,10.1035
train,369,140,1588,205,yellow brick on blue brick,yellow brick on top of drawer,2.8569,0.7223,23.6089,10.1035
train,369,145,1588,205,yellow brick on blue brick,yellow brick on top of drawer,2.7804,0.8525,24.4768,10.1035
train,369,150,1588,210,yellow brick on blue brick,yellow brick on top of drawer,2.7066,0.9596,24.084,12.0224
train,369,175,1377,55,yellow brick on blue brick,yellow brick in basket,2.9492,-0.8537,38.337,25.8379
train,369,200,1377,75,yellow brick on blue brick,yellow brick in basket,4.1554,0.9074,24.8017,16.1292
train,369,205,1080,130,yellow brick on blue brick,can on stove,3.8716,0.7021,9.9667,20.5761
train,369,215,1467,185,yellow brick on blue brick,yellow brick on blue plate,3.4857,-0.4604,16.726,26.025
train,369,220,1467,190,yellow brick on blue brick,yellow brick on blue plate,3.42,0.7314,9.2701,36.7817
train,369,225,1467,190,yellow brick on blue brick,yellow brick on blue plate,3.4237,0.7174,13.0978,36.7817
train,369,230,1080,150,yellow brick on blue brick,can on stove,3.4623,0.7272,35.404,11.9025
train,369,235,1080,160,yellow brick on blue brick,can on stove,3.3904,0.1245,50.3586,45.2205
train,369,250,1588,205,yellow brick on blue brick,yellow brick on top of drawer,2.9007,0.9337,44.1209,10.1035
train,369,255,1588,210,yellow brick on blue brick,yellow brick on top of drawer,2.7635,0.9506,29.7257,12.0224
train,369,285,1150,75,yellow brick on blue brick,grey cup on pan,2.9973,-0.5233,49.8881,14.4739
train,369,300,924,110,yellow brick on blue brick,blue brick between pink cup and basket,4.5907,0.7393,17.2438,8.3372
train,369,320,1504,130,yellow brick on blue brick,yellow brick on blue plate,4.2735,-0.2493,27.7929,2.3203
train,369,325,1590,35,yellow brick on blue brick,yellow brick on top of drawer,3.7294,-0.1323,21.5478,10.5877
train,369,330,1590,40,yellow brick on blue brick,yellow brick on top of drawer,2.9018,-0.9631,14.5575,4.3131
train,369,335,1590,45,yellow brick on blue brick,yellow brick on top of drawer,2.5295,0.5273,12.5709,3.1782
train,370,60,923,145,yellow brick on blue brick,blue brick between pink cup and basket,2.8137,-0.4933,11.309,12.9873
train,370,75,923,160,yellow brick on blue brick,blue brick between pink cup and basket,2.2077,-0.8588,16.6901,17.0945
train,370,115,1220,55,yellow brick on blue brick,pink cup on pink plate,2.4617,0.6614,22.7444,23.9751
train,371,140,1204,120,yellow brick on blue plate,pink cup next to drawer,2.5378,0.9069,12.659,19.6905
train,371,150,1204,130,yellow brick on blue plate,pink cup next to drawer,2.3654,0.8541,27.9505,45.7754
train,371,165,1231,65,yellow brick on blue plate,point to top drawer,2.1033,0.83,19.7952,9.7544
train,371,170,1231,65,yellow brick on blue plate,point to top drawer,2.0981,0.6038,17.6691,9.7544
train,371,195,1209,65,yellow brick on blue plate,pink cup next to drawer,1.9594,0.9319,23.2968,17.9103
train,371,205,1027,90,yellow brick on blue plate,red brick on pink plate and blue brick on pink plate,2.759,0.6529,9.6709,13.3828
train,372,135,1204,130,yellow brick on blue plate,pink cup next to drawer,2.5217,0.6733,16.4385,45.7754
train,372,140,1204,135,yellow brick on blue plate,pink cup next to drawer,2.4164,-0.9695,24.734,28.7185
train,372,155,1361,335,yellow brick on blue plate,blue brick in blue bowl and yellow brick in blue bowl,2.1104,0.6823,24.7608,16.5739
train,372,165,1209,60,yellow brick on blue plate,pink cup next to drawer,2.0139,0.7575,23.7076,13.7875
train,373,35,1207,105,yellow brick on blue plate,pink cup next to drawer,3.4158,-0.9981,17.9172,19.1635
train,373,40,1193,125,yellow brick on blue plate,pink cup next to drawer,3.3826,0.1601,29.0059,43.3686
train,373,45,1199,130,yellow brick on blue plate,pink cup next to drawer,3.3164,-0.7783,27.9024,26.6241
train,373,50,1199,135,yellow brick on blue plate,pink cup next to drawer,3.0708,-0.9898,21.0967,23.2255
train,373,55,1199,135,yellow brick on blue plate,pink cup next to drawer,3.0021,-0.999,18.2693,23.2255
train,373,60,1195,150,yellow brick on blue plate,pink cup next to drawer,2.8617,0.5107,22.0238,20.4087
train,373,65,1195,150,yellow brick on blue plate,pink cup next to drawer,2.7467,0.4695,32.6732,20.4087
train,373,70,1231,60,yellow brick on blue plate,point to top drawer,2.6299,0.3869,24.3755,17.471
train,373,100,1209,65,yellow brick on blue plate,pink cup next to drawer,2.6157,0.9808,20.3889,17.9103
train,373,105,1209,65,yellow brick on blue plate,pink cup next to drawer,2.9455,0.8936,26.1665,17.9103
train,373,110,1389,55,yellow brick on blue plate,yellow brick in basket,2.9538,-0.9982,15.392,4.3959
train,373,135,1358,165,yellow brick on blue plate,blue brick in blue bowl and yellow brick in blue bowl,2.8511,0.7763,38.904,16.3819
train,373,140,1358,170,yellow brick on blue plate,blue brick in blue bowl and yellow brick in blue bowl,2.7767,-0.104,30.1382,25.7907
train,373,190,1377,75,yellow brick on blue plate,yellow brick in basket,2.862,0.9483,25.8316,16.1292
train,373,195,1377,80,yellow brick on blue plate,yellow brick in basket,2.9463,0.9309,22.065,9.3538
train,374,140,1361,335,yellow brick on blue plate,blue brick in blue bowl and yellow brick in blue bowl,2.18,0.6992,18.8843,16.5739
train,374,175,1027,95,yellow brick on blue plate,red brick on pink plate and blue brick on pink plate,2.7644,0.9714,10.329,5.8583
train,375,0,1225,70,yellow brick on blue plate,pink cup on pink plate,1.5893,0.1122,17.3796,18.4441
train,375,150,1209,55,yellow brick on blue plate,pink cup next to drawer,2.2474,0.8416,28.0463,23.0533
train,375,155,1209,55,yellow brick on blue plate,pink cup next to drawer,2.1783,0.7443,20.0976,23.0533
train,375,205,1351,205,yellow brick on blue plate,blue brick in blue bowl and yellow brick in blue bowl,1.9834,0.9893,24.376,15.686
train,376,0,1369,135,yellow brick on blue plate,blue brick in blue bowl and yellow brick in blue bowl,1.5128,0.5666,14.4151,8.2018
train,376,140,1352,340,yellow brick on blue plate,blue brick in blue bowl and yellow brick in blue bowl,2.6769,0.2687,24.9092,18.6989
train,376,170,1209,65,yellow brick on blue plate,pink cup next to drawer,1.9446,0.9624,27.2022,17.9103
train,379,55,1198,125,yellow brick on blue plate,pink cup next to drawer,2.5226,-0.5268,11.4139,11.14
train,379,65,1204,130,yellow brick on blue plate,pink cup next to drawer,2.4989,-0.6037,18.9194,45.7754
train,379,75,1204,135,yellow brick on blue plate,pink cup next to drawer,2.3015,-0.967,18.205,28.7185
train,379,105,1209,65,yellow brick on blue plate,pink cup next to drawer,2.2713,0.9541,24.0093,17.9103
train,379,110,1209,70,yellow brick on blue plate,pink cup next to drawer,2.4934,0.9768,29.1182,28.815
train,379,115,1209,75,yellow brick on blue plate,pink cup next to drawer,2.5754,0.88,31.7883,35.9976
train,379,120,1209,75,yellow brick on blue plate,pink cup next to drawer,2.7129,0.7995,27.2037,35.9976
train,379,125,1214,95,yellow brick on blue plate,pink cup on pink plate,2.987,-0.5453,25.7902,21.7888
train,379,130,1355,240,yellow brick on blue plate,blue brick in blue bowl and yellow brick in blue bowl,2.9359,0.4127,30.382,41.5182
train,379,135,1355,255,yellow brick on blue plate,blue brick in blue bowl and yellow brick in blue bowl,2.7116,0.026,25.744,6.4601
train,380,30,1392,40,yellow brick on blue plate,yellow brick in orange bowl,3.1882,0.7699,12.3495,17.6266
train,380,35,1539,60,yellow brick on blue plate,yellow brick on pink plate,3.6013,0.4916,16.9588,24.9137
train,380,50,1204,125,yellow brick on blue plate,pink cup next to drawer,3.7503,0.4333,16.7158,60.3424
train,380,55,1204,130,yellow brick on blue plate,pink cup next to drawer,3.7555,0.6023,12.0521,45.7754
train,380,60,1361,140,yellow brick on blue plate,blue brick in blue bowl and yellow brick in blue bowl,3.7302,0.7842,15.7756,25.3919
train,380,70,1361,145,yellow brick on blue plate,blue brick in blue bowl and yellow brick in blue bowl,3.4683,0.9518,17.8132,14.0373
train,380,75,1361,150,yellow brick on blue plate,blue brick in blue bowl and yellow brick in blue bowl,3.4694,0.6476,23.619,15.9101
train,380,80,1199,140,yellow brick on blue plate,pink cup next to drawer,3.1269,-0.0165,20.0693,13.27
train,380,90,1451,125,yellow brick on blue plate,yellow brick on blue plate,2.6858,-0.0246,34.8978,18.7199
train,380,95,1361,335,yellow brick on blue plate,blue brick in blue bowl and yellow brick in blue bowl,2.608,0.2377,24.7935,16.5739
train,380,100,1361,340,yellow brick on blue plate,blue brick in blue bowl and yellow brick in blue bowl,2.5519,0.3061,18.4248,12.2544
train,380,150,1231,75,yellow brick on blue plate,point to top drawer,2.1607,0.9665,11.3108,3.7944
train,380,155,1209,65,yellow brick on blue plate,pink cup next to drawer,2.3533,0.9936,29.0586,17.9103
train,380,160,1209,65,yellow brick on blue plate,pink cup next to drawer,2.3206,0.9996,37.5002,17.9103
train,380,165,1209,70,yellow brick on blue plate,pink cup next to drawer,2.546,0.4898,12.7956,28.815
train,380,200,1197,160,yellow brick on blue plate,pink cup next to drawer,2.2538,-0.9996,39.0612,17.3067
train,380,205,1197,160,yellow brick on blue plate,pink cup next to drawer,2.0759,0.3261,31.2088,17.3067
train,381,215,1377,75,yellow brick on blue plate,yellow brick in basket,2.7143,0.888,35.7613,16.1292
train,382,35,1540,0,yellow brick on blue plate,yellow brick on pink plate,2.5596,0.3924,8.0692,1.1277
train,382,235,1351,200,yellow brick on blue plate,blue brick in blue bowl and yellow brick in blue bowl,2.0188,0.0009,27.4542,5.5516
train,383,50,1204,130,yellow brick on blue plate,pink cup next to drawer,2.9719,-0.2233,20.5967,45.7754
train,383,55,1204,130,yellow brick on blue plate,pink cup next to drawer,2.6635,-0.4903,22.4293,45.7754
train,383,65,1204,130,yellow brick on blue plate,pink cup next to drawer,2.5903,-0.3776,23.6124,45.7754
train,383,80,1204,135,yellow brick on blue plate,pink cup next to drawer,2.4877,-0.9859,20.1679,28.7185
train,383,85,1231,60,yellow brick on blue plate,point to top drawer,2.4453,0.307,27.0702,17.471
train,383,115,1209,65,yellow brick on blue plate,pink cup next to drawer,2.6362,0.9235,28.7544,17.9103
train,383,120,1209,65,yellow brick on blue plate,pink cup next to drawer,2.8495,0.9418,31.2764,17.9103
train,383,125,1209,70,yellow brick on blue plate,pink cup next to drawer,2.8274,0.7504,36.4252,28.815
train,383,130,1209,75,yellow brick on blue plate,pink cup next to drawer,2.8708,0.498,26.2489,35.9976
train,383,145,1355,245,yellow brick on blue plate,blue brick in blue bowl and yellow brick in blue bowl,2.7938,0.8532,43.8455,31.054
train,383,150,1355,255,yellow brick on blue plate,blue brick in blue bowl and yellow brick in blue bowl,2.5955,-0.5309,34.4926,6.4601
train,383,155,1355,260,yellow brick on blue plate,blue brick in blue bowl and yellow brick in blue bowl,2.4589,-0.9008,28.9087,4.5458
train,383,170,1209,60,yellow brick on blue plate,pink cup next to drawer,1.9025,0.9992,12.5224,13.7875
train,383,185,1369,150,yellow brick on blue plate,blue brick in blue bowl and yellow brick in blue bowl,2.7622,-0.8862,9.0216,18.3311
train,383,200,1195,15,yellow brick on blue plate,pink cup next to drawer,2.747,-0.0901,31.2603,11.8604
train,384,60,1198,130,yellow brick on blue plate,pink cup next to drawer,2.0844,0.9969,16.3888,28.831
train,384,70,1198,135,yellow brick on blue plate,pink cup next to drawer,2.194,0.9856,16.131,33.0749
train,384,105,1209,65,yellow brick on blue plate,pink cup next to drawer,2.0931,0.9553,30.4225,17.9103
train,384,110,1209,70,yellow brick on blue plate,pink cup next to drawer,2.4004,0.9891,31.7315,28.815
train,384,115,1209,70,yellow brick on blue plate,pink cup next to drawer,2.4406,0.9589,36.2521,28.815
train,384,120,1209,95,yellow brick on blue plate,pink cup next to drawer,2.6378,0.9978,34.9193,46.7878
train,384,125,1524,285,yellow brick on blue plate,yellow brick on pink plate,2.745,-0.1666,32.6363,39.8953
train,384,135,1353,260,yellow brick on blue plate,blue brick in blue bowl and yellow brick in blue bowl,2.5599,0.5108,16.8878,16.2674
train,385,60,1195,145,yellow brick on blue plate,pink cup next to drawer,2.8843,0.1551,19.7592,41.4522
train,385,70,1195,150,yellow brick on blue plate,pink cup next to drawer,2.7728,0.3438,39.7876,20.4087
train,385,75,1195,150,yellow brick on blue plate,pink cup next to drawer,2.7357,0.3224,34.9223,20.4087
train,385,85,1195,150,yellow brick on blue plate,pink cup next to drawer,2.5338,0.3474,21.9485,20.4087
train,385,105,1209,65,yellow brick on blue plate,pink cup next to drawer,2.453,0.9898,29.5523,17.9103
train,385,110,1209,65,yellow brick on blue plate,pink cup next to drawer,2.5928,0.9687,31.4158,17.9103
train,385,205,1028,195,yellow brick on blue plate,red brick on pink plate and blue brick on pink plate,2.4434,0.5354,23.0717,6.5255
train,386,30,1384,55,yellow brick on blue plate,yellow brick in basket,2.8332,-0.7646,9.2097,6.6115
train,386,40,1204,125,yellow brick on blue plate,pink cup next to drawer,2.8502,0.9873,8.6999,60.3424
train,386,50,1204,130,yellow brick on blue plate,pink cup next to drawer,2.7524,-0.8453,22.3725,45.7754
train,386,60,1204,135,yellow brick on blue plate,pink cup next to drawer,2.7244,-0.9999,35.4786,28.7185
train,386,65,1199,135,yellow brick on blue plate,pink cup next to drawer,2.6907,-0.8569,34.0534,23.2255
train,386,70,1498,180,yellow brick on blue plate,yellow brick on blue plate,2.6744,-0.5591,29.6238,15.3082
train,386,75,1498,185,yellow brick on blue plate,yellow brick on blue plate,2.6874,-0.5345,34.6148,22.56
train,386,80,1231,60,yellow brick on blue plate,point to top drawer,2.5277,0.4447,28.833,17.471
train,386,105,1209,65,yellow brick on blue plate,pink cup next to drawer,2.5239,0.9999,36.0641,17.9103
train,386,110,1209,65,yellow brick on blue plate,pink cup next to drawer,2.945,0.9291,45.0235,17.9103
train,386,115,1214,80,yellow brick on blue plate,pink cup on pink plate,2.9692,-0.989,18.2188,23.1423
train,386,125,1214,90,yellow brick on blue plate,pink cup on pink plate,2.9101,-0.4371,8.7703,19.1138
train,386,130,1214,95,yellow brick on blue plate,pink cup on pink plate,2.9598,-0.9581,25.1785,21.7888
train,386,135,1214,100,yellow brick on blue plate,pink cup on pink plate,2.8807,0.2575,43.6249,26.5914
train,386,140,1355,255,yellow brick on blue plate,blue brick in blue bowl and yellow brick in blue bowl,2.5959,-0.1972,36.1902,6.4601
train,386,180,1206,10,yellow brick on blue plate,pink cup next to drawer,2.6474,0.9239,19.3882,13.0609
train,386,185,1352,220,yellow brick on blue plate,blue brick in blue bowl and yellow brick in blue bowl,2.6285,-0.7206,30.2806,3.3207
train,387,170,1352,225,yellow brick on blue plate,blue brick in blue bowl and yellow brick in blue bowl,2.9896,0.7144,27.3675,4.9172
train,388,135,1197,150,yellow brick on blue plate,pink cup next to drawer,2.625,-0.7558,15.4716,26.1286
train,388,140,1197,155,yellow brick on blue plate,pink cup next to drawer,2.3824,-0.938,26.911,17.605
train,388,200,1352,225,yellow brick on blue plate,blue brick in blue bowl and yellow brick in blue bowl,2.3057,0.6547,19.3378,4.9172
train,389,25,1540,0,yellow brick on blue plate,yellow brick on pink plate,2.4328,0.3898,8.5168,1.1277
train,389,210,1368,280,yellow brick on blue plate,blue brick in blue bowl and yellow brick in blue bowl,2.1377,0.8335,30.6943,15.2945
train,390,10,1225,70,yellow brick on blue plate,pink cup on pink plate,1.3872,0.9963,24.4545,18.4441
train,390,25,1392,35,yellow brick on blue plate,yellow brick in orange bowl,2.8835,-0.24,8.8271,12.5077
train,390,40,1374,0,yellow brick on blue plate,yellow brick in basket,3.7285,-0.9202,21.9381,0.1029
train,390,140,1209,65,yellow brick on blue plate,pink cup next to drawer,1.7712,0.9998,22.964,17.9103
train,390,150,1225,80,yellow brick on blue plate,pink cup on pink plate,2.1436,0.4841,24.59,31.4723
train,390,160,1225,90,yellow brick on blue plate,pink cup on pink plate,2.8057,0.9616,36.6709,31.5207
train,390,165,1197,155,yellow brick on blue plate,pink cup next to drawer,2.667,-0.9774,33.8914,17.605
train,391,40,1028,140,yellow brick on blue plate,red brick on pink plate and blue brick on pink plate,3.1982,-0.876,22.6039,24.0963
train,391,50,1198,125,yellow brick on blue plate,pink cup next to drawer,2.9902,-0.9605,16.8402,11.14
train,391,55,1209,45,yellow brick on blue plate,pink cup next to drawer,2.8236,-0.4239,13.319,16.3718
train,391,60,1209,45,yellow brick on blue plate,pink cup next to drawer,2.6114,-0.9146,22.5289,16.3718
train,391,80,1361,340,yellow brick on blue plate,blue brick in blue bowl and yellow brick in blue bowl,2.1284,0.7498,20.0094,12.2544
train,391,105,1209,60,yellow brick on blue plate,pink cup next to drawer,2.1136,0.5257,23.2229,13.7875
train,391,110,1209,65,yellow brick on blue plate,pink cup next to drawer,2.205,0.9776,30.1569,17.9103
train,391,115,1209,70,yellow brick on blue plate,pink cup next to drawer,2.2964,0.7439,11.6437,28.815
train,391,190,1195,20,yellow brick on blue plate,pink cup next to drawer,2.043,0.2896,8.9021,8.7621
train,392,40,1204,130,yellow brick on blue plate,pink cup next to drawer,2.3997,-0.3783,24.7181,45.7754
train,392,115,1209,65,yellow brick on blue plate,pink cup next to drawer,1.9798,0.9775,39.3831,17.9103
train,392,120,1209,70,yellow brick on blue plate,pink cup next to drawer,2.3478,0.9862,53.5232,28.815
train,392,125,1209,75,yellow brick on blue plate,pink cup next to drawer,2.5182,0.9242,40.3705,35.9976
train,392,130,1214,90,yellow brick on blue plate,pink cup on pink plate,2.5851,-0.9032,17.5284,19.1138
train,392,135,1214,95,yellow brick on blue plate,pink cup on pink plate,2.5702,-0.8391,22.808,21.7888
train,392,140,1214,95,yellow brick on blue plate,pink cup on pink plate,2.4832,-0.6726,37.2146,21.7888
train,392,145,1212,85,yellow brick on blue plate,pink cup on pink plate,2.2481,-0.4119,34.0869,25.1299
train,392,195,1195,15,yellow brick on blue plate,pink cup next to drawer,2.3486,-0.5463,9.4178,11.8604
train,394,175,1352,220,yellow brick on blue plate,blue brick in blue bowl and yellow brick in blue bowl,2.8078,-0.9248,24.5628,3.3207
train,394,180,1352,225,yellow brick on blue plate,blue brick in blue bowl and yellow brick in blue bowl,2.6975,0.8934,28.8743,4.9172
train,395,45,1204,130,yellow brick on blue plate,pink cup next to drawer,2.7139,-0.9808,10.9177,45.7754
train,395,55,1198,135,yellow brick on blue plate,pink cup next to drawer,2.2357,0.9979,33.2918,33.0749
train,395,70,1361,335,yellow brick on blue plate,blue brick in blue bowl and yellow brick in blue bowl,2.1292,0.0413,23.1599,16.5739
train,395,75,1361,340,yellow brick on blue plate,blue brick in blue bowl and yellow brick in blue bowl,2.1161,0.6248,16.9894,12.2544
train,395,80,1361,340,yellow brick on blue plate,blue brick in blue bowl and yellow brick in blue bowl,2.0585,0.5129,13.4533,12.2544
train,395,100,1209,65,yellow brick on blue plate,pink cup next to drawer,1.8097,0.9942,31.3224,17.9103
train,395,105,1209,65,yellow brick on blue plate,pink cup next to drawer,2.1132,0.9841,40.0593,17.9103
train,395,130,1078,135,yellow brick on blue plate,can on stove,2.5444,0.1258,24.6712,31.6148
train,395,135,1351,205,yellow brick on blue plate,blue brick in blue bowl and yellow brick in blue bowl,2.2976,0.5686,23.4558,15.686
train,396,80,1361,335,yellow brick on blue plate,blue brick in blue bowl and yellow brick in blue bowl,2.0889,0.1794,29.7318,16.5739
train,396,120,1209,60,yellow brick on blue plate,pink cup next to drawer,1.8986,0.1024,32.2975,13.7875
train,396,125,1209,65,yellow brick on blue plate,pink cup next to drawer,2.0955,0.9756,23.4729,17.9103
train,396,130,1209,70,yellow brick on blue plate,pink cup next to drawer,2.2624,0.6295,32.7841,28.815
train,396,135,1209,75,yellow brick on blue plate,pink cup next to drawer,2.4207,0.6319,41.0688,35.9976
train,396,140,1209,80,yellow brick on blue plate,pink cup next to drawer,2.6051,-0.7907,26.7752,29.9472
train,396,145,1214,95,yellow brick on blue plate,pink cup on pink plate,2.6108,-0.3932,36.2599,21.7888
train,397,160,1384,50,yellow brick on blue plate,yellow brick in basket,2.5899,0.4708,17.5751,7.93
train,397,170,1202,125,yellow brick on blue plate,pink cup next to drawer,2.8179,0.5003,27.9088,43.0304
train,397,180,1202,125,yellow brick on blue plate,pink cup next to drawer,2.6175,0.483,24.4786,43.0304
train,397,185,1202,125,yellow brick on blue plate,pink cup next to drawer,2.5281,-0.0169,31.5859,43.0304
train,397,190,1202,130,yellow brick on blue plate,pink cup next to drawer,2.5056,-0.9411,30.534,30.8857
train,397,195,1171,105,yellow brick on blue plate,pink cup in basket,2.5068,-0.4093,37.6198,23.7011
train,397,200,1360,285,yellow brick on blue plate,blue brick in blue bowl and yellow brick in blue bowl,2.3867,0.312,26.2784,25.7646
train,397,215,1209,60,yellow brick on blue plate,pink cup next to drawer,2.5975,0.5192,34.4414,13.7875
train,398,140,1180,115,yellow brick on blue plate,pink cup in basket,2.792,0.649,24.0328,32.9992
train,398,145,1361,310,yellow brick on blue plate,blue brick in blue bowl and yellow brick in blue bowl,3.0622,0.5094,15.4268,36.373
train,398,155,1351,135,yellow brick on blue plate,blue brick in blue bowl and yellow brick in blue bowl,3.0373,0.9653,27.146,26.5016
train,398,160,1361,325,yellow brick on blue plate,blue brick in blue bowl and yellow brick in blue bowl,2.9381,-0.4679,29.2177,65.0798
train,398,165,1352,340,yellow brick on blue plate,blue brick in blue bowl and yellow brick in blue bowl,2.8721,-0.5233,40.1922,18.6989
train,398,170,1361,335,yellow brick on blue plate,blue brick in blue bowl and yellow brick in blue bowl,2.7265,0.8194,40.5071,16.5739
train,398,175,1361,340,yellow brick on blue plate,blue brick in blue bowl and yellow brick in blue bowl,2.445,0.8431,23.0619,12.2544
train,399,130,1180,115,yellow brick on blue plate,pink cup in basket,2.933,-0.6976,38.3958,32.9992
train,399,155,1181,140,yellow brick on blue plate,pink cup in basket,2.3441,-0.9969,22.1146,33.6243
train,399,160,1181,145,yellow brick on blue plate,pink cup in basket,2.3062,-0.3739,40.2868,27.6079
train,399,165,1171,105,yellow brick on blue plate,pink cup in basket,2.3828,-0.3262,39.2429,23.7011
train,399,170,1171,115,yellow brick on blue plate,pink cup in basket,2.3194,0.7593,34.0367,25.0489
train,399,175,1171,120,yellow brick on blue plate,pink cup in basket,2.2484,0.9084,27.7491,20.8796
train,400,35,1458,110,yellow brick on blue plate,yellow brick on blue plate,2.7666,-0.3983,20.3266,23.1048
train,400,55,1076,135,yellow brick on blue plate,can on stove,2.2045,0.0583,18.9057,1.2328
train,400,75,1068,55,yellow brick on blue plate,can on stove,2.1826,0.8807,26.2695,5.901
train,400,80,1068,60,yellow brick on blue plate,can on stove,2.3292,0.8106,36.4157,14.0372
train,400,105,905,180,yellow brick on blue plate,blue bowl on pink plate and yellow brick in blue bowl,2.5008,-0.8029,16.4394,13.2829
train,400,110,905,185,yellow brick on blue plate,blue bowl on pink plate and yellow brick in blue bowl,2.2298,0.9745,13.8943,3.4268
train,400,155,1063,15,yellow brick on blue plate,can on stove,2.3853,0.6804,8.2066,8.8426
train,400,160,1063,20,yellow brick on blue plate,can on stove,2.3117,0.6567,9.9718,9.6792
train,401,25,1079,105,yellow brick on blue plate,can on stove,3.7932,-0.3297,33.4281,17.0873
train,401,35,1479,130,yellow brick on blue plate,yellow brick on blue plate,3.8354,-0.309,15.0026,29.8929
train,401,40,1265,95,yellow brick on blue plate,push pink cup,3.7436,0.2322,11.4509,30.1627
train,401,45,1265,95,yellow brick on blue plate,push pink cup,3.6044,0.1215,18.8996,30.1627
train,401,50,1265,100,yellow brick on blue plate,push pink cup,3.4101,-0.3441,15.5522,24.9103
train,401,55,1265,105,yellow brick on blue plate,push pink cup,3.2367,0.3209,29.5819,41.8467
train,401,60,1171,105,yellow brick on blue plate,pink cup in basket,2.8292,-0.4276,50.0107,23.7011
train,401,65,1171,110,yellow brick on blue plate,pink cup in basket,2.6758,0.5013,37.8121,21.9679
train,401,70,1171,115,yellow brick on blue plate,pink cup in basket,2.5718,0.9103,30.1829,25.0489
train,401,95,723,85,yellow brick on blue plate,banana in basket,3.9213,1.0,40.1906,21.9396
train,401,100,723,90,yellow brick on blue plate,banana in basket,4.2559,0.3877,20.5091,5.5863
train,401,105,723,95,yellow brick on blue plate,banana in basket,4.3584,0.0047,12.9121,7.4163
train,401,110,723,100,yellow brick on blue plate,banana in basket,4.3603,-0.95,14.879,16.008
train,401,120,1216,105,yellow brick on blue plate,pink cup on pink plate,4.8501,-0.6365,11.7605,7.7651
train,401,130,905,175,yellow brick on blue plate,blue bowl on pink plate and yellow brick in blue bowl,2.9571,-0.1393,13.0057,5.7873
train,401,135,905,185,yellow brick on blue plate,blue bowl on pink plate and yellow brick in blue bowl,2.6236,0.9001,19.8746,3.4268
train,401,205,1091,15,yellow brick on blue plate,can on stove,2.2919,-0.971,9.1895,6.0218
train,402,50,1465,60,yellow brick on blue plate,yellow brick on blue plate,3.5511,-0.9165,24.3784,23.3814
train,402,55,1465,65,yellow brick on blue plate,yellow brick on blue plate,3.4532,0.5439,23.935,11.1384
train,402,60,1465,70,yellow brick on blue plate,yellow brick on blue plate,3.2703,-0.7748,23.2577,22.7466
train,402,70,1198,125,yellow brick on blue plate,pink cup next to drawer,2.6126,-0.8109,26.8367,11.14
train,402,75,1096,145,yellow brick on blue plate,can on stove,2.5545,0.9857,38.3632,17.2919
train,402,80,1076,135,yellow brick on blue plate,can on stove,2.4917,0.0522,37.9307,1.2328
train,402,85,1076,135,yellow brick on blue plate,can on stove,2.4179,0.0263,40.3574,1.2328
train,402,90,1076,135,yellow brick on blue plate,can on stove,2.3656,-0.0711,32.3917,1.2328
train,402,95,1076,135,yellow brick on blue plate,can on stove,2.3236,-0.3251,22.2198,1.2328
train,402,100,1076,135,yellow brick on blue plate,can on stove,2.2883,-0.3947,16.1852,1.2328
train,402,105,1076,135,yellow brick on blue plate,can on stove,2.2127,-0.3186,17.0041,1.2328
train,402,115,1370,315,yellow brick on blue plate,blue brick in blue bowl and yellow brick in blue bowl,2.2457,0.7817,15.8682,13.1701
train,402,120,1209,65,yellow brick on blue plate,pink cup next to drawer,2.6374,0.9889,38.7777,17.9103
train,402,145,1462,80,yellow brick on blue plate,yellow brick on blue plate,2.7823,-0.4314,19.4235,11.5678
train,402,150,1462,90,yellow brick on blue plate,yellow brick on blue plate,2.4799,-0.1678,34.6462,22.1148
train,403,135,1353,120,yellow brick on blue plate,blue brick in blue bowl and yellow brick in blue bowl,3.2507,0.8096,20.5238,11.3952
train,403,140,1204,125,yellow brick on blue plate,pink cup next to drawer,2.9625,0.3264,31.263,60.3424
train,403,150,1361,325,yellow brick on blue plate,blue brick in blue bowl and yellow brick in blue bowl,2.6161,-0.8302,13.5001,65.0798
train,403,160,1361,335,yellow brick on blue plate,blue brick in blue bowl and yellow brick in blue bowl,2.2768,0.7539,31.6743,16.5739
train,403,165,1361,340,yellow brick on blue plate,blue brick in blue bowl and yellow brick in blue bowl,2.133,0.828,24.8444,12.2544
train,403,195,1377,75,yellow brick on blue plate,yellow brick in basket,4.1667,-0.8245,19.3897,16.1292
train,403,210,1129,40,yellow brick on blue plate,grey cup on grey plate,2.5017,0.9196,16.8094,16.9674
train,404,10,1392,35,yellow brick on blue plate,yellow brick in orange bowl,2.4016,0.0227,16.6602,12.5077
train,404,120,1481,135,yellow brick on blue plate,yellow brick on blue plate,2.5806,0.7725,14.8009,21.8341
train,404,150,1062,145,yellow brick on blue plate,can on stove,2.0767,-0.1664,33.9972,11.983
train,405,45,1458,90,yellow brick on blue plate,yellow brick on blue plate,3.3224,-0.9964,8.203,30.9665
train,405,60,1028,135,yellow brick on blue plate,red brick on pink plate and blue brick on pink plate,3.7533,-0.9894,21.9213,0.715
train,405,65,1028,135,yellow brick on blue plate,red brick on pink plate and blue brick on pink plate,4.0677,-0.6297,18.5392,0.715
train,405,80,1370,285,yellow brick on blue plate,blue brick in blue bowl and yellow brick in blue bowl,4.0667,0.8787,13.0854,71.2008
train,405,85,1370,285,yellow brick on blue plate,blue brick in blue bowl and yellow brick in blue bowl,3.9443,-0.4426,8.3758,71.2008
train,405,90,1265,100,yellow brick on blue plate,push pink cup,3.52,-0.1071,24.7509,24.9103
train,405,95,1370,295,yellow brick on blue plate,blue brick in blue bowl and yellow brick in blue bowl,3.2014,-0.7455,24.3629,15.5326
train,405,100,1370,295,yellow brick on blue plate,blue brick in blue bowl and yellow brick in blue bowl,2.9526,-0.1586,33.8199,15.5326
train,405,105,1230,185,yellow brick on blue plate,pink cup on pink plate,2.7116,0.9858,33.9694,12.7049
train,405,110,1588,205,yellow brick on blue plate,yellow brick on top of drawer,2.5948,0.5288,22.8709,10.1035
train,405,115,1588,210,yellow brick on blue plate,yellow brick on top of drawer,2.4642,0.9859,17.7707,12.0224
train,405,170,1209,65,yellow brick on blue plate,pink cup next to drawer,2.2643,1.0,32.1377,17.9103
train,405,180,1225,80,yellow brick on blue plate,pink cup on pink plate,3.0751,0.3984,37.6662,31.4723
train,405,210,1078,150,yellow brick on blue plate,can on stove,2.6382,-0.6786,40.5652,23.2035
train,406,65,1076,135,yellow brick on blue plate,can on stove,2.3097,-0.0104,37.7132,1.2328
train,406,80,1076,135,yellow brick on blue plate,can on stove,2.1164,-0.3638,28.3661,1.2328
train,406,85,1076,135,yellow brick on blue plate,can on stove,2.1005,-0.3705,25.3616,1.2328
train,406,90,1076,135,yellow brick on blue plate,can on stove,2.0617,-0.3481,19.3189,1.2328
train,406,110,1220,60,yellow brick on blue plate,pink cup on pink plate,2.262,0.8245,41.4114,29.3667
train,406,115,1220,60,yellow brick on blue plate,pink cup on pink plate,2.3545,0.9554,52.6979,29.3667
train,406,120,1220,65,yellow brick on blue plate,pink cup on pink plate,2.3643,0.8901,40.3492,29.9469
train,406,125,1220,70,yellow brick on blue plate,pink cup on pink plate,2.5337,0.998,30.487,38.2217
train,406,130,1220,75,yellow brick on blue plate,pink cup on pink plate,2.7032,-0.9992,27.3799,30.248
train,406,135,1462,80,yellow brick on blue plate,yellow brick on blue plate,2.5819,-0.6035,32.6316,11.5678
train,406,140,1462,85,yellow brick on blue plate,yellow brick on blue plate,2.4118,0.3316,37.4733,26.3388
train,406,195,1377,80,yellow brick on blue plate,yellow brick in basket,2.7817,0.4583,21.216,9.3538
train,406,200,1063,25,yellow brick on blue plate,can on stove,2.6379,-0.7438,22.737,8.6713
train,407,160,1198,135,yellow brick on blue plate,pink cup next to drawer,2.4982,0.8902,20.9128,33.0749
train,407,165,1198,135,yellow brick on blue plate,pink cup next to drawer,2.4087,0.9838,20.6571,33.0749
train,407,170,1209,55,yellow brick on blue plate,pink cup next to drawer,2.3232,0.9161,21.0018,23.0533
train,408,40,1198,115,yellow brick on blue plate,pink cup next to drawer,3.4195,0.3036,27.6909,14.4512
train,408,45,1254,95,yellow brick on blue plate,push pink cup,3.3186,-0.9343,28.9903,38.8205
train,408,50,1199,135,yellow brick on blue plate,pink cup next to drawer,3.1222,-0.4663,21.5568,23.2255
train,408,55,1199,135,yellow brick on blue plate,pink cup next to drawer,2.8851,-0.9167,30.4694,23.2255
train,408,60,1204,130,yellow brick on blue plate,pink cup next to drawer,2.7984,-0.7377,22.5558,45.7754
train,408,65,1204,135,yellow brick on blue plate,pink cup next to drawer,2.6566,-0.9912,27.1769,28.7185
train,408,70,1204,135,yellow brick on blue plate,pink cup next to drawer,2.5568,-0.9972,37.2812,28.7185
train,408,75,1195,145,yellow brick on blue plate,pink cup next to drawer,2.5255,-0.4298,27.8973,41.4522
train,408,80,1210,160,yellow brick on blue plate,pink cup next to drawer,2.4776,-0.3382,27.5981,30.7639
train,408,85,1209,55,yellow brick on blue plate,pink cup next to drawer,2.3505,0.9247,23.0301,23.0533
train,408,100,1209,65,yellow brick on blue plate,pink cup next to drawer,2.7762,0.5209,20.7982,17.9103
train,408,105,1390,55,yellow brick on blue plate,yellow brick in basket,3.125,-0.9944,36.6881,11.1292
train,408,120,1214,90,yellow brick on blue plate,pink cup on pink plate,3.3723,-0.1079,14.1095,19.1138
train,408,125,1214,95,yellow brick on blue plate,pink cup on pink plate,3.3674,0.0529,12.0269,21.7888
train,408,130,1502,75,yellow brick on blue plate,yellow brick on blue plate,3.0515,-0.3373,35.21,42.1534
train,408,135,1355,255,yellow brick on blue plate,blue brick in blue bowl and yellow brick in blue bowl,2.6809,-0.3742,31.3307,6.4601
train,408,140,1355,255,yellow brick on blue plate,blue brick in blue bowl and yellow brick in blue bowl,2.5833,-0.8371,25.582,6.4601
train,408,195,1209,15,yellow brick on blue plate,pink cup next to drawer,3.1073,0.9634,10.7802,4.6235
train,408,200,1377,80,yellow brick on blue plate,yellow brick in basket,3.071,0.3096,20.9104,9.3538
train,409,25,1199,10,yellow brick on blue plate,pink cup next to drawer,2.4233,-0.6796,28.2516,13.1095
train,409,30,1199,15,yellow brick on blue plate,pink cup next to drawer,2.9071,-0.773,27.3671,11.6732
train,409,60,1465,65,yellow brick on blue plate,yellow brick on blue plate,3.6435,-0.9922,13.3093,11.1384
train,409,75,1198,125,yellow brick on blue plate,pink cup next to drawer,2.6439,-0.0433,26.1268,11.14
train,409,80,1230,175,yellow brick on blue plate,pink cup on pink plate,2.3643,0.3633,19.447,12.9541
train,409,85,1230,180,yellow brick on blue plate,pink cup on pink plate,2.3018,0.9576,19.6812,11.4369
train,409,90,1361,335,yellow brick on blue plate,blue brick in blue bowl and yellow brick in blue bowl,2.0776,0.7358,24.2622,16.5739
train,409,115,1209,65,yellow brick on blue plate,pink cup next to drawer,2.5408,0.9327,47.4137,17.9103
train,409,140,1214,95,yellow brick on blue plate,pink cup on pink plate,2.7359,-0.8889,16.279,21.7888
train,409,215,1068,15,yellow brick on blue plate,can on stove,2.6487,-0.3124,11.0897,7.048
train,410,150,1351,300,yellow brick on blue plate,blue brick in blue bowl and yellow brick in blue bowl,2.5175,-0.9194,13.014,24.9
train,410,200,1377,75,yellow brick on blue plate,yellow brick in basket,2.7336,0.9876,14.2196,16.1292
train,410,205,1377,80,yellow brick on blue plate,yellow brick in basket,2.6234,0.2117,15.9839,9.3538
train,412,45,1028,140,yellow brick on blue plate,red brick on pink plate and blue brick on pink plate,2.5756,-0.9773,16.3268,24.0963
train,412,50,1038,300,yellow brick on blue plate,red brick on pink plate and blue brick on pink plate,2.4119,-0.585,17.3042,3.9559
train,412,55,1038,305,yellow brick on blue plate,red brick on pink plate and blue brick on pink plate,2.3419,0.9959,14.3634,14.9578
train,412,135,1209,70,yellow brick on blue plate,pink cup next to drawer,2.9059,0.0127,16.472,28.815
train,412,140,1209,75,yellow brick on blue plate,pink cup next to drawer,3.1257,-0.3594,11.2325,35.9976
train,412,145,1023,240,yellow brick on blue plate,red brick on pink plate and blue brick on pink plate,3.1763,-0.3781,11.2251,8.9789
train,413,170,1204,120,yellow brick on blue plate,pink cup next to drawer,2.2635,0.9327,29.2971,19.6905
train,413,180,1204,130,yellow brick on blue plate,pink cup next to drawer,2.5335,-0.0363,17.7087,45.7754
train,413,190,1197,150,yellow brick on blue plate,pink cup next to drawer,2.3635,0.7317,23.0512,26.1286
train,413,195,1197,155,yellow brick on blue plate,pink cup next to drawer,2.2472,0.1879,21.1346,17.605
train,413,200,1197,155,yellow brick on blue plate,pink cup next to drawer,2.2828,0.7684,16.8303,17.605
train,413,205,1180,65,yellow brick on blue plate,pink cup in basket,2.2856,0.5559,19.5696,6.0095
train,413,210,1180,65,yellow brick on blue plate,pink cup in basket,2.1936,0.3375,16.3401,6.0095
train,413,230,1209,65,yellow brick on blue plate,pink cup next to drawer,2.124,-0.9978,10.6319,17.9103
train,413,260,1377,80,yellow brick on blue plate,yellow brick in basket,2.6418,0.6134,12.4287,9.3538
train,414,80,1028,140,yellow brick on blue plate,red brick on pink plate and blue brick on pink plate,3.0198,-0.9512,14.6364,24.0963
train,414,85,1252,95,yellow brick on blue plate,push pink cup,3.0788,0.6181,15.8507,16.659
train,414,90,1254,100,yellow brick on blue plate,push pink cup,2.9205,0.547,8.7385,40.6118
train,414,95,1204,135,yellow brick on blue plate,pink cup next to drawer,2.6804,-0.9047,29.2736,28.7185
train,414,100,1204,135,yellow brick on blue plate,pink cup next to drawer,2.5136,-0.9949,34.126,28.7185
train,414,105,1204,135,yellow brick on blue plate,pink cup next to drawer,2.3871,-0.997,37.6464,28.7185
train,414,110,1204,135,yellow brick on blue plate,pink cup next to drawer,2.3386,-0.9873,35.6086,28.7185
train,414,115,1204,145,yellow brick on blue plate,pink cup next to drawer,2.3049,-0.1701,33.1056,53.5912
train,414,145,1225,70,yellow brick on blue plate,pink cup on pink plate,2.3886,0.9399,33.2221,18.4441
train,414,150,1225,75,yellow brick on blue plate,pink cup on pink plate,2.7952,0.9946,33.3562,33.1667
train,414,155,1209,70,yellow brick on blue plate,pink cup next to drawer,2.9976,0.897,27.9101,28.815
train,414,160,1209,75,yellow brick on blue plate,pink cup next to drawer,3.2133,0.9542,31.8087,35.9976
train,414,165,1539,60,yellow brick on blue plate,yellow brick on pink plate,3.4208,0.0948,34.1702,24.9137
train,414,170,1561,45,yellow brick on blue plate,yellow brick on pink plate,3.3704,-0.8669,33.2422,15.2896
train,414,175,1206,115,yellow brick on blue plate,pink cup next to drawer,3.1498,0.6546,24.5727,63.255
train,414,180,1206,120,yellow brick on blue plate,pink cup next to drawer,2.7986,-0.7527,19.362,43.5182
train,414,185,1206,125,yellow brick on blue plate,pink cup next to drawer,2.6808,-0.779,18.4021,71.8063
train,414,190,1361,335,yellow brick on blue plate,blue brick in blue bowl and yellow brick in blue bowl,2.4929,0.4485,29.5414,16.5739
train,414,195,1361,335,yellow brick on blue plate,blue brick in blue bowl and yellow brick in blue bowl,2.2623,0.6842,22.2474,16.5739
train,414,200,1361,340,yellow brick on blue plate,blue brick in blue bowl and yellow brick in blue bowl,2.1621,0.8421,14.6918,12.2544
train,414,205,1209,60,yellow brick on blue plate,pink cup next to drawer,1.9714,0.9999,12.184,13.7875
train,415,15,1225,70,yellow brick on blue plate,pink cup on pink plate,1.604,0.9876,28.6183,18.4441
train,415,20,1369,140,yellow brick on blue plate,blue brick in blue bowl and yellow brick in blue bowl,2.2031,-0.8853,21.2068,21.1169
train,415,25,1369,145,yellow brick on blue plate,blue brick in blue bowl and yellow brick in blue bowl,2.5005,0.1555,24.1517,21.8037
train,415,30,1572,50,yellow brick on blue plate,yellow brick on pink plate,2.7813,0.9618,23.88,14.9489
train,415,35,1369,20,yellow brick on blue plate,blue brick in blue bowl and yellow brick in blue bowl,2.8854,-0.4624,23.6297,3.9441
train,415,40,1472,15,yellow brick on blue plate,yellow brick on blue plate,3.1055,0.902,18.4787,25.0583
train,416,35,1193,35,yellow brick on blue plate,pink cup next to drawer,2.6515,0.093,8.6113,4.7927
train,416,155,1198,115,yellow brick on blue plate,pink cup next to drawer,2.0007,-0.1361,22.2666,14.4512
train,416,190,1209,60,yellow brick on blue plate,pink cup next to drawer,2.0082,0.5494,16.9247,13.7875
train,416,215,1352,220,yellow brick on blue plate,blue brick in blue bowl and yellow brick in blue bowl,2.9742,-0.8144,27.6784,3.3207
train,416,220,994,170,yellow brick on blue plate,open drawer and blue brick in drawer and close drawer,2.6149,0.8914,26.3572,19.3677
train,416,225,1032,180,yellow brick on blue plate,red brick on pink plate and blue brick on pink plate,2.1086,-0.506,20.6437,2.6887
train,417,155,1198,130,yellow brick on blue plate,pink cup next to drawer,2.2632,0.9255,13.6015,28.831
train,417,160,1198,130,yellow brick on blue plate,pink cup next to drawer,2.2052,0.8007,14.9244,28.831
train,417,200,1027,100,yellow brick on blue plate,red brick on pink plate and blue brick on pink plate,3.2251,-0.6388,20.6572,4.6106
train,417,205,1040,220,yellow brick on blue plate,red brick on pink plate and blue brick on pink plate,3.1937,0.4717,17.9725,15.7642
train,418,60,1039,130,yellow brick on blue plate,red brick on pink plate and blue brick on pink plate,3.5847,-0.539,38.6811,39.0027
train,418,65,1038,305,yellow brick on blue plate,red brick on pink plate and blue brick on pink plate,3.4959,0.9813,26.3237,14.9578
train,418,70,1038,305,yellow brick on blue plate,red brick on pink plate and blue brick on pink plate,3.3227,0.8715,12.3561,14.9578
train,418,75,1198,125,yellow brick on blue plate,pink cup next to drawer,2.821,-0.9695,22.4745,11.14
train,418,80,1025,285,yellow brick on blue plate,red brick on pink plate and blue brick on pink plate,2.5766,-0.9999,34.1205,19.9374
train,418,90,1179,130,yellow brick on blue plate,pink cup in basket,2.5633,0.9118,34.8526,34.2798
train,418,105,998,195,yellow brick on blue plate,open drawer and blue brick in drawer and close drawer,2.2843,-0.1307,25.1814,17.9143
train,418,140,953,100,yellow brick on blue plate,blue brick in basket,1.9637,0.881,15.8345,12.9231
train,418,145,924,100,yellow brick on blue plate,blue brick between pink cup and basket,2.2425,0.9855,39.7286,38.1124
train,418,150,953,110,yellow brick on blue plate,blue brick in basket,2.5953,-0.3793,30.6268,35.4628
train,418,165,1216,105,yellow brick on blue plate,pink cup on pink plate,2.951,-0.3609,25.446,7.7651
train,418,170,1216,110,yellow brick on blue plate,pink cup on pink plate,2.9982,0.2608,21.3419,15.9617
train,418,175,779,105,yellow brick on blue plate,banana in basket,2.6725,0.9775,28.5471,1.5455
train,419,30,936,35,yellow brick on blue plate,blue brick between pink cup and basket,2.2025,-0.1733,8.0534,5.6563
train,419,160,1198,125,yellow brick on blue plate,pink cup next to drawer,2.2975,-0.3586,21.3069,11.14
train,419,170,1198,130,yellow brick on blue plate,pink cup next to drawer,2.2466,0.9045,26.2476,28.831
train,419,180,981,330,yellow brick on blue plate,open drawer and blue brick in drawer and close drawer,2.1397,0.4169,24.7137,14.4032
train,419,190,1209,65,yellow brick on blue plate,pink cup next to drawer,2.7597,0.9457,29.4222,17.9103
train,419,220,1040,220,yellow brick on blue plate,red brick on pink plate and blue brick on pink plate,2.8679,0.8578,33.7163,15.7642
train,420,5,1188,55,yellow brick on blue plate,pink cup in basket,1.346,0.9884,26.642,21.073
train,420,15,988,155,yellow brick on blue plate,open drawer and blue brick in drawer and close drawer,2.008,-0.0249,22.4387,26.0599
train,420,145,1204,125,yellow brick on blue plate,pink cup next to drawer,2.6585,0.8215,29.6668,60.3424
train,420,150,1204,130,yellow brick on blue plate,pink cup next to drawer,2.4266,0.9273,32.2062,45.7754
train,420,160,1204,145,yellow brick on blue plate,pink cup next to drawer,2.4944,-0.3153,20.5365,53.5912
train,420,165,1039,235,yellow brick on blue plate,red brick on pink plate and blue brick on pink plate,2.342,0.002,24.191,21.2796
train,420,170,1039,235,yellow brick on blue plate,red brick on pink plate and blue brick on pink plate,2.2485,-0.0876,25.3591,21.2796
train,420,180,1209,60,yellow brick on blue plate,pink cup next to drawer,2.1175,0.6301,14.9918,13.7875
train,420,205,1039,180,yellow brick on blue plate,red brick on pink plate and blue brick on pink plate,3.6209,-0.8498,20.2472,12.1215
train,420,210,1039,185,yellow brick on blue plate,red brick on pink plate and blue brick on pink plate,3.4043,-0.9478,21.8422,25.4667
train,420,220,1078,155,yellow brick on blue plate,can on stove,2.2682,-0.2971,12.2102,21.298
train,420,225,1481,140,yellow brick on blue plate,yellow brick on blue plate,1.9981,0.4573,37.1285,18.8458
train,421,100,923,65,yellow brick on blue plate,blue brick between pink cup and basket,1.9114,0.949,15.7752,19.415
train,421,110,923,70,yellow brick on blue plate,blue brick between pink cup and basket,2.1503,0.6528,17.3468,23.956
train,421,115,923,75,yellow brick on blue plate,blue brick between pink cup and basket,2.3415,0.4353,27.4269,27.7455
train,421,120,1133,115,yellow brick on blue plate,grey cup on pan,2.5253,-0.3836,28.1082,15.2995
train,421,135,1133,130,yellow brick on blue plate,grey cup on pan,2.0758,0.9482,26.153,7.4327
train,423,80,923,55,yellow brick on blue plate,blue brick between pink cup and basket,2.3318,0.9499,15.3375,12.6561
train,423,85,923,55,yellow brick on blue plate,blue brick between pink cup and basket,2.2386,0.9999,10.0993,12.6561
train,423,100,923,65,yellow brick on blue plate,blue brick between pink cup and basket,2.1878,0.7931,17.1991,19.415
train,423,110,1181,90,yellow brick on blue plate,pink cup in basket,2.4079,0.5153,21.6582,23.9297
train,423,115,1377,70,yellow brick on blue plate,yellow brick in basket,2.5852,-0.9999,31.6114,27.8266
train,423,120,1503,60,yellow brick on blue plate,yellow brick on blue plate,2.6632,0.9952,23.6689,15.7035
train,423,125,1404,85,yellow brick on blue plate,yellow brick in orange bowl,2.6552,0.7925,12.9647,11.9355
train,423,130,1593,150,yellow brick on blue plate,yellow brick on top of drawer,2.388,0.9747,11.9855,31.9119
train,423,135,1593,165,yellow brick on blue plate,yellow brick on top of drawer,2.2147,-0.5086,16.2525,3.1869
train,424,0,1133,80,yellow brick on blue plate,grey cup on pan,1.609,-0.9531,25.1443,31.7609
train,424,30,923,30,yellow brick on blue plate,blue brick between pink cup and basket,2.1858,-0.7586,10.4611,2.9262
train,424,50,923,55,yellow brick on blue plate,blue brick between pink cup and basket,1.6922,0.8356,8.4453,12.6561
train,424,95,923,125,yellow brick on blue plate,blue brick between pink cup and basket,2.3276,0.7306,9.1141,64.1099
train,424,100,1182,160,yellow brick on blue plate,pink cup in basket,2.3659,-0.7397,10.9565,32.8715
train,424,115,923,65,yellow brick on blue plate,blue brick between pink cup and basket,2.4858,0.3969,10.0455,19.415
train,424,125,1377,65,yellow brick on blue plate,yellow brick in basket,2.6835,-0.9545,19.6806,29.9174
train,424,130,1377,70,yellow brick on blue plate,yellow brick in basket,2.4892,-0.9427,8.6729,27.8266
train,424,145,1326,170,yellow brick on blue plate,white cup on pan,2.2919,0.8311,20.1349,12.5542
train,424,150,1326,175,yellow brick on blue plate,white cup on pan,2.0189,0.9536,13.3941,19.8014
train,425,70,923,55,yellow brick on blue plate,blue brick between pink cup and basket,2.4174,0.9102,13.2193,12.6561
train,425,100,1377,75,yellow brick on blue plate,yellow brick in basket,2.7178,0.8967,33.6172,16.1292
train,425,125,923,55,yellow brick on blue plate,blue brick between pink cup and basket,2.0841,-0.493,24.1046,12.6561
train,426,155,1377,70,yellow brick on blue plate,yellow brick in basket,2.5357,-0.7421,16.2472,27.8266
train,427,75,923,65,yellow brick on blue plate,blue brick between pink cup and basket,1.9685,0.7456,16.6095,19.415
train,427,110,1181,140,yellow brick on blue plate,pink cup in basket,2.1362,0.8119,15.9522,33.6243
train,427,130,923,70,yellow brick on blue plate,blue brick between pink cup and basket,2.3175,0.9007,29.7209,23.956
train,427,150,1377,80,yellow brick on blue plate,yellow brick in basket,2.3527,-0.928,9.116,9.3538
train,428,15,923,125,yellow brick on blue plate,blue brick between pink cup and basket,2.5367,-0.34,18.1476,64.1099
train,428,25,923,130,yellow brick on blue plate,blue brick between pink cup and basket,2.6526,-0.9809,12.8936,27.3322
train,428,30,923,130,yellow brick on blue plate,blue brick between pink cup and basket,2.5724,-0.2206,9.2913,27.3322
train,428,40,923,135,yellow brick on blue plate,blue brick between pink cup and basket,2.4489,0.915,31.0596,4.7798
train,428,55,923,145,yellow brick on blue plate,blue brick between pink cup and basket,2.4857,0.9817,21.7856,12.9873
train,428,60,923,160,yellow brick on blue plate,blue brick between pink cup and basket,2.4569,0.9326,15.3971,17.0945
train,428,75,923,65,yellow brick on blue plate,blue brick between pink cup and basket,2.237,0.9655,25.1311,19.415
train,428,80,923,70,yellow brick on blue plate,blue brick between pink cup and basket,2.2167,0.9927,33.8179,23.956
train,428,100,1133,115,yellow brick on blue plate,grey cup on pan,2.3748,0.5268,8.0907,15.2995
train,428,110,1133,135,yellow brick on blue plate,grey cup on pan,2.1227,0.3977,34.2298,1.526
train,428,125,1597,90,yellow brick on blue plate,yellow brick on top of drawer,2.1097,-0.1259,9.798,26.1616
train,430,80,1326,165,yellow brick on blue plate,white cup on pan,2.6188,0.9481,25.8605,15.5046
train,430,85,1593,150,yellow brick on blue plate,yellow brick on top of drawer,2.441,0.9911,22.275,31.9119
train,432,75,1509,65,yellow brick on pink plate,yellow brick on blue plate,2.0802,-0.8371,37.5578,3.0022
train,432,80,1220,65,yellow brick on pink plate,pink cup on pink plate,2.1679,0.5796,42.2107,29.9469
train,432,85,1091,65,yellow brick on pink plate,can on stove,2.3547,0.9947,42.6603,26.7798
train,432,90,1521,70,yellow brick on pink plate,yellow brick on pink plate,2.4236,0.8655,43.5997,45.8787
train,432,95,1521,75,yellow brick on pink plate,yellow brick on pink plate,2.4173,0.9564,34.6006,29.4496
train,432,100,1212,90,yellow brick on pink plate,pink cup on pink plate,2.2343,0.9686,20.6847,15.9151
train,433,10,1257,105,yellow brick on pink plate,push pink cup,1.3625,0.7598,8.7046,7.0687
train,433,30,1462,85,yellow brick on pink plate,yellow brick on blue plate,2.106,0.4645,23.4974,26.3388
train,433,125,1364,280,yellow brick on pink plate,blue brick in blue bowl and yellow brick in blue bowl,2.0873,0.1766,25.9939,26.6848
train,433,155,1209,65,yellow brick on pink plate,pink cup next to drawer,2.2619,0.8943,27.6878,17.9103
train,433,160,1360,85,yellow brick on pink plate,blue brick in blue bowl and yellow brick in blue bowl,2.6051,0.8218,23.0369,16.4096
train,433,165,1377,70,yellow brick on pink plate,yellow brick in basket,2.6434,-0.9991,37.9558,27.8266
train,433,170,1377,75,yellow brick on pink plate,yellow brick in basket,2.6273,0.776,36.3268,16.1292
train,434,10,1364,285,yellow brick on pink plate,blue brick in blue bowl and yellow brick in blue bowl,2.3124,0.4211,22.6937,52.9824
train,434,15,1195,110,yellow brick on pink plate,pink cup next to drawer,2.4833,0.2908,17.2457,16.8948
train,434,20,1195,115,yellow brick on pink plate,pink cup next to drawer,2.5541,-0.7692,14.8213,61.7008
train,434,65,1361,335,yellow brick on pink plate,blue brick in blue bowl and yellow brick in blue bowl,2.5334,0.9981,15.1822,16.5739
train,434,85,1209,65,yellow brick on pink plate,pink cup next to drawer,2.2773,0.9396,26.7412,17.9103
train,434,90,1209,65,yellow brick on pink plate,pink cup next to drawer,2.2922,0.9857,33.4506,17.9103
train,434,125,1366,265,yellow brick on pink plate,blue brick in blue bowl and yellow brick in blue bowl,2.4076,-0.6704,23.0214,18.843
train,435,95,1351,130,yellow brick on pink plate,blue brick in blue bowl and yellow brick in blue bowl,2.8745,0.1418,25.5626,23.3619
train,435,115,1209,60,yellow brick on pink plate,pink cup next to drawer,2.7613,0.63,23.3558,13.7875
train,435,120,1209,65,yellow brick on pink plate,pink cup next to drawer,2.7487,0.2151,15.6472,17.9103
train,435,130,1377,70,yellow brick on pink plate,yellow brick in basket,3.2383,0.9697,26.9794,27.8266
train,436,10,1104,105,yellow brick on pink plate,can on stove,2.4898,-0.8182,20.7009,10.3322
train,436,15,1090,90,yellow brick on pink plate,can on stove,2.7258,0.5089,14.4001,13.0788
train,436,40,1204,130,yellow brick on pink plate,pink cup next to drawer,3.2257,-0.2644,36.2712,45.7754
train,436,45,1195,140,yellow brick on pink plate,pink cup next to drawer,3.1711,0.0995,40.3033,76.2481
train,436,50,1195,145,yellow brick on pink plate,pink cup next to drawer,3.0039,0.1146,35.5554,41.4522
train,436,55,1195,150,yellow brick on pink plate,pink cup next to drawer,2.901,0.8284,30.9077,20.4087
train,436,60,1195,155,yellow brick on pink plate,pink cup next to drawer,2.6856,0.8168,19.1342,16.1336
train,436,70,1209,65,yellow brick on pink plate,pink cup next to drawer,2.5145,0.9651,20.122,17.9103
train,436,75,1209,65,yellow brick on pink plate,pink cup next to drawer,2.6787,0.9944,32.7459,17.9103
train,436,80,1209,70,yellow brick on pink plate,pink cup next to drawer,2.6904,0.9144,40.2662,28.815
train,436,85,1389,55,yellow brick on pink plate,yellow brick in basket,2.8248,-0.9061,8.1547,4.3959
train,436,90,1517,55,yellow brick on pink plate,yellow brick on blue plate,3.0222,0.303,13.8021,26.2646
train,436,95,1517,60,yellow brick on pink plate,yellow brick on blue plate,3.011,0.8079,32.3512,25.5114
train,436,100,1502,75,yellow brick on pink plate,yellow brick on blue plate,2.7833,-0.3184,40.6779,42.1534
train,436,105,1502,80,yellow brick on pink plate,yellow brick on blue plate,2.6476,-0.8068,28.9457,17.3386
train,436,110,1361,340,yellow brick on pink plate,blue brick in blue bowl and yellow brick in blue bowl,2.4472,-0.4899,15.6192,12.2544
train,436,115,1353,210,yellow brick on pink plate,blue brick in blue bowl and yellow brick in blue bowl,2.452,0.4762,39.3073,13.5905
train,436,125,1369,150,yellow brick on pink plate,blue brick in blue bowl and yellow brick in blue bowl,3.1824,-0.6169,24.807,18.3311
train,436,145,1368,285,yellow brick on pink plate,blue brick in blue bowl and yellow brick in blue bowl,2.8762,0.9955,25.6784,14.9364
train,437,55,1181,85,yellow brick on pink plate,pink cup in basket,2.3483,0.9994,10.4445,23.2979
train,437,60,1354,130,yellow brick on pink plate,blue brick in blue bowl and yellow brick in blue bowl,2.5327,-0.272,10.0636,14.1798
train,437,65,1353,170,yellow brick on pink plate,blue brick in blue bowl and yellow brick in blue bowl,2.7014,0.3097,22.7294,11.5251
train,437,75,1197,155,yellow brick on pink plate,pink cup next to drawer,2.5297,0.21,10.0048,17.605
train,437,80,1078,150,yellow brick on pink plate,can on stove,2.3809,-0.3559,23.4233,23.2035
train,437,85,1074,545,yellow brick on pink plate,can on stove,2.2106,-0.6824,28.1546,23.8225
train,437,90,1074,550,yellow brick on pink plate,can on stove,2.1626,0.0454,31.2027,20.2596
train,437,100,1220,60,yellow brick on pink plate,pink cup on pink plate,1.9521,0.9102,25.3968,29.3667
train,437,105,1181,90,yellow brick on pink plate,pink cup in basket,2.0408,0.7411,26.5921,23.9297
train,438,75,1206,105,yellow brick on pink plate,pink cup next to drawer,2.4687,-0.241,31.628,44.5369
train,438,85,1206,115,yellow brick on pink plate,pink cup next to drawer,2.657,-0.0036,37.9344,63.255
train,438,90,1206,120,yellow brick on pink plate,pink cup next to drawer,2.7603,0.2824,34.9322,43.5182
train,438,115,1400,60,yellow brick on pink plate,yellow brick in orange bowl,2.7641,-0.6035,32.952,30.2182
train,438,120,1404,70,yellow brick on pink plate,yellow brick in orange bowl,2.7616,-0.8869,28.0573,38.4245
train,439,30,1195,110,yellow brick on pink plate,pink cup next to drawer,3.1027,0.678,28.3565,16.8948
train,439,35,1206,110,yellow brick on pink plate,pink cup next to drawer,3.0934,-0.8931,25.1743,43.392
train,439,65,1361,335,yellow brick on pink plate,blue brick in blue bowl and yellow brick in blue bowl,2.48,0.7924,11.9242,16.5739
train,439,95,1209,65,yellow brick on pink plate,pink cup next to drawer,2.2035,0.9498,14.9926,17.9103
train,439,100,1354,125,yellow brick on pink plate,blue brick in blue bowl and yellow brick in blue bowl,2.3764,1.0,15.2913,12.2145
train,439,110,1197,145,yellow brick on pink plate,pink cup next to drawer,2.892,-0.2962,34.7025,26.612
train,439,115,1197,150,yellow brick on pink plate,pink cup next to drawer,2.9664,-0.0294,40.1026,26.1286
train,439,120,1197,155,yellow brick on pink plate,pink cup next to drawer,2.9121,-0.0615,38.9353,17.605
train,439,125,1355,145,yellow brick on pink plate,blue brick in blue bowl and yellow brick in blue bowl,2.6883,-0.0389,24.7057,14.6435
train,439,130,1209,60,yellow brick on pink plate,pink cup next to drawer,2.5614,-0.5772,36.5477,13.7875
train,439,135,1209,65,yellow brick on pink plate,pink cup next to drawer,2.3794,0.9281,35.9889,17.9103
train,439,145,1377,70,yellow brick on pink plate,yellow brick in basket,2.7946,-0.9792,25.338,27.8266
train,439,150,1377,75,yellow brick on pink plate,yellow brick in basket,2.6533,0.7916,28.0446,16.1292
train,439,170,1078,145,yellow brick on pink plate,can on stove,1.7449,-0.8257,21.8722,27.2107
train,440,0,1356,90,yellow brick on pink plate,blue brick in blue bowl and yellow brick in blue bowl,2.2986,0.6119,19.0346,27.0734
train,440,5,1369,95,yellow brick on pink plate,blue brick in blue bowl and yellow brick in blue bowl,2.4948,0.0926,8.775,50.7797
train,440,35,1195,115,yellow brick on pink plate,pink cup next to drawer,2.3975,0.1371,23.4079,61.7008
train,440,50,1195,140,yellow brick on pink plate,pink cup next to drawer,2.555,0.2586,22.2353,76.2481
train,440,60,1361,330,yellow brick on pink plate,blue brick in blue bowl and yellow brick in blue bowl,2.4821,0.9566,17.6413,21.0558
train,440,75,1209,65,yellow brick on pink plate,pink cup next to drawer,2.3408,0.9832,43.5972,17.9103
train,440,80,1209,70,yellow brick on pink plate,pink cup next to drawer,2.5219,0.95,47.1468,28.815
train,440,105,1209,105,yellow brick on pink plate,pink cup next to drawer,2.6188,-0.0236,42.4672,14.4961
train,441,125,1175,135,yellow brick on pink plate,pink cup in basket,2.3773,0.8315,32.6273,25.6351
train,441,140,714,155,yellow brick on pink plate,banana in basket,2.5382,0.9303,15.9685,27.7108
train,441,145,714,160,yellow brick on pink plate,banana in basket,2.5455,0.6422,9.114,29.934
train,441,150,945,170,yellow brick on pink plate,blue brick in basket,2.4779,0.9285,19.5148,7.6847
train,441,155,945,175,yellow brick on pink plate,blue brick in basket,2.2464,0.8274,25.5455,4.8719
train,441,160,1059,30,yellow brick on pink plate,can on grey plate,2.2577,0.8997,17.403,16.4998
train,441,165,779,65,yellow brick on pink plate,banana in basket,2.8778,0.9875,14.8301,12.7846
train,441,195,779,105,yellow brick on pink plate,banana in basket,2.5263,0.3728,16.5116,1.5455
train,442,10,947,100,yellow brick on pink plate,blue brick in basket,2.5613,-0.9973,18.8509,15.7478
train,442,50,1254,105,yellow brick on pink plate,push pink cup,2.988,-0.3325,37.6698,19.1794
train,442,55,730,135,yellow brick on pink plate,banana in basket,2.9783,-0.9371,35.7725,22.9748
train,442,65,730,145,yellow brick on pink plate,banana in basket,2.8183,0.9918,19.07,19.1657
train,442,85,1059,30,yellow brick on pink plate,can on grey plate,2.8908,0.7296,37.6312,16.4998
train,442,90,953,110,yellow brick on pink plate,blue brick in basket,2.9665,-0.1904,26.8188,35.4628
train,442,110,1058,60,yellow brick on pink plate,can on grey plate,3.0724,0.7634,39.4427,15.1218
train,442,115,887,55,yellow brick on pink plate,banana in orange bowl,2.726,-0.9919,28.0652,10.3003
train,442,120,887,60,yellow brick on pink plate,banana in orange bowl,2.6316,-0.6473,23.9728,24.052
train,442,125,702,65,yellow brick on pink plate,banana in basket,2.7353,-0.8761,30.0256,23.4988
train,442,135,702,75,yellow brick on pink plate,banana in basket,2.8892,0.9671,11.4592,21.2357
train,442,140,1179,75,yellow brick on pink plate,pink cup in basket,2.9119,-0.2259,20.6897,16.6911
train,442,145,1288,45,yellow brick on pink plate,red brick in green bowl and yellow brick in green bowl,2.788,-0.549,20.9209,14.2161
train,444,5,947,115,yellow brick on pink plate,blue brick in basket,2.2279,-0.4737,12.3859,7.138
train,444,15,947,125,yellow brick on pink plate,blue brick in basket,2.2514,-0.9994,13.1141,5.5963
train,444,20,947,130,yellow brick on pink plate,blue brick in basket,2.2926,-0.8585,10.3752,3.3027
train,444,25,1172,120,yellow brick on pink plate,pink cup in basket,2.3036,0.5906,10.3786,26.54
train,444,30,1172,130,yellow brick on pink plate,pink cup in basket,2.075,0.3633,27.7565,21.4729
train,444,95,1059,30,yellow brick on pink plate,can on grey plate,1.9272,0.6529,22.8824,16.4998
train,444,100,1059,35,yellow brick on pink plate,can on grey plate,2.5564,0.8399,22.5025,23.5433
train,444,110,1058,50,yellow brick on pink plate,can on grey plate,3.1769,-0.9942,18.9525,8.4895
train,444,115,1057,50,yellow brick on pink plate,can on grey plate,3.3835,-0.4412,19.3754,0.2553
train,444,120,1057,55,yellow brick on pink plate,can on grey plate,3.5637,-0.6331,21.2297,14.3655
train,444,125,703,115,yellow brick on pink plate,banana in basket,3.5128,0.9621,17.5442,28.6603
train,444,145,1179,135,yellow brick on pink plate,pink cup in basket,2.2543,0.5875,23.964,29.297
train,444,155,1059,80,yellow brick on pink plate,can on grey plate,2.3404,0.4329,23.1968,9.9828
train,445,30,700,130,yellow brick on pink plate,banana in basket,2.7228,0.0765,11.439,12.1447
train,445,35,1058,70,yellow brick on pink plate,can on grey plate,2.4519,0.665,9.6368,20.2931
train,446,25,1172,125,yellow brick on pink plate,pink cup in basket,1.4469,0.3598,18.7512,23.7051
train,446,45,1220,55,yellow brick on pink plate,pink cup on pink plate,1.8495,0.931,24.7219,23.9751
train,446,50,1057,35,yellow brick on pink plate,can on grey plate,2.0545,-0.1101,17.5952,13.78
train,446,55,1057,40,yellow brick on pink plate,can on grey plate,2.1498,0.7016,12.9848,13.426
train,446,70,887,50,yellow brick on pink plate,banana in orange bowl,2.3194,-0.6239,22.8858,12.5137
train,446,75,887,55,yellow brick on pink plate,banana in orange bowl,2.1482,-0.4746,34.9264,10.3003
train,447,25,1179,130,yellow brick on pink plate,pink cup in basket,2.5233,0.9794,19.5831,34.2798
train,447,30,1172,135,yellow brick on pink plate,pink cup in basket,2.3804,0.9985,20.4674,18.8153
train,447,35,1179,135,yellow brick on pink plate,pink cup in basket,2.2925,0.2797,20.8386,29.297
train,447,50,953,105,yellow brick on pink plate,blue brick in basket,2.4651,-0.9916,22.2562,17.901
train,447,80,774,85,yellow brick on pink plate,banana in basket,2.5072,-0.9182,10.1939,2.6097
train,447,85,914,145,yellow brick on pink plate,blue bowl on pink plate and yellow brick in blue bowl,2.2802,0.8236,21.5813,8.0716
train,448,0,1296,95,yellow brick on pink plate,white cup on grey plate,2.5972,-0.4144,14.2248,5.9993
train,448,20,1296,100,yellow brick on pink plate,white cup on grey plate,3.0249,-0.9289,24.7517,7.2807
train,448,40,1059,30,yellow brick on pink plate,can on grey plate,2.8807,-0.9139,13.3456,16.4998
train,448,45,1059,35,yellow brick on pink plate,can on grey plate,2.8539,0.3166,9.1577,23.5433
train,448,50,1059,40,yellow brick on pink plate,can on grey plate,2.9831,0.6069,15.9243,14.2757
train,448,55,1056,25,yellow brick on pink plate,can on grey plate,3.2764,0.9092,14.2092,14.6413
train,448,60,1056,30,yellow brick on pink plate,can on grey plate,3.3987,-0.8049,8.5913,1.9101
train,448,65,1056,35,yellow brick on pink plate,can on grey plate,3.5161,0.346,10.713,5.2514
train,448,70,1056,35,yellow brick on pink plate,can on grey plate,3.3359,0.5516,27.7802,5.2514
train,448,75,1056,40,yellow brick on pink plate,can on grey plate,3.1942,0.7584,28.1155,19.1501
train,448,80,1299,130,yellow brick on pink plate,white cup on grey plate,3.0467,-0.1013,27.6314,0.2213
train,448,90,1131,75,yellow brick on pink plate,grey cup on pan,2.8869,-0.4858,29.2594,3.9465
train,448,110,1300,100,yellow brick on pink plate,white cup on grey plate,3.4288,0.904,16.9707,1.7892
train,449,10,924,55,yellow brick on pink plate,blue brick between pink cup and basket,3.0656,0.9172,13.193,3.5877
train,449,15,924,60,yellow brick on pink plate,blue brick between pink cup and basket,3.2557,-0.9666,11.9614,1.5238
train,449,30,1558,80,yellow brick on pink plate,yellow brick on pink plate,3.1006,-0.439,15.3682,10.3569
train,449,35,1556,95,yellow brick on pink plate,yellow brick on pink plate,2.9547,0.994,18.5869,4.978
train,449,40,1556,100,yellow brick on pink plate,yellow brick on pink plate,2.6147,0.9998,21.074,4.7616
train,449,45,1556,100,yellow brick on pink plate,yellow brick on pink plate,2.3435,-0.9735,19.7874,4.7616
train,449,50,1556,100,yellow brick on pink plate,yellow brick on pink plate,2.2786,-0.9979,21.8966,4.7616
train,449,60,738,55,yellow brick on pink plate,banana in basket,2.6685,0.9824,28.8875,11.2692
train,449,65,738,60,yellow brick on pink plate,banana in basket,3.0234,0.8608,13.6272,14.2053
train,449,75,1053,40,yellow brick on pink plate,can on grey plate,3.2949,-0.8285,8.8456,4.6774
train,449,80,1053,45,yellow brick on pink plate,can on grey plate,3.3232,-0.6284,10.7135,5.7706
train,449,85,1053,50,yellow brick on pink plate,can on grey plate,3.3071,-0.8688,13.5119,9.1999
train,449,90,1058,60,yellow brick on pink plate,can on grey plate,3.0936,0.8981,21.8278,15.1218
train,449,100,1058,70,yellow brick on pink plate,can on grey plate,2.6372,0.8168,10.6325,20.2931
train,449,105,952,155,yellow brick on pink plate,blue brick in basket,2.2537,0.4427,15.3111,20.9191
train,449,120,946,90,yellow brick on pink plate,blue brick in basket,2.7417,-0.2056,15.6364,31.3495
train,450,100,729,165,yellow brick on pink plate,banana in basket,3.107,0.9984,14.0297,25.4552
train,450,105,1058,30,yellow brick on pink plate,can on grey plate,2.965,-0.8426,11.0041,7.5169
train,450,110,1058,35,yellow brick on pink plate,can on grey plate,2.9801,0.0403,25.4155,15.2366
train,451,0,1458,90,yellow brick on pink plate,yellow brick on blue plate,2.4244,-0.5559,16.2057,30.9665
train,451,50,1353,210,yellow brick on pink plate,blue brick in blue bowl and yellow brick in blue bowl,2.1867,0.956,22.408,13.5905
train,451,55,1209,65,yellow brick on pink plate,pink cup next to drawer,2.188,0.9576,17.9029,17.9103
train,451,60,1225,80,yellow brick on pink plate,pink cup on pink plate,2.3831,0.1708,10.3306,31.4723
train,451,65,1225,85,yellow brick on pink plate,pink cup on pink plate,2.8826,-0.8448,16.1947,30.4518
train,451,70,1199,25,yellow brick on pink plate,pink cup next to drawer,3.1753,-0.6341,21.3659,9.3686
train,451,85,1355,145,yellow brick on pink plate,blue brick in blue bowl and yellow brick in blue bowl,2.4971,0.7869,30.9326,14.6435
train,451,90,1068,50,yellow brick on pink plate,can on stove,2.4702,-0.1193,26.9609,16.6159
train,451,95,1209,65,yellow brick on pink plate,pink cup next to drawer,2.3955,0.7701,14.4965,17.9103
train,451,105,1377,65,yellow brick on pink plate,yellow brick in basket,2.7256,-0.3363,30.4775,29.9174
train,451,115,1377,75,yellow brick on pink plate,yellow brick in basket,2.7096,0.9051,8.8305,16.1292
train,452,0,1182,195,yellow brick on pink plate,pink cup in basket,1.347,0.5979,8.7714,7.7564
train,452,125,1369,145,yellow brick on pink plate,blue brick in blue bowl and yellow brick in blue bowl,2.5794,-0.6037,25.2627,21.8037
train,452,130,1377,70,yellow brick on pink plate,yellow brick in basket,2.7739,-0.9633,28.3965,27.8266
train,453,25,1206,120,yellow brick on pink plate,pink cup next to drawer,3.1271,-0.6575,10.333,43.5182
train,453,30,1352,340,yellow brick on pink plate,blue brick in blue bowl and yellow brick in blue bowl,2.7799,-0.9998,17.5073,18.6989
train,453,35,1352,340,yellow brick on pink plate,blue brick in blue bowl and yellow brick in blue bowl,2.3847,-0.9965,11.3766,18.6989
train,453,50,1361,335,yellow brick on pink plate,blue brick in blue bowl and yellow brick in blue bowl,1.8579,0.692,22.0993,16.5739
train,453,70,1225,75,yellow brick on pink plate,pink cup on pink plate,1.8955,0.9354,19.3104,33.1667
train,453,75,1225,80,yellow brick on pink plate,pink cup on pink plate,2.2224,0.9358,11.0331,31.4723
train,453,80,1386,55,yellow brick on pink plate,yellow brick in basket,2.6852,-0.4929,19.3236,4.5621
train,453,90,1386,70,yellow brick on pink plate,yellow brick in basket,2.9234,0.0105,14.6541,4.8263
train,453,105,1220,55,yellow brick on pink plate,pink cup on pink plate,2.5789,-0.478,28.3798,23.9751
train,454,30,1458,100,yellow brick on pink plate,yellow brick on blue plate,2.1886,-0.1591,11.9295,23.5569
train,454,75,1225,75,yellow brick on pink plate,pink cup on pink plate,2.1318,0.9965,27.4963,33.1667
train,454,100,1355,195,yellow brick on pink plate,blue brick in blue bowl and yellow brick in blue bowl,3.2011,0.994,24.7128,34.4809
train,454,105,1370,285,yellow brick on pink plate,blue brick in blue bowl and yellow brick in blue bowl,2.923,0.629,17.1847,71.2008
train,454,110,1370,290,yellow brick on pink plate,blue brick in blue bowl and yellow brick in blue bowl,2.7808,0.8025,22.1705,64.0756
train,454,115,1209,60,yellow brick on pink plate,pink cup next to drawer,2.9383,-0.6844,40.9663,13.7875
train,454,120,1209,65,yellow brick on pink plate,pink cup next to drawer,3.0372,0.8381,28.5686,17.9103
train,454,125,1023,225,yellow brick on pink plate,red brick on pink plate and blue brick on pink plate,3.2188,0.3464,34.8955,28.5123
train,454,130,1027,90,yellow brick on pink plate,red brick on pink plate and blue brick on pink plate,3.2767,-0.6859,10.8986,13.3828
train,455,110,1180,125,yellow brick on pink plate,pink cup in basket,2.0449,0.7531,25.9154,29.0903
train,455,130,1369,145,yellow brick on pink plate,blue brick in blue bowl and yellow brick in blue bowl,2.681,-0.2838,13.7694,21.8037
train,456,10,1064,110,yellow brick on pink plate,can on stove,2.4726,0.7687,18.8543,15.6953
train,456,20,1458,95,yellow brick on pink plate,yellow brick on blue plate,2.7079,0.7596,20.4988,24.433
train,456,45,1352,340,yellow brick on pink plate,blue brick in blue bowl and yellow brick in blue bowl,2.8418,0.9986,25.9977,18.6989
train,456,50,1352,340,yellow brick on pink plate,blue brick in blue bowl and yellow brick in blue bowl,2.8361,-0.7779,42.6514,18.6989
train,456,55,1230,180,yellow brick on pink plate,pink cup on pink plate,2.7622,0.9181,28.7028,11.4369
train,456,65,1230,180,yellow brick on pink plate,pink cup on pink plate,2.5694,0.7536,16.0443,11.4369
train,456,70,1216,155,yellow brick on pink plate,pink cup on pink plate,2.5043,-0.7473,16.1874,22.6442
train,456,75,1087,180,yellow brick on pink plate,can on stove,2.4364,0.6038,15.6016,10.359
train,456,115,1209,65,yellow brick on pink plate,pink cup next to drawer,2.2994,0.98,37.5561,17.9103
train,456,120,1389,50,yellow brick on pink plate,yellow brick in basket,2.6683,-0.4313,12.5115,9.6258
train,456,160,1466,180,yellow brick on pink plate,yellow brick on blue plate,2.1077,-0.1514,23.2784,13.0448
train,456,175,1486,75,yellow brick on pink plate,yellow brick on blue plate,2.2993,0.8716,14.0102,31.5526
train,457,70,1386,65,yellow brick on pink plate,yellow brick in basket,2.7117,-0.2348,8.2523,7.5905
train,457,100,1220,55,yellow brick on pink plate,pink cup on pink plate,2.4828,-0.0777,9.8753,23.9751
train,457,120,1377,75,yellow brick on pink plate,yellow brick in basket,2.8835,-0.1607,8.7924,16.1292
train,457,125,1377,75,yellow brick on pink plate,yellow brick in basket,2.8137,-0.1623,11.6598,16.1292
train,458,65,1225,70,yellow brick on pink plate,pink cup on pink plate,2.0994,0.9143,34.7142,18.4441
train,458,70,1209,65,yellow brick on pink plate,pink cup next to drawer,2.4239,0.9411,48.4361,17.9103
train,458,75,1209,70,yellow brick on pink plate,pink cup next to drawer,2.6197,0.8802,19.4986,28.815
train,458,85,1029,90,yellow brick on pink plate,red brick on pink plate and blue brick on pink plate,3.1021,-0.416,19.0796,16.8345
train,458,90,1572,65,yellow brick on pink plate,yellow brick on pink plate,3.0208,-0.8363,21.9018,11.1644
train,458,95,1462,80,yellow brick on pink plate,yellow brick on blue plate,2.7182,-0.9997,8.869,11.5678
train,458,130,1032,170,yellow brick on pink plate,red brick on pink plate and blue brick on pink plate,2.2739,-0.7993,8.4501,9.9865
train,459,95,1173,100,yellow brick on pink plate,pink cup in basket,2.3922,0.943,27.7437,40.221
train,459,105,1458,95,yellow brick on pink plate,yellow brick on blue plate,2.7964,0.2138,17.9649,24.433
train,459,110,1458,100,yellow brick on pink plate,yellow brick on blue plate,3.0016,0.73,20.2539,23.5569
train,459,120,924,85,yellow brick on pink plate,blue brick between pink cup and basket,2.7752,-0.3311,29.9598,23.0301
train,459,130,1068,55,yellow brick on pink plate,can on stove,3.1991,0.983,28.4118,5.901
train,460,50,998,190,yellow brick on pink plate,open drawer and blue brick in drawer and close drawer,1.836,-0.5037,11.9129,16.783
train,460,55,998,190,yellow brick on pink plate,open drawer and blue brick in drawer and close drawer,1.8434,-0.5653,13.0425,16.783
train,460,105,1179,65,yellow brick on pink plate,pink cup in basket,1.9921,0.7684,28.031,19.8557
train,460,110,1188,60,yellow brick on pink plate,pink cup in basket,2.0891,0.5508,17.5553,23.2985
train,460,115,1188,65,yellow brick on pink plate,pink cup in basket,2.5375,-0.2905,27.9154,20.4538
train,460,135,1078,145,yellow brick on pink plate,can on stove,2.4743,-0.8948,10.1146,27.2107
train,460,160,948,95,yellow brick on pink plate,blue brick in basket,1.862,0.2086,20.5003,20.5576
train,461,95,1198,135,yellow brick on top of drawer,pink cup next to drawer,1.6988,1.0,18.8768,33.0749
train,461,125,1225,75,yellow brick on top of drawer,pink cup on pink plate,1.7748,0.8858,23.7196,33.1667
train,461,135,938,85,yellow brick on top of drawer,blue brick between pink cup and basket,2.173,0.3751,10.1143,9.5767
train,461,155,1171,75,yellow brick on top of drawer,pink cup in basket,2.6112,-0.4262,16.1363,12.3932
train,461,210,1209,65,yellow brick on top of drawer,pink cup next to drawer,2.445,0.6514,34.0037,17.9103
train,461,220,1369,145,yellow brick on top of drawer,blue brick in blue bowl and yellow brick in blue bowl,3.8514,-0.9998,18.5156,21.8037
train,461,225,1369,150,yellow brick on top of drawer,blue brick in blue bowl and yellow brick in blue bowl,3.8859,-0.9988,17.4755,18.3311
train,461,230,1352,215,yellow brick on top of drawer,blue brick in blue bowl and yellow brick in blue bowl,3.7984,-0.9851,19.1879,4.3981
train,461,235,1352,220,yellow brick on top of drawer,blue brick in blue bowl and yellow brick in blue bowl,3.6302,0.4499,13.0108,3.3207
train,461,240,1361,205,yellow brick on top of drawer,blue brick in blue bowl and yellow brick in blue bowl,3.3649,0.3811,8.4237,17.2137
train,461,245,1361,210,yellow brick on top of drawer,blue brick in blue bowl and yellow brick in blue bowl,2.7777,-0.1913,18.9402,28.9941
train,462,100,1076,135,yellow brick on top of drawer,can on stove,1.6281,-0.1255,11.5387,1.2328
train,463,10,1455,5,yellow brick on top of drawer,yellow brick on blue plate,1.5136,0.9749,23.6593,14.6
train,463,15,1315,0,yellow brick on top of drawer,white cup on pan,1.7019,0.2195,18.3024,2.6494
train,463,105,1225,75,yellow brick on top of drawer,pink cup on pink plate,1.8577,1.0,18.4806,33.1667
train,463,145,1205,100,yellow brick on top of drawer,pink cup next to drawer,2.7602,0.9742,25.5621,26.1426
train,463,160,1231,60,yellow brick on top of drawer,point to top drawer,2.5442,-0.2123,24.516,17.471
train,463,170,1225,70,yellow brick on top of drawer,pink cup on pink plate,2.5648,0.9396,33.6073,18.4441
train,463,180,1369,145,yellow brick on top of drawer,blue brick in blue bowl and yellow brick in blue bowl,3.7807,0.8689,10.4542,21.8037
train,463,185,1369,150,yellow brick on top of drawer,blue brick in blue bowl and yellow brick in blue bowl,3.9619,0.9994,13.643,18.3311
train,463,190,1352,215,yellow brick on top of drawer,blue brick in blue bowl and yellow brick in blue bowl,4.0084,0.724,11.1318,4.3981
train,463,200,1352,225,yellow brick on top of drawer,blue brick in blue bowl and yellow brick in blue bowl,3.728,0.2479,9.1257,4.9172
train,463,205,1196,25,yellow brick on top of drawer,pink cup next to drawer,2.8349,0.6418,24.8698,1.2951
train,464,240,1369,145,yellow brick on top of drawer,blue brick in blue bowl and yellow brick in blue bowl,3.1417,0.1679,27.9396,21.8037
train,464,260,1091,10,yellow brick on top of drawer,can on stove,3.334,0.9107,11.7655,10.0787
train,464,265,1068,15,yellow brick on top of drawer,can on stove,2.9604,0.9914,29.6911,7.048
train,465,105,1361,340,yellow brick on top of drawer,blue brick in blue bowl and yellow brick in blue bowl,2.0065,0.6551,10.1568,12.2544
train,465,125,1225,70,yellow brick on top of drawer,pink cup on pink plate,1.8193,0.9163,14.9052,18.4441
train,465,130,1225,70,yellow brick on top of drawer,pink cup on pink plate,1.9123,0.9427,35.2392,18.4441
train,465,140,1225,80,yellow brick on top of drawer,pink cup on pink plate,2.3425,0.9874,25.955,31.4723
train,465,145,1225,80,yellow brick on top of drawer,pink cup on pink plate,2.6617,0.9999,22.1023,31.4723
train,465,150,1199,15,yellow brick on top of drawer,pink cup next to drawer,3.0006,0.2821,8.5796,11.6732
train,465,155,1039,265,yellow brick on top of drawer,red brick on pink plate and blue brick on pink plate,3.0682,-0.1442,10.8389,22.325
train,465,160,1039,270,yellow brick on top of drawer,red brick on pink plate and blue brick on pink plate,3.0181,0.2588,18.4593,7.573
train,465,170,1180,115,yellow brick on top of drawer,pink cup in basket,2.8995,-0.897,11.8252,32.9992
train,465,175,1200,115,yellow brick on top of drawer,pink cup next to drawer,2.9668,0.8022,26.2649,14.5018
train,465,180,1467,180,yellow brick on top of drawer,yellow brick on blue plate,2.9823,0.9636,29.3934,18.0616
train,465,185,1488,150,yellow brick on top of drawer,yellow brick on blue plate,2.8797,0.9949,32.0603,24.6207
train,465,190,1171,100,yellow brick on top of drawer,pink cup in basket,2.8494,-0.3051,25.3556,31.7749
train,465,195,1171,100,yellow brick on top of drawer,pink cup in basket,2.7794,-0.9556,29.1392,31.7749
train,465,205,1225,70,yellow brick on top of drawer,pink cup on pink plate,2.8791,-0.7993,21.7508,18.4441
train,465,210,1369,140,yellow brick on top of drawer,blue brick in blue bowl and yellow brick in blue bowl,3.3455,-0.3123,8.6769,21.1169
train,465,220,1389,55,yellow brick on top of drawer,yellow brick in basket,3.3416,-0.2851,20.1227,4.3959
train,465,235,1351,195,yellow brick on top of drawer,blue brick in blue bowl and yellow brick in blue bowl,3.2443,0.4264,10.3484,6.9016
train,465,245,1481,135,yellow brick on top of drawer,yellow brick on blue plate,2.3172,-0.9997,13.9051,21.8341
train,465,250,1481,135,yellow brick on top of drawer,yellow brick on blue plate,2.0253,-0.504,16.0691,21.8341
train,466,45,1257,45,yellow brick on top of drawer,push pink cup,2.9017,-0.8735,9.9301,8.0489
train,466,50,1268,35,yellow brick on top of drawer,push pink cup,3.0338,0.2243,9.0875,19.1509
train,466,70,1028,140,yellow brick on top of drawer,red brick on pink plate and blue brick on pink plate,3.7784,0.4316,8.5764,24.0963
train,466,75,1370,280,yellow brick on top of drawer,blue brick in blue bowl and yellow brick in blue bowl,3.8364,0.2338,29.5708,68.0547
train,466,80,1265,95,yellow brick on top of drawer,push pink cup,3.7186,-0.3388,19.8579,30.1627
train,466,85,1265,100,yellow brick on top of drawer,push pink cup,3.2706,0.9968,12.4218,24.9103
train,466,90,1366,250,yellow brick on top of drawer,blue brick in blue bowl and yellow brick in blue bowl,2.9791,0.7318,19.3465,15.7948
train,466,95,1210,155,yellow brick on top of drawer,pink cup next to drawer,2.7735,-0.9907,17.8771,38.6023
train,466,100,1210,160,yellow brick on top of drawer,pink cup next to drawer,2.7401,0.0197,24.5649,30.7639
train,466,105,1230,175,yellow brick on top of drawer,pink cup on pink plate,2.6896,0.5458,30.9345,12.9541
train,466,110,1206,125,yellow brick on top of drawer,pink cup next to drawer,2.6062,-0.3063,28.57,71.8063
train,466,120,1195,145,yellow brick on top of drawer,pink cup next to drawer,2.4941,0.1645,33.5784,41.4522
train,466,125,1195,145,yellow brick on top of drawer,pink cup next to drawer,2.3339,0.1822,27.9542,41.4522
train,466,130,1225,160,yellow brick on top of drawer,pink cup on pink plate,2.2837,0.4794,24.3156,23.1426
train,466,135,1225,160,yellow brick on top of drawer,pink cup on pink plate,2.21,0.3049,22.6302,23.1426
train,466,165,1209,65,yellow brick on top of drawer,pink cup next to drawer,2.3149,0.9096,30.0384,17.9103
train,466,175,1389,50,yellow brick on top of drawer,yellow brick in basket,3.1671,-0.6092,14.3178,9.6258
train,466,180,1389,55,yellow brick on top of drawer,yellow brick in basket,3.5536,0.6346,16.5189,4.3959
train,466,230,1584,155,yellow brick on top of drawer,yellow brick on top of drawer,2.5147,-0.04,21.6034,18.0474
train,466,290,1091,5,yellow brick on top of drawer,can on stove,2.9196,-0.661,21.659,9.8193
train,467,215,1369,145,yellow brick on top of drawer,blue brick in blue bowl and yellow brick in blue bowl,3.2705,-0.9355,22.8398,21.8037
train,468,85,1076,135,yellow brick on top of drawer,can on stove,2.4545,-0.0338,24.4109,1.2328
train,468,90,1076,135,yellow brick on top of drawer,can on stove,2.3555,0.0065,19.7356,1.2328
train,468,100,1361,335,yellow brick on top of drawer,blue brick in blue bowl and yellow brick in blue bowl,2.1313,0.9217,18.6946,16.5739
train,468,115,1225,70,yellow brick on top of drawer,pink cup on pink plate,2.2534,0.7763,28.1846,18.4441
train,468,125,1572,45,yellow brick on top of drawer,yellow brick on pink plate,3.1673,0.8256,15.1325,4.7089
train,468,145,1214,95,yellow brick on top of drawer,pink cup on pink plate,3.0658,0.5913,8.7747,21.7888
train,468,155,1033,80,yellow brick on top of drawer,red brick on pink plate and blue brick on pink plate,2.7722,0.9987,38.8376,9.3096
train,469,20,1369,20,yellow brick on top of drawer,blue brick in blue bowl and yellow brick in blue bowl,2.2968,-0.5768,10.3814,3.9441
train,469,30,1021,30,yellow brick on top of drawer,red brick on pink plate and blue brick on pink plate,2.4286,0.824,9.0196,24.2336
train,469,220,1091,5,yellow brick on top of drawer,can on stove,3.5114,-0.7153,30.7334,9.8193
train,469,225,1068,15,yellow brick on top of drawer,can on stove,3.5852,0.1999,36.2463,7.048
train,469,230,1068,20,yellow brick on top of drawer,can on stove,3.3816,0.6391,15.5333,12.6146
train,470,150,1200,115,yellow brick on top of drawer,pink cup next to drawer,3.4172,-0.9525,28.1187,14.5018
train,470,160,1204,120,yellow brick on top of drawer,pink cup next to drawer,3.0893,0.3372,20.8519,19.6905
train,470,165,1204,125,yellow brick on top of drawer,pink cup next to drawer,2.9329,0.1541,38.6733,60.3424
train,470,170,1204,130,yellow brick on top of drawer,pink cup next to drawer,2.8859,-0.5484,31.7807,45.7754
train,470,175,1204,130,yellow brick on top of drawer,pink cup next to drawer,2.7822,-0.7654,34.5112,45.7754
train,470,190,1209,65,yellow brick on top of drawer,pink cup next to drawer,2.4669,0.0285,21.1182,17.9103
train,470,195,1209,65,yellow brick on top of drawer,pink cup next to drawer,2.7745,0.518,17.2127,17.9103
train,470,205,1369,150,yellow brick on top of drawer,blue brick in blue bowl and yellow brick in blue bowl,3.6322,0.8863,20.03,18.3311
train,470,210,1369,150,yellow brick on top of drawer,blue brick in blue bowl and yellow brick in blue bowl,3.7611,0.6151,21.9245,18.3311
train,470,215,1369,155,yellow brick on top of drawer,blue brick in blue bowl and yellow brick in blue bowl,3.7926,0.8167,13.1926,17.7411
train,470,230,1022,205,yellow brick on top of drawer,red brick on pink plate and blue brick on pink plate,2.8626,-0.0419,15.9854,19.7528
train,471,120,1187,100,yellow cup next to stove,pink cup in basket,2.4032,-0.8241,12.9312,14.8174
train,471,130,1172,135,yellow cup next to stove,pink cup in basket,2.1586,-0.0964,34.2626,18.8153
train,471,140,1443,75,yellow cup next to stove,yellow brick on blue brick,2.5078,0.9922,23.1646,15.7322
train,471,145,1187,50,yellow cup next to stove,pink cup in basket,2.4679,-0.5834,13.2329,16.1342
train,472,140,998,190,yellow cup next to stove,open drawer and blue brick in drawer and close drawer,2.3087,-0.445,30.0412,16.783
train,472,145,998,190,yellow cup next to stove,open drawer and blue brick in drawer and close drawer,2.2357,-0.6389,23.4287,16.783
train,472,150,998,190,yellow cup next to stove,open drawer and blue brick in drawer and close drawer,2.1636,-0.6565,20.0862,16.783
train,472,155,1179,60,yellow cup next to stove,pink cup in basket,2.1011,-0.9749,16.3535,4.0485
train,472,160,1220,55,yellow cup next to stove,pink cup on pink plate,2.1826,0.1291,10.4327,23.9751
train,472,165,1443,75,yellow cup next to stove,yellow brick on blue brick,2.3688,0.9321,31.0042,15.7322
train,472,195,914,145,yellow cup next to stove,blue bowl on pink plate and yellow brick in blue bowl,2.8045,0.9941,11.4088,8.0716
train,473,155,1445,165,yellow cup next to stove,yellow brick on blue brick,2.4119,0.7526,9.3473,11.6734
train,473,160,1445,165,yellow cup next to stove,yellow brick on blue brick,2.2989,0.2492,9.9083,11.6734
train,473,195,1187,55,yellow cup next to stove,pink cup in basket,2.5019,0.7011,10.4834,12.2729
train,474,160,1445,170,yellow cup next to stove,yellow brick on blue brick,2.0769,0.5569,27.849,8.2985
train,474,180,1179,65,yellow cup next to stove,pink cup in basket,2.0181,0.9658,23.5953,19.8557
train,474,190,1187,50,yellow cup next to stove,pink cup in basket,2.4268,0.1306,15.2273,16.1342
train,474,215,1032,180,yellow cup next to stove,red brick on pink plate and blue brick on pink plate,2.7908,0.5414,12.606,2.6887
train,475,130,1037,230,yellow cup next to stove,red brick on pink plate and blue brick on pink plate,2.3478,0.7897,35.2212,18.6761
train,475,135,998,190,yellow cup next to stove,open drawer and blue brick in drawer and close drawer,2.2788,-0.1869,21.1837,16.783
train,475,140,1188,55,yellow cup next to stove,pink cup in basket,2.3512,0.9976,8.1399,21.073
train,475,155,1040,140,yellow cup next to stove,red brick on pink plate and blue brick on pink plate,3.4136,0.9379,9.7127,5.5143
train,475,160,990,105,yellow cup next to stove,open drawer and blue brick in drawer and close drawer,3.564,0.4447,11.7316,16.1858
train,476,115,702,55,yellow cup next to stove,banana in basket,2.6277,-0.9717,9.6232,23.1716
train,477,85,1172,85,yellow cup next to stove,pink cup in basket,2.4375,-0.056,22.3568,30.7113
train,477,110,1187,100,yellow cup next to stove,pink cup in basket,2.5551,0.9976,10.5888,14.8174
train,477,125,1186,150,yellow cup next to stove,pink cup in basket,2.1005,0.8161,26.2026,16.3748
train,477,135,1188,55,yellow cup next to stove,pink cup in basket,2.448,0.9202,28.8324,21.073
train,477,140,1187,50,yellow cup next to stove,pink cup in basket,2.5706,0.139,13.3889,16.1342
train,477,170,718,45,yellow cup next to stove,banana in basket,2.9245,0.7713,8.673,3.9156
train,478,115,917,60,yellow cup next to stove,blue bowl on pink plate and yellow brick in blue bowl,2.4916,-0.854,16.7522,16.7326
train,478,145,1063,15,yellow cup next to stove,can on stove,3.4958,-0.0784,9.9039,8.8426
train,479,85,927,20,yellow cup next to stove,blue brick between pink cup and basket,2.553,0.9781,9.8902,23.0579
train,479,120,1443,75,yellow cup next to stove,yellow brick on blue brick,2.8145,0.9971,26.9828,15.7322
train,480,140,1010,85,yellow cup next to stove,blue brick on red brick,2.433,-0.3723,26.2134,29.2613
train,480,155,1184,85,yellow cup next to stove,pink cup in basket,2.4291,0.9684,30.4159,20.9833
train,480,165,1027,90,yellow cup next to stove,red brick on pink plate and blue brick on pink plate,3.4975,0.7882,11.0081,13.3828
