kind,gr,tr,gh,th,task_r,task_h,dist,cos,mag_r,mag_h,rx,corr,ang
nearest,481,30,11011,15,banana in cardboard box,push milk to the right,3.1664,-0.5926,6.6854,7.9528,198.3391,0.876,161.6022
nearest,481,45,1661,115,banana in cardboard box,milk on pink plate,3.402,0.4328,21.9483,27.7185,202.3996,0.8386,162.1893
nearest,481,60,816,135,banana in cardboard box,banana in cardboard box,2.983,0.8961,23.632,13.1658,184.0839,0.888,-143.8944
nearest,481,70,816,145,banana in cardboard box,banana in cardboard box,2.5726,0.9996,9.7675,12.9613,198.4764,0.9082,-167.2125
nearest,481,75,816,145,banana in cardboard box,banana in cardboard box,2.495,0.5823,24.0468,12.9613,181.4708,0.9006,-131.9891
nearest,481,80,814,135,banana in cardboard box,banana in cardboard box,2.3324,-0.8258,15.8803,14.9945,173.8195,0.9227,-178.7517
nearest,481,90,812,75,banana in cardboard box,banana in cardboard box,2.4071,-0.9887,19.903,6.7519,181.5826,0.8911,28.2543
nearest,481,200,1677,15,banana in cardboard box,salt on pink plate,2.734,-0.937,6.728,14.5209,192.0691,0.7454,-54.4077
nearest,482,35,11037,10,banana in cardboard box,push milk to the right,3.6811,0.3044,8.64,25.752,177.5933,0.8157,-110.0032
nearest,482,60,1701,55,banana in cardboard box,salt on pink plate,4.0238,-0.998,8.6458,23.7635,147.4321,0.8781,122.9963
nearest,482,70,1701,55,banana in cardboard box,salt on pink plate,3.358,-0.0404,25.425,23.7635,157.2156,0.8893,173.25
nearest,482,75,786,145,banana in cardboard box,banana in cardboard box,3.0982,-0.7431,22.1872,15.5546,141.1835,0.901,-145.7699
nearest,482,80,786,145,banana in cardboard box,banana in cardboard box,2.9488,-0.6049,26.2613,15.5546,147.7041,0.91,-148.4577
nearest,482,85,807,70,banana in cardboard box,banana in cardboard box,2.8053,0.9513,28.7237,8.2343,142.6355,0.9033,-116.9293
nearest,482,90,807,70,banana in cardboard box,banana in cardboard box,2.6243,0.9885,24.2702,8.2343,136.7661,0.9102,-124.4138
nearest,482,110,790,95,banana in cardboard box,banana in cardboard box,3.025,0.9969,25.5714,11.0189,135.2435,0.9101,48.8069
nearest,482,115,790,100,banana in cardboard box,banana in cardboard box,3.299,0.4556,23.1069,15.6995,164.5547,0.8628,21.4987
nearest,482,120,13014,70,banana in cardboard box,banana in black bowl (new background),3.7874,0.9613,16.7257,8.2382,172.7575,0.8458,-152.2533
nearest,482,135,13014,80,banana in cardboard box,banana in black bowl (new background),4.0733,0.7419,11.5839,8.7536,196.9309,0.8632,-162.5647
nearest,482,155,1663,115,banana in cardboard box,milk on pink plate,2.9506,0.9759,33.1643,18.2474,184.5374,0.8348,-15.6451
nearest,483,40,11011,15,banana in cardboard box,push milk to the right,2.9383,0.9992,6.4882,7.9528,199.7326,0.7962,-145.9677
nearest,483,65,11011,25,banana in cardboard box,push milk to the right,3.1268,-0.7901,21.4222,3.677,180.3843,0.9303,-92.4998
nearest,483,70,11011,30,banana in cardboard box,push milk to the right,3.129,0.1449,26.4116,26.1214,177.8485,0.9288,-59.3546
nearest,483,75,1661,115,banana in cardboard box,milk on pink plate,3.0229,0.0944,29.1652,27.7185,179.6035,0.8617,-126.1974
nearest,483,80,789,120,banana in cardboard box,banana in cardboard box,2.9907,-0.7725,18.0842,16.6361,191.9517,0.9021,-134.424
nearest,483,85,1701,55,banana in cardboard box,salt on pink plate,2.8654,0.9673,13.8283,23.7635,191.2608,0.9344,130.4753
nearest,483,90,786,150,banana in cardboard box,banana in cardboard box,2.7054,-0.3783,30.0791,12.5843,162.7529,0.919,-143.2053
nearest,483,95,786,150,banana in cardboard box,banana in cardboard box,2.4336,-0.3177,28.6447,12.5843,183.0839,0.933,-148.037
nearest,483,100,786,155,banana in cardboard box,banana in cardboard box,2.2185,0.5384,26.9702,7.7303,125.6045,0.9345,-170.1341
nearest,483,120,790,95,banana in cardboard box,banana in cardboard box,2.5465,0.9785,29.2029,11.0189,165.907,0.9106,54.3098
nearest,483,125,790,100,banana in cardboard box,banana in cardboard box,3.3031,0.3934,17.3314,15.6995,175.6024,0.8276,24.3202
nearest,483,145,13048,80,banana in cardboard box,banana in black bowl (new background),3.7459,-0.6338,16.9825,10.1771,204.7575,0.825,160.002
nearest,484,40,11011,15,banana in cardboard box,push milk to the right,3.3845,0.363,12.4971,7.9528,164.4316,0.8342,-101.9468
nearest,484,45,11011,20,banana in cardboard box,push milk to the right,3.7991,-0.9978,8.4527,25.0082,202.5877,0.8548,139.2034
nearest,484,60,11007,30,banana in cardboard box,push milk to the right,4.0898,-0.1824,13.5063,13.9741,153.6629,0.9109,47.5081
nearest,484,65,1701,50,banana in cardboard box,salt on pink plate,3.9133,0.9996,6.8093,14.6451,176.1388,0.8785,169.9345
nearest,484,80,1701,55,banana in cardboard box,salt on pink plate,3.2037,0.301,22.0025,23.7635,194.6823,0.9123,159.7059
nearest,484,85,807,70,banana in cardboard box,banana in cardboard box,2.8527,0.9812,23.865,8.2343,131.7128,0.9079,-122.6409
nearest,484,90,807,70,banana in cardboard box,banana in cardboard box,2.6265,0.8496,22.2274,8.2343,157.8317,0.9186,-107.538
nearest,484,110,790,95,banana in cardboard box,banana in cardboard box,2.4123,0.7012,18.1318,11.0189,170.363,0.9357,74.2466
nearest,484,115,790,95,banana in cardboard box,banana in cardboard box,2.7934,0.9887,18.8333,11.0189,145.4631,0.9259,51.1153
nearest,484,120,790,100,banana in cardboard box,banana in cardboard box,3.0949,0.0071,7.4679,15.6995,187.305,0.9076,84.9676
nearest,484,125,790,105,banana in cardboard box,banana in cardboard box,3.4935,0.9724,19.6872,31.8008,202.21,0.8731,101.839
nearest,484,145,13040,70,banana in cardboard box,banana in black bowl (new background),3.6038,0.3933,9.7952,6.0158,146.5836,0.8789,-70.39
nearest,484,150,1657,130,banana in cardboard box,milk on pink plate,3.2457,-0.6608,12.1146,9.2427,175.2557,0.8399,-137.6058
nearest,485,25,11010,10,banana in cardboard box,push milk to the right,2.7777,-0.0487,10.5108,9.5798,199.85,0.7468,-122.8754
nearest,485,40,11011,20,banana in cardboard box,push milk to the right,3.8836,-0.9319,14.7497,25.0082,196.2649,0.8198,111.8458
nearest,485,50,11007,30,banana in cardboard box,push milk to the right,4.24,0.0445,13.9763,13.9741,188.7133,0.8598,52.8606
nearest,485,55,11007,35,banana in cardboard box,push milk to the right,4.2886,-0.3437,17.0458,12.1032,182.7219,0.8838,30.3542
nearest,485,60,11007,40,banana in cardboard box,push milk to the right,4.0882,0.9555,12.2033,7.7055,135.5186,0.8997,61.0922
nearest,485,65,1701,55,banana in cardboard box,salt on pink plate,3.8403,0.8657,14.4819,23.7635,156.9863,0.8912,136.3737
nearest,485,80,1701,55,banana in cardboard box,salt on pink plate,3.1072,0.4287,30.2096,23.7635,190.4677,0.9144,161.7051
nearest,485,85,807,70,banana in cardboard box,banana in cardboard box,2.9036,0.9681,23.3246,8.2343,131.3472,0.9087,-120.1697
nearest,485,90,807,70,banana in cardboard box,banana in cardboard box,2.6438,0.9163,28.2603,8.2343,135.0752,0.9141,-112.5693
nearest,485,95,807,70,banana in cardboard box,banana in cardboard box,2.4622,0.303,17.5044,8.2343,195.0529,0.9183,-79.9767
nearest,485,120,790,95,banana in cardboard box,banana in cardboard box,2.4512,0.8725,19.9021,11.0189,183.9741,0.936,64.5843
nearest,485,125,790,100,banana in cardboard box,banana in cardboard box,3.0183,0.7633,24.5182,15.6995,174.0829,0.8969,34.8906
nearest,485,130,790,100,banana in cardboard box,banana in cardboard box,3.1126,0.7886,21.2491,15.6995,163.6833,0.8712,37.6765
nearest,485,135,13014,70,banana in cardboard box,banana in black bowl (new background),3.5304,0.1717,9.1656,8.2382,198.7621,0.8693,154.3897
nearest,485,155,13040,70,banana in cardboard box,banana in black bowl (new background),3.4974,0.7974,9.6869,6.0158,202.0391,0.8663,-135.8208
nearest,485,160,13040,75,banana in cardboard box,banana in black bowl (new background),3.136,1.0,12.2409,4.7446,195.7626,0.8735,-143.6444
nearest,485,165,1657,130,banana in cardboard box,milk on pink plate,2.7569,0.6501,10.2168,9.2427,168.0275,0.8768,114.0979
nearest,486,65,868,55,banana in cardboard box,banana in black bowl,3.5405,0.8144,24.596,9.1595,159.0691,0.908,157.1
nearest,486,70,1701,55,banana in cardboard box,salt on pink plate,3.4009,0.4219,25.2705,23.7635,150.6863,0.8868,158.7233
nearest,486,75,1701,55,banana in cardboard box,salt on pink plate,3.108,-0.1751,24.2259,23.7635,150.5033,0.8948,175.7791
nearest,486,85,1701,60,banana in cardboard box,salt on pink plate,2.6934,0.1113,20.2014,20.5208,165.939,0.8907,165.8822
nearest,486,90,786,145,banana in cardboard box,banana in cardboard box,2.4938,-0.0772,26.5676,15.5546,149.7702,0.8802,-176.3759
nearest,486,95,786,150,banana in cardboard box,banana in cardboard box,2.3362,0.171,21.3017,12.5843,167.124,0.8858,-178.4382
nearest,486,115,790,95,banana in cardboard box,banana in cardboard box,2.3805,0.9833,25.4671,11.0189,119.3864,0.9083,52.992
nearest,486,120,790,95,banana in cardboard box,banana in cardboard box,2.6027,0.9801,29.6596,11.0189,123.6497,0.8951,54.024
nearest,486,135,13004,90,banana in cardboard box,banana in black bowl (new background),3.4509,-0.247,6.8632,13.8673,200.9954,0.8819,-135.2511
nearest,486,165,1657,135,banana in cardboard box,milk on pink plate,2.8924,-0.9525,8.2233,0.6938,194.4698,0.8259,-27.6014
nearest,486,230,11002,110,banana in cardboard box,push milk to the right,2.9821,-0.8712,6.6566,58.6125,183.151,0.6637,-74.5058
nearest,487,30,1677,15,banana in cardboard box,salt on pink plate,2.5172,-0.7187,10.4263,14.5209,200.5084,0.8077,-84.3418
nearest,487,50,11011,20,banana in cardboard box,push milk to the right,3.2512,-0.9428,13.6003,25.0082,203.9014,0.859,116.8498
nearest,487,55,11011,20,banana in cardboard box,push milk to the right,3.4096,0.4129,28.6352,25.0082,196.5267,0.8897,172.5536
nearest,487,65,11011,30,banana in cardboard box,push milk to the right,3.6964,-1.0,11.2224,26.1214,171.6868,0.9038,-18.2742
nearest,487,70,11006,30,banana in cardboard box,push milk to the right,3.7129,-0.1597,14.7974,7.7293,180.8226,0.9368,95.2155
nearest,487,85,1701,55,banana in cardboard box,salt on pink plate,3.3491,0.5713,17.4043,23.7635,204.8226,0.9163,148.0462
nearest,487,95,807,65,banana in cardboard box,banana in cardboard box,2.9496,-0.9104,24.7187,5.6418,183.3777,0.9245,-155.0747
nearest,487,100,807,70,banana in cardboard box,banana in cardboard box,2.7333,0.99,21.371,8.2343,136.912,0.9294,-125.0579
nearest,487,105,807,70,banana in cardboard box,banana in cardboard box,2.4458,0.9927,23.9853,8.2343,139.7123,0.9366,-136.0798
nearest,487,110,807,70,banana in cardboard box,banana in cardboard box,2.26,0.9972,16.7133,8.2343,162.301,0.9411,-128.0611
nearest,487,130,790,95,banana in cardboard box,banana in cardboard box,2.5502,0.7157,14.3711,11.0189,136.5714,0.9265,70.8927
nearest,487,135,790,95,banana in cardboard box,banana in cardboard box,3.1691,0.6913,20.8525,11.0189,190.1434,0.8895,15.0285
nearest,487,175,1645,100,banana in cardboard box,milk on pink plate,2.7542,0.9867,15.4582,16.5038,197.6802,0.9024,-19.0982
nearest,487,180,1645,105,banana in cardboard box,milk on pink plate,2.7146,0.9922,28.3405,13.2065,195.9283,0.9023,-21.7562
nearest,488,60,11011,30,banana in cardboard box,push milk to the right,3.6243,-0.9808,25.033,26.1214,194.5933,0.9194,53.9434
nearest,488,65,1701,50,banana in cardboard box,salt on pink plate,3.3527,0.96,17.7033,14.6451,166.0971,0.902,161.5437
nearest,488,70,1701,55,banana in cardboard box,salt on pink plate,3.0479,0.512,11.3084,23.7635,196.3376,0.9153,143.2744
nearest,488,75,1701,55,banana in cardboard box,salt on pink plate,2.8007,0.2016,30.7785,23.7635,189.1942,0.9235,170.2481
nearest,488,80,786,150,banana in cardboard box,banana in cardboard box,2.5675,0.2299,27.0704,12.5843,190.7773,0.9221,-176.2524
nearest,488,85,786,150,banana in cardboard box,banana in cardboard box,2.2991,-0.1523,24.7821,12.5843,183.609,0.9341,-160.509
nearest,488,90,786,150,banana in cardboard box,banana in cardboard box,2.085,0.1031,22.1878,12.5843,192.8088,0.9343,-174.7029
nearest,488,120,790,95,banana in cardboard box,banana in cardboard box,2.2298,0.9539,23.4765,11.0189,146.486,0.929,57.5826
nearest,488,130,790,100,banana in cardboard box,banana in cardboard box,2.8903,0.3726,20.6735,15.6995,203.5811,0.8752,20.2581
nearest,488,135,790,110,banana in cardboard box,banana in cardboard box,3.045,-0.5498,13.6049,14.8122,169.76,0.8707,146.5701
nearest,488,170,1657,145,banana in cardboard box,milk on pink plate,2.5441,0.8199,32.5797,10.1259,196.3386,0.8683,-12.1676
nearest,489,50,11011,15,banana in cardboard box,push milk to the right,3.5946,-0.2973,14.07,7.9528,192.908,0.8784,-70.6135
nearest,489,65,1661,115,banana in cardboard box,milk on pink plate,3.7169,-0.0472,13.254,27.7185,171.301,0.8525,-143.7708
nearest,489,85,789,125,banana in cardboard box,banana in cardboard box,2.674,0.5573,16.9528,19.9603,199.5907,0.9351,-177.304
nearest,489,95,786,155,banana in cardboard box,banana in cardboard box,2.1492,-0.1441,19.4715,7.7303,161.6029,0.9563,-140.0781
nearest,489,105,812,75,banana in cardboard box,banana in cardboard box,2.3183,-0.9797,15.7653,6.7519,184.2766,0.9053,21.2816
nearest,489,155,1645,105,banana in cardboard box,milk on pink plate,2.6843,0.9436,37.7006,13.2065,188.5384,0.8797,-40.9845
nearest,489,160,1645,110,banana in cardboard box,milk on pink plate,2.7054,0.2857,35.8469,5.321,203.7194,0.8724,-77.1838
nearest,490,105,814,145,banana in cardboard box,banana in cardboard box,2.2041,0.6175,7.3465,4.7236,191.2359,0.8169,74.4904
nearest,490,115,13040,55,banana in cardboard box,banana in black bowl (new background),3.3894,-0.379,15.1477,6.8707,201.0935,0.8323,-16.5094
nearest,490,135,1700,85,banana in cardboard box,salt on pink plate,3.7493,-0.1658,11.4755,34.9839,203.0844,0.8461,-82.5929
nearest,491,50,11011,15,banana in cardboard box,push milk to the right,3.3969,0.1528,17.5426,7.9528,173.1002,0.8402,-86.4638
nearest,491,55,11011,20,banana in cardboard box,push milk to the right,3.666,-0.4913,11.9307,25.0082,196.0447,0.8581,108.7622
nearest,491,90,798,150,banana in cardboard box,banana in cardboard box,2.1749,0.5433,14.7601,11.4191,174.9802,0.9038,-152.4852
nearest,491,110,790,95,banana in cardboard box,banana in cardboard box,2.4133,0.9545,20.2135,11.0189,158.6614,0.8959,56.9216
nearest,491,120,13000,65,banana in cardboard box,banana in black bowl (new background),2.9626,-0.0779,17.7556,16.5242,200.817,0.8725,151.595
nearest,492,35,11009,5,banana in cardboard box,push milk to the right,3.0672,-0.1425,10.5358,13.0982,193.605,0.8171,-111.138
nearest,492,40,11009,10,banana in cardboard box,push milk to the right,3.2376,0.691,14.4177,9.1285,175.8444,0.8461,-173.9915
nearest,492,60,858,160,banana in cardboard box,banana in black bowl,3.2233,0.8687,17.7358,18.4516,176.2034,0.8625,165.3368
nearest,492,65,858,160,banana in cardboard box,banana in black bowl,2.9531,0.7925,22.9697,18.4516,185.968,0.8943,171.7071
nearest,492,70,858,160,banana in cardboard box,banana in black bowl,2.7099,0.3828,20.6781,18.4516,192.728,0.9033,-173.2869
nearest,492,75,13001,140,banana in cardboard box,banana in black bowl (new background),2.3602,0.4941,34.8895,7.3948,187.6228,0.929,-125.2456
nearest,492,80,13001,140,banana in cardboard box,banana in black bowl (new background),2.0406,0.5082,20.9857,7.3948,189.0717,0.9517,-131.1405
nearest,492,95,13001,85,banana in cardboard box,banana in black bowl (new background),2.4321,0.6927,31.4482,10.4958,169.4677,0.8909,23.6749
nearest,492,120,13014,80,banana in cardboard box,banana in black bowl (new background),3.3964,-0.8284,26.5931,8.7536,149.1078,0.8496,-6.7314
nearest,493,45,11011,15,banana in cardboard box,push milk to the right,3.6013,-0.2741,11.2894,7.9528,185.7814,0.8174,-79.0499
nearest,493,50,11011,20,banana in cardboard box,push milk to the right,3.9583,-0.5779,18.0992,25.0082,190.9995,0.8553,91.8182
nearest,493,55,11009,20,banana in cardboard box,push milk to the right,4.0494,-0.937,11.9413,54.1434,200.6243,0.8611,115.8695
nearest,493,60,868,55,banana in cardboard box,banana in black bowl,3.8901,-0.0979,26.1085,9.1595,186.7316,0.8707,-153.2186
nearest,493,65,1661,120,banana in cardboard box,milk on pink plate,3.7907,0.803,8.9281,25.229,197.3742,0.8473,-178.4748
nearest,493,70,1661,120,banana in cardboard box,milk on pink plate,3.4946,0.4979,12.1057,25.229,194.0397,0.8752,172.286
nearest,493,80,1661,120,banana in cardboard box,milk on pink plate,2.8529,0.7884,16.4763,25.229,189.3111,0.8957,-154.296
nearest,493,85,1661,125,banana in cardboard box,milk on pink plate,2.6548,0.6118,20.7079,18.3868,160.5191,0.8874,-121.2284
nearest,493,90,798,150,banana in cardboard box,banana in cardboard box,2.4524,0.0351,29.6174,11.4191,166.3147,0.8994,-117.8303
nearest,493,95,798,155,banana in cardboard box,banana in cardboard box,2.1869,0.0726,15.0288,7.2424,158.0956,0.9012,-112.7931
nearest,493,105,1622,75,banana in cardboard box,milk on pink plate,2.277,0.8361,20.199,3.2433,151.8073,0.8791,54.3368
nearest,493,115,13002,75,banana in cardboard box,banana in black bowl (new background),2.5699,0.9971,21.1159,9.283,166.8663,0.8971,15.5314
nearest,493,120,13040,60,banana in cardboard box,banana in black bowl (new background),2.6926,-0.9679,10.8451,4.8007,184.092,0.8942,12.362
nearest,493,125,13040,65,banana in cardboard box,banana in black bowl (new background),2.8859,0.1163,14.7252,5.7838,191.0539,0.8939,-65.7041
nearest,493,130,13048,75,banana in cardboard box,banana in black bowl (new background),2.8915,-0.0962,17.4557,5.2216,193.0595,0.9088,-69.1016
nearest,493,135,13048,80,banana in cardboard box,banana in black bowl (new background),2.8013,0.8767,16.1799,10.1771,181.9405,0.9147,-89.7232
nearest,494,60,1661,120,banana in cardboard box,milk on pink plate,3.4754,0.7521,21.9643,25.229,202.8531,0.8214,-150.0259
nearest,494,75,816,130,banana in cardboard box,banana in cardboard box,2.6837,0.1597,28.8974,15.5554,180.1068,0.8819,-133.5599
nearest,494,80,816,135,banana in cardboard box,banana in cardboard box,2.3887,0.5764,8.7545,13.1658,191.9481,0.8898,-139.43
nearest,494,85,800,140,banana in cardboard box,banana in cardboard box,2.2329,0.9122,7.7233,0.4928,191.9253,0.91,-113.355
nearest,494,90,1633,100,banana in cardboard box,milk on pink plate,2.0502,-0.9421,25.6625,2.3006,189.2008,0.9068,-115.4486
nearest,494,110,13040,55,banana in cardboard box,banana in black bowl (new background),3.5663,0.0443,18.6254,6.8707,184.909,0.7642,-34.37
nearest,494,125,13040,70,banana in cardboard box,banana in black bowl (new background),3.8788,-0.4598,11.5373,6.0158,170.1063,0.7876,-26.7423
nearest,494,130,13040,75,banana in cardboard box,banana in black bowl (new background),3.8008,-0.4872,14.892,4.7446,161.4575,0.7901,-42.349
nearest,495,30,1677,15,banana in cardboard box,salt on pink plate,2.7117,-0.6333,15.2906,14.5209,202.0885,0.6999,-106.2181
nearest,495,40,1660,30,banana in cardboard box,milk on pink plate,2.9825,0.9437,7.6515,3.7726,204.0168,0.6542,20.4621
nearest,495,55,11011,20,banana in cardboard box,push milk to the right,3.7629,-0.3407,15.3172,25.0082,200.5043,0.8428,101.209
nearest,495,60,868,50,banana in cardboard box,banana in black bowl,3.8586,-0.2686,25.3828,8.682,183.8627,0.8621,11.2329
nearest,495,65,868,50,banana in cardboard box,banana in black bowl,3.7129,0.909,10.3768,8.682,183.5613,0.9057,83.4494
nearest,495,70,868,55,banana in cardboard box,banana in black bowl,3.5104,-0.9981,7.9905,9.1595,199.5394,0.9151,153.5277
nearest,495,90,13001,140,banana in cardboard box,banana in black bowl (new background),2.4511,0.9396,30.7858,7.3948,201.3371,0.9451,-159.9906
nearest,495,95,13001,140,banana in cardboard box,banana in black bowl (new background),2.2137,0.503,25.2408,7.3948,174.0859,0.948,-128.8071
nearest,495,100,13001,140,banana in cardboard box,banana in black bowl (new background),2.0194,0.4384,29.3709,7.3948,178.8749,0.9501,-123.6851
nearest,495,110,790,95,banana in cardboard box,banana in cardboard box,2.5757,0.8322,23.9231,11.0189,175.1718,0.8645,68.885
nearest,495,140,13040,75,banana in cardboard box,banana in black bowl (new background),3.5132,0.8081,24.4441,4.7446,194.6055,0.8518,-173.7252
nearest,496,45,11037,10,banana in cardboard box,push milk to the right,3.4976,-0.5646,17.1548,25.752,199.2145,0.8471,-84.7849
nearest,496,55,11011,25,banana in cardboard box,push milk to the right,3.8848,0.0688,6.0434,3.677,201.0585,0.8736,-13.0734
nearest,496,60,1661,115,banana in cardboard box,milk on pink plate,3.8008,-0.7827,21.1984,27.7185,187.8226,0.8141,-119.9548
nearest,496,65,1661,120,banana in cardboard box,milk on pink plate,3.6129,0.9483,21.6634,25.229,174.9792,0.837,-160.6068
nearest,496,80,816,130,banana in cardboard box,banana in cardboard box,2.6254,0.6603,22.0773,15.5554,182.9995,0.8734,-159.4732
nearest,496,85,798,145,banana in cardboard box,banana in cardboard box,2.3178,0.3742,9.5287,15.2909,189.0508,0.9151,-172.7115
nearest,496,90,798,145,banana in cardboard box,banana in cardboard box,2.2419,-0.1117,32.9576,15.2909,165.243,0.9189,-127.3383
nearest,496,95,798,150,banana in cardboard box,banana in cardboard box,2.1247,0.1525,24.7162,11.4191,169.5053,0.9159,-126.8755
nearest,496,100,798,155,banana in cardboard box,banana in cardboard box,2.0091,0.2877,12.1735,7.2424,174.0757,0.9104,-126.386
nearest,496,115,13040,55,banana in cardboard box,banana in black bowl (new background),3.2184,-0.2426,16.1356,6.8707,174.4032,0.8203,-22.5964
nearest,496,120,13014,65,banana in cardboard box,banana in black bowl (new background),3.2594,-0.8725,14.4804,27.561,170.8709,0.826,-139.6196
nearest,496,155,1657,140,banana in cardboard box,milk on pink plate,2.6524,0.0587,31.772,24.6706,183.365,0.8865,45.4107
nearest,497,60,1661,120,banana in cardboard box,milk on pink plate,3.4462,-0.7265,8.925,25.229,196.2603,0.8408,172.7349
nearest,497,65,1661,120,banana in cardboard box,milk on pink plate,3.0625,0.6893,8.6371,25.229,202.5836,0.8788,-157.8018
nearest,497,80,1624,120,banana in cardboard box,milk on pink plate,2.2147,0.3023,20.0221,25.6325,170.361,0.8975,-64.0438
nearest,497,90,1642,60,banana in cardboard box,milk on pink plate,2.3591,0.8789,19.7552,12.4426,160.9014,0.891,65.1722
nearest,497,95,13040,55,banana in cardboard box,banana in black bowl (new background),2.7508,-0.9651,29.2607,6.8707,195.4662,0.8144,58.3651
nearest,497,100,13014,65,banana in cardboard box,banana in black bowl (new background),3.1285,-0.2872,18.4352,27.561,176.907,0.8225,156.6045
nearest,497,105,13000,70,banana in cardboard box,banana in black bowl (new background),3.1785,0.1679,17.5422,9.6706,185.4276,0.789,128.9591
nearest,497,110,13000,75,banana in cardboard box,banana in black bowl (new background),3.2073,0.1191,17.3121,6.9473,198.0117,0.7869,136.469
nearest,498,30,1660,20,banana in cardboard box,milk on pink plate,2.8252,0.9728,21.377,4.2152,193.3315,0.5767,3.7238
nearest,498,35,11011,10,banana in cardboard box,push milk to the right,3.112,-0.9222,8.1218,3.6205,194.6136,0.6732,-122.0039
nearest,498,55,868,50,banana in cardboard box,banana in black bowl,4.0539,0.1339,24.4629,8.682,166.7611,0.8126,160.6197
nearest,498,60,868,50,banana in cardboard box,banana in black bowl,3.9655,-0.9976,66.6767,8.682,202.9634,0.8904,-87.683
nearest,498,65,868,55,banana in cardboard box,banana in black bowl,3.7782,0.6256,18.6807,9.1595,162.3401,0.917,165.9988
nearest,498,80,868,65,banana in cardboard box,banana in black bowl,2.8947,-0.7123,12.936,3.9349,196.7209,0.929,115.3261
nearest,498,85,868,65,banana in cardboard box,banana in black bowl,2.6882,-0.068,29.5576,3.9349,145.7936,0.9215,-91.1183
nearest,498,90,13001,140,banana in cardboard box,banana in black bowl (new background),2.5593,0.1572,22.0163,7.3948,157.9995,0.9272,-112.6979
nearest,498,95,13001,140,banana in cardboard box,banana in black bowl (new background),2.3467,0.3968,25.8496,7.3948,162.5221,0.9278,-122.8103
nearest,498,115,790,95,banana in cardboard box,banana in cardboard box,2.4894,0.9354,24.2373,11.0189,163.1098,0.8682,59.9408
nearest,498,130,790,105,banana in cardboard box,banana in cardboard box,3.3163,-0.3129,9.8865,31.8008,137.2984,0.8318,78.5722
nearest,498,135,790,110,banana in cardboard box,banana in cardboard box,3.4543,0.0279,16.5815,14.8122,130.7768,0.8311,42.0651
nearest,498,140,790,115,banana in cardboard box,banana in cardboard box,3.6066,-0.0569,22.5874,12.9388,135.4601,0.8314,21.9834
nearest,498,150,13009,75,banana in cardboard box,banana in black bowl (new background),3.139,0.8627,16.8201,2.7977,202.1312,0.9041,-50.5373
nearest,498,165,11026,75,banana in cardboard box,push milk to the right,2.7959,0.7658,6.7473,28.951,192.9115,0.8754,-108.8776
nearest,499,65,868,55,banana in cardboard box,banana in black bowl,3.9716,0.5302,28.321,9.1595,193.7041,0.8233,86.2347
nearest,499,80,1661,120,banana in cardboard box,milk on pink plate,3.5572,0.0152,21.858,25.229,158.7758,0.8611,-128.6182
nearest,499,100,798,150,banana in cardboard box,banana in cardboard box,2.4157,0.1236,33.8145,11.4191,162.7748,0.9082,-119.9317
nearest,499,105,798,150,banana in cardboard box,banana in cardboard box,2.1739,0.1868,21.7554,11.4191,176.4733,0.91,-130.9223
nearest,500,55,11011,20,banana in cardboard box,push milk to the right,3.5741,0.2645,29.4562,25.0082,203.8932,0.8809,178.148
nearest,500,60,1661,115,banana in cardboard box,milk on pink plate,3.6074,0.8565,24.6551,27.7185,198.0798,0.8023,175.5802
nearest,500,65,1661,115,banana in cardboard box,milk on pink plate,3.5921,0.982,24.3711,27.7185,202.5816,0.8296,-174.9069
nearest,500,75,1661,120,banana in cardboard box,milk on pink plate,3.1325,0.8132,17.526,25.229,188.2247,0.8759,176.365
nearest,500,85,816,135,banana in cardboard box,banana in cardboard box,2.7518,0.9929,20.2277,13.1658,203.7448,0.8785,-156.737
nearest,500,90,816,140,banana in cardboard box,banana in cardboard box,2.6746,0.7804,18.7713,12.9449,199.0717,0.8814,-149.7787
nearest,500,95,1633,100,banana in cardboard box,milk on pink plate,2.4999,-0.976,18.7414,2.3006,174.9858,0.9113,-108.2971
nearest,500,100,1633,100,banana in cardboard box,milk on pink plate,2.2721,-0.9696,20.8085,2.3006,181.5486,0.9061,-109.8671
nearest,500,110,1625,65,banana in cardboard box,milk on pink plate,2.5581,-0.9942,14.6027,5.8105,167.5857,0.8617,28.7366
nearest,501,25,11010,10,banana in cardboard box,push milk to the right,2.8337,0.9041,9.0563,9.5798,202.9146,0.7249,-85.9837
nearest,501,45,1622,50,banana in cardboard box,milk on pink plate,3.6933,0.7247,20.1545,16.8145,201.1368,0.7999,-15.4191
nearest,501,55,868,55,banana in cardboard box,banana in black bowl,3.5166,-0.5962,22.3445,9.1595,201.7234,0.889,-125.8953
nearest,501,70,1624,115,banana in cardboard box,milk on pink plate,2.6839,-0.3979,15.9031,15.3793,201.5608,0.8751,-58.2381
nearest,501,80,800,140,banana in cardboard box,banana in cardboard box,2.5285,0.8846,27.7467,0.4928,181.3411,0.8954,-108.8011
nearest,501,85,800,140,banana in cardboard box,banana in cardboard box,2.4159,0.9337,22.3839,0.4928,181.8124,0.8909,-115.6008
nearest,501,90,800,150,banana in cardboard box,banana in cardboard box,2.2573,0.6574,13.793,8.5924,182.7661,0.9012,-138.1145
nearest,501,105,13002,70,banana in cardboard box,banana in black bowl (new background),2.5188,0.9423,18.8888,20.0371,182.2766,0.902,65.5009
nearest,501,115,13048,70,banana in cardboard box,banana in black bowl (new background),2.9214,-0.9931,16.8338,10.3256,196.0468,0.8669,27.9986
nearest,502,35,1660,25,banana in cardboard box,milk on pink plate,2.3302,-0.9384,13.4192,6.7942,195.2237,0.7012,-146.6963
nearest,502,50,11037,15,banana in cardboard box,push milk to the right,3.5124,-0.9232,12.9759,27.4706,199.2115,0.779,176.4632
nearest,502,60,868,50,banana in cardboard box,banana in black bowl,3.9289,0.2917,22.02,8.682,200.8958,0.8383,42.5245
nearest,502,65,868,55,banana in cardboard box,banana in black bowl,3.8816,0.1891,20.7537,9.1595,163.3726,0.8647,73.7444
nearest,502,85,868,60,banana in cardboard box,banana in black bowl,3.1688,0.9683,33.564,6.3277,176.1739,0.9189,-138.8604
nearest,502,90,11006,40,banana in cardboard box,push milk to the right,2.9212,-0.996,32.3612,15.9054,171.0849,0.9383,-145.8387
nearest,502,95,11006,45,banana in cardboard box,push milk to the right,2.6214,0.9416,25.6718,12.9612,175.91,0.9273,-125.5209
nearest,502,100,13001,140,banana in cardboard box,banana in black bowl (new background),2.3829,0.5387,27.3327,7.3948,168.9598,0.9238,-130.0094
nearest,502,115,790,95,banana in cardboard box,banana in cardboard box,2.974,0.9203,22.8889,11.0189,143.0519,0.837,61.2663
nearest,502,125,13014,65,banana in cardboard box,banana in black bowl (new background),3.6648,-0.7762,9.6444,27.561,200.5491,0.7918,-148.1268
nearest,502,130,13001,100,banana in cardboard box,banana in black bowl (new background),3.8633,-0.8539,7.7713,16.6413,192.5877,0.7807,-145.4678
nearest,502,140,790,115,banana in cardboard box,banana in cardboard box,4.1847,0.0285,25.5883,12.9388,192.3762,0.7699,146.5388
nearest,502,155,13009,80,banana in cardboard box,banana in black bowl (new background),3.1748,0.794,9.4965,0.9352,204.4032,0.9006,126.4086
nearest,503,75,13001,140,banana in cardboard box,banana in black bowl (new background),2.2905,0.6709,21.0249,7.3948,181.7417,0.8911,-140.2181
nearest,503,110,13001,85,banana in cardboard box,banana in black bowl (new background),2.7515,-0.1104,39.4355,10.4958,172.9405,0.8014,69.6779
nearest,503,115,13014,65,banana in cardboard box,banana in black bowl (new background),3.734,0.1856,17.6543,27.561,198.4662,0.785,165.6608
nearest,503,120,13014,70,banana in cardboard box,banana in black bowl (new background),3.8262,-0.7366,15.7826,8.2382,181.2435,0.779,-55.3781
nearest,503,125,13014,75,banana in cardboard box,banana in black bowl (new background),3.8648,-0.7886,17.9813,6.3061,173.4875,0.7805,-33.2253
nearest,503,135,1661,85,banana in cardboard box,milk on pink plate,4.2125,0.8571,28.8655,4.9753,170.4911,0.7741,6.8567
nearest,503,140,1650,65,banana in cardboard box,milk on pink plate,3.7939,0.1914,18.1189,3.755,165.6609,0.8003,6.0065
nearest,504,70,1622,55,banana in cardboard box,milk on pink plate,3.5184,0.3981,21.3748,17.7861,189.8144,0.8677,-82.3018
nearest,504,80,1661,120,banana in cardboard box,milk on pink plate,2.9033,0.24,14.5589,25.229,194.7819,0.8742,164.652
nearest,504,85,1661,120,banana in cardboard box,milk on pink plate,2.6545,0.9765,19.7652,25.229,181.6716,0.8827,-163.6891
nearest,504,90,1661,120,banana in cardboard box,milk on pink plate,2.4976,0.5668,31.3972,25.229,183.2425,0.8813,-138.1346
nearest,504,95,1661,125,banana in cardboard box,milk on pink plate,2.3629,0.9256,25.8647,18.3868,189.2537,0.8741,-136.0188
nearest,504,100,798,150,banana in cardboard box,banana in cardboard box,2.1164,0.6596,17.457,11.4191,179.454,0.8989,-155.2265
nearest,504,120,790,95,banana in cardboard box,banana in cardboard box,2.586,0.7945,16.2935,11.0189,191.6817,0.8672,23.2327
nearest,504,130,13014,65,banana in cardboard box,banana in black bowl (new background),3.4043,-0.9768,20.7662,27.561,201.6833,0.8317,-133.5426
nearest,504,135,13014,75,banana in cardboard box,banana in black bowl (new background),3.3735,-0.9684,24.1778,6.3061,157.7707,0.8357,1.9088
nearest,504,140,13014,75,banana in cardboard box,banana in black bowl (new background),3.5315,-0.7721,22.6154,6.3061,155.1891,0.8397,-30.8727
nearest,504,160,1645,95,banana in cardboard box,milk on pink plate,2.9482,-0.3495,10.228,14.9201,191.4672,0.8771,93.4444
nearest,504,205,1700,65,banana in cardboard box,salt on pink plate,2.0421,-0.8315,6.5741,9.8303,204.4565,0.8626,48.8865
nearest,505,40,1677,15,banana in cardboard box,salt on pink plate,2.6172,-0.0766,12.788,14.5209,190.5709,0.7108,-81.7267
nearest,505,45,1677,20,banana in cardboard box,salt on pink plate,2.8618,1.0,19.4114,8.9708,197.1591,0.7029,-90.4683
nearest,505,50,1660,30,banana in cardboard box,milk on pink plate,2.995,0.9775,13.1294,3.7726,191.1276,0.6418,16.9659
nearest,505,60,11011,20,banana in cardboard box,push milk to the right,3.5092,-0.6808,29.6025,25.0082,199.3244,0.7774,59.8745
nearest,505,65,11011,20,banana in cardboard box,push milk to the right,3.6523,-0.7822,17.0734,25.0082,195.2242,0.8333,94.8628
nearest,505,70,868,50,banana in cardboard box,banana in black bowl,3.9475,-0.7578,23.0985,8.682,165.5211,0.8363,-23.4628
nearest,505,75,868,50,banana in cardboard box,banana in black bowl,4.0567,-0.6994,39.3737,8.682,177.6238,0.8914,-139.301
nearest,505,80,868,55,banana in cardboard box,banana in black bowl,3.7382,0.0203,10.5482,9.1595,200.2283,0.9097,179.4077
nearest,505,95,1701,55,banana in cardboard box,salt on pink plate,3.2506,0.4639,26.2645,23.7635,195.6004,0.9006,157.9914
nearest,505,100,11006,45,banana in cardboard box,push milk to the right,2.8908,0.7359,29.5128,12.9612,182.6889,0.9376,-142.3606
nearest,505,105,11006,45,banana in cardboard box,push milk to the right,2.6314,0.9806,35.1488,12.9612,170.5547,0.9446,-120.6675
nearest,505,110,11006,45,banana in cardboard box,push milk to the right,2.466,0.9695,25.0131,12.9612,173.3427,0.9488,-121.7593
nearest,505,115,11006,50,banana in cardboard box,push milk to the right,2.3443,0.8082,19.2344,16.929,173.6477,0.943,-109.1521
nearest,505,130,790,95,banana in cardboard box,banana in cardboard box,2.7222,0.9955,25.1423,11.0189,133.6345,0.9025,41.8902
nearest,505,135,790,95,banana in cardboard box,banana in cardboard box,3.4061,0.8231,24.2148,11.0189,149.6797,0.8621,21.714
nearest,505,140,13014,65,banana in cardboard box,banana in black bowl (new background),3.3987,-0.9097,27.9265,27.561,118.0915,0.8822,-85.514
nearest,505,155,13014,80,banana in cardboard box,banana in black bowl (new background),3.6893,0.7572,10.322,8.7536,200.7255,0.8847,-116.3001
nearest,505,160,13014,85,banana in cardboard box,banana in black bowl (new background),3.5894,0.1512,12.2753,15.7683,172.3971,0.888,-94.0533
nearest,505,170,1645,95,banana in cardboard box,milk on pink plate,2.715,0.9827,18.1023,14.9201,200.5608,0.8858,47.4092
nearest,505,175,1623,125,banana in cardboard box,milk on pink plate,2.6797,0.8491,39.1911,21.9277,163.6817,0.9159,-15.1852
nearest,505,180,1663,120,banana in cardboard box,milk on pink plate,2.6558,0.4289,24.6859,35.7279,178.2003,0.8448,-58.599
nearest,505,185,1663,120,banana in cardboard box,milk on pink plate,2.3772,0.7779,16.0525,35.7279,191.1052,0.8626,-72.4915
nearest,506,45,11007,5,banana in cardboard box,push milk to the right,2.1799,0.9056,22.3128,10.0487,200.8256,0.8536,-95.3424
nearest,506,50,11010,10,banana in cardboard box,push milk to the right,2.2598,0.9686,23.0667,9.5798,185.7804,0.8537,-63.5039
nearest,506,60,11011,15,banana in cardboard box,push milk to the right,2.775,-0.8073,36.1161,7.9528,202.0452,0.9075,-10.0842
nearest,506,65,11011,20,banana in cardboard box,push milk to the right,3.1536,0.8739,23.7966,25.0082,195.3432,0.9083,151.4271
nearest,506,70,1661,115,banana in cardboard box,milk on pink plate,3.3932,-0.377,11.8746,27.7185,184.9644,0.8149,164.862
nearest,506,75,1661,115,banana in cardboard box,milk on pink plate,3.5232,-0.4312,14.2431,27.7185,193.547,0.8347,159.4088
nearest,506,185,1657,140,banana in cardboard box,milk on pink plate,3.1801,0.9851,11.3317,24.6706,193.3488,0.7907,92.3815
nearest,506,190,1657,140,banana in cardboard box,milk on pink plate,2.9548,0.8938,16.7389,24.6706,201.0081,0.8438,84.7681
nearest,507,70,1661,115,banana in cardboard box,milk on pink plate,2.9711,-0.1112,15.9289,27.7185,189.0905,0.8329,-138.4267
nearest,507,75,1661,120,banana in cardboard box,milk on pink plate,2.8226,0.9917,6.2629,25.229,197.8744,0.8453,-170.6137
nearest,507,90,1661,120,banana in cardboard box,milk on pink plate,2.4085,0.2951,11.2865,25.229,184.2654,0.896,-148.463
nearest,507,95,1661,120,banana in cardboard box,milk on pink plate,2.3941,-0.0419,16.6988,25.229,169.3549,0.8888,-134.9254
nearest,507,100,800,140,banana in cardboard box,banana in cardboard box,2.1878,0.5457,17.2252,0.4928,169.8546,0.904,-80.5569
nearest,507,105,798,155,banana in cardboard box,banana in cardboard box,2.0114,0.1294,12.9449,7.2424,168.6914,0.9081,-118.5094
nearest,507,115,1625,65,banana in cardboard box,milk on pink plate,2.3853,-0.8615,13.4029,5.8105,187.8424,0.8695,88.8314
nearest,507,120,13040,55,banana in cardboard box,banana in black bowl (new background),2.6708,-0.8719,24.8799,6.8707,201.5989,0.8647,117.525
nearest,507,145,13048,85,banana in cardboard box,banana in black bowl (new background),2.9094,-0.1281,21.238,15.9026,186.2466,0.8751,157.9559
nearest,508,50,11049,5,banana in cardboard box,push milk to the right,3.241,-0.8094,9.4127,0.1854,159.3976,0.8061,140.6552
nearest,508,55,11011,20,banana in cardboard box,push milk to the right,3.4162,0.8829,9.8426,25.0082,185.3894,0.7829,129.4416
nearest,508,65,11006,30,banana in cardboard box,push milk to the right,4.0338,-0.9541,10.7405,7.7293,185.1464,0.8511,-102.6646
nearest,508,70,11006,30,banana in cardboard box,push milk to the right,3.8617,-0.9319,15.1606,7.7293,183.7921,0.9037,-113.9333
nearest,508,75,11006,30,banana in cardboard box,push milk to the right,3.6695,-0.9981,19.1878,7.7293,150.3849,0.946,-148.7739
nearest,508,85,11006,40,banana in cardboard box,push milk to the right,3.2952,-0.9398,15.5207,15.9054,202.8043,0.9492,120.2498
nearest,508,95,11006,45,banana in cardboard box,push milk to the right,2.7707,0.8249,29.5272,12.9612,182.3152,0.9524,-136.5098
nearest,508,100,11006,45,banana in cardboard box,push milk to the right,2.5336,0.9549,25.6117,12.9612,190.6579,0.9508,-123.9035
nearest,508,105,11006,45,banana in cardboard box,push milk to the right,2.3769,0.999,26.4438,12.9612,147.7743,0.9463,-110.7304
nearest,508,110,11006,50,banana in cardboard box,push milk to the right,2.2067,0.786,18.7157,16.929,175.6929,0.9301,-110.0086
nearest,508,125,790,95,banana in cardboard box,banana in cardboard box,2.3654,0.9601,22.3559,11.0189,148.9497,0.9124,56.5578
nearest,508,130,790,95,banana in cardboard box,banana in cardboard box,2.8651,0.821,24.752,11.0189,197.4108,0.8802,21.4001
nearest,508,135,13014,65,banana in cardboard box,banana in black bowl (new background),3.0032,-0.8761,32.2576,27.561,137.9136,0.8973,102.4473
nearest,508,140,13014,70,banana in cardboard box,banana in black bowl (new background),3.1031,-0.9999,23.1776,8.2382,200.2689,0.9107,15.7518
nearest,508,150,13014,80,banana in cardboard box,banana in black bowl (new background),3.406,-0.9979,15.2681,8.7536,145.9924,0.8946,50.1917
nearest,508,155,13007,75,banana in cardboard box,banana in black bowl (new background),3.3712,-0.3109,12.2349,3.543,165.6782,0.903,86.28
nearest,508,175,1657,140,banana in cardboard box,milk on pink plate,2.3861,-0.2658,15.8319,24.6706,197.8993,0.8843,58.774
nearest,508,180,1663,120,banana in cardboard box,milk on pink plate,2.2823,0.8274,17.1083,35.7279,204.1825,0.8535,-73.4064
nearest,509,55,11011,15,banana in cardboard box,push milk to the right,3.4091,-0.8319,20.6986,7.9528,197.4347,0.8743,-16.0407
nearest,509,70,1622,55,banana in cardboard box,milk on pink plate,3.7463,-0.4424,23.5021,17.7861,194.7214,0.8726,-116.2724
nearest,509,80,816,130,banana in cardboard box,banana in cardboard box,3.1494,-0.8589,7.0265,15.5554,162.3518,0.8807,-167.5891
nearest,509,85,816,130,banana in cardboard box,banana in cardboard box,2.8502,0.3834,13.9289,15.5554,178.9502,0.8985,-156.6756
nearest,509,90,816,135,banana in cardboard box,banana in cardboard box,2.5213,0.8689,16.4475,13.1658,180.4962,0.8999,-144.3566
nearest,509,95,816,140,banana in cardboard box,banana in cardboard box,2.3702,0.4572,14.9825,12.9449,171.1215,0.8911,-138.8739
nearest,509,100,800,150,banana in cardboard box,banana in cardboard box,2.2272,0.6237,28.8973,8.5924,183.2923,0.9167,-128.2718
nearest,509,110,812,80,banana in cardboard box,banana in cardboard box,2.8061,0.8611,18.8592,14.2983,199.2644,0.8359,33.2888
nearest,509,115,790,100,banana in cardboard box,banana in cardboard box,2.994,0.9636,8.6575,15.6995,201.5831,0.8474,54.1017
nearest,510,90,1633,100,banana in cardboard box,milk on pink plate,2.4431,-0.9825,21.1482,2.3006,175.4535,0.8701,-106.0013
nearest,510,110,13000,70,banana in cardboard box,banana in black bowl (new background),3.3765,-0.9995,21.0039,9.6706,153.6126,0.8166,-0.6354
nearest,510,135,13048,85,banana in cardboard box,banana in black bowl (new background),2.8079,-0.5681,12.0715,15.9026,182.7372,0.922,168.2334
nearest,510,140,13048,90,banana in cardboard box,banana in black bowl (new background),2.6142,0.6078,14.9978,24.508,203.6406,0.9412,64.0896
nearest,511,50,11009,15,banana in cardboard box,push milk to the right,3.2756,-0.4391,16.9752,5.0732,198.7117,0.8767,15.1928
nearest,511,60,1622,55,banana in cardboard box,milk on pink plate,3.2714,0.8126,11.1178,17.7861,174.9136,0.8444,-32.0079
nearest,511,65,1661,120,banana in cardboard box,milk on pink plate,3.2703,0.9868,18.7675,25.229,188.5541,0.8307,-165.1759
nearest,511,70,1661,120,banana in cardboard box,milk on pink plate,2.9159,0.6024,10.7141,25.229,197.3076,0.8547,175.7459
nearest,511,75,1661,120,banana in cardboard box,milk on pink plate,2.6604,0.9588,22.1136,25.229,184.6009,0.8639,-161.4386
nearest,511,80,1661,120,banana in cardboard box,milk on pink plate,2.6036,0.9854,21.1602,25.229,201.7616,0.8668,-164.6809
nearest,511,85,1661,120,banana in cardboard box,milk on pink plate,2.5368,0.6673,26.5761,25.229,176.8561,0.8693,-144.4144
nearest,511,90,13001,140,banana in cardboard box,banana in black bowl (new background),2.3818,0.6525,29.5679,7.3948,184.4667,0.933,-136.1511
nearest,511,95,13001,140,banana in cardboard box,banana in black bowl (new background),2.1387,0.6855,18.157,7.3948,177.8414,0.9336,-142.4888
nearest,511,125,790,110,banana in cardboard box,banana in cardboard box,3.3959,-0.2551,13.0351,14.8122,182.3137,0.8349,137.0559
nearest,511,140,11026,75,banana in cardboard box,push milk to the right,2.7263,0.4962,24.3523,28.951,203.273,0.8658,-143.3845
nearest,512,85,816,145,banana in cardboard box,banana in cardboard box,2.273,0.7188,27.7432,12.9613,195.0025,0.8921,-137.5531
nearest,512,90,800,150,banana in cardboard box,banana in cardboard box,2.1966,0.7812,15.9072,8.5924,200.3233,0.8961,-143.3072
nearest,513,60,11011,20,banana in cardboard box,push milk to the right,3.6671,-0.9783,24.7593,25.0082,177.2288,0.8523,-141.457
nearest,513,65,11011,20,banana in cardboard box,push milk to the right,3.9448,0.3399,32.2868,25.0082,178.2079,0.8943,177.4115
nearest,513,70,868,50,banana in cardboard box,banana in black bowl,4.0126,-0.0302,28.9029,8.682,169.4626,0.8866,171.7478
nearest,513,75,868,55,banana in cardboard box,banana in black bowl,3.9582,-0.516,23.5875,9.1595,193.093,0.9021,-130.482
nearest,513,80,868,55,banana in cardboard box,banana in black bowl,3.7883,0.8969,14.3422,9.1595,192.3554,0.9204,147.1037
nearest,513,85,11006,40,banana in cardboard box,push milk to the right,3.4999,-0.074,17.7691,15.9054,183.1759,0.9403,94.749
nearest,513,90,11006,45,banana in cardboard box,push milk to the right,3.2824,0.4527,22.5161,12.9612,179.0183,0.9312,-153.3372
nearest,513,95,11006,45,banana in cardboard box,push milk to the right,3.077,0.9587,23.8492,12.9612,149.1851,0.9339,-123.1305
nearest,513,100,11006,45,banana in cardboard box,push milk to the right,2.7662,0.8398,22.4631,12.9612,186.7316,0.9384,-133.3748
nearest,513,105,11006,45,banana in cardboard box,push milk to the right,2.4658,0.9994,24.4052,12.9612,150.7117,0.9411,-111.1047
nearest,513,110,11006,45,banana in cardboard box,push milk to the right,2.5236,1.0,18.9778,12.9612,150.8932,0.9228,-112.169
nearest,513,115,11006,50,banana in cardboard box,push milk to the right,2.4677,0.9849,15.8169,16.929,157.5516,0.9112,-94.7334
nearest,513,135,790,95,banana in cardboard box,banana in cardboard box,2.6382,0.8538,21.8176,11.0189,133.9365,0.8926,66.6297
nearest,513,145,790,100,banana in cardboard box,banana in cardboard box,3.3372,0.3144,20.2854,15.6995,175.9548,0.8525,18.509
nearest,513,150,790,105,banana in cardboard box,banana in cardboard box,3.3327,-0.1414,25.1209,31.8008,142.2334,0.8543,55.3272
nearest,513,155,790,110,banana in cardboard box,banana in cardboard box,3.6118,-0.1933,29.858,14.8122,141.4255,0.8617,16.5518
nearest,513,160,790,115,banana in cardboard box,banana in cardboard box,3.558,-0.9323,14.6562,12.9388,166.3894,0.8674,-13.1321
nearest,513,190,1663,115,banana in cardboard box,milk on pink plate,2.7966,0.9764,27.7528,18.2474,175.3915,0.859,-16.2505
nearest,513,260,1667,120,banana in cardboard box,milk on pink plate,2.6347,-0.6964,12.1108,12.6248,202.9837,0.6809,25.5322
nearest,514,70,1661,120,banana in cardboard box,milk on pink plate,2.9582,0.7762,14.6483,25.229,194.5892,0.8814,176.6882
nearest,514,75,1661,120,banana in cardboard box,milk on pink plate,2.8037,0.1226,16.666,25.229,158.729,0.8851,-137.9113
nearest,514,85,1661,125,banana in cardboard box,milk on pink plate,2.4103,0.905,6.8646,18.3868,186.4108,0.8757,-155.8094
nearest,514,90,13001,140,banana in cardboard box,banana in black bowl (new background),2.1638,0.2589,20.8814,7.3948,154.5862,0.9334,-118.5684
nearest,514,95,13001,140,banana in cardboard box,banana in black bowl (new background),2.0555,0.3063,16.6105,7.3948,161.1927,0.9277,-124.453
nearest,514,100,1622,75,banana in cardboard box,milk on pink plate,2.1512,0.7741,10.2086,3.2433,186.4723,0.8964,53.0623
nearest,514,110,13014,65,banana in cardboard box,banana in black bowl (new background),3.0051,-0.9079,22.9382,27.561,203.7814,0.8656,140.03
nearest,514,120,1660,80,banana in cardboard box,milk on pink plate,3.2369,-0.9421,7.6407,1.5209,189.609,0.8179,-17.7728
nearest,514,125,1661,80,banana in cardboard box,milk on pink plate,3.4523,0.499,11.8663,5.1567,203.2771,0.8455,-26.059
nearest,515,85,798,150,banana in cardboard box,banana in cardboard box,2.1997,0.3498,30.5019,11.4191,194.1586,0.9104,-132.705
nearest,515,90,798,150,banana in cardboard box,banana in cardboard box,2.0188,0.4259,20.4745,11.4191,183.3462,0.9173,-142.3943
nearest,515,105,1622,75,banana in cardboard box,milk on pink plate,2.0148,0.8734,16.0714,3.2433,181.9202,0.8848,58.8016
nearest,516,60,1661,115,banana in cardboard box,milk on pink plate,3.1269,0.9885,12.9725,27.7185,204.8088,0.8609,-172.5823
nearest,516,70,1661,120,banana in cardboard box,milk on pink plate,2.8379,0.2475,8.902,25.229,191.457,0.8919,173.3975
nearest,516,85,1633,100,banana in cardboard box,milk on pink plate,2.2942,-0.8881,28.2796,2.3006,197.9227,0.9076,-123.6361
nearest,516,90,798,155,banana in cardboard box,banana in cardboard box,2.0705,0.715,19.6386,7.2424,195.8424,0.9093,-140.8938
nearest,517,50,13038,10,banana in cardboard box,banana in black bowl (new background),3.0903,0.9202,18.7896,8.505,202.0046,0.8818,-97.8751
nearest,517,75,1661,120,banana in cardboard box,milk on pink plate,2.54,0.9606,9.9015,25.229,204.5938,0.9032,-164.6205
nearest,517,85,1633,100,banana in cardboard box,milk on pink plate,2.1566,-0.3319,7.5529,2.3006,198.1118,0.9156,177.6869
nearest,517,90,1633,100,banana in cardboard box,milk on pink plate,2.073,-0.963,18.1052,2.3006,191.3599,0.8846,-111.8268
nearest,518,40,11037,15,banana in cardboard box,push milk to the right,2.7175,-0.5725,11.012,27.4706,172.9171,0.9102,-178.2801
nearest,518,45,11037,15,banana in cardboard box,push milk to the right,2.9342,-0.9682,11.9049,27.4706,200.4011,0.9144,148.0446
nearest,518,70,1661,120,banana in cardboard box,milk on pink plate,2.5165,0.193,12.0186,25.229,168.6258,0.8724,-145.9742
nearest,518,75,1664,100,banana in cardboard box,milk on pink plate,2.4429,0.3933,15.1845,19.9405,176.9283,0.8719,-67.2699
nearest,518,80,13001,140,banana in cardboard box,banana in black bowl (new background),2.2233,0.3055,13.9995,7.3948,172.4169,0.9306,-127.3707
nearest,518,85,13001,140,banana in cardboard box,banana in black bowl (new background),2.0179,0.5794,15.533,7.3948,181.4977,0.941,-138.4885
nearest,519,55,868,50,banana in cardboard box,banana in black bowl,3.1331,0.2919,26.9171,8.682,203.2491,0.8802,154.1579
nearest,519,60,858,160,banana in cardboard box,banana in black bowl,3.0748,0.9887,18.4027,18.4516,204.9873,0.8764,146.4849
nearest,519,70,858,160,banana in cardboard box,banana in black bowl,2.5928,0.3339,19.4761,18.4516,184.0005,0.9255,-172.8708
nearest,519,75,858,160,banana in cardboard box,banana in black bowl,2.5157,-0.0273,23.8812,18.4516,186.2506,0.9214,-155.9176
nearest,519,80,858,165,banana in cardboard box,banana in black bowl,2.3541,0.7116,21.7083,12.3226,166.4413,0.9176,-119.7488
nearest,519,85,13001,140,banana in cardboard box,banana in black bowl (new background),2.1932,0.6922,16.0162,7.3948,182.2679,0.937,-144.143
nearest,519,95,13030,40,banana in cardboard box,banana in black bowl (new background),2.6732,0.8261,18.0351,29.3526,184.0864,0.8821,57.2688
nearest,519,105,13014,70,banana in cardboard box,banana in black bowl (new background),2.712,-0.9713,22.3521,8.2382,199.3996,0.896,-4.5258
nearest,519,120,13048,80,banana in cardboard box,banana in black bowl (new background),2.8795,-0.0757,23.1116,10.1771,146.5252,0.8701,-37.5272
nearest,519,130,11026,75,banana in cardboard box,push milk to the right,2.3076,0.334,8.8732,28.951,202.9863,0.9025,-101.4403
nearest,520,25,11034,5,banana in cardboard box,push milk to the right,3.0771,0.9846,30.1702,14.9031,193.8632,0.665,-109.0512
nearest,520,30,11037,5,banana in cardboard box,push milk to the right,3.2441,0.1076,43.8067,13.598,201.0224,0.679,-119.3808
nearest,520,35,11037,10,banana in cardboard box,push milk to the right,3.2078,0.3764,19.9697,25.752,196.6614,0.7119,-97.0955
nearest,520,45,11007,25,banana in cardboard box,push milk to the right,3.8475,-0.2916,12.5035,4.8617,185.8968,0.759,22.9366
nearest,520,50,11006,30,banana in cardboard box,push milk to the right,4.0309,0.8906,17.1531,7.7293,172.7814,0.796,6.6577
nearest,520,55,11006,30,banana in cardboard box,push milk to the right,4.1961,0.1634,10.1231,7.7293,203.3432,0.8552,-21.3976
nearest,520,60,868,50,banana in cardboard box,banana in black bowl,4.2327,0.9571,34.5128,8.682,120.2918,0.8772,83.3934
nearest,520,80,868,60,banana in cardboard box,banana in black bowl,3.3197,0.8,29.8892,6.3277,200.9268,0.9165,-157.342
nearest,520,90,11006,45,banana in cardboard box,push milk to the right,2.7619,0.9529,19.2074,12.9612,146.8048,0.9297,-101.858
nearest,520,130,13001,90,banana in cardboard box,banana in black bowl (new background),3.8554,-0.6047,32.2443,15.5269,194.2928,0.8264,-47.848
nearest,520,135,13014,65,banana in cardboard box,banana in black bowl (new background),3.9473,-0.6959,30.6938,27.561,202.6589,0.8607,-90.6914
nearest,520,145,13014,75,banana in cardboard box,banana in black bowl (new background),4.0541,0.1773,22.9163,6.3061,193.1566,0.8928,136.0036
nearest,520,150,13014,80,banana in cardboard box,banana in black bowl (new background),4.193,-0.9103,14.0933,8.7536,201.7067,0.8974,96.6186
nearest,520,160,13007,85,banana in cardboard box,banana in black bowl (new background),3.2443,0.8531,25.6342,16.0239,202.8399,0.9386,147.8669
nearest,520,170,1623,125,banana in cardboard box,milk on pink plate,3.0489,0.9966,36.034,21.9277,142.6431,0.9012,-32.8219
nearest,520,175,1645,105,banana in cardboard box,milk on pink plate,2.8691,0.7104,27.9146,13.2065,186.1617,0.8599,-57.3645
nearest,520,200,1623,145,banana in cardboard box,milk on pink plate,2.3294,0.6622,21.9962,10.4172,203.8109,0.8801,-136.4897
nearest,521,20,1660,20,banana in cardboard box,milk on pink plate,2.7019,0.3021,15.8855,4.2152,189.1378,0.6384,-66.7098
nearest,521,30,1622,35,banana in cardboard box,milk on pink plate,3.4447,-0.8636,8.8395,6.5818,198.8007,0.6761,166.498
nearest,521,45,11037,15,banana in cardboard box,push milk to the right,4.044,-0.843,7.142,27.4706,198.1749,0.8156,148.4652
nearest,521,55,868,55,banana in cardboard box,banana in black bowl,3.8615,-0.078,34.1957,9.1595,168.7646,0.8709,-149.7433
nearest,521,60,868,55,banana in cardboard box,banana in black bowl,3.7105,-0.6419,8.8346,9.1595,184.8673,0.9099,68.2877
nearest,521,65,868,55,banana in cardboard box,banana in black bowl,3.7018,0.228,10.6014,9.1595,143.9415,0.9221,89.318
nearest,521,70,868,60,banana in cardboard box,banana in black bowl,3.5404,-0.4245,15.4825,6.3277,163.5689,0.9156,142.3282
nearest,521,75,11006,45,banana in cardboard box,push milk to the right,3.3134,0.2368,34.9576,12.9612,195.3589,0.938,-170.3881
nearest,521,80,11006,45,banana in cardboard box,push milk to the right,3.01,0.7405,31.8991,12.9612,182.8322,0.9433,-142.7839
nearest,521,85,11006,45,banana in cardboard box,push milk to the right,2.9176,0.8884,31.9419,12.9612,127.6055,0.9349,-92.8824
nearest,521,90,11006,45,banana in cardboard box,push milk to the right,2.7753,0.9788,29.2635,12.9612,146.9309,0.9349,-104.2216
nearest,521,95,11006,45,banana in cardboard box,push milk to the right,2.5727,0.9755,22.2592,12.9612,143.1901,0.9319,-104.3686
nearest,521,100,11006,50,banana in cardboard box,push milk to the right,2.4199,0.9749,14.8274,16.929,153.1993,0.9279,-95.9314
nearest,521,110,13001,85,banana in cardboard box,banana in black bowl (new background),2.707,0.2267,15.8754,10.4958,154.3223,0.8969,36.2336
nearest,521,115,13001,85,banana in cardboard box,banana in black bowl (new background),3.1061,0.9848,26.1381,10.4958,192.9258,0.8854,-4.2699
nearest,521,120,13014,65,banana in cardboard box,banana in black bowl (new background),3.2709,-0.9996,20.42,27.561,161.3772,0.9034,-169.4471
nearest,521,125,13014,70,banana in cardboard box,banana in black bowl (new background),3.4236,-0.207,11.5957,8.2382,167.273,0.911,134.2412
nearest,521,130,13014,75,banana in cardboard box,banana in black bowl (new background),3.559,0.0864,19.6737,6.3061,193.9461,0.9185,133.5326
nearest,521,155,1663,115,banana in cardboard box,milk on pink plate,2.9524,0.9243,39.8333,18.2474,196.1718,0.8469,-39.2091
nearest,522,140,13036,70,banana in cardboard box,banana in black bowl (new background),3.1006,0.5821,23.1118,4.5536,204.1912,0.8347,12.0853
nearest,523,45,858,155,banana in cardboard box,banana in black bowl,2.7715,0.9999,22.6833,18.3969,177.3691,0.8866,150.5392
nearest,523,65,858,165,banana in cardboard box,banana in black bowl,2.1458,0.7772,20.7028,12.3226,179.0869,0.9295,-123.8976
nearest,523,70,858,165,banana in cardboard box,banana in black bowl,2.0829,0.9573,22.2744,12.3226,202.1215,0.92,-137.6871
nearest,523,75,858,165,banana in cardboard box,banana in black bowl,2.1327,0.8902,19.5907,12.3226,202.0351,0.8963,-131.8343
nearest,523,90,13030,45,banana in cardboard box,banana in black bowl (new background),2.6862,-0.2521,24.2164,11.5809,193.1703,0.9033,-4.7893
nearest,523,95,13030,50,banana in cardboard box,banana in black bowl (new background),2.8468,0.1005,29.9095,9.4409,201.7158,0.903,0.6559
nearest,523,100,852,65,banana in cardboard box,banana in black bowl,2.8921,0.8037,29.1697,20.421,183.6497,0.8839,18.2364
nearest,523,115,13036,70,banana in cardboard box,banana in black bowl (new background),2.4075,0.523,40.7503,4.5536,202.1429,0.895,4.9784
nearest,523,195,852,10,banana in cardboard box,banana in black bowl,2.0592,0.9349,8.3879,12.5796,195.1042,0.8194,134.2755
nearest,523,200,852,10,banana in cardboard box,banana in black bowl,2.3647,0.7181,8.0823,12.5796,186.3488,0.7348,142.995
nearest,523,220,13007,135,banana in cardboard box,banana in black bowl (new background),2.2134,-0.8153,6.092,0.337,195.9878,0.4815,-36.171
nearest,524,60,858,155,banana in cardboard box,banana in black bowl,3.0889,0.9968,24.2487,18.3969,188.0793,0.8694,153.6674
nearest,524,65,858,160,banana in cardboard box,banana in black bowl,2.915,0.6017,18.9001,18.4516,173.1586,0.8828,177.636
nearest,524,70,858,160,banana in cardboard box,banana in black bowl,2.7325,0.0633,14.3005,18.4516,184.7209,0.9061,-172.8094
nearest,524,75,858,160,banana in cardboard box,banana in black bowl,2.6017,0.8251,13.5578,18.4516,182.7158,0.912,165.2806
nearest,524,80,858,160,banana in cardboard box,banana in black bowl,2.4681,0.1153,30.596,18.4516,203.4276,0.9145,-155.0864
nearest,524,90,13001,140,banana in cardboard box,banana in black bowl (new background),2.2603,0.5943,16.9028,7.3948,166.362,0.9415,-138.2272
nearest,524,95,13001,75,banana in cardboard box,banana in black bowl (new background),2.285,0.6562,10.2713,9.2388,155.9395,0.9428,20.3369
nearest,524,100,13001,85,banana in cardboard box,banana in black bowl (new background),2.4233,0.4843,27.8941,10.4958,181.3599,0.9176,34.0597
nearest,524,105,13014,65,banana in cardboard box,banana in black bowl (new background),2.7485,-0.9947,27.1285,27.561,152.8993,0.9149,116.7066
nearest,525,45,13028,5,banana in cardboard box,banana in black bowl (new background),3.5591,-0.8369,19.723,6.521,201.303,0.7928,35.6063
nearest,525,55,868,50,banana in cardboard box,banana in black bowl,3.9313,-0.9778,25.3625,8.682,191.8648,0.8156,-64.8702
nearest,525,60,868,55,banana in cardboard box,banana in black bowl,3.6609,0.7276,18.359,9.1595,175.7285,0.8538,160.2609
nearest,525,65,858,155,banana in cardboard box,banana in black bowl,3.4558,0.9897,16.4007,18.3969,181.5841,0.8747,147.1759
nearest,525,70,858,160,banana in cardboard box,banana in black bowl,3.1575,0.8044,17.2183,18.4516,182.6726,0.9031,133.2195
nearest,525,75,858,160,banana in cardboard box,banana in black bowl,2.8592,0.2333,20.4378,18.4516,187.8048,0.9246,-168.6484
nearest,525,80,858,160,banana in cardboard box,banana in black bowl,2.7056,0.6399,30.9186,18.4516,187.3528,0.9261,-177.3537
nearest,525,85,858,165,banana in cardboard box,banana in black bowl,2.5874,0.9934,33.9748,12.3226,202.5648,0.916,-143.6806
nearest,525,95,858,165,banana in cardboard box,banana in black bowl,2.3836,0.97,24.2476,12.3226,190.4753,0.9093,-139.1926
nearest,525,100,858,165,banana in cardboard box,banana in black bowl,2.3031,0.9483,18.7297,12.3226,179.5846,0.9101,-137.3543
nearest,525,125,13001,85,banana in cardboard box,banana in black bowl (new background),2.5275,0.3363,27.9248,10.4958,169.0452,0.8691,41.4866
nearest,525,130,13030,40,banana in cardboard box,banana in black bowl (new background),3.1487,0.5955,25.9096,29.3526,192.9004,0.8367,45.2747
nearest,525,135,13014,65,banana in cardboard box,banana in black bowl (new background),3.4727,-0.6129,17.5552,27.561,192.8826,0.8487,-125.4357
nearest,526,40,13028,5,banana in cardboard box,banana in black bowl (new background),3.3549,-0.576,12.2419,6.521,181.1093,0.8172,-98.5962
nearest,526,45,13028,10,banana in cardboard box,banana in black bowl (new background),3.6599,-0.6672,14.8856,17.0471,172.788,0.83,127.6075
nearest,526,50,868,50,banana in cardboard box,banana in black bowl,3.7617,0.7769,24.8135,8.682,176.9298,0.8353,126.0726
nearest,526,55,868,55,banana in cardboard box,banana in black bowl,3.4559,0.886,19.5549,9.1595,172.5547,0.8725,149.9404
nearest,526,65,858,160,banana in cardboard box,banana in black bowl,2.9845,0.6252,19.496,18.4516,195.2354,0.9013,177.2
nearest,526,70,858,160,banana in cardboard box,banana in black bowl,2.7563,0.6803,17.804,18.4516,190.5297,0.9161,173.9117
nearest,526,75,858,160,banana in cardboard box,banana in black bowl,2.4919,-0.0183,30.4396,18.4516,167.6619,0.9182,-149.6626
nearest,526,80,858,165,banana in cardboard box,banana in black bowl,2.3594,0.9348,19.419,12.3226,163.8251,0.9047,-135.7755
nearest,526,85,13001,140,banana in cardboard box,banana in black bowl (new background),2.2264,0.6343,17.584,7.3948,150.3055,0.9287,-139.9258
nearest,526,90,13001,140,banana in cardboard box,banana in black bowl (new background),2.063,0.7795,18.2189,7.3948,177.7224,0.9325,-148.3125
nearest,526,135,13001,85,banana in cardboard box,banana in black bowl (new background),2.4436,0.2009,21.3685,10.4958,173.425,0.8859,43.3449
nearest,526,140,13001,90,banana in cardboard box,banana in black bowl (new background),3.3574,-0.9237,30.26,15.5269,147.6151,0.8393,76.3848
nearest,526,145,13014,65,banana in cardboard box,banana in black bowl (new background),3.5046,-0.9712,26.8611,27.561,147.6746,0.8673,-87.944
nearest,526,150,13014,70,banana in cardboard box,banana in black bowl (new background),3.6288,0.0623,16.2624,8.2382,203.513,0.8754,-102.6686
nearest,526,165,13015,75,banana in cardboard box,banana in black bowl (new background),3.7458,-0.5045,31.6654,9.7154,158.5821,0.8433,-52.182
nearest,526,170,13036,60,banana in cardboard box,banana in black bowl (new background),2.9836,-0.2549,8.1885,7.2172,195.5587,0.8835,136.8026
nearest,526,175,13036,70,banana in cardboard box,banana in black bowl (new background),2.6441,0.1967,11.9444,4.5536,193.4794,0.912,117.7892
nearest,526,180,13036,65,banana in cardboard box,banana in black bowl (new background),2.5925,-0.1656,18.9781,21.7753,201.5191,0.9109,163.2894
nearest,527,65,858,160,banana in cardboard box,banana in black bowl,2.2158,-0.1435,19.4582,18.4516,199.9548,0.9241,-158.3261
nearest,527,70,858,165,banana in cardboard box,banana in black bowl,2.0655,0.8223,17.2973,12.3226,161.5724,0.9187,-128.1834
nearest,527,75,858,165,banana in cardboard box,banana in black bowl,2.0445,0.8769,14.9955,12.3226,173.7377,0.8823,-132.728
nearest,527,80,13030,35,banana in cardboard box,banana in black bowl (new background),2.4558,0.7631,15.9063,13.831,199.1973,0.8989,69.4198
nearest,527,85,13030,40,banana in cardboard box,banana in black bowl (new background),3.4421,0.8813,18.3581,29.3526,176.9563,0.8503,80.9907
nearest,527,105,13014,80,banana in cardboard box,banana in black bowl (new background),4.2363,-0.1962,13.9957,8.7536,198.5735,0.8321,155.1997
nearest,527,110,13036,60,banana in cardboard box,banana in black bowl (new background),3.9458,-0.2821,10.9672,7.2172,177.5353,0.8031,125.2646
nearest,528,40,13028,0,banana in cardboard box,banana in black bowl (new background),2.9502,-0.86,14.8444,26.8098,165.2395,0.8387,26.7166
nearest,528,50,13028,10,banana in cardboard box,banana in black bowl (new background),3.4933,0.7496,18.3244,17.0471,199.9705,0.8487,48.7903
nearest,528,60,858,155,banana in cardboard box,banana in black bowl,3.3686,0.9667,29.0901,18.3969,176.8251,0.8602,160.134
nearest,528,65,858,160,banana in cardboard box,banana in black bowl,3.2926,0.9572,15.5515,18.4516,184.0895,0.8883,143.1018
nearest,528,70,858,160,banana in cardboard box,banana in black bowl,3.0375,0.3555,11.8981,18.4516,178.2913,0.9226,124.6697
nearest,528,75,858,160,banana in cardboard box,banana in black bowl,2.6946,0.6208,25.201,18.4516,190.2013,0.9339,-179.1203
nearest,528,80,858,160,banana in cardboard box,banana in black bowl,2.6498,-0.0975,28.8409,18.4516,166.6731,0.9311,-147.7962
nearest,528,85,858,165,banana in cardboard box,banana in black bowl,2.5284,0.9296,25.7215,12.3226,182.8815,0.9262,-133.8685
nearest,528,90,858,165,banana in cardboard box,banana in black bowl,2.3352,0.9531,22.2898,12.3226,183.5323,0.931,-137.164
nearest,528,95,858,165,banana in cardboard box,banana in black bowl,2.1962,0.9311,19.7889,12.3226,178.9929,0.9318,-135.3156
nearest,528,120,13001,85,banana in cardboard box,banana in black bowl (new background),2.4647,0.6764,25.8737,10.4958,146.5796,0.8672,22.8246
nearest,528,125,13014,65,banana in cardboard box,banana in black bowl (new background),3.0896,-0.9726,20.964,27.561,165.8546,0.87,-130.7788
nearest,528,130,13014,70,banana in cardboard box,banana in black bowl (new background),3.1572,-0.9699,20.1998,8.2382,145.4972,0.8749,-6.4156
nearest,528,135,13014,75,banana in cardboard box,banana in black bowl (new background),3.0955,0.9516,13.2806,6.3061,179.1622,0.8845,-170.8482
nearest,528,160,13048,95,banana in cardboard box,banana in black bowl (new background),2.9156,0.9883,27.4588,7.3328,171.1373,0.9207,-16.6884
nearest,528,165,13036,75,banana in cardboard box,banana in black bowl (new background),2.8724,-0.9694,25.7583,15.4313,186.333,0.9011,-23.1103
nearest,529,35,1710,30,banana in cardboard box,salt on pink plate,2.6904,0.5594,14.2772,5.0456,193.8465,0.6946,-114.6848
nearest,529,60,13028,10,banana in cardboard box,banana in black bowl (new background),3.9411,-0.9903,12.9625,17.0471,204.1983,0.8357,93.4447
nearest,529,65,868,50,banana in cardboard box,banana in black bowl,4.003,0.501,15.8605,8.682,142.816,0.8312,136.4168
nearest,529,70,868,55,banana in cardboard box,banana in black bowl,3.8823,0.1076,22.6536,9.1595,160.5974,0.8572,-166.2058
nearest,529,85,858,160,banana in cardboard box,banana in black bowl,2.9192,0.7977,31.3447,18.4516,194.2303,0.9305,174.301
nearest,529,90,858,165,banana in cardboard box,banana in black bowl,2.6275,0.9836,26.7138,12.3226,172.7062,0.9221,-141.4138
nearest,529,95,858,165,banana in cardboard box,banana in black bowl,2.301,0.8835,27.6763,12.3226,173.7946,0.9191,-129.1113
nearest,529,100,858,165,banana in cardboard box,banana in black bowl,2.157,0.8627,21.2074,12.3226,160.6624,0.9107,-129.2254
nearest,529,120,13001,85,banana in cardboard box,banana in black bowl (new background),2.2982,0.2815,17.7247,10.4958,158.2262,0.8904,36.2687
nearest,529,125,13001,85,banana in cardboard box,banana in black bowl (new background),2.9925,0.416,25.9923,10.4958,143.6619,0.8508,36.5502
nearest,529,135,13014,70,banana in cardboard box,banana in black bowl (new background),3.2208,-0.8966,17.0846,8.2382,186.6833,0.8571,-29.89
nearest,529,140,13014,75,banana in cardboard box,banana in black bowl (new background),3.3613,-0.9733,17.7672,6.3061,135.2923,0.8545,0.9614
nearest,529,145,13014,80,banana in cardboard box,banana in black bowl (new background),3.5077,-0.8913,21.6276,8.7536,121.9802,0.8308,-1.4276
nearest,529,150,862,85,banana in cardboard box,banana in black bowl,3.3317,-0.9894,21.6288,14.8627,117.6563,0.8395,-5.8939
nearest,529,155,852,75,banana in cardboard box,banana in black bowl,2.8409,-0.7775,24.5275,17.1696,198.8409,0.9002,-114.7362
nearest,529,160,13035,65,banana in cardboard box,banana in black bowl (new background),2.6943,-0.9029,36.5116,10.8094,203.3325,0.9038,-70.9458
nearest,529,170,13036,60,banana in cardboard box,banana in black bowl (new background),2.8635,0.0714,50.9803,7.2172,100.3869,0.8827,-88.1873
nearest,529,175,13036,65,banana in cardboard box,banana in black bowl (new background),2.9253,-0.7647,41.1518,21.7753,169.577,0.8789,-41.504
nearest,529,180,13036,70,banana in cardboard box,banana in black bowl (new background),3.0469,0.6155,18.6626,4.5536,193.6706,0.8697,15.7829
nearest,530,60,13015,5,banana in cardboard box,banana in black bowl (new background),3.466,-0.7114,23.8959,10.0678,193.3218,0.8957,-144.6971
nearest,530,65,13015,10,banana in cardboard box,banana in black bowl (new background),3.6115,1.0,10.5797,7.0413,198.5277,0.9188,124.0659
nearest,530,70,13038,15,banana in cardboard box,banana in black bowl (new background),3.5581,-0.9647,11.8677,6.9296,193.0869,0.8953,-172.6504
nearest,530,80,858,160,banana in cardboard box,banana in black bowl,2.9749,0.3433,14.5314,18.4516,187.0158,0.9127,120.58
nearest,530,90,858,160,banana in cardboard box,banana in black bowl,2.4519,0.9237,20.2591,18.4516,198.2008,0.9542,162.5894
nearest,530,95,858,160,banana in cardboard box,banana in black bowl,2.2858,0.8737,16.7271,18.4516,190.0951,0.9552,164.6124
nearest,530,100,858,165,banana in cardboard box,banana in black bowl,2.2108,0.965,13.7129,12.3226,195.4179,0.948,-156.5411
nearest,530,105,858,165,banana in cardboard box,banana in black bowl,2.0194,0.6754,14.4231,12.3226,168.2628,0.9412,-122.7886
nearest,530,110,858,165,banana in cardboard box,banana in black bowl,1.9862,0.744,16.7137,12.3226,174.332,0.9221,-124.2465
nearest,530,125,13030,35,banana in cardboard box,banana in black bowl (new background),2.6951,0.5845,17.4102,13.831,189.3025,0.852,60.541
nearest,530,130,13030,40,banana in cardboard box,banana in black bowl (new background),3.2387,-0.9831,8.3561,29.3526,188.3787,0.8054,66.0637
nearest,530,135,13030,45,banana in cardboard box,banana in black bowl (new background),3.4757,0.9421,15.2935,11.5809,199.7412,0.7809,-92.8005
nearest,530,140,13030,50,banana in cardboard box,banana in black bowl (new background),3.4717,0.7087,12.691,9.4409,198.029,0.7787,-92.5505
nearest,530,145,13014,75,banana in cardboard box,banana in black bowl (new background),3.6742,0.7559,8.135,6.3061,194.8622,0.7803,-135.5332
nearest,530,155,852,75,banana in cardboard box,banana in black bowl,3.3269,-0.9735,7.7873,17.1696,189.6741,0.8293,158.7691
nearest,530,160,11026,75,banana in cardboard box,push milk to the right,3.1326,-0.1266,31.1575,28.951,194.0676,0.795,-65.1001
nearest,531,25,11037,5,banana in black bowl,push milk to the right,2.7126,-0.0062,12.4986,13.598,186.5216,0.8502,-143.8257
nearest,531,50,1622,55,banana in black bowl,milk on pink plate,3.5677,-0.2421,13.7837,17.7861,188.3681,0.8491,-2.8056
nearest,531,55,1661,120,banana in black bowl,milk on pink plate,3.2863,0.8436,6.9476,25.229,188.2425,0.8487,-175.9916
nearest,531,65,1661,120,banana in black bowl,milk on pink plate,2.8291,0.8993,19.7962,25.229,199.0031,0.8683,-157.7705
nearest,531,70,1633,95,banana in black bowl,milk on pink plate,2.6711,0.0734,26.5733,9.0977,179.5857,0.8824,-139.6145
nearest,531,75,1633,95,banana in black bowl,milk on pink plate,2.4488,-0.187,20.4135,9.0977,166.0376,0.8928,-131.7386
nearest,531,80,1633,100,banana in black bowl,milk on pink plate,2.2589,-0.7944,13.1339,2.3006,147.363,0.8978,-49.5199
nearest,531,95,1622,75,banana in black bowl,milk on pink plate,2.249,0.8138,11.7819,3.2433,174.4011,0.8832,55.0859
nearest,531,100,1625,70,banana in black bowl,milk on pink plate,2.4144,0.7502,18.5079,20.2379,176.4443,0.8719,56.6658
nearest,531,110,13048,65,banana in black bowl,banana in black bowl (new background),2.7552,-0.6718,13.925,12.663,185.4316,0.8907,71.7943
nearest,532,45,13028,10,banana in black bowl,banana in black bowl (new background),3.537,0.9817,9.4863,17.0471,185.3915,0.8356,66.3755
nearest,532,55,868,50,banana in black bowl,banana in black bowl,3.5978,0.5169,11.3619,8.682,197.7982,0.889,63.1212
nearest,532,60,868,55,banana in black bowl,banana in black bowl,3.4673,0.7237,21.1949,9.1595,157.9537,0.8993,161.8801
nearest,532,65,868,55,banana in black bowl,banana in black bowl,3.2623,0.7409,12.4004,9.1595,143.2918,0.9149,155.4579
nearest,532,70,868,55,banana in black bowl,banana in black bowl,3.1641,0.4879,6.555,9.1595,177.5363,0.9193,155.8865
nearest,532,75,11006,40,banana in black bowl,push milk to the right,2.8422,-0.9735,38.4555,15.9054,202.9202,0.9365,-157.9909
nearest,532,80,11006,45,banana in black bowl,push milk to the right,2.4076,0.8849,24.2062,12.9612,190.7921,0.9327,-130.5668
nearest,532,85,11006,45,banana in black bowl,push milk to the right,2.2526,0.9283,16.6217,12.9612,172.0747,0.9236,-124.6915
nearest,532,90,13001,140,banana in black bowl,banana in black bowl (new background),2.1239,0.9533,24.2538,7.3948,146.7992,0.9247,-162.6659
nearest,532,100,13001,85,banana in black bowl,banana in black bowl (new background),2.5639,0.4152,31.6546,10.4958,148.1601,0.879,39.2025
nearest,532,115,13014,75,banana in black bowl,banana in black bowl (new background),3.4163,0.9624,11.6305,6.3061,193.7026,0.8999,-168.9169
nearest,532,145,13040,90,banana in black bowl,banana in black bowl (new background),2.2294,0.984,14.5281,3.413,174.089,0.9103,5.7133
nearest,533,50,868,55,banana in black bowl,banana in black bowl,3.0424,-0.1316,18.912,9.1595,194.2486,0.9001,-158.5458
nearest,533,60,868,65,banana in black bowl,banana in black bowl,2.6614,0.5243,11.3655,3.9349,203.3299,0.9043,39.5115
nearest,533,65,858,160,banana in black bowl,banana in black bowl,2.4746,-0.026,23.4009,18.4516,160.2822,0.9028,-156.5463
nearest,533,70,13001,140,banana in black bowl,banana in black bowl (new background),2.2602,0.4489,13.2786,7.3948,154.6579,0.9404,-134.5444
nearest,533,75,13001,140,banana in black bowl,banana in black bowl (new background),2.0962,0.7697,22.3745,7.3948,172.21,0.9396,-146.0392
nearest,533,90,13001,85,banana in black bowl,banana in black bowl (new background),2.2179,0.1167,27.3941,10.4958,142.9761,0.9066,51.8677
nearest,533,95,13001,90,banana in black bowl,banana in black bowl (new background),2.4157,-0.9842,23.663,15.5269,147.1159,0.9033,4.9923
nearest,533,100,13002,80,banana in black bowl,banana in black bowl (new background),2.5767,-0.8985,14.9656,22.9183,145.5353,0.9084,143.3019
nearest,533,115,13008,80,banana in black bowl,banana in black bowl (new background),2.9288,0.2613,6.931,8.5098,200.3818,0.9032,-145.8187
nearest,533,125,13036,60,banana in black bowl,banana in black bowl (new background),2.5394,0.894,7.1668,7.2172,183.941,0.9243,-152.8766
nearest,533,130,13036,65,banana in black bowl,banana in black bowl (new background),2.3014,0.3229,12.8999,21.7753,203.152,0.9329,-126.3803
nearest,534,40,13028,10,banana in black bowl,banana in black bowl (new background),3.9138,0.41,10.294,17.0471,197.0158,0.8072,46.4765
nearest,534,50,868,55,banana in black bowl,banana in black bowl,3.5737,-0.1685,21.5749,9.1595,204.2954,0.8944,-153.5223
nearest,534,55,868,55,banana in black bowl,banana in black bowl,3.2924,-0.1423,20.6689,9.1595,202.0788,0.9296,-155.8656
nearest,534,65,868,65,banana in black bowl,banana in black bowl,2.9879,-0.3835,21.7411,3.9349,195.7102,0.9186,-107.2197
nearest,534,70,868,60,banana in black bowl,banana in black bowl,2.8197,0.8616,29.3046,6.3277,150.6421,0.9123,-101.4432
nearest,534,75,13001,140,banana in black bowl,banana in black bowl (new background),2.6748,0.62,21.588,7.3948,192.0437,0.9221,-136.9815
nearest,534,85,13001,140,banana in black bowl,banana in black bowl (new background),2.2408,-0.111,11.0567,7.3948,183.6294,0.9312,-115.4695
nearest,534,100,13002,70,banana in black bowl,banana in black bowl (new background),2.3479,0.9276,34.568,20.0371,170.4052,0.9181,42.0908
nearest,534,105,13002,75,banana in black bowl,banana in black bowl (new background),2.579,0.7687,33.4548,9.283,184.1063,0.9079,43.9522
nearest,534,110,13002,80,banana in black bowl,banana in black bowl (new background),2.8623,-0.4155,36.5404,22.9183,151.0269,0.9047,101.145
nearest,534,125,13013,70,banana in black bowl,banana in black bowl (new background),3.3209,-0.3967,18.0052,7.267,180.4926,0.8921,94.6641
nearest,534,130,13013,75,banana in black bowl,banana in black bowl (new background),3.198,0.2891,10.2937,3.2339,189.6492,0.8883,62.0755
nearest,534,140,13036,60,banana in black bowl,banana in black bowl (new background),2.787,-0.7159,9.8374,7.2172,171.3732,0.898,-77.5929
nearest,535,45,13002,20,banana in black bowl,banana in black bowl (new background),3.2237,0.9982,18.991,13.3093,202.9415,0.9049,-174.3348
nearest,535,55,868,50,banana in black bowl,banana in black bowl,3.3739,0.2897,31.222,8.682,200.1856,0.8749,156.1988
nearest,535,60,868,55,banana in black bowl,banana in black bowl,3.1598,0.7063,27.3794,9.1595,173.5297,0.8885,165.2586
nearest,535,70,1622,65,banana in black bowl,milk on pink plate,2.888,0.8761,10.1326,5.8231,204.1866,0.8911,-164.6261
nearest,535,75,877,125,banana in black bowl,banana in black bowl,2.7488,0.7701,25.8694,0.5026,170.2872,0.9097,-109.1537
nearest,535,80,800,140,banana in black bowl,banana in cardboard box,2.5627,0.7116,21.1597,0.4928,158.2084,0.8844,-92.4179
nearest,535,85,863,120,banana in black bowl,banana in black bowl,2.454,-0.896,14.3641,15.1754,160.0676,0.8947,179.7894
nearest,535,90,848,170,banana in black bowl,banana in black bowl,2.3752,0.8029,12.9572,14.0945,170.1952,0.9158,-129.0887
nearest,535,105,13002,70,banana in black bowl,banana in black bowl (new background),2.7117,0.9942,26.6366,20.0371,160.7346,0.8733,59.5233
nearest,535,115,13014,70,banana in black bowl,banana in black bowl (new background),3.1627,-0.9796,24.9115,8.2382,138.1474,0.8728,34.212
nearest,535,135,13036,60,banana in black bowl,banana in black bowl (new background),2.9848,-0.9167,19.5719,7.2172,179.1083,0.8892,-22.2355
nearest,535,140,13036,65,banana in black bowl,banana in black bowl (new background),2.6515,-0.7546,36.8568,21.7753,165.5313,0.908,-47.5689
nearest,536,60,870,145,banana in black bowl,banana in black bowl,2.5184,-0.4107,25.1215,8.9158,192.1139,0.8871,-88.051
nearest,536,175,867,15,banana in black bowl,banana in black bowl,2.5626,-0.9281,8.226,7.248,172.4886,0.7285,-118.1178
nearest,537,35,11037,10,banana in black bowl,push milk to the right,3.9993,-0.2403,8.5492,25.752,182.8602,0.8222,-145.474
nearest,537,45,11009,20,banana in black bowl,push milk to the right,4.3111,-0.9552,10.4093,54.1434,194.0249,0.8467,125.4059
nearest,537,55,868,55,banana in black bowl,banana in black bowl,3.6926,0.38,18.9967,9.1595,154.3925,0.9002,178.0562
nearest,537,65,11006,40,banana in black bowl,push milk to the right,2.8838,-0.9388,24.2991,15.9054,196.972,0.9431,-85.3216
nearest,537,70,11006,40,banana in black bowl,push milk to the right,2.5511,-0.9998,17.9891,15.9054,195.5923,0.9478,-145.7188
nearest,537,75,11006,45,banana in black bowl,push milk to the right,2.312,0.9896,27.2701,12.9612,151.6243,0.9453,-118.0148
nearest,537,80,11006,50,banana in black bowl,push milk to the right,2.167,0.9734,15.947,16.929,166.9527,0.9408,-96.3431
nearest,537,90,790,95,banana in black bowl,banana in cardboard box,2.7698,0.9984,13.5719,11.0189,204.9705,0.8897,43.8714
nearest,537,120,13009,85,banana in black bowl,banana in black bowl (new background),3.0101,0.9942,10.6302,17.0891,201.6797,0.8829,-164.5136
nearest,537,130,1655,120,banana in black bowl,milk on pink plate,2.8312,0.5065,40.5607,14.5113,170.1484,0.8618,-29.0775
nearest,538,25,11037,5,banana in black bowl,push milk to the right,3.4075,0.6464,10.5029,13.598,199.5694,0.6899,-165.1196
nearest,538,30,11037,5,banana in black bowl,push milk to the right,3.696,-0.8496,7.0694,13.598,186.0788,0.7228,147.2656
nearest,538,45,11007,30,banana in black bowl,push milk to the right,4.3402,-0.0611,19.9203,13.9741,163.9705,0.7558,39.2729
nearest,538,50,868,50,banana in black bowl,banana in black bowl,4.267,0.4809,8.7304,8.682,166.8592,0.8057,66.1522
nearest,538,60,868,55,banana in black bowl,banana in black bowl,3.8261,0.1114,15.0505,9.1595,149.7351,0.8768,76.9629
nearest,538,70,868,55,banana in black bowl,banana in black bowl,3.3082,0.9444,35.5567,9.1595,185.518,0.9197,146.3362
nearest,538,75,868,60,banana in black bowl,banana in black bowl,2.96,0.4308,66.8192,6.3277,194.2633,0.9155,173.5459
nearest,538,80,868,65,banana in black bowl,banana in black bowl,2.7458,-0.8379,26.9048,3.9349,169.1505,0.9124,-146.5773
nearest,538,85,11006,45,banana in black bowl,push milk to the right,2.5071,0.5752,16.3713,12.9612,157.9832,0.9295,-143.3105
nearest,538,110,13001,85,banana in black bowl,banana in black bowl (new background),2.5289,-0.9866,22.1164,10.4958,134.9405,0.8435,150.903
nearest,538,135,13014,75,banana in black bowl,banana in black bowl (new background),3.9309,-0.0106,34.2635,6.3061,192.9258,0.8576,-78.5249
nearest,538,140,13014,80,banana in black bowl,banana in black bowl (new background),3.7393,0.5494,9.6461,8.7536,180.1083,0.8929,-108.6087
nearest,538,145,13014,85,banana in black bowl,banana in black bowl (new background),3.0153,-0.6364,11.0255,15.7683,184.5801,0.9478,-84.4198
nearest,538,150,13019,55,banana in black bowl,banana in black bowl (new background),2.8405,0.9736,17.7759,21.0474,184.2623,0.9259,-157.486
nearest,538,155,13040,85,banana in black bowl,banana in black bowl (new background),2.8512,-0.4232,24.0915,14.868,130.8943,0.8912,-42.6793
nearest,538,160,13040,90,banana in black bowl,banana in black bowl (new background),2.7722,0.9377,23.6123,3.413,133.6711,0.8942,-3.7734
nearest,538,165,13040,95,banana in black bowl,banana in black bowl (new background),2.7341,0.9701,12.8937,5.0726,157.0905,0.8876,8.4958
nearest,538,195,13023,55,banana in black bowl,banana in black bowl (new background),2.6278,0.6185,27.0925,8.7497,200.788,0.8177,16.7848
nearest,538,200,13040,60,banana in black bowl,banana in black bowl (new background),2.6983,0.8972,14.4722,4.8007,195.7234,0.8443,-122.3132
nearest,539,20,865,15,banana in black bowl,banana in black bowl,2.7438,0.9037,8.7139,5.4802,195.9939,0.7405,-175.6416
nearest,539,50,868,50,banana in black bowl,banana in black bowl,4.1524,-0.7385,70.5126,8.682,195.1688,0.8515,-130.7363
nearest,539,55,868,55,banana in black bowl,banana in black bowl,3.9243,0.2789,23.2018,9.1595,163.0691,0.8815,-174.0106
nearest,539,70,858,160,banana in black bowl,banana in black bowl,2.9746,0.5106,20.3725,18.4516,194.361,0.9001,-177.9506
nearest,539,75,13001,140,banana in black bowl,banana in black bowl (new background),2.5507,0.6162,21.0214,7.3948,188.6157,0.9547,-137.0305
nearest,539,80,13001,140,banana in black bowl,banana in black bowl (new background),2.321,0.7409,26.7793,7.3948,164.8653,0.9606,-142.7264
nearest,539,85,13001,140,banana in black bowl,banana in black bowl (new background),2.2035,0.8124,19.957,7.3948,164.485,0.9509,-149.9244
nearest,539,100,13001,85,banana in black bowl,banana in black bowl (new background),2.1586,0.0918,23.659,10.4958,134.6726,0.9037,50.3153
nearest,539,105,13001,85,banana in black bowl,banana in black bowl (new background),2.4826,0.7126,25.5015,10.4958,163.9741,0.8949,20.5508
nearest,539,110,13001,90,banana in black bowl,banana in black bowl (new background),2.8462,-0.9632,23.0115,15.5269,167.9207,0.8833,-9.6286
nearest,539,130,13040,75,banana in black bowl,banana in black bowl (new background),3.3131,0.915,17.7307,4.7446,201.452,0.8896,-162.1172
nearest,539,175,862,65,banana in black bowl,banana in black bowl,2.7498,-0.8891,9.3082,19.4948,204.9736,0.794,25.7295
nearest,539,180,862,70,banana in black bowl,banana in black bowl,2.7945,-0.5097,7.0244,23.6206,189.8592,0.7639,19.4516
nearest,540,45,13014,10,banana in black bowl,banana in black bowl (new background),2.9541,-0.7678,20.4462,12.4371,201.0763,0.8172,-41.8825
nearest,540,50,13028,0,banana in black bowl,banana in black bowl (new background),3.2779,-0.3573,13.2487,26.8098,196.0127,0.8494,84.3315
nearest,540,55,13028,5,banana in black bowl,banana in black bowl (new background),3.6307,0.8998,16.197,6.521,200.7473,0.8589,-173.1123
nearest,540,75,868,55,banana in black bowl,banana in black bowl,4.2021,0.3751,14.8661,9.1595,155.6457,0.8861,174.1234
nearest,540,85,11006,40,banana in black bowl,push milk to the right,3.5601,-0.5635,28.8617,15.9054,189.4469,0.9347,135.0785
nearest,540,90,11006,45,banana in black bowl,push milk to the right,3.2026,0.467,30.1805,12.9612,184.7804,0.9298,-157.0172
nearest,540,95,11006,45,banana in black bowl,push milk to the right,2.8742,0.979,22.4466,12.9612,138.7855,0.9309,-119.8663
nearest,540,100,11006,45,banana in black bowl,push milk to the right,2.6934,0.926,18.4429,12.9612,157.636,0.9267,-99.3568
nearest,540,105,13001,140,banana in black bowl,banana in black bowl (new background),2.5182,0.652,23.6386,7.3948,181.2557,0.9334,-138.0023
nearest,540,110,13001,140,banana in black bowl,banana in black bowl (new background),2.3247,0.0685,20.0629,7.3948,130.0752,0.9345,-109.8212
nearest,540,115,13001,140,banana in black bowl,banana in black bowl (new background),2.1791,-0.4171,14.1844,7.3948,119.3172,0.94,-92.7081
nearest,540,130,13001,85,banana in black bowl,banana in black bowl (new background),2.3792,0.7807,25.6146,10.4958,204.427,0.8971,16.2809
nearest,540,135,13001,85,banana in black bowl,banana in black bowl (new background),2.699,0.3032,26.4102,10.4958,122.0427,0.8881,42.2602
nearest,540,140,13001,90,banana in black bowl,banana in black bowl (new background),2.9364,-0.6241,22.2693,15.5269,189.3772,0.8817,-61.9856
nearest,540,145,13014,70,banana in black bowl,banana in black bowl (new background),3.0666,-0.6617,22.2825,8.2382,185.152,0.8942,-51.7134
nearest,540,150,13014,70,banana in black bowl,banana in black bowl (new background),3.1751,0.9208,22.3537,8.2382,203.8821,0.8988,-146.1584
nearest,540,250,13000,140,banana in black bowl,banana in black bowl (new background),2.8947,-0.9907,7.5289,3.5855,202.5414,0.5584,4.6736
nearest,541,60,1661,115,banana in black bowl,milk on pink plate,3.2931,0.9943,31.8564,27.7185,204.8912,0.8378,-173.0909
nearest,541,65,1661,120,banana in black bowl,milk on pink plate,3.072,0.9301,23.9599,25.229,194.0585,0.8591,-179.6424
nearest,541,70,1661,120,banana in black bowl,milk on pink plate,2.8799,0.9577,14.2862,25.229,197.0707,0.8827,-175.1787
nearest,541,80,1661,125,banana in black bowl,milk on pink plate,2.312,0.7409,29.3311,18.3868,176.1861,0.8921,-122.8884
nearest,541,85,1623,140,banana in black bowl,milk on pink plate,2.136,0.6746,17.5501,10.2792,193.0702,0.8938,-133.2122
nearest,541,90,798,150,banana in black bowl,banana in cardboard box,2.068,0.4823,15.0064,11.4191,188.5765,0.9138,-149.831
nearest,541,110,1642,60,banana in black bowl,milk on pink plate,2.6665,0.9896,24.5553,12.4426,185.6121,0.8473,77.2333
nearest,541,115,13040,55,banana in black bowl,banana in black bowl (new background),3.1695,-0.4655,31.2208,6.8707,156.124,0.8397,3.5988
nearest,541,120,13040,60,banana in black bowl,banana in black bowl (new background),3.2965,-0.7045,26.0847,4.8007,156.395,0.8449,-15.8186
nearest,541,135,13040,75,banana in black bowl,banana in black bowl (new background),3.5351,-0.9534,6.9233,4.7446,182.3498,0.8439,-11.6674
nearest,541,140,13040,80,banana in black bowl,banana in black bowl (new background),3.2885,-0.6087,21.5875,6.42,186.2669,0.8626,-56.0653
nearest,542,35,11009,10,banana in black bowl,push milk to the right,3.2739,-0.9988,11.9256,9.1285,182.1845,0.8299,23.0024
nearest,542,40,1622,45,banana in black bowl,milk on pink plate,3.368,0.9769,15.3802,11.6691,169.5658,0.8334,-20.2075
nearest,542,55,1622,60,banana in black bowl,milk on pink plate,2.9235,0.7538,12.3658,10.6966,197.3589,0.8928,-145.0594
nearest,542,65,1622,70,banana in black bowl,milk on pink plate,2.4074,0.9517,28.8908,7.1374,165.0173,0.9094,-115.7003
nearest,542,70,798,150,banana in black bowl,banana in cardboard box,2.162,0.8804,12.0513,11.4191,161.2989,0.8853,-170.4565
nearest,542,80,790,95,banana in black bowl,banana in cardboard box,2.5582,0.8218,17.0369,11.0189,158.1078,0.881,66.8719
nearest,542,90,13014,65,banana in black bowl,banana in black bowl (new background),2.9517,-0.9312,12.1889,27.561,188.6955,0.8625,-149.6523
nearest,542,95,1660,80,banana in black bowl,milk on pink plate,2.9365,-0.9782,21.3203,1.5209,152.6767,0.8296,-6.3949
nearest,543,65,852,40,banana in black bowl,banana in black bowl,3.7783,0.7717,7.3316,5.6478,193.2511,0.8492,12.67
nearest,543,70,858,160,banana in black bowl,banana in black bowl,3.4036,-0.4639,26.264,18.4516,195.3498,0.8407,-134.2879
nearest,543,90,858,165,banana in black bowl,banana in black bowl,1.9473,0.5851,15.3962,12.3226,156.1286,0.9007,-118.1863
nearest,544,75,1663,125,banana in black bowl,milk on pink plate,3.3562,-0.8144,16.224,11.3536,187.6192,0.752,-114.1432
nearest,544,90,866,165,banana in black bowl,banana in black bowl,2.3412,0.3631,26.2157,4.7744,196.8602,0.9092,-113.1578
nearest,544,95,866,165,banana in black bowl,banana in black bowl,2.2147,0.5552,20.6457,4.7744,194.9481,0.8999,-126.219
nearest,544,110,13030,35,banana in black bowl,banana in black bowl (new background),2.4739,0.988,29.3831,13.831,186.5689,0.8473,84.967
nearest,544,125,13014,70,banana in black bowl,banana in black bowl (new background),3.2491,-0.7845,15.0884,8.2382,196.7499,0.7946,85.9788
nearest,544,130,13014,80,banana in black bowl,banana in black bowl (new background),3.4907,-0.9973,16.099,8.7536,189.7722,0.7858,50.8223
nearest,544,135,13014,80,banana in black bowl,banana in black bowl (new background),3.6826,-0.9091,13.0474,8.7536,189.9405,0.7941,-18.6901
nearest,544,140,1661,85,banana in black bowl,milk on pink plate,3.6314,0.9822,28.4852,4.9753,195.2461,0.7972,-28.9523
nearest,544,145,13023,10,banana in black bowl,banana in black bowl (new background),3.4519,0.4088,31.9598,3.6683,189.9934,0.9378,7.2374
nearest,544,150,1655,120,banana in black bowl,milk on pink plate,3.2793,0.7088,25.4792,14.5113,180.8968,0.8362,-45.1212
nearest,544,160,1663,120,banana in black bowl,milk on pink plate,2.8644,0.7798,10.174,35.7279,192.7804,0.8134,-92.6081
nearest,544,175,1664,100,banana in black bowl,milk on pink plate,2.3346,-0.9988,7.6275,19.9405,202.9781,0.8655,-37.2219
nearest,545,45,13015,0,banana in black bowl,banana in black bowl (new background),3.5317,-0.7474,6.4788,10.4307,188.5582,0.9041,47.75
nearest,545,60,858,160,banana in black bowl,banana in black bowl,3.476,0.2633,20.5413,18.4516,204.2761,0.8693,-169.5009
nearest,545,75,858,160,banana in black bowl,banana in black bowl,2.7067,0.9958,19.7268,18.4516,197.9115,0.9388,153.52
nearest,545,80,858,165,banana in black bowl,banana in black bowl,2.4648,0.0886,9.0067,12.3226,188.4372,0.9351,-114.1646
nearest,545,85,866,170,banana in black bowl,banana in black bowl,2.4186,0.5883,26.9537,5.117,189.3432,0.903,-100.4793
nearest,545,95,13019,75,banana in black bowl,banana in black bowl (new background),2.5678,0.9912,20.8442,4.2822,181.1276,0.8636,43.996
nearest,545,105,13030,45,banana in black bowl,banana in black bowl (new background),2.7865,0.3122,26.8145,11.5809,149.8678,0.8676,-29.7065
nearest,545,110,13030,50,banana in black bowl,banana in black bowl (new background),2.8801,0.5101,27.8249,9.4409,151.3838,0.8754,-21.288
nearest,545,115,13015,65,banana in black bowl,banana in black bowl (new background),2.9403,-0.0847,24.6843,11.5186,158.2364,0.8659,-36.8735
nearest,545,120,13034,60,banana in black bowl,banana in black bowl (new background),3.0273,-0.7035,23.1137,7.123,159.0046,0.8383,-36.9924
nearest,545,125,13036,60,banana in black bowl,banana in black bowl (new background),2.9592,-0.6041,26.7241,7.2172,199.3167,0.8547,-53.3921
nearest,545,130,13036,65,banana in black bowl,banana in black bowl (new background),2.8999,-0.9416,40.9061,21.7753,204.426,0.8744,-11.0328
nearest,545,140,13036,70,banana in black bowl,banana in black bowl (new background),2.6734,-0.1862,20.9016,4.5536,191.3325,0.8997,-29.8461
nearest,546,75,858,160,banana in black bowl,banana in black bowl,3.0355,-0.2078,11.2658,18.4516,168.8439,0.9105,116.4168
nearest,546,80,858,160,banana in black bowl,banana in black bowl,2.7611,-0.7021,10.2841,18.4516,160.4753,0.9331,-176.104
nearest,546,90,858,165,banana in black bowl,banana in black bowl,2.3408,0.2347,22.7546,12.3226,162.7372,0.9305,-97.136
nearest,546,95,858,165,banana in black bowl,banana in black bowl,2.1302,0.2092,14.2774,12.3226,160.9634,0.9291,-106.1627
nearest,546,100,858,165,banana in black bowl,banana in black bowl,2.0573,0.3921,14.2581,12.3226,182.1276,0.9135,-112.3145
nearest,546,110,13030,40,banana in black bowl,banana in black bowl (new background),2.4493,1.0,22.526,29.3526,150.4682,0.8852,70.1939
nearest,546,115,13001,85,banana in black bowl,banana in black bowl (new background),2.6571,-0.4545,9.9337,10.4958,183.9883,0.8551,44.5274
nearest,546,125,13017,60,banana in black bowl,banana in black bowl (new background),2.9519,-0.7426,20.7093,10.2878,155.0829,0.8548,-57.3345
nearest,547,80,858,160,banana in black bowl,banana in black bowl,2.5566,0.993,13.8487,18.4516,195.3894,0.9402,147.8735
nearest,547,85,858,165,banana in black bowl,banana in black bowl,2.3572,0.989,12.5225,12.3226,201.5501,0.9366,-144.2415
nearest,547,95,848,170,banana in black bowl,banana in black bowl,2.2052,0.7392,17.5122,14.0945,166.3213,0.9317,-123.0195
nearest,547,100,866,170,banana in black bowl,banana in black bowl,2.1168,0.8567,16.8013,5.117,177.879,0.8902,-122.6254
nearest,547,140,862,80,banana in black bowl,banana in black bowl,2.9692,-0.9978,17.7894,21.1035,166.5089,0.8321,147.9739
nearest,547,165,1655,115,banana in black bowl,milk on pink plate,2.7277,0.9961,46.7159,35.4272,194.3976,0.8617,-32.8869
nearest,547,170,1655,120,banana in black bowl,milk on pink plate,2.6227,0.8719,22.1223,14.5113,202.9171,0.8677,-56.2417
nearest,547,200,13023,100,banana in black bowl,banana in black bowl (new background),2.0911,-0.3346,31.7718,0.4711,175.8831,0.8659,12.2436
nearest,548,50,13015,0,banana in black bowl,banana in black bowl (new background),3.2022,-0.1122,20.2518,10.4307,203.1037,0.8805,153.2872
nearest,548,65,858,155,banana in black bowl,banana in black bowl,3.2709,0.8548,12.526,18.3969,200.6858,0.8422,163.6377
nearest,548,75,858,160,banana in black bowl,banana in black bowl,2.9587,-0.4057,22.2858,18.4516,189.3355,0.9075,-144.0043
nearest,548,85,866,160,banana in black bowl,banana in black bowl,2.4444,-0.9683,6.4354,3.822,181.7351,0.9111,-44.9279
nearest,548,90,866,165,banana in black bowl,banana in black bowl,2.3602,0.2898,20.5227,4.7744,198.1927,0.9103,-111.4538
nearest,548,110,13030,40,banana in black bowl,banana in black bowl (new background),2.5793,-0.0045,8.1918,29.3526,202.1861,0.8523,85.8159
nearest,548,115,13023,55,banana in black bowl,banana in black bowl (new background),2.7425,0.1903,15.4821,8.7497,184.7107,0.7994,29.3539
nearest,548,120,862,75,banana in black bowl,banana in black bowl,2.8084,-0.4011,14.7337,26.8605,183.0946,0.8211,143.1404
nearest,548,125,862,80,banana in black bowl,banana in black bowl,2.8197,-0.7144,22.4624,21.1035,181.877,0.8361,95.0528
nearest,548,130,852,70,banana in black bowl,banana in black bowl,2.9043,-0.7866,23.0762,13.1046,191.5846,0.8768,-38.007
nearest,548,135,862,85,banana in black bowl,banana in black bowl,2.9571,-0.9469,26.9177,14.8627,203.6619,0.868,-19.4277
nearest,550,65,858,160,banana in black bowl,banana in black bowl,2.6221,0.7516,8.959,18.4516,192.6853,0.9461,137.5834
nearest,550,70,858,165,banana in black bowl,banana in black bowl,2.3667,0.6782,23.0812,12.3226,193.2745,0.9436,-117.2971
nearest,550,75,858,165,banana in black bowl,banana in black bowl,2.2366,0.5443,21.9049,12.3226,177.333,0.9281,-111.3658
nearest,550,100,13014,75,banana in black bowl,banana in black bowl (new background),3.4156,-0.8079,23.0934,6.3061,195.6228,0.8346,-26.4617
nearest,551,35,13015,0,banana in black bowl,banana in black bowl (new background),3.2056,-0.994,10.6604,10.4307,199.0885,0.7722,-12.785
nearest,551,60,858,160,banana in black bowl,banana in black bowl,3.2238,-0.8899,16.159,18.4516,183.6406,0.9041,-148.1264
nearest,551,65,858,160,banana in black bowl,banana in black bowl,3.0057,-0.8584,14.1494,18.4516,172.2837,0.9364,101.7713
nearest,551,80,858,165,banana in black bowl,banana in black bowl,2.4716,0.0903,24.4411,12.3226,167.0208,0.9276,-89.361
nearest,551,85,13036,75,banana in black bowl,banana in black bowl (new background),2.2961,-0.2275,14.9268,15.4313,174.8521,0.8943,-119.1704
nearest,551,95,13030,40,banana in black bowl,banana in black bowl (new background),2.869,0.4675,10.8668,29.3526,198.2684,0.8816,54.6157
nearest,551,100,13030,45,banana in black bowl,banana in black bowl (new background),3.1342,0.0244,12.3977,11.5809,189.4255,0.8637,-35.4317
nearest,551,120,851,70,banana in black bowl,banana in black bowl,3.2344,0.16,8.2026,6.9526,200.0391,0.819,-148.4511
nearest,552,75,858,160,banana in black bowl,banana in black bowl,2.7575,1.0,9.5585,18.4516,187.3116,0.9494,150.8753
nearest,552,85,858,165,banana in black bowl,banana in black bowl,2.384,0.629,20.0023,12.3226,185.6228,0.937,-116.5456
nearest,552,90,858,165,banana in black bowl,banana in black bowl,2.3524,0.9135,18.4322,12.3226,202.9929,0.919,-134.1072
nearest,552,110,13030,40,banana in black bowl,banana in black bowl (new background),2.7783,0.5954,10.3241,29.3526,198.7229,0.853,57.0533
nearest,552,115,13032,50,banana in black bowl,banana in black bowl (new background),2.8923,-0.7086,14.3208,11.6961,198.9054,0.8749,-35.7467
nearest,552,125,862,80,banana in black bowl,banana in black bowl,2.9227,-0.9885,24.9841,21.1035,192.4133,0.8675,-59.2459
nearest,552,130,862,85,banana in black bowl,banana in black bowl,2.9656,-0.4866,28.5788,14.8627,199.851,0.8782,-72.4501
nearest,553,40,13015,0,banana in black bowl,banana in black bowl (new background),3.3598,-0.992,14.0772,10.4307,192.8561,0.8571,-67.9151
nearest,553,45,13015,5,banana in black bowl,banana in black bowl (new background),3.5127,-0.9874,10.4865,10.0678,196.2308,0.885,-157.363
nearest,553,65,858,160,banana in black bowl,banana in black bowl,3.0027,-0.7353,12.9106,18.4516,191.2084,0.9088,106.464
nearest,553,70,858,160,banana in black bowl,banana in black bowl,2.8243,-0.3925,7.0658,18.4516,193.7799,0.9188,128.2755
nearest,553,75,858,165,banana in black bowl,banana in black bowl,2.5173,0.7715,23.5548,12.3226,163.9253,0.9167,-122.3549
nearest,553,115,867,75,banana in black bowl,banana in black bowl,3.778,-0.8128,9.68,3.9285,162.9044,0.8021,128.007
nearest,553,200,13009,135,banana in black bowl,banana in black bowl (new background),2.5767,-0.3032,6.5446,3.0944,201.8419,0.6259,-114.9843
nearest,554,80,858,165,banana in black bowl,banana in black bowl,2.4066,0.2257,24.4723,12.3226,155.6101,0.9218,-95.3434
nearest,554,85,858,165,banana in black bowl,banana in black bowl,2.3373,0.262,16.5003,12.3226,154.6579,0.9143,-104.7973
nearest,554,90,866,170,banana in black bowl,banana in black bowl,2.2615,0.4314,13.8522,5.117,157.6767,0.876,-98.1697
nearest,554,100,13030,40,banana in black bowl,banana in black bowl (new background),2.4929,0.9788,23.1384,29.3526,174.577,0.8734,75.4141
nearest,554,105,13001,85,banana in black bowl,banana in black bowl (new background),2.6564,0.915,7.8121,10.4958,179.3833,0.8335,-1.2903
nearest,554,115,852,65,banana in black bowl,banana in black bowl,2.9295,0.7532,20.9327,20.421,175.1983,0.8642,18.9904
nearest,555,50,13028,15,banana in black bowl,banana in black bowl (new background),3.8584,0.9362,10.551,15.3629,195.4718,0.841,27.5563
nearest,555,65,858,160,banana in black bowl,banana in black bowl,3.1619,0.8994,6.1095,18.4516,136.5785,0.883,157.1537
nearest,555,75,858,160,banana in black bowl,banana in black bowl,2.5446,0.2574,28.5562,18.4516,196.8327,0.8973,-162.2876
nearest,555,80,13001,140,banana in black bowl,banana in black bowl (new background),2.3018,0.4442,16.6123,7.3948,165.912,0.9312,-130.9523
nearest,555,85,13001,140,banana in black bowl,banana in black bowl (new background),2.178,0.3043,14.6116,7.3948,146.336,0.9306,-126.554
nearest,555,115,13014,75,banana in black bowl,banana in black bowl (new background),3.1136,0.3649,9.2102,6.3061,182.7082,0.8924,159.7408
nearest,555,140,13036,65,banana in black bowl,banana in black bowl (new background),2.6492,-0.895,24.7501,21.7753,167.4072,0.8997,-59.6364
nearest,555,145,13036,70,banana in black bowl,banana in black bowl (new background),2.5628,0.1622,23.1254,4.5536,189.9675,0.8857,-11.6957
nearest,555,150,13030,80,banana in black bowl,banana in black bowl (new background),2.4233,-0.9842,14.5181,12.7125,179.878,0.9336,-19.0519
nearest,555,155,858,165,banana in black bowl,banana in black bowl,2.2539,-0.4874,12.5715,12.3226,185.85,0.9191,150.9117
nearest,556,65,858,165,banana in black bowl,banana in black bowl,2.019,0.4813,16.4534,12.3226,190.0336,0.9252,-113.0558
nearest,556,85,13030,45,banana in black bowl,banana in black bowl (new background),2.8256,-0.7226,22.0815,11.5809,194.7687,0.8519,24.3563
nearest,556,100,852,70,banana in black bowl,banana in black bowl,3.1187,-0.9832,22.5409,13.1046,198.4728,0.8772,8.066
nearest,556,110,13010,75,banana in black bowl,banana in black bowl (new background),2.8512,-0.5185,15.7964,13.4433,201.7001,0.8632,-98.745
nearest,557,50,13009,15,banana in black bowl,banana in black bowl (new background),3.9976,0.2721,8.6317,9.6199,191.15,0.8921,154.4283
nearest,557,70,858,160,banana in black bowl,banana in black bowl,3.2291,0.0573,25.8903,18.4516,190.0727,0.9025,-156.8503
nearest,557,90,13001,140,banana in black bowl,banana in black bowl (new background),2.1678,0.5497,28.064,7.3948,197.8521,0.9486,-130.393
nearest,557,110,13014,60,banana in black bowl,banana in black bowl (new background),2.8751,0.806,19.981,7.8402,180.1678,0.8627,47.0222
nearest,557,145,13048,90,banana in black bowl,banana in black bowl (new background),2.9762,-0.4201,9.5343,24.508,194.5719,0.8883,67.4647
nearest,558,55,858,160,banana in black bowl,banana in black bowl,2.6369,0.9987,19.2038,18.4516,203.7839,0.909,152.261
nearest,558,70,858,165,banana in black bowl,banana in black bowl,2.1476,0.9132,20.5212,12.3226,203.1698,0.9128,-133.4615
nearest,558,85,13030,35,banana in black bowl,banana in black bowl (new background),2.4772,0.7698,24.2811,13.831,204.1586,0.8972,65.5386
nearest,558,100,862,75,banana in black bowl,banana in black bowl,2.8907,-0.8471,23.189,26.8605,200.8231,0.8528,116.285
nearest,558,105,862,80,banana in black bowl,banana in black bowl,2.9475,-0.8912,31.2177,21.1035,181.0976,0.8647,51.8364
nearest,558,110,852,70,banana in black bowl,banana in black bowl,2.9809,-0.6063,28.0634,13.1046,188.7707,0.8858,-47.5681
nearest,559,20,13034,0,banana in black bowl,banana in black bowl (new background),2.9201,-0.5205,16.0644,4.8406,200.0529,0.7347,86.172
nearest,559,45,13015,10,banana in black bowl,banana in black bowl (new background),3.7209,-0.9024,12.845,7.0413,196.7199,0.9172,-5.3478
nearest,559,50,858,160,banana in black bowl,banana in black bowl,3.5738,0.5758,10.4946,18.4516,162.9751,0.8453,170.0958
nearest,559,70,858,165,banana in black bowl,banana in black bowl,2.5077,0.9991,19.3244,12.3226,200.1139,0.9104,-147.0495
nearest,559,75,13001,140,banana in black bowl,banana in black bowl (new background),2.3082,0.3237,28.36,7.3948,147.6812,0.9392,-117.8675
nearest,559,90,13001,85,banana in black bowl,banana in black bowl (new background),2.7225,0.8601,18.1713,10.4958,178.1779,0.8738,8.1232
nearest,559,95,13014,65,banana in black bowl,banana in black bowl (new background),2.8414,-0.9433,14.1688,27.561,178.7377,0.884,-146.6498
nearest,559,100,13014,70,banana in black bowl,banana in black bowl (new background),2.9164,-0.8835,16.2353,8.2382,147.1291,0.885,-34.2371
nearest,559,115,13014,80,banana in black bowl,banana in black bowl (new background),3.2262,0.9962,20.1912,8.7536,190.2949,0.8962,-134.9576
nearest,559,125,13019,55,banana in black bowl,banana in black bowl (new background),2.7855,-0.9497,39.9987,21.0474,155.5628,0.917,-7.9081
nearest,559,130,13019,60,banana in black bowl,banana in black bowl (new background),2.8004,0.9645,33.5259,3.3417,153.6029,0.9068,-7.5776
nearest,559,135,13040,90,banana in black bowl,banana in black bowl (new background),2.6168,0.7784,24.7117,3.413,165.7997,0.8834,-20.3822
nearest,559,180,13008,90,banana in black bowl,banana in black bowl (new background),2.6864,-0.5081,12.2151,24.5645,204.1261,0.7235,-144.1534
nearest,559,190,13009,95,banana in black bowl,banana in black bowl (new background),2.3273,-0.97,11.1891,8.4665,204.4286,0.7515,-80.9658
nearest,560,50,858,155,banana in black bowl,banana in black bowl,3.6315,-0.5626,22.1533,18.3969,165.8292,0.8381,78.9968
nearest,560,55,858,160,banana in black bowl,banana in black bowl,3.4546,0.1324,21.128,18.4516,190.2166,0.8636,-164.627
nearest,560,70,858,160,banana in black bowl,banana in black bowl,2.5322,0.2506,22.1676,18.4516,195.9858,0.9336,-167.416
nearest,560,75,858,165,banana in black bowl,banana in black bowl,2.3147,0.8566,21.7122,12.3226,165.9741,0.9234,-128.609
nearest,560,90,13001,85,banana in black bowl,banana in black bowl (new background),2.3655,0.2568,20.3584,10.4958,151.4504,0.8968,39.9556
nearest,560,95,13001,85,banana in black bowl,banana in black bowl (new background),2.4713,0.9049,20.6402,10.4958,189.0554,0.8938,5.3444
nearest,560,100,13012,60,banana in black bowl,banana in black bowl (new background),2.6408,0.9558,11.1043,7.1958,175.0819,0.8971,47.0684
nearest,561,55,858,155,banana in black bowl,banana in black bowl,3.4364,-0.1817,30.3562,18.3969,203.5897,0.8553,-142.2971
nearest,561,60,858,160,banana in black bowl,banana in black bowl,3.327,-0.4856,23.7563,18.4516,188.1988,0.8821,-137.6288
nearest,561,65,858,160,banana in black bowl,banana in black bowl,3.1072,0.131,22.5694,18.4516,187.5313,0.9209,-162.9442
nearest,561,75,858,160,banana in black bowl,banana in black bowl,2.6745,0.9524,14.4862,18.4516,201.9903,0.9418,158.5863
nearest,561,85,858,165,banana in black bowl,banana in black bowl,2.3748,0.4329,21.7923,12.3226,172.2572,0.9125,-106.4491
nearest,561,90,858,165,banana in black bowl,banana in black bowl,2.2036,0.9725,24.0928,12.3226,201.6899,0.89,-139.6087
nearest,561,100,13030,35,banana in black bowl,banana in black bowl (new background),2.3004,0.987,26.7269,13.831,178.3711,0.8884,84.9182
nearest,561,110,13014,65,banana in black bowl,banana in black bowl (new background),2.6572,-0.84,11.2806,27.561,198.4575,0.8891,-146.2814
nearest,561,115,13015,60,banana in black bowl,banana in black bowl (new background),2.7971,-0.7034,11.7321,7.9165,181.2262,0.8915,-42.6916
nearest,561,140,13036,65,banana in black bowl,banana in black bowl (new background),2.5868,-0.9159,28.3128,21.7753,197.9527,0.9055,-41.5028
nearest,562,40,13015,10,banana in black bowl,banana in black bowl (new background),3.4171,0.9691,16.8841,7.0413,195.7799,0.9216,134.1667
nearest,562,45,858,155,banana in black bowl,banana in black bowl,3.3993,0.9906,25.6713,18.3969,189.4291,0.8562,155.633
nearest,562,55,858,160,banana in black bowl,banana in black bowl,2.9113,0.7412,27.7135,18.4516,159.9075,0.9299,176.2961
nearest,562,60,858,160,banana in black bowl,banana in black bowl,2.7174,0.7553,26.8016,18.4516,174.2257,0.9395,175.2061
nearest,562,65,858,165,banana in black bowl,banana in black bowl,2.5447,0.5913,30.958,12.3226,203.6131,0.9362,-109.3431
nearest,562,70,858,165,banana in black bowl,banana in black bowl,2.3277,0.3285,23.6947,12.3226,157.6121,0.938,-100.462
nearest,562,75,858,165,banana in black bowl,banana in black bowl,2.1566,0.5806,16.6384,12.3226,165.3691,0.9322,-116.8828
nearest,562,85,13030,35,banana in black bowl,banana in black bowl (new background),2.7632,0.9105,33.324,13.831,180.1673,0.8774,73.6922
nearest,562,90,13030,40,banana in black bowl,banana in black bowl (new background),3.0422,0.9427,14.742,29.3526,172.0625,0.8366,63.7163
nearest,562,95,13014,65,banana in black bowl,banana in black bowl (new background),3.2327,-0.7073,14.2922,27.561,193.6645,0.8226,164.9533
nearest,562,100,13029,50,banana in black bowl,banana in black bowl (new background),3.2908,-0.743,16.7148,14.633,197.9304,0.816,-5.1057
nearest,562,105,13014,75,banana in black bowl,banana in black bowl (new background),3.503,-0.9913,24.2029,6.3061,129.6868,0.8356,11.127
nearest,562,110,13014,80,banana in black bowl,banana in black bowl (new background),3.7321,-0.6398,17.4468,8.7536,172.0198,0.8352,-38.263
nearest,562,115,1650,65,banana in black bowl,milk on pink plate,3.4095,-0.5316,20.3483,3.755,190.149,0.8214,-38.3852
nearest,562,135,13036,75,banana in black bowl,banana in black bowl (new background),2.5706,-0.7883,28.2368,15.4313,192.7306,0.8904,-58.0953
nearest,563,80,858,165,banana in black bowl,banana in black bowl,2.0954,0.6075,24.4895,12.3226,183.0285,0.952,-112.9581
nearest,563,85,858,165,banana in black bowl,banana in black bowl,2.0073,0.5355,20.3045,12.3226,182.5623,0.9412,-112.0544
nearest,563,105,13030,40,banana in black bowl,banana in black bowl (new background),2.4778,0.9999,29.1283,29.3526,187.2191,0.8971,70.6321
nearest,563,110,13030,45,banana in black bowl,banana in black bowl (new background),2.8103,-0.1426,19.7151,11.5809,174.7448,0.8743,-15.8334
nearest,563,115,13030,50,banana in black bowl,banana in black bowl (new background),3.063,0.0032,23.7799,9.4409,175.8526,0.8555,1.5388
nearest,563,120,13032,55,banana in black bowl,banana in black bowl (new background),3.1175,-0.8564,20.0151,11.6473,195.9781,0.8201,4.8666
nearest,563,125,852,70,banana in black bowl,banana in black bowl,3.2838,-0.8983,16.4854,13.1046,199.6955,0.8223,109.2513
nearest,563,130,852,70,banana in black bowl,banana in black bowl,3.2679,-0.9547,15.3988,13.1046,191.7087,0.8517,-38.31
nearest,564,20,853,15,banana in black bowl,banana in black bowl,2.797,0.3743,30.542,3.8488,201.9776,0.6611,-118.0152
nearest,564,45,13028,0,banana in black bowl,banana in black bowl (new background),3.666,0.8594,25.0074,26.8098,201.2705,0.8242,40.2341
nearest,564,50,13028,5,banana in black bowl,banana in black bowl (new background),4.0182,-0.8338,15.1281,6.521,170.2933,0.8431,42.2566
nearest,564,55,11006,25,banana in black bowl,push milk to the right,4.1818,0.9967,16.0868,6.9073,144.8937,0.8617,41.8892
nearest,564,60,11006,30,banana in black bowl,push milk to the right,4.1688,-0.9393,19.6514,7.7293,167.3706,0.88,-122.4778
nearest,564,65,868,55,banana in black bowl,banana in black bowl,4.1118,-0.0167,14.1588,9.1595,174.6482,0.8684,-171.1822
nearest,564,80,11006,45,banana in black bowl,push milk to the right,3.2443,0.4422,18.8277,12.9612,192.3005,0.9149,-150.8363
nearest,564,90,13001,140,banana in black bowl,banana in black bowl (new background),2.8827,0.3334,26.1686,7.3948,150.4814,0.9287,-119.3218
nearest,564,95,13001,140,banana in black bowl,banana in black bowl (new background),2.7198,0.0786,33.9808,7.3948,173.4367,0.9313,-102.7145
nearest,564,125,13001,85,banana in black bowl,banana in black bowl (new background),3.045,-0.2788,32.8449,10.4958,176.4194,0.8847,76.1538
nearest,564,140,13001,100,banana in black bowl,banana in black bowl (new background),3.5408,-0.9995,23.7134,16.6413,118.4509,0.8742,18.5978
nearest,564,145,13001,105,banana in black bowl,banana in black bowl (new background),3.6407,0.9609,19.9654,10.5733,184.3787,0.8767,-177.2409
nearest,564,150,13001,110,banana in black bowl,banana in black bowl (new background),3.7512,0.5249,18.7715,10.8699,198.4011,0.8808,-144.8285
nearest,564,165,13036,60,banana in black bowl,banana in black bowl (new background),3.2072,0.8308,6.4455,7.2172,198.8068,0.8958,177.9366
nearest,564,170,13036,60,banana in black bowl,banana in black bowl (new background),2.9543,0.9771,9.6232,7.2172,191.4387,0.9194,-173.1651
nearest,565,30,11037,5,banana in black bowl,push milk to the right,3.1129,0.2502,11.6568,13.598,182.3157,0.6896,-152.2291
nearest,565,35,11009,5,banana in black bowl,push milk to the right,3.5198,0.9961,10.6844,13.0982,197.9924,0.7085,-71.4385
nearest,565,45,13028,5,banana in black bowl,banana in black bowl (new background),4.2151,-0.7466,10.5508,6.521,196.0641,0.8325,67.4308
nearest,565,55,868,50,banana in black bowl,banana in black bowl,4.3988,0.9627,24.8384,8.682,167.7407,0.8416,85.2175
nearest,565,60,868,55,banana in black bowl,banana in black bowl,4.1958,0.8205,16.6084,9.1595,195.2517,0.8641,108.4227
nearest,565,65,868,55,banana in black bowl,banana in black bowl,3.7865,0.4386,15.234,9.1595,197.457,0.8898,171.8749
nearest,565,75,858,160,banana in black bowl,banana in black bowl,2.8211,0.3935,22.7672,18.4516,201.9883,0.9048,-171.8457
nearest,565,80,858,165,banana in black bowl,banana in black bowl,2.5554,0.8443,19.1452,12.3226,161.9004,0.9002,-128.7177
nearest,565,85,13001,140,banana in black bowl,banana in black bowl (new background),2.3018,0.4268,21.8588,7.3948,191.8404,0.9466,-126.3953
nearest,565,100,13001,85,banana in black bowl,banana in black bowl (new background),2.3436,0.4268,24.9266,10.4958,171.6584,0.9074,35.4297
nearest,565,105,13001,90,banana in black bowl,banana in black bowl (new background),2.591,-0.8994,18.7595,15.5269,174.8449,0.8913,-47.3202
nearest,565,110,13014,70,banana in black bowl,banana in black bowl (new background),2.6894,-0.9089,18.2249,8.2382,175.0605,0.8869,-25.3761
nearest,565,115,13014,70,banana in black bowl,banana in black bowl (new background),2.813,-0.9176,17.4897,8.2382,191.5597,0.8892,-24.6607
nearest,565,120,13014,75,banana in black bowl,banana in black bowl (new background),2.9695,0.9767,10.0814,6.3061,176.5745,0.8913,-151.0524
nearest,565,150,13036,70,banana in black bowl,banana in black bowl (new background),2.1368,-0.3088,41.5713,4.5536,201.1744,0.9202,-43.5253
nearest,566,55,1622,55,banana in black bowl,milk on pink plate,3.7601,0.1421,29.0133,17.7861,200.6253,0.8156,7.0713
nearest,566,60,858,160,banana in black bowl,banana in black bowl,3.5616,-0.9331,25.113,18.4516,173.3055,0.8374,31.9121
nearest,566,65,858,160,banana in black bowl,banana in black bowl,2.8922,-0.9364,11.4796,18.4516,181.942,0.8968,123.1783
nearest,566,75,858,165,banana in black bowl,banana in black bowl,2.2048,0.9073,34.1401,12.3226,176.1108,0.917,-130.1814
nearest,566,80,13001,140,banana in black bowl,banana in black bowl (new background),2.052,0.5366,18.5451,7.3948,167.2191,0.937,-134.1097
nearest,566,90,13030,40,banana in black bowl,banana in black bowl (new background),2.9772,0.6965,17.6254,29.3526,201.9644,0.8478,53.3042
nearest,566,100,13014,70,banana in black bowl,banana in black bowl (new background),3.3289,0.994,12.721,8.2382,170.0391,0.8323,-159.1717
nearest,566,115,859,90,banana in black bowl,banana in black bowl,3.6195,0.9491,27.0462,4.5895,193.5282,0.8517,-155.5844
nearest,566,130,13036,60,banana in black bowl,banana in black bowl (new background),2.8141,-0.7282,11.8128,7.2172,186.4372,0.9365,94.1551
nearest,567,40,11037,10,banana in black bowl,push milk to the right,3.0257,0.6525,11.3016,25.752,198.4199,0.8434,-111.6793
nearest,567,60,858,155,banana in black bowl,banana in black bowl,3.3677,0.6276,18.7144,18.3969,198.274,0.8683,176.8438
nearest,567,65,858,160,banana in black bowl,banana in black bowl,3.1839,0.9863,6.9848,18.4516,178.4514,0.888,148.187
nearest,567,70,858,160,banana in black bowl,banana in black bowl,2.9675,0.7906,9.7151,18.4516,199.7453,0.908,137.9641
nearest,567,75,858,160,banana in black bowl,banana in black bowl,2.6992,0.204,15.9163,18.4516,182.6543,0.9121,-173.5294
nearest,567,80,848,170,banana in black bowl,banana in black bowl,2.4346,0.827,37.3071,14.0945,185.4794,0.9395,-121.5733
nearest,567,85,863,125,banana in black bowl,banana in black bowl,2.3162,-0.1409,20.56,4.6781,189.3849,0.8942,-143.5281
nearest,567,95,862,65,banana in black bowl,banana in black bowl,2.5662,0.771,31.1989,19.4948,157.2481,0.8603,29.4581
nearest,567,100,862,70,banana in black bowl,banana in black bowl,2.6175,0.8689,16.1807,23.6206,177.9217,0.8419,14.6721
nearest,567,105,13023,60,banana in black bowl,banana in black bowl (new background),2.5679,0.2753,22.3324,11.4684,189.5358,0.8722,12.0377
nearest,567,110,862,80,banana in black bowl,banana in black bowl,2.7984,-0.9837,19.9312,21.1035,154.3874,0.8619,99.8913
nearest,567,135,13036,65,banana in black bowl,banana in black bowl (new background),2.6588,-0.1059,9.4486,21.7753,190.8048,0.9343,-127.2481
nearest,568,65,858,160,banana in black bowl,banana in black bowl,2.9894,0.9644,6.7489,18.4516,203.7661,0.9082,154.8799
nearest,568,70,858,160,banana in black bowl,banana in black bowl,2.7086,0.4712,10.8311,18.4516,178.7494,0.9101,172.8666
nearest,568,75,858,165,banana in black bowl,banana in black bowl,2.4305,0.7754,22.2433,12.3226,175.1251,0.9085,-123.1215
nearest,568,80,13001,140,banana in black bowl,banana in black bowl (new background),2.2568,0.5464,8.7818,7.3948,157.3142,0.9134,-145.067
nearest,568,90,13030,40,banana in black bowl,banana in black bowl (new background),2.9178,0.5459,14.9611,29.3526,199.787,0.8498,51.7292
nearest,568,95,13030,45,banana in black bowl,banana in black bowl (new background),3.1672,-0.6039,14.3409,11.5809,191.2471,0.8331,-5.9683
nearest,568,100,13030,50,banana in black bowl,banana in black bowl (new background),3.306,0.0409,14.954,9.4409,173.4138,0.8435,-10.5796
nearest,568,105,1631,55,banana in black bowl,milk on pink plate,3.5041,0.5172,16.7644,23.6033,202.8699,0.7927,-121.0749
nearest,569,50,11037,15,banana in black bowl,push milk to the right,3.8014,-0.9922,17.7307,27.4706,197.5953,0.8395,145.9763
nearest,569,55,868,50,banana in black bowl,banana in black bowl,3.8964,-0.6521,23.9892,8.682,195.3391,0.8144,-14.0722
nearest,569,60,868,50,banana in black bowl,banana in black bowl,3.8356,-0.8616,27.0742,8.682,175.6894,0.8612,-39.9527
nearest,569,65,868,55,banana in black bowl,banana in black bowl,3.6685,-0.915,18.3701,9.1595,138.4057,0.8784,-4.8675
nearest,569,70,868,55,banana in black bowl,banana in black bowl,3.3465,-1.0,6.5241,9.1595,203.5455,0.8982,131.988
nearest,569,85,13001,140,banana in black bowl,banana in black bowl (new background),2.3153,0.7677,26.7907,7.3948,170.5475,0.9272,-144.6134
nearest,569,115,13001,110,banana in black bowl,banana in black bowl (new background),2.981,0.2226,10.3647,10.8699,203.7239,0.8728,-144.9784
nearest,569,120,1660,90,banana in black bowl,milk on pink plate,2.9416,0.3713,13.8871,11.0016,145.0086,0.8558,178.2949
nearest,569,140,11026,75,banana in black bowl,push milk to the right,2.6112,0.6667,14.8717,28.951,197.7539,0.8915,-132.0436
nearest,570,55,13038,10,banana in black bowl,banana in black bowl (new background),3.8937,0.4211,17.0227,8.505,203.912,0.8742,-126.5265
nearest,570,60,13038,15,banana in black bowl,banana in black bowl (new background),3.9753,-0.8062,12.0126,6.9296,195.2644,0.8949,153.2218
nearest,570,75,858,160,banana in black bowl,banana in black bowl,3.3052,0.6742,18.9366,18.4516,174.968,0.8817,174.9235
nearest,570,85,858,160,banana in black bowl,banana in black bowl,2.6351,0.1436,26.8446,18.4516,186.6218,0.8846,-159.228
nearest,570,90,858,165,banana in black bowl,banana in black bowl,2.4428,0.9755,26.7625,12.3226,192.3579,0.8725,-139.8139
nearest,570,95,13001,140,banana in black bowl,banana in black bowl (new background),2.2356,0.7392,20.9074,7.3948,195.3386,0.9143,-144.5204
nearest,570,125,13014,70,banana in black bowl,banana in black bowl (new background),2.9261,-0.9429,14.8106,8.2382,172.3432,0.8871,-23.7345
nearest,571,15,852,20,banana in black bowl,banana in black bowl,2.8828,-0.9555,8.1146,20.2769,196.5913,0.7232,-43.2973
nearest,571,20,11037,5,banana in black bowl,push milk to the right,3.064,0.0007,16.6142,13.598,186.8129,0.7546,122.7472
nearest,571,30,13015,0,banana in black bowl,banana in black bowl (new background),3.4993,-0.693,8.4726,10.4307,203.6177,0.8707,32.0919
nearest,571,45,858,155,banana in black bowl,banana in black bowl,3.5647,-0.0123,32.0676,18.3969,187.9039,0.8592,-148.267
nearest,571,50,858,160,banana in black bowl,banana in black bowl,3.3444,0.0711,12.6618,18.4516,176.4138,0.8869,-176.0795
nearest,571,65,858,165,banana in black bowl,banana in black bowl,2.4803,0.9817,23.278,12.3226,201.3055,0.9303,-141.3511
nearest,571,70,858,165,banana in black bowl,banana in black bowl,2.3069,0.8947,33.8281,12.3226,181.332,0.9181,-128.9961
nearest,571,80,13030,35,banana in black bowl,banana in black bowl (new background),2.4635,0.9367,20.4506,13.831,163.1261,0.881,78.7681
nearest,571,100,13009,75,banana in black bowl,banana in black bowl (new background),2.9556,-0.1384,12.1479,2.7977,199.1454,0.8531,7.9883
nearest,572,45,13028,0,banana in black bowl,banana in black bowl (new background),2.5347,0.9874,15.0074,26.8098,197.938,0.833,58.3259
nearest,572,70,868,50,banana in black bowl,banana in black bowl,3.7665,-0.3592,18.7755,8.682,198.6848,0.8656,13.1867
nearest,572,75,868,55,banana in black bowl,banana in black bowl,3.5896,0.2558,13.4072,9.1595,171.4123,0.8843,176.8737
nearest,572,90,858,160,banana in black bowl,banana in black bowl,2.7073,0.7216,19.2814,18.4516,189.1286,0.9019,173.2041
nearest,572,95,858,165,banana in black bowl,banana in black bowl,2.4643,0.8947,16.7561,12.3226,157.1551,0.8901,-133.2024
nearest,572,115,13014,70,banana in black bowl,banana in black bowl (new background),2.6669,0.9694,12.3128,8.2382,195.7702,0.9037,-171.5074
nearest,572,145,13040,90,banana in black bowl,banana in black bowl (new background),2.5925,0.9942,21.35,3.413,193.3198,0.916,8.7268
nearest,573,50,868,55,banana in black bowl,banana in black bowl,3.3225,-0.8239,15.9614,9.1595,192.7158,0.9044,-115.1533
nearest,573,60,1625,125,banana in black bowl,milk on pink plate,2.8266,0.819,9.0366,26.8721,178.6746,0.8826,-12.9703
nearest,573,65,1633,100,banana in black bowl,milk on pink plate,2.6924,-0.9078,11.1574,2.3006,182.3691,0.9018,-124.8376
nearest,573,75,1633,100,banana in black bowl,milk on pink plate,2.2098,-0.9613,22.4198,2.3006,191.7712,0.9141,-111.7454
nearest,573,80,1633,105,banana in black bowl,milk on pink plate,2.1893,0.8446,11.6496,15.7387,168.9593,0.8857,-98.7565
nearest,573,85,866,75,banana in black bowl,banana in black bowl,2.4508,0.9811,15.274,4.5302,192.9695,0.9064,45.0221
nearest,574,50,1661,115,banana in black bowl,milk on pink plate,3.1033,-0.9228,22.7594,27.7185,189.851,0.8319,-117.2612
nearest,574,85,1625,70,banana in black bowl,milk on pink plate,2.1263,0.8333,21.2514,20.2379,200.1993,0.906,59.1959
nearest,574,105,13008,80,banana in black bowl,banana in black bowl (new background),2.7841,0.2892,9.9853,8.5098,194.6955,0.9114,-152.8525
nearest,574,125,13036,65,banana in black bowl,banana in black bowl (new background),2.2378,-0.9175,12.8192,21.7753,203.0025,0.9345,-124.6001
nearest,575,55,13038,15,banana in black bowl,banana in black bowl (new background),3.664,0.9839,18.5197,6.9296,201.7361,0.883,49.5433
nearest,575,75,858,160,banana in black bowl,banana in black bowl,2.5319,0.9911,17.2879,18.4516,176.6934,0.9245,154.4858
nearest,575,80,858,165,banana in black bowl,banana in black bowl,2.3678,0.8925,28.7982,12.3226,183.8322,0.9169,-129.6656
nearest,575,85,13040,95,banana in black bowl,banana in black bowl (new background),2.24,-0.6532,22.4964,5.0726,191.8729,0.8762,-121.0604
nearest,575,95,13019,75,banana in black bowl,banana in black bowl (new background),2.2802,0.8608,16.4792,4.2822,175.7636,0.8758,62.1033
nearest,575,100,13030,40,banana in black bowl,banana in black bowl (new background),2.4747,0.5159,10.6026,29.3526,203.6619,0.8603,55.5852
nearest,575,115,862,80,banana in black bowl,banana in black bowl,2.7379,-0.9085,13.2875,21.1035,199.1205,0.866,135.6385
nearest,576,35,11037,5,banana in black bowl,push milk to the right,2.8544,-0.1868,13.931,13.598,192.3716,0.8031,-135.357
nearest,576,45,13015,0,banana in black bowl,banana in black bowl (new background),3.2314,0.198,20.7611,10.4307,204.3767,0.9106,30.9014
nearest,576,55,858,155,banana in black bowl,banana in black bowl,3.5491,-0.912,10.4355,18.3969,194.361,0.8319,176.7798
nearest,576,70,858,160,banana in black bowl,banana in black bowl,2.8251,0.9012,16.6636,18.4516,176.9375,0.9206,162.9663
nearest,576,75,858,165,banana in black bowl,banana in black bowl,2.5405,0.853,34.2491,12.3226,197.1688,0.9149,-125.2417
nearest,576,80,858,165,banana in black bowl,banana in black bowl,2.4772,0.9492,19.6644,12.3226,191.484,0.8868,-137.2286
nearest,576,90,862,65,banana in black bowl,banana in black bowl,2.612,0.8199,37.6413,19.4948,173.3213,0.8573,28.1044
nearest,576,95,13002,75,banana in black bowl,banana in black bowl (new background),2.8874,0.8321,29.0248,9.283,163.6756,0.8688,38.2224
nearest,576,100,13048,65,banana in black bowl,banana in black bowl (new background),3.0579,-0.6662,18.0744,12.663,170.3569,0.8587,56.651
nearest,576,120,13036,60,banana in black bowl,banana in black bowl (new background),3.1713,0.4006,12.336,7.2172,200.393,0.8848,150.9531
nearest,577,30,11037,5,banana in black bowl,push milk to the right,2.9921,-0.2388,8.8112,13.598,198.5501,0.8026,-149.9127
nearest,577,55,868,55,banana in black bowl,banana in black bowl,3.3809,-0.5437,23.0643,9.1595,189.9309,0.8896,-129.0518
nearest,577,65,1625,125,banana in black bowl,milk on pink plate,2.8677,-0.6373,7.5104,26.8721,178.9736,0.8773,-36.258
nearest,577,70,1625,125,banana in black bowl,milk on pink plate,2.7607,-0.4363,14.6479,26.8721,181.6177,0.8773,-54.3361
nearest,577,75,800,140,banana in black bowl,banana in cardboard box,2.6088,0.8507,32.1148,0.4928,172.3157,0.902,-104.8822
nearest,577,80,1633,100,banana in black bowl,milk on pink plate,2.4144,-0.8006,23.7296,2.3006,204.0859,0.8989,-134.3829
nearest,577,85,800,150,banana in black bowl,banana in cardboard box,2.2748,0.8931,11.3684,8.5924,196.668,0.8973,-153.3305
nearest,577,95,1642,60,banana in black bowl,milk on pink plate,2.8207,0.9555,29.7236,12.4426,187.2359,0.8666,70.5974
nearest,577,100,1625,70,banana in black bowl,milk on pink plate,2.8008,0.9811,23.735,20.2379,189.0092,0.8515,70.3765
nearest,577,105,1625,75,banana in black bowl,milk on pink plate,2.7992,0.85,23.4785,27.3826,204.361,0.8492,61.2342
nearest,577,110,1625,80,banana in black bowl,milk on pink plate,2.9967,0.8423,19.2316,28.6264,200.6955,0.8601,64.063
nearest,577,115,1625,85,banana in black bowl,milk on pink plate,3.1391,-0.7818,16.006,8.8962,163.2679,0.8694,73.0522
nearest,577,135,11026,80,banana in black bowl,push milk to the right,2.6271,0.9904,10.8691,29.3068,201.2445,0.9069,-100.0156
nearest,577,185,851,10,banana in black bowl,banana in black bowl,2.2246,0.4394,7.1685,10.1651,174.7422,0.7783,-142.7063
nearest,577,200,1660,20,banana in black bowl,milk on pink plate,2.2444,-0.9406,6.5332,4.2152,161.2308,0.6983,-138.5005
nearest,578,55,1661,115,banana in black bowl,milk on pink plate,3.0653,0.5737,6.0953,27.7185,193.7392,0.8647,-160.727
nearest,578,70,1633,95,banana in black bowl,milk on pink plate,2.5482,-0.1241,12.2083,9.0977,198.2257,0.9311,-149.0287
nearest,578,80,1633,100,banana in black bowl,milk on pink plate,2.1751,-0.9814,35.4697,2.3006,197.1134,0.9356,-105.8039
nearest,578,85,1633,100,banana in black bowl,milk on pink plate,2.0598,-0.9843,21.7053,2.3006,201.183,0.9148,-105.3345
nearest,578,95,1625,70,banana in black bowl,milk on pink plate,2.152,0.9197,22.8467,20.2379,199.6721,0.8957,64.1316
nearest,578,105,1625,75,banana in black bowl,milk on pink plate,2.5222,0.9389,6.8629,27.3826,203.9476,0.8607,79.8712
nearest,578,210,1660,30,banana in black bowl,milk on pink plate,2.5064,-0.9492,7.7691,3.7726,200.426,0.624,153.3224
nearest,579,35,13014,5,banana in black bowl,banana in black bowl (new background),2.8934,-0.9743,18.58,7.9008,203.2735,0.6908,63.4592
nearest,579,45,13028,5,banana in black bowl,banana in black bowl (new background),3.3905,-0.8451,13.0551,6.521,201.2598,0.7385,-68.7446
nearest,579,55,13028,10,banana in black bowl,banana in black bowl (new background),4.1973,-0.675,8.2713,17.0471,179.5018,0.8107,98.3252
nearest,579,60,13028,15,banana in black bowl,banana in black bowl (new background),4.3187,-0.507,50.6101,15.3629,179.9522,0.8448,-67.3689
nearest,579,65,868,50,banana in black bowl,banana in black bowl,4.2735,-0.9488,17.1559,8.682,174.2466,0.8607,-47.6086
nearest,579,70,868,55,banana in black bowl,banana in black bowl,4.1128,-0.1581,18.1795,9.1595,134.3996,0.8762,-158.2577
nearest,579,75,868,55,banana in black bowl,banana in black bowl,3.901,-0.7052,10.5853,9.1595,197.6029,0.8896,-151.6867
nearest,579,90,868,65,banana in black bowl,banana in black bowl,2.871,-0.6778,27.0613,3.9349,193.5033,0.891,-130.7645
nearest,579,95,13001,140,banana in black bowl,banana in black bowl (new background),2.5785,0.42,21.2,7.3948,138.4575,0.9246,-126.4361
nearest,579,105,13001,85,banana in black bowl,banana in black bowl (new background),3.3893,-0.9209,21.4263,10.4958,159.3655,0.8268,126.4579
nearest,579,110,13014,65,banana in black bowl,banana in black bowl (new background),4.2195,-0.9992,22.4517,27.561,179.457,0.8173,-175.1566
nearest,579,125,13014,75,banana in black bowl,banana in black bowl (new background),4.5994,0.7732,6.9276,6.3061,186.2669,0.8556,-179.3287
nearest,579,130,13014,80,banana in black bowl,banana in black bowl (new background),4.4803,0.7764,9.5614,8.7536,180.4067,0.8598,-158.8727
nearest,579,135,13014,80,banana in black bowl,banana in black bowl (new background),3.9803,0.986,25.085,8.7536,178.6853,0.8948,-131.3161
nearest,579,150,13030,75,banana in black bowl,banana in black bowl (new background),2.8139,0.9958,26.9812,1.7946,152.8373,0.9634,19.1796
nearest,579,155,13040,90,banana in black bowl,banana in black bowl (new background),2.4758,0.8763,26.8514,3.413,168.2049,0.898,-11.6228
nearest,579,160,13040,95,banana in black bowl,banana in black bowl (new background),2.301,0.5227,11.6179,5.0726,199.4337,0.892,-43.2281
nearest,580,30,11034,5,banana in black bowl,push milk to the right,2.7376,0.8172,10.2042,14.9031,200.9903,0.7216,-129.9878
nearest,580,60,858,155,banana in black bowl,banana in black bowl,3.6937,-0.8868,13.0934,18.3969,178.7712,0.84,109.3236
nearest,580,75,858,160,banana in black bowl,banana in black bowl,2.6401,0.2986,12.8624,18.4516,190.2517,0.9341,179.6288
nearest,580,80,858,165,banana in black bowl,banana in black bowl,2.3647,0.8359,22.8036,12.3226,199.8699,0.9292,-126.7864
nearest,580,85,858,165,banana in black bowl,banana in black bowl,2.2306,0.5822,18.6188,12.3226,148.5384,0.9233,-115.3584
nearest,580,90,13001,140,banana in black bowl,banana in black bowl (new background),2.1215,0.1271,8.6005,7.3948,144.9695,0.9438,-131.0222
nearest,580,105,13001,80,banana in black bowl,banana in black bowl (new background),2.0014,0.6694,17.1803,13.6906,145.1693,0.927,51.7986
nearest,580,110,13001,85,banana in black bowl,banana in black bowl (new background),2.1803,0.5539,14.3413,10.4958,173.2511,0.9111,21.5073
nearest,580,120,13014,70,banana in black bowl,banana in black bowl (new background),2.5171,-0.9896,12.3405,8.2382,159.0839,0.9194,41.0834
nearest,580,145,13036,65,banana in black bowl,banana in black bowl (new background),2.4715,0.6062,16.5636,21.7753,193.2161,0.9282,-129.0917
nearest,580,150,13036,70,banana in black bowl,banana in black bowl (new background),2.3532,-0.2132,40.0752,4.5536,187.0864,0.933,-37.515
nearest,580,160,13040,95,banana in black bowl,banana in black bowl (new background),2.105,0.9994,13.7177,5.0726,201.0081,0.8981,-3.0152
nearest,581,35,1660,25,milk on pink plate,milk on pink plate,2.6634,-0.9962,10.8024,6.7942,190.6711,0.6679,-94.7048
nearest,581,50,13028,5,milk on pink plate,banana in black bowl (new background),3.6243,0.3333,11.5549,6.521,186.3971,0.7591,-145.2289
nearest,581,60,11006,30,milk on pink plate,push milk to the right,3.99,-0.9107,18.4681,7.7293,195.6599,0.8324,-114.6155
nearest,581,65,868,55,milk on pink plate,banana in black bowl,3.8778,0.6791,12.7681,9.1595,180.2262,0.8479,158.7679
nearest,581,70,868,55,milk on pink plate,banana in black bowl,3.8105,0.681,8.987,9.1595,183.8454,0.8772,107.7371
nearest,581,80,858,160,milk on pink plate,banana in black bowl,3.3024,-0.0536,7.4982,18.4516,192.6024,0.9068,173.3193
nearest,581,85,858,160,milk on pink plate,banana in black bowl,3.079,0.8442,30.6103,18.4516,204.5918,0.9152,171.1166
nearest,581,90,858,160,milk on pink plate,banana in black bowl,2.9174,0.7036,22.941,18.4516,187.9141,0.9143,176.0201
nearest,581,95,858,165,milk on pink plate,banana in black bowl,2.7674,0.9233,20.8172,12.3226,157.6609,0.908,-134.3022
nearest,581,100,13001,140,milk on pink plate,banana in black bowl (new background),2.545,0.5213,25.7135,7.3948,162.546,0.9504,-129.6314
nearest,581,105,13001,140,milk on pink plate,banana in black bowl (new background),2.3316,0.4646,17.4402,7.3948,158.9649,0.9497,-131.2669
nearest,581,130,13001,85,milk on pink plate,banana in black bowl (new background),2.4144,0.4198,24.3785,10.4958,130.6695,0.9205,35.4501
nearest,581,135,13001,90,milk on pink plate,banana in black bowl (new background),2.9163,-1.0,12.57,15.5269,194.393,0.9066,-144.5832
nearest,581,140,13014,70,milk on pink plate,banana in black bowl (new background),3.1368,0.7952,17.1981,8.2382,173.2018,0.9241,171.5641
nearest,581,145,13028,60,milk on pink plate,banana in black bowl (new background),3.3343,-0.8215,9.5742,10.8168,170.6467,0.9046,-160.5386
nearest,581,165,1663,115,milk on pink plate,milk on pink plate,2.6871,0.999,30.7639,18.2474,173.3925,0.8416,-25.4198
nearest,581,170,1663,120,milk on pink plate,milk on pink plate,2.2943,0.3729,17.2654,35.7279,196.5389,0.8487,-63.5062
nearest,582,45,11009,10,milk on pink plate,push milk to the right,3.5425,-0.6245,28.0674,9.1285,198.7916,0.8134,-34.3963
nearest,582,50,11007,25,milk on pink plate,push milk to the right,3.8119,-0.5585,15.2748,4.8617,183.4286,0.8421,0.9773
nearest,582,65,11006,40,milk on pink plate,push milk to the right,3.7182,-0.866,18.4121,15.9054,199.1647,0.8748,-46.0346
nearest,582,70,11006,40,milk on pink plate,push milk to the right,3.34,-0.2541,7.8485,15.9054,156.8993,0.8991,72.8353
nearest,582,80,11006,45,milk on pink plate,push milk to the right,2.798,0.8771,28.6966,12.9612,179.5277,0.897,-132.2805
nearest,582,85,13001,140,milk on pink plate,banana in black bowl (new background),2.617,0.6474,25.9601,7.3948,170.487,0.9231,-136.8974
nearest,582,90,13001,140,milk on pink plate,banana in black bowl (new background),2.4913,0.6252,18.2063,7.3948,172.485,0.9353,-139.0517
nearest,582,95,13001,140,milk on pink plate,banana in black bowl (new background),2.4199,0.9279,16.2866,7.3948,195.3452,0.948,-161.066
nearest,582,100,13001,140,milk on pink plate,banana in black bowl (new background),2.3142,0.9102,15.7649,7.3948,196.8963,0.9539,-159.4467
nearest,582,135,13001,80,milk on pink plate,banana in black bowl (new background),1.8906,0.9211,13.0978,13.6906,190.4952,0.9322,36.1259
nearest,582,140,13001,80,milk on pink plate,banana in black bowl (new background),1.9824,0.9779,19.8425,13.6906,134.6029,0.9294,32.0759
nearest,582,145,13001,85,milk on pink plate,banana in black bowl (new background),2.0591,0.5112,29.2796,10.4958,128.8953,0.9344,33.245
nearest,582,155,13001,90,milk on pink plate,banana in black bowl (new background),2.5231,-0.8488,27.0928,15.5269,138.3366,0.9271,-29.0995
nearest,582,160,13014,70,milk on pink plate,banana in black bowl (new background),2.6608,0.8788,24.9999,8.2382,197.8343,0.9497,-141.4419
nearest,582,175,13048,85,milk on pink plate,banana in black bowl (new background),2.7175,0.8516,13.2832,15.9026,200.7316,0.9435,-158.4335
nearest,582,195,13040,95,milk on pink plate,banana in black bowl (new background),1.9019,0.9234,25.5533,5.0726,201.9146,0.9419,-20.4882
nearest,583,40,11037,10,milk on pink plate,push milk to the right,3.019,-0.3033,7.6262,25.752,189.8627,0.8296,-143.3997
nearest,583,55,1622,50,milk on pink plate,milk on pink plate,3.4005,-0.2237,27.3746,16.8145,201.4276,0.8332,-107.429
nearest,583,70,1661,120,milk on pink plate,milk on pink plate,2.995,-0.483,16.7312,25.229,164.9888,0.8625,150.3424
nearest,583,75,1661,120,milk on pink plate,milk on pink plate,2.8716,0.8231,11.8943,25.229,197.2135,0.8732,-158.231
nearest,583,80,1661,120,milk on pink plate,milk on pink plate,2.6668,0.5801,24.9353,25.229,185.4728,0.882,-142.0497
nearest,583,85,1661,120,milk on pink plate,milk on pink plate,2.5679,0.7532,15.8206,25.229,186.3371,0.8779,-153.4979
nearest,583,90,1661,125,milk on pink plate,milk on pink plate,2.5229,1.0,15.8214,18.3868,204.3742,0.8671,-149.0916
nearest,583,95,13001,140,milk on pink plate,banana in black bowl (new background),2.3701,0.7572,17.7512,7.3948,185.5882,0.9288,-147.0697
nearest,583,100,13001,140,milk on pink plate,banana in black bowl (new background),2.2218,0.7414,11.8469,7.3948,186.0641,0.9315,-149.9932
nearest,583,140,1663,110,milk on pink plate,milk on pink plate,2.7639,0.2897,8.8654,16.5819,188.7885,0.8705,42.3394
nearest,583,145,1645,100,milk on pink plate,milk on pink plate,2.3637,0.9984,37.5098,16.5038,187.6045,0.9028,-25.8482
nearest,584,30,11010,10,milk on pink plate,push milk to the right,2.2075,-0.391,7.9866,9.5798,203.9136,0.7855,-122.3975
nearest,584,40,11009,5,milk on pink plate,push milk to the right,2.7938,-0.0789,6.7746,13.0982,204.1063,0.8024,-97.4341
nearest,584,45,11009,5,milk on pink plate,push milk to the right,3.2287,0.9963,9.857,13.0982,194.517,0.8113,-71.3038
nearest,584,60,11009,20,milk on pink plate,push milk to the right,3.4819,0.0186,14.6528,54.1434,170.1723,0.896,106.3493
nearest,584,65,11009,25,milk on pink plate,push milk to the right,3.366,-0.2343,21.178,19.8472,171.0513,0.891,167.5583
nearest,584,70,11006,40,milk on pink plate,push milk to the right,3.0549,0.0849,12.275,15.9054,157.3676,0.9017,80.0334
nearest,584,75,11006,45,milk on pink plate,push milk to the right,2.7587,-0.6221,13.5257,12.9612,173.575,0.9028,-179.1733
nearest,584,80,858,160,milk on pink plate,banana in black bowl,2.5781,0.7542,25.1237,18.4516,199.394,0.8793,174.5932
nearest,584,85,13001,140,milk on pink plate,banana in black bowl (new background),2.3131,0.6096,36.5017,7.3948,184.0839,0.9277,-131.8619
nearest,584,90,13001,140,milk on pink plate,banana in black bowl (new background),2.1328,0.5088,21.7199,7.3948,171.0483,0.9413,-130.7731
nearest,584,95,13001,140,milk on pink plate,banana in black bowl (new background),2.0834,0.4071,17.8427,7.3948,163.9715,0.9478,-128.134
nearest,584,100,13001,140,milk on pink plate,banana in black bowl (new background),2.0315,0.2031,13.7402,7.3948,157.6477,0.9428,-123.2936
nearest,584,125,13001,80,milk on pink plate,banana in black bowl (new background),1.9185,0.9029,19.3386,13.6906,154.391,0.9447,39.8685
nearest,584,130,13001,85,milk on pink plate,banana in black bowl (new background),2.0546,0.5766,37.8188,10.4958,150.3025,0.9416,32.3151
nearest,584,135,13040,60,milk on pink plate,banana in black bowl (new background),2.2833,-0.9671,23.366,4.8007,141.7041,0.9421,19.4593
nearest,584,160,1645,95,milk on pink plate,milk on pink plate,2.2768,-0.9512,18.2672,14.9201,198.0925,0.9173,166.8143
nearest,584,165,1663,115,milk on pink plate,milk on pink plate,2.0919,0.9888,40.0926,18.2474,185.9049,0.8921,-29.6631
nearest,584,170,1663,120,milk on pink plate,milk on pink plate,1.912,0.4631,32.0632,35.7279,194.5404,0.8821,-54.9777
nearest,585,45,11049,5,milk on pink plate,push milk to the right,3.2954,-0.0122,8.6816,0.1854,169.6401,0.8188,-92.1828
nearest,585,50,11049,10,milk on pink plate,push milk to the right,3.3909,-0.8805,14.2699,22.6503,196.457,0.8102,58.2521
nearest,585,65,868,55,milk on pink plate,banana in black bowl,3.6768,0.0179,16.971,9.1595,184.4677,0.8548,70.1875
nearest,585,70,868,55,milk on pink plate,banana in black bowl,3.4708,0.1065,17.0816,9.1595,180.7717,0.8965,-171.8358
nearest,585,75,868,60,milk on pink plate,banana in black bowl,3.1632,-0.4241,8.4573,6.3277,168.9324,0.8925,163.0225
nearest,585,80,858,160,milk on pink plate,banana in black bowl,3.0172,0.8258,12.95,18.4516,175.5369,0.882,136.7226
nearest,585,85,858,160,milk on pink plate,banana in black bowl,2.8423,0.361,26.9425,18.4516,178.3625,0.88,-167.4871
nearest,585,90,13001,140,milk on pink plate,banana in black bowl (new background),2.4488,0.5657,33.4316,7.3948,181.3508,0.9273,-129.8216
nearest,585,95,13001,140,milk on pink plate,banana in black bowl (new background),2.3186,0.5483,24.1331,7.3948,175.7051,0.9275,-131.791
nearest,585,100,13001,135,milk on pink plate,banana in black bowl (new background),2.1028,-0.1964,12.6027,3.0913,162.4733,0.9297,-123.4396
nearest,585,125,13001,80,milk on pink plate,banana in black bowl (new background),1.9941,0.97,17.7675,13.6906,146.1596,0.9279,32.8874
nearest,585,130,13001,85,milk on pink plate,banana in black bowl (new background),2.0766,0.4307,30.3128,10.4958,142.0447,0.9263,37.8576
nearest,585,135,13040,55,milk on pink plate,banana in black bowl (new background),2.302,-0.7827,19.0395,6.8707,139.245,0.937,22.2239
nearest,585,155,13040,75,milk on pink plate,banana in black bowl (new background),2.6393,-0.6797,19.3793,4.7446,149.8526,0.9318,-22.6174
nearest,585,160,13040,85,milk on pink plate,banana in black bowl (new background),2.4522,0.0111,21.0497,14.868,181.0452,0.9024,-66.2527
nearest,585,165,1657,140,milk on pink plate,milk on pink plate,2.0486,-0.6279,24.2402,24.6706,186.4331,0.8904,32.0982
nearest,586,65,858,160,milk on pink plate,banana in black bowl,2.942,-0.2106,17.2182,18.4516,178.816,0.8723,-160.5826
nearest,586,70,858,160,milk on pink plate,banana in black bowl,2.764,-0.7195,7.4164,18.4516,201.0986,0.8834,129.35
nearest,586,80,858,165,milk on pink plate,banana in black bowl,2.2006,0.9884,25.186,12.3226,202.1357,0.8791,-142.6613
nearest,586,85,13001,140,milk on pink plate,banana in black bowl (new background),2.0846,0.8538,15.1456,7.3948,195.0559,0.8923,-154.9639
nearest,586,110,13001,75,milk on pink plate,banana in black bowl (new background),2.043,0.9998,21.7859,9.2388,181.4032,0.8985,45.4589
nearest,586,115,13001,85,milk on pink plate,banana in black bowl (new background),2.2287,0.3111,17.5754,10.4958,159.3025,0.9091,34.8815
nearest,586,125,13009,75,milk on pink plate,banana in black bowl (new background),2.4074,-0.8463,18.1967,2.7977,204.6309,0.8981,140.8544
nearest,586,130,13009,80,milk on pink plate,banana in black bowl (new background),2.5349,0.8694,13.0051,0.9352,182.2994,0.8933,119.8461
nearest,587,40,13028,5,milk on pink plate,banana in black bowl (new background),3.5602,-0.8449,15.934,6.521,204.6116,0.8444,39.2054
nearest,587,60,868,55,milk on pink plate,banana in black bowl,3.0564,0.9481,15.0478,9.1595,193.9781,0.8889,142.5806
nearest,587,70,858,160,milk on pink plate,banana in black bowl,2.6423,-0.0465,26.2638,18.4516,146.6441,0.8838,-152.504
nearest,587,75,858,160,milk on pink plate,banana in black bowl,2.4129,-0.0824,18.6723,18.4516,141.7102,0.8783,-161.4756
nearest,587,80,13001,140,milk on pink plate,banana in black bowl (new background),2.1594,0.7593,19.9932,7.3948,169.8465,0.9218,-146.2108
nearest,587,105,13001,85,milk on pink plate,banana in black bowl (new background),2.0721,0.4681,28.5353,10.4958,155.4428,0.9353,35.1776
nearest,587,110,13001,85,milk on pink plate,banana in black bowl (new background),2.305,0.7019,26.3441,10.4958,149.4992,0.9207,21.5025
nearest,587,115,13013,60,milk on pink plate,banana in black bowl (new background),2.6056,-0.971,17.4799,8.9099,148.7219,0.9246,-1.6087
nearest,588,45,13015,5,milk on pink plate,banana in black bowl (new background),3.5727,0.0934,30.3386,10.0678,199.1063,0.9204,35.9994
nearest,588,75,858,165,milk on pink plate,banana in black bowl,2.4028,0.7446,21.2083,12.3226,179.1652,0.9117,-121.7969
nearest,588,80,848,170,milk on pink plate,banana in black bowl,2.2634,0.9634,23.1481,14.0945,200.119,0.9237,-136.9106
nearest,588,100,13030,40,milk on pink plate,banana in black bowl (new background),2.3232,0.7232,34.6068,29.3526,188.7946,0.9286,46.4797
nearest,589,40,13015,5,milk on pink plate,banana in black bowl (new background),3.7329,-0.4557,28.3306,10.0678,199.5796,0.8884,6.4419
nearest,589,125,13036,60,milk on pink plate,banana in black bowl (new background),2.7907,0.4571,22.6795,7.2172,197.457,0.9289,144.9436
nearest,590,25,1660,20,milk on pink plate,milk on pink plate,2.4297,-0.2232,13.3797,4.2152,204.5694,0.6772,-92.0896
nearest,590,30,1660,25,milk on pink plate,milk on pink plate,2.8195,-0.9584,30.1519,6.7942,170.6213,0.6441,-86.7698
nearest,590,55,13028,10,milk on pink plate,banana in black bowl (new background),4.0074,-0.9717,12.871,17.0471,179.0493,0.8377,104.1
nearest,590,65,13028,15,milk on pink plate,banana in black bowl (new background),4.0148,-0.7549,23.2232,15.3629,157.0595,0.8944,134.0128
nearest,590,70,858,155,milk on pink plate,banana in black bowl,3.8346,0.7269,16.8061,18.3969,156.5968,0.8569,171.7011
nearest,590,75,858,160,milk on pink plate,banana in black bowl,3.5103,0.9996,9.8992,18.4516,157.425,0.8714,150.2262
nearest,590,85,11006,45,milk on pink plate,push milk to the right,2.9804,0.9575,32.1715,12.9612,191.727,0.8963,-124.3828
nearest,590,90,13001,140,milk on pink plate,banana in black bowl (new background),2.7147,0.7045,34.2462,7.3948,169.9354,0.9204,-138.5277
nearest,590,95,13001,140,milk on pink plate,banana in black bowl (new background),2.3696,0.5642,23.1676,7.3948,152.5928,0.9354,-133.1002
nearest,590,100,13001,140,milk on pink plate,banana in black bowl (new background),2.1411,0.9961,21.2686,7.3948,180.3101,0.9391,-179.9022
nearest,590,120,13001,85,milk on pink plate,banana in black bowl (new background),2.5937,0.2442,35.8939,10.4958,124.8602,0.905,49.6248
nearest,590,125,13014,65,milk on pink plate,banana in black bowl (new background),3.0358,-0.9935,28.1209,27.561,135.1246,0.9158,-68.2842
nearest,590,145,13028,65,milk on pink plate,banana in black bowl (new background),3.4211,-0.0619,20.0908,5.2617,139.876,0.8901,4.5408
nearest,590,150,13015,75,milk on pink plate,banana in black bowl (new background),3.26,-0.9187,15.3727,9.7154,141.876,0.916,78.9372
nearest,590,155,13036,60,milk on pink plate,banana in black bowl (new background),3.0453,0.9661,11.4102,7.2172,177.8973,0.922,-156.9616
nearest,591,25,1660,25,milk on pink plate,milk on pink plate,2.6621,-0.9999,15.1074,6.7942,201.1713,0.6687,-109.1837
nearest,591,70,858,160,milk on pink plate,banana in black bowl,3.0476,0.9729,8.6422,18.4516,204.2496,0.9135,155.0429
nearest,591,80,13001,140,milk on pink plate,banana in black bowl (new background),2.5504,0.5767,30.5948,7.3948,188.0407,0.9385,-131.2162
nearest,591,85,13001,140,milk on pink plate,banana in black bowl (new background),2.3585,0.6764,26.2557,7.3948,192.0,0.9391,-138.6125
nearest,591,110,13001,75,milk on pink plate,banana in black bowl (new background),2.1669,0.977,12.417,9.2388,169.9832,0.9085,53.2787
nearest,591,145,1663,110,milk on pink plate,milk on pink plate,2.8555,0.3928,18.708,16.5819,191.5704,0.8658,101.9514
nearest,592,0,851,5,milk on pink plate,banana in black bowl,1.7631,-0.6397,43.8485,21.9116,181.1754,0.8501,-147.2785
nearest,592,20,1660,25,milk on pink plate,milk on pink plate,3.0187,-0.9998,12.53,6.7942,198.1576,0.7015,-105.5404
nearest,592,45,11009,20,milk on pink plate,push milk to the right,4.1871,-0.0455,32.9547,54.1434,196.0691,0.8301,89.3985
nearest,592,50,868,55,milk on pink plate,banana in black bowl,3.883,0.2477,26.7094,9.1595,193.3737,0.8443,72.4103
nearest,592,55,858,160,milk on pink plate,banana in black bowl,3.3936,-0.8845,22.7169,18.4516,145.0961,0.8643,51.9866
nearest,592,65,858,160,milk on pink plate,banana in black bowl,2.5547,0.7352,24.8855,18.4516,190.515,0.917,175.4478
nearest,592,70,13001,140,milk on pink plate,banana in black bowl (new background),2.296,0.9548,19.373,7.3948,195.9969,0.9435,-163.6273
nearest,592,80,13001,140,milk on pink plate,banana in black bowl (new background),1.9382,0.433,22.4478,7.3948,165.5674,0.9586,-126.3882
nearest,592,125,13040,70,milk on pink plate,banana in black bowl (new background),3.2482,0.3855,29.5406,6.0158,196.879,0.9141,-170.2134
nearest,592,135,1663,110,milk on pink plate,milk on pink plate,3.0314,-0.4613,30.5685,16.5819,190.3376,0.8558,151.0087
nearest,593,50,1622,50,milk on pink plate,milk on pink plate,4.003,0.4648,15.778,16.8145,181.7245,0.8127,-9.2151
nearest,593,55,1622,55,milk on pink plate,milk on pink plate,3.8619,-0.0143,8.5408,17.7861,187.2649,0.8311,-19.7894
nearest,593,60,11006,40,milk on pink plate,push milk to the right,3.5929,0.3941,18.1246,15.9054,192.9609,0.8821,8.358
nearest,593,65,11006,40,milk on pink plate,push milk to the right,3.0546,0.6755,11.3431,15.9054,186.5572,0.9225,24.6742
nearest,593,70,11006,45,milk on pink plate,push milk to the right,2.797,-0.751,15.6207,12.9612,176.5918,0.9215,-29.2117
nearest,593,75,11006,45,milk on pink plate,push milk to the right,2.5682,1.0,19.5161,12.9612,143.0386,0.9165,-112.1519
nearest,593,80,13001,140,milk on pink plate,banana in black bowl (new background),2.3645,0.6275,16.273,7.3948,161.6563,0.9174,-140.4264
nearest,593,85,13001,140,milk on pink plate,banana in black bowl (new background),2.2797,0.7885,12.8576,7.3948,158.4164,0.9178,-151.8861
nearest,593,100,13001,85,milk on pink plate,banana in black bowl (new background),2.4111,0.6393,22.9265,10.4958,146.2999,0.922,23.6111
nearest,593,105,13000,60,milk on pink plate,banana in black bowl (new background),2.5956,-0.9954,9.5031,24.4467,185.3254,0.9283,33.6928
nearest,593,140,13040,95,milk on pink plate,banana in black bowl (new background),2.1146,0.999,17.4113,5.0726,197.6324,0.9225,-3.5855
nearest,594,80,800,140,milk on pink plate,banana in cardboard box,2.2194,0.8604,20.4644,0.4928,183.5933,0.8983,-106.1873
nearest,594,105,13023,50,milk on pink plate,banana in black bowl (new background),2.1862,0.9999,18.5406,17.1934,203.8724,0.914,53.655
nearest,594,110,13040,55,milk on pink plate,banana in black bowl (new background),2.5106,-0.5478,24.2601,6.8707,190.244,0.9206,5.6513
nearest,594,115,13040,60,milk on pink plate,banana in black bowl (new background),2.7481,-0.7719,10.7497,4.8007,195.1495,0.9248,100.8249
nearest,594,125,1655,95,milk on pink plate,milk on pink plate,2.9866,-0.9796,8.8673,1.0166,198.0712,0.8846,114.1684
nearest,594,130,1655,100,milk on pink plate,milk on pink plate,2.9652,0.2852,8.3282,9.9421,188.1317,0.8883,57.9987
nearest,595,60,1661,120,milk on pink plate,milk on pink plate,3.2025,0.8991,7.301,25.229,202.366,0.8506,-163.4069
nearest,595,80,1645,115,milk on pink plate,milk on pink plate,2.3679,0.9816,27.3811,9.2313,203.9263,0.8446,-128.6681
nearest,595,115,1642,60,milk on pink plate,milk on pink plate,2.3617,0.8265,10.5428,12.4426,197.6482,0.8686,67.0428
nearest,596,70,858,160,milk on pink plate,banana in black bowl,2.2104,-0.0501,26.231,18.4516,188.0885,0.9088,-152.4017
nearest,596,100,13030,40,milk on pink plate,banana in black bowl (new background),2.9337,0.9659,20.2178,29.3526,202.1683,0.8943,64.0872
nearest,596,110,13030,55,milk on pink plate,banana in black bowl (new background),3.3942,-0.9948,12.3133,7.768,188.4667,0.9008,65.5916
nearest,596,115,13030,60,milk on pink plate,banana in black bowl (new background),3.5228,-0.9982,8.4878,9.4069,199.0127,0.9049,-127.8704
nearest,596,130,1663,115,milk on pink plate,milk on pink plate,2.7392,0.9875,31.0119,18.2474,191.4748,0.8377,-18.0575
nearest,597,40,13028,5,milk on pink plate,banana in black bowl (new background),3.4896,0.4873,8.4965,6.521,190.4698,0.8508,-156.8001
nearest,597,70,858,160,milk on pink plate,banana in black bowl,2.6789,0.3303,13.1913,18.4516,198.8993,0.916,179.4194
nearest,597,80,13001,140,milk on pink plate,banana in black bowl (new background),2.2365,0.6929,12.0266,7.3948,195.4362,0.9329,-147.2963
nearest,597,85,13001,140,milk on pink plate,banana in black bowl (new background),2.1084,0.6801,16.1659,7.3948,177.9512,0.9252,-143.3646
nearest,597,125,13036,60,milk on pink plate,banana in black bowl (new background),2.9283,-0.6494,13.4131,7.2172,195.0061,0.9408,-67.8105
nearest,598,70,858,160,milk on pink plate,banana in black bowl,2.339,-0.0198,27.436,18.4516,174.0468,0.9191,-152.349
nearest,598,75,858,165,milk on pink plate,banana in black bowl,2.1467,0.9734,26.5763,12.3226,199.2349,0.9153,-139.4649
nearest,598,80,858,165,milk on pink plate,banana in black bowl,2.0365,0.9821,18.993,12.3226,204.0168,0.9015,-141.9377
nearest,598,90,13030,35,milk on pink plate,banana in black bowl (new background),1.9494,0.6082,20.3729,13.831,177.5109,0.9257,59.3541
nearest,598,95,13030,40,milk on pink plate,banana in black bowl (new background),2.2446,0.7092,19.964,29.3526,169.5877,0.9182,52.2801
nearest,598,115,13030,60,milk on pink plate,banana in black bowl (new background),3.1891,0.984,6.9982,9.4069,197.0371,0.9204,-95.0567
nearest,598,125,1663,110,milk on pink plate,milk on pink plate,2.7621,0.1784,29.8255,16.5819,159.9115,0.8558,12.9737
nearest,598,130,1663,115,milk on pink plate,milk on pink plate,2.4522,0.948,34.9859,18.2474,203.2471,0.8475,-11.5546
nearest,599,75,858,160,milk on pink plate,banana in black bowl,2.7577,0.854,10.2329,18.4516,195.937,0.9129,139.7112
nearest,599,80,858,160,milk on pink plate,banana in black bowl,2.6237,-0.0016,31.8433,18.4516,187.9919,0.9123,-149.2319
nearest,599,115,13030,35,milk on pink plate,banana in black bowl (new background),2.3341,0.775,13.4781,13.831,194.3787,0.9043,71.6832
nearest,599,120,13030,40,milk on pink plate,banana in black bowl (new background),2.6578,0.9915,33.1654,29.3526,190.1357,0.8976,66.2443
nearest,599,125,13030,45,milk on pink plate,banana in black bowl (new background),3.0743,-0.4898,27.8235,11.5809,175.0112,0.8927,13.1889
nearest,599,145,1663,105,milk on pink plate,milk on pink plate,3.3936,0.2296,17.3847,8.9106,188.0656,0.8346,30.7438
nearest,599,150,1663,110,milk on pink plate,milk on pink plate,2.8571,0.342,16.4598,16.5819,190.1291,0.8631,31.3836
nearest,600,50,1622,55,milk on pink plate,milk on pink plate,3.5594,-0.0685,19.4526,17.7861,194.3676,0.8512,4.1158
nearest,600,70,1633,95,milk on pink plate,milk on pink plate,2.5196,-0.5312,26.6605,9.0977,167.3452,0.893,-104.3516
nearest,600,110,13040,55,milk on pink plate,banana in black bowl (new background),2.6334,-0.9048,27.5632,6.8707,198.1683,0.8703,45.0884
nearest,600,130,13040,75,milk on pink plate,banana in black bowl (new background),3.5127,-0.8688,8.0782,4.7446,189.2532,0.8732,97.1126
nearest,600,140,1663,110,milk on pink plate,milk on pink plate,2.9812,0.6414,11.034,16.5819,183.3706,0.8546,85.9254
nearest,601,60,1661,120,milk on pink plate,milk on pink plate,3.1824,0.0047,8.2586,25.229,204.816,0.837,172.752
nearest,601,75,1663,125,milk on pink plate,milk on pink plate,2.479,-0.2395,24.9521,11.3536,180.3986,0.8195,-137.826
nearest,601,80,1633,100,milk on pink plate,milk on pink plate,2.3514,-0.9074,18.9076,2.3006,176.6579,0.8929,-122.1134
nearest,601,85,1623,145,milk on pink plate,milk on pink plate,2.1552,0.795,15.6184,10.4172,186.2908,0.8734,-147.3728
nearest,601,115,13023,50,milk on pink plate,banana in black bowl (new background),2.1826,1.0,25.88,17.1934,191.0625,0.8651,52.9847
nearest,601,120,13040,55,milk on pink plate,banana in black bowl (new background),2.3815,-0.9867,36.9721,6.8707,186.0661,0.8734,66.6242
nearest,601,125,13040,55,milk on pink plate,banana in black bowl (new background),2.5019,-0.6175,18.1821,6.8707,170.2013,0.8884,5.0469
nearest,601,130,13040,60,milk on pink plate,banana in black bowl (new background),2.735,-0.685,24.7808,4.8007,165.0239,0.88,-18.0802
nearest,601,145,1663,105,milk on pink plate,milk on pink plate,2.9044,0.659,24.2191,8.9106,201.5669,0.857,14.2911
nearest,601,150,1663,110,milk on pink plate,milk on pink plate,2.5631,0.3553,33.9023,16.5819,176.5231,0.8766,18.3282
nearest,601,155,1663,120,milk on pink plate,milk on pink plate,2.3758,0.5086,36.391,35.7279,191.21,0.8754,-54.2953
nearest,601,190,11002,115,milk on pink plate,push milk to the right,2.4809,0.627,6.4305,48.4715,188.6202,0.6476,-72.682
nearest,602,40,13015,0,milk on pink plate,banana in black bowl (new background),3.0257,0.7838,9.8545,10.4307,203.4596,0.8358,103.9814
nearest,602,50,13038,10,milk on pink plate,banana in black bowl (new background),3.5112,0.6859,10.3949,8.505,199.2059,0.8632,-107.7734
nearest,602,65,858,160,milk on pink plate,banana in black bowl,3.4654,-0.4083,11.2265,18.4516,191.6767,0.8692,-172.7462
nearest,602,75,858,160,milk on pink plate,banana in black bowl,2.9921,0.5558,10.5792,18.4516,166.2211,0.9104,130.9185
nearest,602,80,858,160,milk on pink plate,banana in black bowl,2.7597,0.6756,11.9343,18.4516,182.2405,0.9144,169.1493
nearest,602,85,858,160,milk on pink plate,banana in black bowl,2.6611,-0.1265,32.5796,18.4516,182.4769,0.9085,-143.1248
nearest,602,90,863,120,milk on pink plate,banana in black bowl,2.5705,-0.6613,30.218,15.1754,198.8948,0.9041,-148.3663
nearest,602,95,1623,140,milk on pink plate,milk on pink plate,2.4664,0.6948,23.7002,10.2792,192.7641,0.8594,-131.0588
nearest,602,100,13001,140,milk on pink plate,banana in black bowl (new background),2.3769,0.5605,21.2311,7.3948,192.2913,0.9256,-133.8207
nearest,602,115,13001,150,milk on pink plate,banana in black bowl (new background),2.2233,-0.9117,9.9218,3.088,169.5796,0.9013,98.1213
nearest,602,120,13001,80,milk on pink plate,banana in black bowl (new background),2.3148,0.994,22.8785,13.6906,164.4728,0.892,28.8651
nearest,602,125,13002,75,milk on pink plate,banana in black bowl (new background),2.5511,0.7934,25.0753,9.283,163.0732,0.8887,40.1251
nearest,602,130,13009,70,milk on pink plate,banana in black bowl (new background),2.6577,-0.9975,19.606,12.5954,172.8144,0.8919,29.5678
nearest,602,140,13036,50,milk on pink plate,banana in black bowl (new background),2.6738,-0.0978,18.7542,6.8999,202.1368,0.922,143.1847
nearest,602,155,13036,65,milk on pink plate,banana in black bowl (new background),2.3747,-0.5313,40.4547,21.7753,187.515,0.9342,-62.0551
nearest,602,160,13040,90,milk on pink plate,banana in black bowl (new background),2.2627,0.977,33.644,3.413,185.9863,0.9128,2.8449
nearest,602,205,13009,130,milk on pink plate,banana in black bowl (new background),2.6294,-0.4056,6.5906,5.4977,202.7077,0.6126,-147.139
nearest,603,55,852,40,milk on pink plate,banana in black bowl,4.0062,0.5784,15.6844,5.6478,192.6721,0.8143,31.2546
nearest,603,60,858,160,milk on pink plate,banana in black bowl,3.6846,0.9932,7.7101,18.4516,170.6823,0.8279,148.8186
nearest,603,70,858,160,milk on pink plate,banana in black bowl,3.0137,0.8199,6.622,18.4516,203.2949,0.9086,159.8091
nearest,603,75,858,160,milk on pink plate,banana in black bowl,2.733,0.6935,16.1051,18.4516,178.9619,0.9176,172.1816
nearest,603,120,13030,35,milk on pink plate,banana in black bowl (new background),2.3592,0.5733,20.565,13.831,175.1896,0.9332,57.6845
nearest,603,125,13030,40,milk on pink plate,banana in black bowl (new background),2.6084,0.5007,27.8167,29.3526,165.7458,0.9435,41.1153
nearest,603,160,13036,70,milk on pink plate,banana in black bowl (new background),2.1839,0.0211,35.246,4.5536,204.3035,0.9475,-23.1468
nearest,604,55,858,160,milk on pink plate,banana in black bowl,3.0586,0.8182,17.3423,18.4516,204.2664,0.8522,167.7755
nearest,604,95,13040,60,milk on pink plate,banana in black bowl (new background),2.8165,-0.623,23.7447,4.8007,182.0376,0.8793,-23.7947
nearest,604,110,13036,60,milk on pink plate,banana in black bowl (new background),2.9934,-0.5666,8.539,7.2172,187.8856,0.886,122.5444
nearest,604,115,13036,65,milk on pink plate,banana in black bowl (new background),2.8835,-0.8008,29.3336,21.7753,197.3055,0.9043,-56.0132
nearest,605,60,1622,55,milk on pink plate,milk on pink plate,3.9822,0.4592,17.0801,17.7861,190.3599,0.7776,-14.9665
nearest,605,80,800,135,milk on pink plate,banana in cardboard box,2.7399,-0.3915,27.1319,6.5649,203.0341,0.8674,-115.7559
nearest,605,85,800,140,milk on pink plate,banana in cardboard box,2.6189,0.9214,18.8879,0.4928,183.6497,0.8761,-113.8354
nearest,605,90,848,170,milk on pink plate,banana in black bowl,2.5434,0.9997,14.1332,14.0945,184.8658,0.9042,-147.2417
nearest,605,120,13030,40,milk on pink plate,banana in black bowl (new background),3.2184,0.9948,25.0525,29.3526,187.1022,0.8574,67.5118
nearest,605,125,13030,45,milk on pink plate,banana in black bowl (new background),3.339,0.1527,13.3499,11.5809,192.1922,0.8565,-37.5456
nearest,605,135,13030,55,milk on pink plate,banana in black bowl (new background),3.8199,-0.9898,15.6501,7.768,177.8897,0.874,97.3054
nearest,605,140,13040,75,milk on pink plate,banana in black bowl (new background),3.7647,-0.6511,16.2663,4.7446,177.5902,0.8453,101.3828
nearest,606,0,851,10,milk on pink plate,banana in black bowl,2.0773,0.9092,35.3707,10.1651,81.1612,0.7989,-97.7122
nearest,606,25,11037,5,milk on pink plate,push milk to the right,2.9173,0.1347,12.0343,13.598,187.4077,0.8268,135.3429
nearest,606,35,11037,10,milk on pink plate,push milk to the right,3.5604,-0.3566,9.9802,25.752,186.8216,0.8557,-103.3851
nearest,606,45,1622,50,milk on pink plate,milk on pink plate,4.0508,0.3077,16.8751,16.8145,204.5363,0.8094,-3.1508
nearest,606,50,1661,115,milk on pink plate,milk on pink plate,3.7463,-0.8344,18.9705,27.7185,187.6828,0.8083,148.8593
nearest,606,55,1661,120,milk on pink plate,milk on pink plate,3.4539,0.654,15.041,25.229,182.1225,0.834,-151.1698
nearest,606,70,863,125,milk on pink plate,banana in black bowl,2.4278,-0.0946,22.5113,4.6781,173.457,0.9011,-145.015
nearest,606,75,1623,145,milk on pink plate,milk on pink plate,2.2311,0.7381,26.6055,10.4172,180.6045,0.871,-139.0542
nearest,606,95,13023,50,milk on pink plate,banana in black bowl (new background),2.0728,0.9964,22.2827,17.1934,161.5872,0.8808,55.8941
nearest,606,100,13040,55,milk on pink plate,banana in black bowl (new background),2.3902,-0.9936,14.0717,6.8707,178.3864,0.9068,65.5126
nearest,607,0,851,5,milk on pink plate,banana in black bowl,2.0609,0.9992,20.3489,21.9116,193.0269,0.8493,-48.0801
nearest,607,40,13015,0,milk on pink plate,banana in black bowl (new background),3.4928,0.9952,17.5695,10.4307,178.2191,0.83,81.8385
nearest,607,55,858,155,milk on pink plate,banana in black bowl,2.9705,0.9417,22.0498,18.3969,190.5653,0.8622,161.771
nearest,607,70,858,160,milk on pink plate,banana in black bowl,2.3166,0.229,24.7757,18.4516,179.1378,0.913,-164.2186
nearest,607,75,858,165,milk on pink plate,banana in black bowl,2.221,0.9026,20.8481,12.3226,163.2461,0.9059,-132.4467
nearest,607,115,13030,35,milk on pink plate,banana in black bowl (new background),2.5672,0.6598,31.3713,13.831,198.7936,0.8935,56.6951
nearest,607,120,13030,40,milk on pink plate,banana in black bowl (new background),2.8258,0.1563,25.8528,29.3526,152.635,0.9029,32.7995
nearest,608,25,11034,5,milk on pink plate,push milk to the right,2.9949,0.999,19.5228,14.9031,195.5252,0.6813,-117.2153
nearest,608,30,11037,5,milk on pink plate,push milk to the right,3.1188,-0.2715,6.2138,13.598,199.4936,0.6852,-159.9161
nearest,608,60,11006,30,milk on pink plate,push milk to the right,4.2969,-0.8659,26.5048,7.7293,169.3015,0.8794,-113.5622
nearest,608,65,868,55,milk on pink plate,banana in black bowl,4.1904,-0.1424,15.2474,9.1595,186.604,0.8781,-163.8069
nearest,608,85,11006,45,milk on pink plate,push milk to the right,2.8847,0.9414,16.58,12.9612,139.515,0.9147,-101.3326
nearest,608,90,13001,140,milk on pink plate,banana in black bowl (new background),2.6943,0.2634,29.1957,7.3948,167.2639,0.9504,-114.3366
nearest,608,110,13001,85,milk on pink plate,banana in black bowl (new background),2.4552,0.7858,18.5605,10.4958,173.668,0.9247,13.1793
nearest,608,125,13028,60,milk on pink plate,banana in black bowl (new background),3.1954,-0.8148,17.6406,10.8168,174.879,0.9068,10.2406
nearest,608,130,13028,65,milk on pink plate,banana in black bowl (new background),3.2127,0.0918,17.5902,5.2617,129.6853,0.9144,-5.5599
nearest,608,135,13048,85,milk on pink plate,banana in black bowl (new background),3.1512,-0.9241,21.5056,15.9026,135.3274,0.9172,-28.2895
nearest,608,140,13048,90,milk on pink plate,banana in black bowl (new background),2.7685,0.3981,10.5381,24.508,152.394,0.9283,25.9723
nearest,609,55,13028,15,milk on pink plate,banana in black bowl (new background),3.6507,-0.6543,8.9922,15.3629,164.7875,0.8764,0.2588
nearest,609,65,858,160,milk on pink plate,banana in black bowl,3.2319,0.7813,17.382,18.4516,179.9405,0.8682,169.5029
nearest,609,75,858,160,milk on pink plate,banana in black bowl,2.6445,0.3961,20.8488,18.4516,190.7367,0.9085,-173.5815
nearest,609,80,858,160,milk on pink plate,banana in black bowl,2.5562,0.2948,40.3285,18.4516,201.2486,0.9062,-157.4237
nearest,609,85,13001,140,milk on pink plate,banana in black bowl (new background),2.3835,0.6413,35.5132,7.3948,200.8729,0.9398,-134.0778
nearest,609,90,13001,140,milk on pink plate,banana in black bowl (new background),2.1628,0.5181,25.5115,7.3948,171.3111,0.9501,-129.5312
nearest,609,130,13001,80,milk on pink plate,banana in black bowl (new background),2.1898,0.9813,22.7534,13.6906,169.5084,0.9281,31.8671
nearest,609,135,13030,40,milk on pink plate,banana in black bowl (new background),2.4558,0.8864,44.3846,29.3526,172.8353,0.9383,53.5532
nearest,609,140,13030,45,milk on pink plate,banana in black bowl (new background),2.6057,0.9916,14.1624,11.5809,176.8729,0.9461,-85.7365
nearest,609,160,13036,60,milk on pink plate,banana in black bowl (new background),2.6869,-1.0,27.5124,7.2172,143.4423,0.9381,13.5725
nearest,610,40,865,35,milk on pink plate,banana in black bowl,4.1929,0.7105,15.4772,2.591,199.9171,0.7972,-15.5751
nearest,610,45,852,40,milk on pink plate,banana in black bowl,4.1693,0.9768,22.7123,5.6478,188.5597,0.8131,-19.6434
nearest,610,50,868,55,milk on pink plate,banana in black bowl,3.9711,0.0858,19.9373,9.1595,172.3193,0.8566,-167.6499
nearest,610,60,858,160,milk on pink plate,banana in black bowl,2.8753,0.6595,23.8023,18.4516,194.483,0.9106,178.4398
nearest,610,65,858,160,milk on pink plate,banana in black bowl,2.5601,0.1455,25.2339,18.4516,166.6263,0.9097,-160.7556
nearest,610,70,858,165,milk on pink plate,banana in black bowl,2.3161,0.9463,31.3461,12.3226,177.8058,0.9068,-134.9552
nearest,610,75,13001,140,milk on pink plate,banana in black bowl (new background),2.2016,0.6038,18.6158,7.3948,166.8119,0.9291,-137.6314
nearest,610,95,13001,75,milk on pink plate,banana in black bowl (new background),2.1199,0.9917,11.712,9.2388,163.821,0.9154,50.3375
nearest,610,100,13030,40,milk on pink plate,banana in black bowl (new background),2.3319,0.8897,28.8315,29.3526,167.119,0.936,56.7441
nearest,610,105,13030,45,milk on pink plate,banana in black bowl (new background),2.5722,-0.2279,25.4171,11.5809,169.6965,0.9371,-4.801
nearest,610,135,13040,90,milk on pink plate,banana in black bowl (new background),2.5549,0.6129,42.6163,3.413,181.2974,0.9197,-34.7212
nearest,610,140,13040,95,milk on pink plate,banana in black bowl (new background),2.321,0.674,32.0255,5.0726,189.2761,0.9198,-43.1889
nearest,611,35,1660,25,milk on pink plate,milk on pink plate,2.7476,-0.9616,10.3312,6.7942,195.3045,0.715,-65.9553
nearest,611,40,1660,30,milk on pink plate,milk on pink plate,2.8606,0.8088,8.0167,3.7726,188.274,0.6908,-17.1961
nearest,611,60,1622,50,milk on pink plate,milk on pink plate,4.0687,0.1178,31.1883,16.8145,185.0834,0.8011,17.2507
nearest,611,65,1622,55,milk on pink plate,milk on pink plate,3.9911,0.0522,23.9652,17.7861,165.1017,0.814,5.9091
nearest,611,70,868,55,milk on pink plate,banana in black bowl,4.0029,0.443,15.2429,9.1595,187.9878,0.8598,90.3837
nearest,611,75,1661,120,milk on pink plate,milk on pink plate,3.4402,-0.8487,11.5507,25.229,180.0336,0.8462,169.2478
nearest,611,85,1661,120,milk on pink plate,milk on pink plate,2.9049,0.9775,19.8194,25.229,203.3437,0.8551,-174.5
nearest,611,90,13001,140,milk on pink plate,banana in black bowl (new background),2.7411,0.6151,23.9055,7.3948,164.4759,0.9228,-135.7051
nearest,611,95,13001,140,milk on pink plate,banana in black bowl (new background),2.4797,0.8109,24.2673,7.3948,178.3787,0.9336,-148.4845
nearest,611,125,13001,85,milk on pink plate,banana in black bowl (new background),2.6609,0.368,25.9283,10.4958,157.3081,0.8641,38.8544
nearest,611,155,13040,80,milk on pink plate,banana in black bowl (new background),3.4039,0.3651,24.5373,6.42,161.9644,0.8913,136.4568
nearest,611,170,1657,140,milk on pink plate,milk on pink plate,2.5443,-0.001,24.3135,24.6706,193.7295,0.8811,50.8836
nearest,612,50,11009,20,milk on pink plate,push milk to the right,3.8838,-0.2219,24.9179,54.1434,192.1057,0.889,94.8622
nearest,612,55,1661,120,milk on pink plate,milk on pink plate,3.7099,-0.6766,22.9892,25.229,194.5928,0.8168,-108.8965
nearest,612,60,1661,120,milk on pink plate,milk on pink plate,3.2579,-0.9536,20.5648,25.229,161.093,0.8599,-121.3675
nearest,612,65,1661,120,milk on pink plate,milk on pink plate,2.9363,-0.8852,10.5302,25.229,189.6767,0.8754,173.7357
nearest,612,75,1661,125,milk on pink plate,milk on pink plate,2.504,0.9643,34.7556,18.3868,191.6467,0.8683,-138.9888
nearest,612,80,13001,140,milk on pink plate,banana in black bowl (new background),2.2345,0.7243,22.4536,7.3948,182.5201,0.9264,-142.9667
nearest,612,105,13004,75,milk on pink plate,banana in black bowl (new background),2.4744,-0.9239,27.015,7.9612,164.029,0.8881,63.2126
nearest,613,30,11037,5,milk on pink plate,push milk to the right,2.8333,0.2344,8.7695,13.598,203.9736,0.8636,-158.0042
nearest,613,60,1661,120,milk on pink plate,milk on pink plate,3.1345,0.1867,10.3484,25.229,185.9603,0.8741,170.3301
nearest,613,95,1700,65,milk on pink plate,salt on pink plate,2.3873,0.7229,25.8629,9.8303,175.0905,0.8293,41.0265
nearest,613,100,13040,55,milk on pink plate,banana in black bowl (new background),2.5666,-0.627,26.9433,6.8707,162.4453,0.9081,13.6287
nearest,613,125,1663,110,milk on pink plate,milk on pink plate,2.3832,0.0434,33.0043,16.5819,193.5241,0.9012,4.8876
nearest,613,130,1663,115,milk on pink plate,milk on pink plate,2.1808,0.9942,36.0472,18.2474,197.8917,0.8951,-27.8625
nearest,613,170,13000,140,milk on pink plate,banana in black bowl (new background),2.3217,0.5834,7.3936,3.5855,188.7326,0.6265,-123.2943
nearest,614,65,1622,65,milk on pink plate,milk on pink plate,3.2716,-0.6073,8.381,5.8231,168.7387,0.9053,130.0422
nearest,614,75,1623,145,milk on pink plate,milk on pink plate,2.6481,0.6432,32.3828,10.4172,179.4667,0.8646,-131.4715
nearest,614,80,13001,140,milk on pink plate,banana in black bowl (new background),2.3753,0.5614,21.6892,7.3948,176.6695,0.9274,-133.6384
nearest,614,105,13001,75,milk on pink plate,banana in black bowl (new background),2.3669,0.9987,13.0247,9.2388,167.3482,0.8835,44.5344
nearest,614,110,13040,55,milk on pink plate,banana in black bowl (new background),2.6764,-0.4023,27.1543,6.8707,187.5836,0.9005,-2.6377
nearest,614,115,13040,60,milk on pink plate,banana in black bowl (new background),2.9648,0.716,6.7124,4.8007,177.9807,0.899,-116.0715
nearest,614,135,1655,105,milk on pink plate,milk on pink plate,3.2121,0.5885,7.9489,15.0298,169.8073,0.8697,-21.4637
nearest,615,65,816,130,milk on pink plate,banana in cardboard box,3.329,-0.6101,9.4556,15.5554,199.7926,0.8335,134.2695
nearest,615,75,1633,100,milk on pink plate,milk on pink plate,2.888,0.3285,14.5211,2.3006,197.6523,0.8997,148.7564
nearest,615,80,1633,100,milk on pink plate,milk on pink plate,2.5906,-0.8146,10.7583,2.3006,198.5125,0.9071,-137.9651
nearest,615,85,1633,100,milk on pink plate,milk on pink plate,2.4352,-0.8442,15.5732,2.3006,177.3086,0.8987,-131.5488
nearest,615,120,13040,60,milk on pink plate,banana in black bowl (new background),3.1239,0.8901,18.9495,4.8007,198.4469,0.8837,-163.8038
nearest,616,50,1661,120,milk on pink plate,milk on pink plate,3.4948,0.9726,10.6104,25.229,199.7011,0.8272,-173.1165
nearest,616,75,1633,100,milk on pink plate,milk on pink plate,2.4571,-0.7591,20.4963,2.3006,196.4545,0.885,-139.1503
nearest,617,55,1645,115,milk on pink plate,milk on pink plate,2.4338,-0.01,7.6902,9.2313,202.636,0.8432,-176.9461
nearest,617,80,13023,50,milk on pink plate,banana in black bowl (new background),2.4578,0.948,22.5685,17.1934,198.8251,0.8891,42.6004
nearest,617,90,13040,60,milk on pink plate,banana in black bowl (new background),2.7986,-0.9817,8.8262,4.8007,187.3457,0.9047,14.4335
nearest,618,60,1663,125,milk on pink plate,milk on pink plate,3.1672,-0.9777,18.9793,11.3536,201.1906,0.799,-64.2881
nearest,618,65,1663,125,milk on pink plate,milk on pink plate,2.8643,-0.4879,12.6276,11.3536,189.2766,0.8256,79.9167
nearest,618,70,816,135,milk on pink plate,banana in cardboard box,2.6309,-0.1104,16.7195,13.1658,189.3838,0.9151,-105.1366
nearest,618,120,13040,55,milk on pink plate,banana in black bowl (new background),2.8778,-0.8357,16.8932,6.8707,198.03,0.8773,26.0966
nearest,618,125,1700,75,milk on pink plate,salt on pink plate,3.0293,0.471,22.643,12.7374,204.1139,0.8217,12.4292
nearest,618,195,13000,140,milk on pink plate,banana in black bowl (new background),2.6214,0.7573,7.1782,3.5855,200.8556,0.5275,172.0051
nearest,618,210,841,150,milk on pink plate,banana in black bowl,2.1118,0.5338,7.8302,10.5195,194.2171,0.8236,-175.8438
nearest,619,30,11037,5,milk on pink plate,push milk to the right,3.4684,0.7105,7.4174,13.598,170.9522,0.7951,157.9587
nearest,619,35,11037,10,milk on pink plate,push milk to the right,3.9253,-0.001,13.8328,25.752,165.5974,0.8325,-97.9181
nearest,619,45,1622,50,milk on pink plate,milk on pink plate,4.1353,0.8454,22.033,16.8145,201.5084,0.826,-20.8978
nearest,619,50,1622,55,milk on pink plate,milk on pink plate,4.1282,0.403,12.1805,17.7861,165.4886,0.8475,-19.4321
nearest,619,55,868,55,milk on pink plate,banana in black bowl,3.8634,0.2056,19.4687,9.1595,155.1998,0.8999,75.6785
nearest,619,60,868,55,milk on pink plate,banana in black bowl,3.6203,-0.2726,9.5856,9.1595,195.9939,0.9197,-174.3277
nearest,619,65,868,65,milk on pink plate,banana in black bowl,3.0822,-0.9876,20.4877,3.9349,200.7799,0.9109,163.9699
nearest,619,70,11006,45,milk on pink plate,push milk to the right,2.7779,0.9832,22.1562,12.9612,162.6182,0.9232,-119.0427
nearest,619,75,11006,45,milk on pink plate,push milk to the right,2.6063,0.9876,32.736,12.9612,166.122,0.9176,-118.8736
nearest,619,80,798,150,milk on pink plate,banana in cardboard box,2.3702,0.5222,22.1373,11.4191,172.3406,0.8808,-145.5952
nearest,619,100,13040,55,milk on pink plate,banana in black bowl (new background),2.8105,-0.212,12.4517,6.8707,148.0427,0.8766,-31.0707
nearest,619,105,13014,70,milk on pink plate,banana in black bowl (new background),2.9394,0.526,9.4996,8.2382,186.0351,0.895,-131.5856
nearest,619,120,13040,80,milk on pink plate,banana in black bowl (new background),3.1452,0.9196,21.5326,6.42,167.0381,0.9061,-149.6057
nearest,619,125,13040,85,milk on pink plate,banana in black bowl (new background),2.8502,0.6235,18.6557,14.868,195.7341,0.9279,-149.4221
nearest,619,140,13040,95,milk on pink plate,banana in black bowl (new background),2.4295,0.9457,33.5504,5.0726,162.0885,0.9175,-18.1016
nearest,620,30,11037,5,milk on pink plate,push milk to the right,2.7917,0.4493,14.7273,13.598,196.9115,0.7494,-153.5186
nearest,620,35,11037,5,milk on pink plate,push milk to the right,2.9046,0.9345,8.5554,13.598,192.6477,0.7741,-178.549
nearest,620,50,13028,5,milk on pink plate,banana in black bowl (new background),3.9682,-0.902,18.9042,6.521,200.124,0.853,26.1514
nearest,620,55,13028,10,milk on pink plate,banana in black bowl (new background),4.094,0.6486,20.2402,17.0471,190.0864,0.8684,43.252
nearest,620,65,858,160,milk on pink plate,banana in black bowl,3.9693,0.1471,21.6094,18.4516,197.4199,0.8325,106.1324
nearest,620,70,858,160,milk on pink plate,banana in black bowl,3.5962,-0.0245,11.1503,18.4516,164.3574,0.8781,-177.6943
nearest,620,80,858,160,milk on pink plate,banana in black bowl,2.7369,0.3083,18.471,18.4516,174.0473,0.9247,-173.1656
nearest,620,85,858,165,milk on pink plate,banana in black bowl,2.4242,0.9943,39.6612,12.3226,135.5262,0.9248,-143.85
nearest,620,90,13001,140,milk on pink plate,banana in black bowl (new background),2.2198,0.3505,22.3461,7.3948,163.0625,0.9553,-122.2058
nearest,620,105,13001,80,milk on pink plate,banana in black bowl (new background),2.2797,0.8455,12.7037,13.6906,148.7326,0.9296,40.446
nearest,620,110,13030,40,milk on pink plate,banana in black bowl (new background),2.4229,0.3161,30.4051,29.3526,194.3889,0.9467,33.6904
nearest,620,115,13030,45,milk on pink plate,banana in black bowl (new background),2.6012,-0.1706,27.2417,11.5809,138.8134,0.9438,-6.1186
nearest,620,135,13036,65,milk on pink plate,banana in black bowl (new background),2.6465,0.7925,19.2049,21.7753,199.8927,0.9302,-134.0148
nearest,620,140,13036,70,milk on pink plate,banana in black bowl (new background),2.3845,0.0057,34.9934,4.5536,165.3015,0.9333,-23.9581
nearest,620,145,13036,75,milk on pink plate,banana in black bowl (new background),2.2117,-0.0993,27.1581,15.4313,196.9888,0.9261,-104.7755
nearest,621,25,13014,0,milk on pink plate,banana in black bowl (new background),2.5097,-0.7477,13.8473,5.9633,204.2659,0.7623,108.497
nearest,621,60,858,160,milk on pink plate,banana in black bowl,3.6249,0.8834,8.0243,18.4516,185.3894,0.8903,159.1648
nearest,621,65,858,160,milk on pink plate,banana in black bowl,3.3476,0.9059,8.7615,18.4516,181.391,0.9145,142.7854
nearest,621,75,858,165,milk on pink plate,banana in black bowl,2.677,0.9973,23.2214,12.3226,204.6187,0.9161,-145.7673
nearest,621,80,13001,140,milk on pink plate,banana in black bowl (new background),2.5081,0.5362,21.5571,7.3948,169.24,0.9477,-132.3355
nearest,621,85,13001,140,milk on pink plate,banana in black bowl (new background),2.2833,0.458,21.4748,7.3948,151.6528,0.9444,-128.2316
nearest,621,105,13001,85,milk on pink plate,banana in black bowl (new background),2.4782,0.7958,14.2017,10.4958,180.5567,0.8857,10.1149
nearest,621,110,13014,65,milk on pink plate,banana in black bowl (new background),3.4707,-1.0,26.6057,27.561,138.9563,0.8654,-158.4104
nearest,621,130,13014,80,milk on pink plate,banana in black bowl (new background),3.7108,-0.7963,13.8015,8.7536,139.0066,0.8978,-33.4485
nearest,621,135,13014,85,milk on pink plate,banana in black bowl (new background),3.5043,0.7677,7.0525,15.7683,201.3904,0.9156,-140.6441
nearest,621,140,13040,80,milk on pink plate,banana in black bowl (new background),2.963,0.9974,15.3402,6.42,202.0991,0.9243,-170.3836
nearest,622,60,858,160,milk on pink plate,banana in black bowl,3.5933,0.5825,15.2051,18.4516,175.0513,0.8705,175.1415
nearest,622,70,858,160,milk on pink plate,banana in black bowl,3.075,0.8463,11.6447,18.4516,177.2196,0.9321,163.1525
nearest,622,80,858,165,milk on pink plate,banana in black bowl,2.3758,0.9567,27.7763,12.3226,203.123,0.9162,-136.7858
nearest,622,85,858,165,milk on pink plate,banana in black bowl,2.2011,0.9014,21.6916,12.3226,170.7977,0.8982,-132.1074
nearest,622,115,13001,85,milk on pink plate,banana in black bowl (new background),2.6678,-0.6811,20.1993,10.4958,166.664,0.8001,91.0245
nearest,622,120,13030,40,milk on pink plate,banana in black bowl (new background),3.6165,0.789,28.7131,29.3526,101.9969,0.8127,51.466
nearest,622,125,13030,45,milk on pink plate,banana in black bowl (new background),4.1115,-0.4003,28.6514,11.5809,103.4093,0.8213,8.1217
nearest,622,130,13030,50,milk on pink plate,banana in black bowl (new background),4.1889,-0.1257,28.5641,9.4409,99.819,0.8263,11.6889
nearest,622,135,13030,55,milk on pink plate,banana in black bowl (new background),4.2209,-0.6253,28.6898,7.768,100.6797,0.8332,15.6193
nearest,622,140,13030,60,milk on pink plate,banana in black bowl (new background),4.6,-0.6028,28.2695,9.4069,100.4906,0.8452,9.2576
nearest,622,145,13030,65,milk on pink plate,banana in black bowl (new background),4.2815,-0.2988,17.2983,13.6064,146.3355,0.8699,5.7649
nearest,622,150,1663,110,milk on pink plate,milk on pink plate,3.0529,-0.5503,12.7378,16.5819,204.6151,0.8441,114.25
nearest,622,195,852,10,milk on pink plate,banana in black bowl,2.4797,0.2989,11.0477,12.5796,186.4077,0.7843,159.5601
nearest,623,0,851,5,milk on pink plate,banana in black bowl,1.7559,-0.6087,25.3404,21.9116,197.1383,0.8449,25.1569
nearest,623,40,11037,15,milk on pink plate,push milk to the right,4.0326,-0.5294,11.2682,27.4706,204.6711,0.8129,134.652
nearest,623,45,13038,10,milk on pink plate,banana in black bowl (new background),4.2815,0.4955,6.0851,8.505,201.4362,0.8354,-57.3091
nearest,623,50,1664,35,milk on pink plate,milk on pink plate,4.2575,0.1277,12.4272,7.0908,199.5582,0.8163,102.9218
nearest,623,55,858,160,milk on pink plate,banana in black bowl,4.0896,0.6074,9.82,18.4516,198.7712,0.8307,133.0704
nearest,623,60,858,160,milk on pink plate,banana in black bowl,3.6608,-0.381,12.7908,18.4516,182.6238,0.8848,-168.1555
nearest,623,65,858,160,milk on pink plate,banana in black bowl,3.0705,0.1416,8.7541,18.4516,169.2959,0.912,127.0367
nearest,623,70,858,160,milk on pink plate,banana in black bowl,2.7399,0.5326,18.9027,18.4516,204.5633,0.9129,-179.92
nearest,623,75,858,165,milk on pink plate,banana in black bowl,2.4502,0.8784,32.5655,12.3226,189.9522,0.9034,-127.7075
nearest,623,80,13001,140,milk on pink plate,banana in black bowl (new background),2.2959,0.7124,24.0283,7.3948,185.5358,0.9239,-141.6426
nearest,623,100,13030,35,milk on pink plate,banana in black bowl (new background),2.3018,0.7868,21.4581,13.831,164.6167,0.9182,67.6922
nearest,623,110,13030,45,milk on pink plate,banana in black bowl (new background),3.2012,-0.96,23.4211,11.5809,176.7605,0.8924,67.3243
nearest,623,115,13040,65,milk on pink plate,banana in black bowl (new background),3.4179,-0.9331,17.6536,5.7838,170.5211,0.8867,82.141
nearest,623,120,13040,70,milk on pink plate,banana in black bowl (new background),3.5414,-0.9993,18.3616,6.0158,167.1418,0.8933,70.3023
nearest,623,125,13040,75,milk on pink plate,banana in black bowl (new background),3.5529,-0.8269,16.238,4.7446,168.5491,0.9012,83.1684
nearest,623,130,1655,110,milk on pink plate,milk on pink plate,3.3395,-0.948,7.8294,27.9725,181.4703,0.8708,-67.9381
nearest,624,35,11037,15,milk on pink plate,push milk to the right,3.5119,0.7835,11.838,27.4706,168.8287,0.8894,169.938
nearest,624,50,858,160,milk on pink plate,banana in black bowl,3.3196,0.9064,9.8549,18.4516,190.1134,0.8795,159.4342
nearest,624,65,858,165,milk on pink plate,banana in black bowl,2.3255,0.9108,20.4811,12.3226,177.2959,0.9095,-133.2603
nearest,624,90,13001,85,milk on pink plate,banana in black bowl (new background),2.1934,0.1823,25.8665,10.4958,150.03,0.8801,47.6993
nearest,624,95,13030,40,milk on pink plate,banana in black bowl (new background),2.6093,0.9875,20.043,29.3526,175.5592,0.8686,66.5284
nearest,624,105,13040,60,milk on pink plate,banana in black bowl (new background),3.0311,-0.8162,6.6014,4.8007,183.5511,0.8843,119.1661
nearest,624,110,13040,65,milk on pink plate,banana in black bowl (new background),3.4244,-0.8508,7.7398,5.7838,189.8338,0.886,130.2883
nearest,624,115,13040,70,milk on pink plate,banana in black bowl (new background),3.4687,-0.874,12.9775,6.0158,162.8149,0.8852,17.4189
nearest,624,120,1655,100,milk on pink plate,milk on pink plate,3.3548,0.8719,13.756,9.9421,150.8551,0.8592,7.9825
nearest,624,125,1655,105,milk on pink plate,milk on pink plate,3.0028,0.2529,8.3019,15.0298,195.3427,0.8963,-64.6483
nearest,625,60,858,160,milk on pink plate,banana in black bowl,2.5258,-0.3374,15.7189,18.4516,200.1154,0.8936,-160.8338
nearest,626,80,13039,85,milk on pink plate,banana in black bowl (new background),2.1056,-0.455,17.218,2.5141,197.4555,0.9181,-93.3929
nearest,626,115,13023,50,milk on pink plate,banana in black bowl (new background),2.2171,0.9928,24.0445,17.1934,204.1917,0.904,49.146
nearest,627,0,851,5,milk on pink plate,banana in black bowl,1.7858,0.3937,20.1534,21.9116,186.2288,0.8597,-15.1302
nearest,627,40,11025,10,milk on pink plate,push milk to the right,3.1675,-0.9992,9.4933,13.962,194.3208,0.8685,89.3611
nearest,627,65,858,160,milk on pink plate,banana in black bowl,2.3434,0.3125,34.2168,18.4516,184.8602,0.8976,-161.0909
nearest,627,90,13030,40,milk on pink plate,banana in black bowl (new background),2.373,0.8472,43.2301,29.3526,170.9263,0.9118,51.0088
nearest,627,95,13040,55,milk on pink plate,banana in black bowl (new background),2.688,-0.6251,27.8964,6.8707,188.2039,0.8987,13.9902
nearest,628,50,858,160,milk on pink plate,banana in black bowl,2.6108,0.51,10.3385,18.4516,197.2171,0.9184,130.242
nearest,628,75,13030,35,milk on pink plate,banana in black bowl (new background),2.3532,0.5989,28.4073,13.831,200.2486,0.9356,54.6047
nearest,628,80,13030,40,milk on pink plate,banana in black bowl (new background),2.8144,0.7218,26.0519,29.3526,194.3238,0.9375,49.6786
nearest,628,85,13030,45,milk on pink plate,banana in black bowl (new background),2.9734,0.6378,10.095,11.5809,196.3523,0.9357,-58.2954
nearest,629,40,13028,10,milk on pink plate,banana in black bowl (new background),4.2298,0.2187,16.9831,17.0471,192.0513,0.8358,31.6983
nearest,629,45,13028,15,milk on pink plate,banana in black bowl (new background),4.2602,-0.0552,17.3663,15.3629,192.9151,0.8658,-14.3716
nearest,629,50,858,55,milk on pink plate,banana in black bowl,4.1838,-0.6069,19.348,7.0823,195.3986,0.8215,-100.6118
nearest,629,55,858,60,milk on pink plate,banana in black bowl,3.9056,-0.2572,15.2287,4.2064,180.3716,0.8478,-136.9001
nearest,629,70,858,160,milk on pink plate,banana in black bowl,2.9102,0.0601,33.4108,18.4516,177.1256,0.8971,-150.7365
nearest,629,75,13001,140,milk on pink plate,banana in black bowl (new background),2.5097,0.2908,26.4167,7.3948,137.3579,0.9522,-116.9832
nearest,629,80,13001,140,milk on pink plate,banana in black bowl (new background),2.2725,-0.0192,9.1643,7.3948,147.5943,0.9573,-124.3988
nearest,629,100,13001,85,milk on pink plate,banana in black bowl (new background),2.1037,0.9332,13.1218,10.4958,192.24,0.9312,0.2987
nearest,629,105,13001,85,milk on pink plate,banana in black bowl (new background),2.6022,0.5705,33.2373,10.4958,138.5506,0.9021,31.4067
nearest,629,110,13014,65,milk on pink plate,banana in black bowl (new background),3.6776,-0.6082,25.7165,27.561,144.7611,0.8961,135.3038
nearest,629,115,13014,70,milk on pink plate,banana in black bowl (new background),3.6916,-0.7661,10.4569,8.2382,160.0483,0.8997,108.9503
nearest,629,120,13014,75,milk on pink plate,banana in black bowl (new background),3.9077,-0.5635,30.0052,6.3061,126.1068,0.9016,88.1547
nearest,629,125,13028,65,milk on pink plate,banana in black bowl (new background),4.3523,-0.7888,25.4997,5.2617,139.4738,0.8717,59.3352
nearest,629,130,13040,75,milk on pink plate,banana in black bowl (new background),4.0649,-0.4482,18.051,4.7446,136.8566,0.8771,115.0061
nearest,629,135,13040,80,milk on pink plate,banana in black bowl (new background),3.6981,0.9823,25.01,6.42,196.6985,0.8936,-176.0805
nearest,630,25,1707,25,milk on pink plate,salt on pink plate,3.5362,0.1799,11.7307,11.2574,189.9624,0.7642,-134.7102
nearest,630,50,858,160,milk on pink plate,banana in black bowl,3.091,0.2718,12.3628,18.4516,195.8617,0.8785,179.4013
nearest,630,75,858,165,milk on pink plate,banana in black bowl,2.1545,0.9549,15.9145,12.3226,183.1917,0.9078,-138.7868
nearest,630,100,13030,35,milk on pink plate,banana in black bowl (new background),2.2955,0.9697,22.3085,13.831,173.2308,0.8879,82.2821
nearest,630,110,13032,50,milk on pink plate,banana in black bowl (new background),2.6869,-0.3025,15.1254,11.6961,171.1683,0.8959,-53.3189
nearest,630,160,1663,125,milk on pink plate,milk on pink plate,2.1415,-0.873,10.783,11.3536,197.9568,0.8355,74.9389
nearest,631,75,858,160,salt on pink plate,banana in black bowl,2.5393,0.1486,7.0108,18.4516,195.4032,0.9269,170.368
nearest,631,80,858,165,salt on pink plate,banana in black bowl,2.3176,0.6727,15.8502,12.3226,171.605,0.9201,-121.4964
nearest,631,85,13001,140,salt on pink plate,banana in black bowl (new background),2.1646,0.6372,19.8912,7.3948,189.033,0.9326,-138.7876
nearest,631,90,13001,140,salt on pink plate,banana in black bowl (new background),1.9973,0.6662,9.0718,7.3948,192.2669,0.9313,-149.4405
nearest,631,105,13001,75,salt on pink plate,banana in black bowl (new background),1.9237,0.9998,15.3769,9.2388,179.1764,0.927,46.9238
nearest,631,110,13030,40,salt on pink plate,banana in black bowl (new background),2.1234,0.9651,15.7063,29.3526,193.1007,0.9402,64.9246
nearest,631,115,13040,55,salt on pink plate,banana in black bowl (new background),2.2996,-0.4696,8.3363,6.8707,199.7204,0.9298,-170.0176
nearest,631,135,13036,60,salt on pink plate,banana in black bowl (new background),2.4389,-0.2511,15.02,7.2172,202.3889,0.9372,-89.4673
nearest,631,150,1663,120,salt on pink plate,milk on pink plate,1.8743,0.8755,21.3755,35.7279,200.6324,0.8686,-73.568
nearest,632,55,858,160,salt on pink plate,banana in black bowl,3.2143,-0.4821,20.398,18.4516,203.8866,0.864,-144.954
nearest,632,110,13040,55,salt on pink plate,banana in black bowl (new background),2.7057,-0.9973,8.8275,6.8707,179.4469,0.9103,59.5319
nearest,632,120,13035,65,salt on pink plate,banana in black bowl (new background),2.9891,0.5669,6.4933,10.8094,175.8246,0.9243,124.0956
nearest,632,125,13035,70,salt on pink plate,banana in black bowl (new background),2.983,-0.3835,8.03,5.0353,202.1495,0.9207,164.272
nearest,633,40,13028,5,salt on pink plate,banana in black bowl (new background),3.2304,0.1614,21.5264,6.521,204.8638,0.8729,-126.8278
nearest,633,50,13015,10,salt on pink plate,banana in black bowl (new background),3.5944,-0.7296,14.1276,7.0413,193.2598,0.9344,15.3995
nearest,633,60,858,160,salt on pink plate,banana in black bowl,3.2195,0.815,14.2536,18.4516,166.755,0.8813,166.1479
nearest,633,65,858,160,salt on pink plate,banana in black bowl,2.9168,0.0157,31.9343,18.4516,155.9847,0.8855,-149.9034
nearest,633,75,13001,140,salt on pink plate,banana in black bowl (new background),2.3824,0.9113,30.8493,7.3948,197.9492,0.9166,-156.4791
nearest,633,110,13001,85,salt on pink plate,banana in black bowl (new background),2.1723,0.6574,35.0002,10.4958,140.968,0.9358,26.7911
nearest,633,115,13001,90,salt on pink plate,banana in black bowl (new background),2.4612,-1.0,29.2065,15.5269,147.0615,0.9256,32.1914
nearest,633,120,13015,60,salt on pink plate,banana in black bowl (new background),2.5379,-0.8052,7.9318,7.9165,180.5872,0.9414,153.0213
nearest,633,125,13019,45,salt on pink plate,banana in black bowl (new background),2.5985,0.6858,11.6319,20.7065,203.8094,0.9356,-131.17
nearest,633,135,13028,70,salt on pink plate,banana in black bowl (new background),2.5548,-0.9983,13.9078,15.5033,186.4367,0.9323,-37.9874
nearest,633,140,13040,85,salt on pink plate,banana in black bowl (new background),2.2936,-0.9996,21.7692,14.868,202.3843,0.933,64.3404
nearest,633,145,13040,90,salt on pink plate,banana in black bowl (new background),2.0483,0.9816,18.3176,3.413,199.6477,0.937,4.7435
nearest,634,50,13028,10,salt on pink plate,banana in black bowl (new background),3.6884,0.8375,22.2726,17.0471,162.1347,0.8981,51.4722
nearest,634,55,13028,15,salt on pink plate,banana in black bowl (new background),3.7648,-0.802,21.0629,15.3629,190.5552,0.8983,132.8447
nearest,634,60,858,155,salt on pink plate,banana in black bowl,3.6156,1.0,13.8068,18.3969,167.9537,0.8678,150.9918
nearest,634,70,858,160,salt on pink plate,banana in black bowl,3.1006,0.4218,17.2425,18.4516,179.213,0.8994,-177.9212
nearest,634,80,858,160,salt on pink plate,banana in black bowl,2.6743,0.0964,36.5559,18.4516,172.7814,0.9048,-150.3408
nearest,634,85,858,165,salt on pink plate,banana in black bowl,2.5086,0.9048,29.5133,12.3226,168.9878,0.9038,-130.6763
nearest,634,90,13001,140,salt on pink plate,banana in black bowl (new background),2.2122,0.6854,18.9373,7.3948,177.3233,0.9459,-142.0742
nearest,634,115,13001,85,salt on pink plate,banana in black bowl (new background),2.4711,-0.0981,24.6253,10.4958,181.7814,0.8985,60.3385
nearest,634,200,13023,70,salt on pink plate,banana in black bowl (new background),2.5281,-0.5687,6.273,11.0062,191.8302,0.662,-47.5411
nearest,635,40,1660,30,salt on pink plate,milk on pink plate,3.5553,0.1504,18.5992,3.7726,169.5984,0.6462,-62.8481
nearest,635,60,868,55,salt on pink plate,banana in black bowl,3.9301,0.7319,9.4501,9.1595,202.3106,0.8613,109.2096
nearest,635,65,868,65,salt on pink plate,banana in black bowl,3.5185,-0.6562,8.2603,3.9349,203.2115,0.8646,98.5508
nearest,635,75,1622,65,salt on pink plate,milk on pink plate,2.6635,-0.0814,8.7778,5.8231,166.8998,0.8998,-86.5251
nearest,635,80,13001,140,salt on pink plate,banana in black bowl (new background),2.3663,-0.1091,24.7726,7.3948,178.5755,0.9319,-96.9547
nearest,635,110,13001,85,salt on pink plate,banana in black bowl (new background),2.4096,0.3404,38.0812,10.4958,204.7534,0.9077,45.3557
nearest,635,115,13040,55,salt on pink plate,banana in black bowl (new background),2.6481,-0.8109,10.8716,6.8707,186.7926,0.9287,5.0982
nearest,635,125,13040,65,salt on pink plate,banana in black bowl (new background),2.9505,-0.9523,12.4584,5.7838,166.306,0.9345,83.4542
nearest,635,130,13040,70,salt on pink plate,banana in black bowl (new background),2.9672,-0.9752,12.6724,6.0158,170.9649,0.9288,91.064
nearest,635,140,1655,110,salt on pink plate,milk on pink plate,2.5174,-0.8711,8.3235,27.9725,195.2588,0.9075,-63.6944
nearest,636,45,1622,50,salt on pink plate,milk on pink plate,3.4765,-0.8776,7.5184,16.8145,183.2852,0.8097,-58.6952
nearest,636,95,13030,35,salt on pink plate,banana in black bowl (new background),2.2274,0.7526,21.5274,13.831,195.5094,0.9208,65.749
nearest,636,105,13040,55,salt on pink plate,banana in black bowl (new background),2.3965,-0.8865,23.393,6.8707,201.5531,0.8981,40.1209
nearest,636,110,13034,55,salt on pink plate,banana in black bowl (new background),2.6717,-0.6805,23.0463,10.5793,199.1937,0.9088,73.3353
nearest,636,115,13034,60,salt on pink plate,banana in black bowl (new background),2.6301,-0.9603,11.7713,7.123,204.7178,0.9026,-14.2261
nearest,636,125,13036,60,salt on pink plate,banana in black bowl (new background),2.5627,-0.9903,8.2379,7.2172,180.4555,0.929,64.3671
nearest,637,55,1661,120,salt on pink plate,milk on pink plate,3.5849,0.0541,11.1092,25.229,197.7687,0.8311,-145.907
nearest,637,65,1661,125,salt on pink plate,milk on pink plate,2.8454,-0.4558,7.4766,18.3868,175.6319,0.8551,-172.9936
nearest,637,70,1632,115,salt on pink plate,milk on pink plate,2.5592,0.1716,8.5182,22.4625,189.4067,0.8738,-38.9719
nearest,637,75,1623,145,salt on pink plate,milk on pink plate,2.1377,0.731,18.6318,10.4172,193.9263,0.876,-142.0288
nearest,637,95,13001,75,salt on pink plate,banana in black bowl (new background),2.025,0.9985,13.9902,9.2388,182.4128,0.902,48.0867
nearest,637,100,13048,60,salt on pink plate,banana in black bowl (new background),2.3055,0.3696,9.4426,29.4619,178.4743,0.9017,59.8139
nearest,637,110,13040,60,salt on pink plate,banana in black bowl (new background),2.6652,0.4153,11.0974,4.8007,203.1393,0.9286,170.9114
nearest,638,25,11037,5,salt on pink plate,push milk to the right,3.0911,0.6646,9.0334,13.598,198.5719,0.7845,-167.5747
nearest,638,50,13038,15,salt on pink plate,banana in black bowl (new background),3.8392,0.8767,19.6222,6.9296,192.4067,0.8938,63.3961
nearest,638,55,858,155,salt on pink plate,banana in black bowl,3.6454,-0.2063,15.8319,18.3969,187.5592,0.8728,-163.2809
nearest,638,65,858,160,salt on pink plate,banana in black bowl,3.0299,0.9838,8.6546,18.4516,190.0066,0.9106,154.0792
nearest,638,70,863,125,salt on pink plate,banana in black bowl,2.7284,-0.0461,20.8379,4.6781,198.7051,0.907,-148.6532
nearest,638,75,863,125,salt on pink plate,banana in black bowl,2.4859,-0.4031,36.1196,4.6781,190.85,0.9142,-121.8832
nearest,638,80,1623,145,salt on pink plate,milk on pink plate,2.3717,0.3856,20.9961,10.4172,176.0102,0.8706,-123.6072
nearest,638,105,13040,55,salt on pink plate,banana in black bowl (new background),2.4028,0.0119,18.9229,6.8707,173.6894,0.921,-32.4568
nearest,639,25,11037,5,salt on pink plate,push milk to the right,2.7138,0.8609,14.9499,13.598,201.1063,0.7731,-170.5462
nearest,639,30,11037,5,salt on pink plate,push milk to the right,3.0045,0.4734,10.6056,13.598,187.8343,0.7889,-159.9329
nearest,639,45,1622,45,salt on pink plate,milk on pink plate,3.8816,1.0,17.14,11.6691,203.7051,0.8104,-13.5061
nearest,639,50,1622,50,salt on pink plate,milk on pink plate,3.8806,0.0044,22.8569,16.8145,198.152,0.8312,14.2333
nearest,639,70,1633,100,salt on pink plate,milk on pink plate,2.6241,-0.992,19.0978,2.3006,183.8343,0.9088,-102.2004
nearest,639,75,1633,100,salt on pink plate,milk on pink plate,2.3427,-0.9974,32.0531,2.3006,174.6533,0.9119,-98.4387
nearest,639,80,1633,100,salt on pink plate,milk on pink plate,2.1687,-0.997,19.9058,2.3006,175.8338,0.9012,-99.0221
nearest,639,85,848,170,salt on pink plate,banana in black bowl,2.0806,0.9659,10.0404,14.0945,204.8327,0.9158,-140.3509
nearest,639,105,13023,50,salt on pink plate,banana in black bowl (new background),2.0975,0.9953,20.476,17.1934,163.2034,0.8971,50.124
nearest,639,115,13036,45,salt on pink plate,banana in black bowl (new background),2.3583,0.1402,26.3832,11.1385,184.0239,0.8872,-12.5123
nearest,640,50,852,35,salt on pink plate,banana in black bowl,3.6542,0.5217,6.9017,10.1629,199.3015,0.8204,25.8431
nearest,640,130,13036,60,salt on pink plate,banana in black bowl (new background),2.9224,-0.9596,9.6406,7.2172,191.7117,0.8978,66.9987
nearest,640,135,13036,65,salt on pink plate,banana in black bowl (new background),2.6886,-0.6331,12.3159,21.7753,199.0208,0.9048,-117.2884
nearest,641,35,13015,0,salt on pink plate,banana in black bowl (new background),3.8155,-0.3239,9.2709,10.4307,178.7865,0.7909,135.0935
nearest,641,50,868,55,salt on pink plate,banana in black bowl,3.8313,-0.1965,32.6754,9.1595,190.0508,0.8681,-143.8441
nearest,641,70,858,160,salt on pink plate,banana in black bowl,2.7262,-0.3084,8.3127,18.4516,184.0381,0.9195,177.2493
nearest,641,75,858,165,salt on pink plate,banana in black bowl,2.5762,0.4102,25.9196,12.3226,167.0203,0.9101,-102.6843
nearest,641,80,858,165,salt on pink plate,banana in black bowl,2.4139,0.7716,19.0446,12.3226,189.7311,0.9072,-124.3782
nearest,641,110,13030,35,salt on pink plate,banana in black bowl (new background),2.3147,0.7376,32.7716,13.831,194.7616,0.9165,60.8066
nearest,641,115,13030,40,salt on pink plate,banana in black bowl (new background),2.6583,0.8213,30.1574,29.3526,161.4642,0.9246,52.5707
nearest,641,125,13030,50,salt on pink plate,banana in black bowl (new background),3.1131,0.7503,7.1495,9.4409,164.2018,0.9288,-48.9424
nearest,641,130,13040,70,salt on pink plate,banana in black bowl (new background),3.3396,-0.3996,10.4439,6.0158,156.9481,0.8962,-33.669
nearest,641,135,13036,60,salt on pink plate,banana in black bowl (new background),3.3116,-0.9999,20.2652,7.2172,154.2186,0.9004,12.7541
nearest,641,140,13036,60,salt on pink plate,banana in black bowl (new background),3.1195,-0.9411,14.5972,7.2172,169.9537,0.9026,50.9885
nearest,641,145,13036,70,salt on pink plate,banana in black bowl (new background),2.7074,0.7239,17.3963,4.5536,201.396,0.9292,93.2963
nearest,641,205,13009,135,salt on pink plate,banana in black bowl (new background),2.1198,0.892,6.3357,3.0944,193.0015,0.6208,-176.7624
nearest,642,45,858,160,salt on pink plate,banana in black bowl,2.813,0.3283,29.1872,18.4516,194.5521,0.8947,-164.6904
nearest,642,75,13040,55,salt on pink plate,banana in black bowl (new background),2.5633,-0.736,35.1757,6.8707,169.912,0.9036,26.7151
nearest,642,80,13036,45,salt on pink plate,banana in black bowl (new background),2.5873,-0.0135,28.7568,11.1385,197.7062,0.9245,-3.4117
nearest,642,85,13036,50,salt on pink plate,banana in black bowl (new background),2.6103,0.4579,28.822,6.8999,193.0641,0.938,16.4789
nearest,642,90,13036,55,salt on pink plate,banana in black bowl (new background),2.5288,-0.9832,26.9454,4.5811,196.3747,0.9377,-11.0574
nearest,642,95,13036,60,salt on pink plate,banana in black bowl (new background),2.3819,-0.9746,22.2516,7.2172,176.2705,0.942,32.8497
nearest,643,30,11037,5,salt on pink plate,push milk to the right,2.6446,0.7461,6.9288,13.598,203.1037,0.8207,-172.767
nearest,643,55,858,155,salt on pink plate,banana in black bowl,3.5243,-0.9902,27.6719,18.3969,195.1973,0.8458,-5.7078
nearest,643,60,858,160,salt on pink plate,banana in black bowl,3.3933,0.1528,18.1415,18.4516,180.5577,0.8642,-169.0198
nearest,643,80,13001,140,salt on pink plate,banana in black bowl (new background),2.3648,0.2413,21.2463,7.3948,165.2822,0.9272,-117.4372
nearest,643,85,13001,140,salt on pink plate,banana in black bowl (new background),2.1033,0.6724,17.1252,7.3948,196.8073,0.9386,-142.3324
nearest,643,100,13001,85,salt on pink plate,banana in black bowl (new background),2.1535,0.5831,36.0975,10.4958,176.2003,0.9147,31.4949
nearest,644,40,13015,10,salt on pink plate,banana in black bowl (new background),3.7628,-0.9839,7.3371,7.0413,203.0798,0.8819,26.338
nearest,644,45,13015,10,salt on pink plate,banana in black bowl (new background),3.7718,0.4732,23.107,7.0413,178.8597,0.9279,75.5183
nearest,644,50,858,155,salt on pink plate,banana in black bowl,3.6823,0.1814,27.446,18.3969,202.2959,0.8683,101.9391
nearest,644,55,858,160,salt on pink plate,banana in black bowl,3.4146,-0.5781,14.6731,18.4516,193.8932,0.8922,-158.9925
nearest,644,60,858,160,salt on pink plate,banana in black bowl,3.0117,0.9509,7.9006,18.4516,195.2816,0.917,145.4083
nearest,644,65,858,160,salt on pink plate,banana in black bowl,2.7606,0.9628,26.903,18.4516,204.6223,0.922,160.0953
nearest,644,75,858,165,salt on pink plate,banana in black bowl,2.3877,0.92,30.1524,12.3226,173.2405,0.9171,-132.0889
nearest,644,80,858,165,salt on pink plate,banana in black bowl,2.2306,0.9517,21.3019,12.3226,176.4006,0.913,-137.1797
nearest,644,165,13048,90,salt on pink plate,banana in black bowl (new background),2.5311,-0.8649,19.785,24.508,190.8729,0.9443,97.9094
nearest,644,175,13040,90,salt on pink plate,banana in black bowl (new background),2.2026,0.9168,29.0034,3.413,189.0112,0.9345,-7.0818
nearest,645,0,13023,90,salt on pink plate,banana in black bowl (new background),1.4976,-0.5601,11.9794,1.5869,156.2084,0.8182,45.4701
nearest,645,75,858,165,salt on pink plate,banana in black bowl,2.185,0.7744,26.4028,12.3226,190.9659,0.8926,-121.5156
nearest,645,135,13030,40,salt on pink plate,banana in black bowl (new background),2.4656,0.9801,21.2624,29.3526,191.3238,0.9126,65.3945
nearest,645,140,13030,45,salt on pink plate,banana in black bowl (new background),2.7724,0.7595,12.5546,11.5809,204.5191,0.915,-60.4908
nearest,645,160,13036,60,salt on pink plate,banana in black bowl (new background),2.8547,-0.9263,10.0295,7.2172,189.8073,0.9046,-47.3766
nearest,646,55,1622,55,salt on pink plate,milk on pink plate,4.116,0.3367,9.4609,17.7861,202.578,0.8084,-22.5764
nearest,646,60,858,160,salt on pink plate,banana in black bowl,3.8948,-0.0882,15.3434,18.4516,186.6584,0.8532,-167.4176
nearest,646,140,1663,120,salt on pink plate,milk on pink plate,2.3447,0.9265,20.9674,35.7279,198.1439,0.8207,-76.168
nearest,646,145,1663,120,salt on pink plate,milk on pink plate,2.1603,1.0,18.0164,35.7279,204.3457,0.8348,-84.152
nearest,647,40,13028,10,salt on pink plate,banana in black bowl (new background),3.3291,0.376,10.8447,17.0471,189.8739,0.8963,44.8568
nearest,647,55,858,160,salt on pink plate,banana in black bowl,2.9188,0.7708,6.8846,18.4516,187.8033,0.883,140.33
nearest,647,70,13001,140,salt on pink plate,banana in black bowl (new background),2.1679,0.7842,17.8446,7.3948,186.1637,0.9134,-148.7974
nearest,647,105,13001,75,salt on pink plate,banana in black bowl (new background),1.9941,0.9596,16.5279,9.2388,170.5074,0.9359,35.7147
nearest,647,110,13040,55,salt on pink plate,banana in black bowl (new background),2.265,-0.9743,12.7712,6.8707,193.3894,0.9374,50.7723
nearest,648,0,851,0,salt on pink plate,banana in black bowl,1.6045,0.0548,28.8352,8.9369,200.3147,0.9036,43.6045
nearest,648,65,1661,115,salt on pink plate,milk on pink plate,3.5513,0.9984,11.8721,27.7185,200.1103,0.8452,-168.8389
nearest,648,125,13023,50,salt on pink plate,banana in black bowl (new background),2.1783,0.9991,10.7069,17.1934,190.9614,0.896,52.1921
nearest,649,95,13023,55,salt on pink plate,banana in black bowl (new background),2.6386,0.907,19.4573,8.7497,188.5247,0.8828,-5.8188
nearest,650,65,1664,100,salt on pink plate,milk on pink plate,2.5693,0.9841,12.3526,19.9405,177.9481,0.8721,-35.0393
nearest,650,120,13023,50,salt on pink plate,banana in black bowl (new background),1.9116,0.9399,22.038,17.1934,188.6817,0.932,41.9216
nearest,652,30,11037,10,salt on pink plate,push milk to the right,3.05,0.9958,12.2042,25.752,204.1779,0.867,-127.8537
nearest,652,55,1661,120,salt on pink plate,milk on pink plate,3.2978,-0.1776,10.55,25.229,197.7875,0.8509,166.8847
nearest,652,60,1622,65,salt on pink plate,milk on pink plate,3.0506,-0.7842,14.395,5.8231,177.9248,0.8989,92.2966
nearest,652,65,1633,100,salt on pink plate,milk on pink plate,2.6992,-0.9847,28.1929,2.3006,172.5836,0.8793,-104.8892
nearest,652,110,13040,60,salt on pink plate,banana in black bowl (new background),2.9318,-0.8609,23.1315,4.8007,180.3538,0.8802,0.014
nearest,652,120,13040,70,salt on pink plate,banana in black bowl (new background),3.0798,-0.8538,7.3202,6.0158,200.6162,0.877,153.7074
nearest,652,125,13040,75,salt on pink plate,banana in black bowl (new background),3.0835,-0.9597,8.4941,4.7446,167.1027,0.8732,1.7011
nearest,652,140,1657,140,salt on pink plate,milk on pink plate,2.1147,-0.42,28.2125,24.6706,190.8312,0.9294,32.0931
nearest,652,175,1700,75,salt on pink plate,salt on pink plate,2.5673,-0.8213,6.5815,12.7374,169.3432,0.7545,80.0239
nearest,652,180,876,5,salt on pink plate,banana in black bowl,2.5968,-0.1162,6.9736,23.2961,200.635,0.7705,-61.6451
nearest,653,0,1633,0,salt on pink plate,milk on pink plate,2.1151,-0.5134,32.4637,7.1286,98.0168,0.8117,-129.3828
nearest,653,50,1622,55,salt on pink plate,milk on pink plate,3.7331,0.1711,22.1315,17.7861,187.2735,0.8287,-0.2853
nearest,653,55,1622,55,salt on pink plate,milk on pink plate,3.476,-0.0908,14.6538,17.7861,186.4423,0.8725,-4.0232
nearest,653,60,1622,60,salt on pink plate,milk on pink plate,3.2925,0.4787,8.5402,10.6966,171.9832,0.8868,-149.858
nearest,653,65,1661,120,salt on pink plate,milk on pink plate,3.0999,0.101,8.2127,25.229,172.391,0.8684,173.4429
nearest,653,75,1661,120,salt on pink plate,milk on pink plate,2.6454,0.6305,34.7702,25.229,177.454,0.8765,-139.361
nearest,653,80,13001,140,salt on pink plate,banana in black bowl (new background),2.5016,0.6173,26.0335,7.3948,179.0742,0.9267,-135.0494
nearest,653,85,13001,140,salt on pink plate,banana in black bowl (new background),2.2831,0.6365,18.525,7.3948,174.3437,0.926,-139.4902
nearest,653,105,1622,75,salt on pink plate,milk on pink plate,2.5223,0.9666,26.676,3.2433,164.8617,0.8141,69.9133
nearest,653,110,13040,55,salt on pink plate,banana in black bowl (new background),2.8813,-0.9474,15.6194,6.8707,203.4977,0.8186,45.8539
nearest,653,120,13014,70,salt on pink plate,banana in black bowl (new background),3.1343,-0.988,10.6724,8.2382,162.271,0.8729,52.5081
nearest,653,135,1655,100,salt on pink plate,milk on pink plate,3.2049,-0.9392,11.1737,9.9421,176.361,0.859,-73.1458
nearest,653,140,1655,105,salt on pink plate,milk on pink plate,2.7417,-0.0299,9.3207,15.0298,177.2023,0.9106,-71.8012
nearest,653,145,1645,95,salt on pink plate,milk on pink plate,2.4807,-0.0501,10.3757,14.9201,197.2227,0.9255,88.9965
nearest,654,0,1682,170,salt on pink plate,salt on pink plate,1.7494,0.4303,71.0731,12.7882,63.879,0.8068,-97.8835
nearest,654,75,1661,125,salt on pink plate,milk on pink plate,2.5323,0.8483,21.7812,18.3868,204.1159,0.8873,-131.6645
nearest,654,95,1622,75,salt on pink plate,milk on pink plate,2.438,0.8054,19.4006,3.2433,194.7275,0.8338,51.8049
nearest,655,60,1661,120,salt on pink plate,milk on pink plate,2.8659,0.5071,28.5936,25.229,189.0788,0.8682,-137.3348
nearest,655,65,816,130,salt on pink plate,banana in cardboard box,2.72,0.4565,14.1984,15.5554,193.152,0.8558,-158.4708
nearest,655,75,1661,120,salt on pink plate,milk on pink plate,2.4752,0.7558,26.2981,25.229,178.3986,0.8768,-148.2547
nearest,655,105,13040,55,salt on pink plate,banana in black bowl (new background),2.7429,-0.9799,16.9325,6.8707,196.2145,0.8731,58.9501
nearest,656,0,851,5,salt on pink plate,banana in black bowl,1.9177,0.8034,12.1242,21.9116,192.6624,0.8258,-59.808
nearest,656,40,13028,10,salt on pink plate,banana in black bowl (new background),4.1461,-0.9871,18.5511,17.0471,164.2217,0.8106,-176.6391
nearest,656,55,858,155,salt on pink plate,banana in black bowl,3.7276,-0.9887,12.2864,18.3969,178.1652,0.876,167.4866
nearest,656,65,858,160,salt on pink plate,banana in black bowl,3.1167,0.3772,17.6716,18.4516,172.3157,0.9193,117.7013
nearest,656,75,13001,140,salt on pink plate,banana in black bowl (new background),2.5402,0.5004,30.5853,7.3948,178.6955,0.9493,-126.7667
nearest,656,80,13001,140,salt on pink plate,banana in black bowl (new background),2.3252,0.4967,21.4674,7.3948,162.2496,0.9519,-130.2668
nearest,656,85,13001,140,salt on pink plate,banana in black bowl (new background),2.1291,0.4895,15.5875,7.3948,158.2578,0.945,-134.0321
nearest,656,105,13001,75,salt on pink plate,banana in black bowl (new background),2.048,0.9961,10.9484,9.2388,172.3543,0.9297,48.9682
nearest,656,110,13030,40,salt on pink plate,banana in black bowl (new background),2.6006,0.9464,34.9663,29.3526,168.5028,0.8971,59.9554
nearest,656,115,13030,45,salt on pink plate,banana in black bowl (new background),3.04,0.6979,29.2831,11.5809,180.7168,0.8928,-114.8604
nearest,656,125,13014,75,salt on pink plate,banana in black bowl (new background),3.3857,-0.0109,7.7943,6.3061,187.8882,0.8943,-107.2818
nearest,656,130,13040,70,salt on pink plate,banana in black bowl (new background),3.5365,0.5448,14.5528,6.0158,197.1927,0.8816,-71.5827
nearest,656,140,1655,110,salt on pink plate,milk on pink plate,2.9565,-0.6786,8.3375,27.9725,177.1983,0.8931,-59.5078
nearest,657,25,11037,5,salt on pink plate,push milk to the right,3.1226,-0.7551,9.5247,13.598,187.8836,0.7298,-142.3081
nearest,657,35,13015,0,salt on pink plate,banana in black bowl (new background),3.6986,0.3086,14.677,10.4307,204.4021,0.8136,42.3316
nearest,657,45,13015,10,salt on pink plate,banana in black bowl (new background),4.3643,-0.4595,22.5908,7.0413,189.8277,0.8711,24.6244
nearest,657,50,11006,30,salt on pink plate,push milk to the right,4.3428,0.756,17.4942,7.7293,178.0122,0.8529,-3.2689
nearest,657,55,868,55,salt on pink plate,banana in black bowl,4.2825,-0.6833,18.4222,9.1595,153.0198,0.8544,26.7402
nearest,657,85,13001,140,salt on pink plate,banana in black bowl (new background),2.6763,0.5596,24.2139,7.3948,168.0707,0.9425,-132.3919
nearest,657,120,13001,85,salt on pink plate,banana in black bowl (new background),2.7749,0.9982,33.6876,10.4958,202.7168,0.8911,-14.0653
nearest,657,130,13014,70,salt on pink plate,banana in black bowl (new background),3.5753,0.2129,18.1849,8.2382,183.517,0.8735,141.2873
nearest,657,135,13014,75,salt on pink plate,banana in black bowl (new background),3.7509,-0.1891,18.1609,6.3061,163.7946,0.8697,120.4611
nearest,657,145,13040,75,salt on pink plate,banana in black bowl (new background),4.2141,-0.1033,15.1731,4.7446,156.1179,0.8384,138.6113
nearest,657,150,13040,80,salt on pink plate,banana in black bowl (new background),3.8422,0.9926,20.9781,6.42,188.4067,0.8515,-172.8347
nearest,658,80,1633,105,salt on pink plate,milk on pink plate,2.1678,0.9663,20.6566,15.7387,203.8444,0.8881,-120.9344
nearest,658,110,13040,60,salt on pink plate,banana in black bowl (new background),2.6321,-0.9598,9.5933,4.8007,179.6238,0.885,6.5073
nearest,659,15,853,15,salt on pink plate,banana in black bowl,2.5026,-0.1247,19.4891,3.8488,198.8922,0.6873,-142.1634
nearest,659,20,11037,5,salt on pink plate,push milk to the right,2.7775,0.3876,16.5418,13.598,190.7072,0.6624,-149.2681
nearest,659,25,11037,5,salt on pink plate,push milk to the right,3.0889,-0.5572,6.3023,13.598,188.8882,0.6829,-159.1549
nearest,659,30,13028,0,salt on pink plate,banana in black bowl (new background),3.4062,0.8354,11.1326,26.8098,188.8815,0.7196,45.4421
nearest,659,45,868,50,salt on pink plate,banana in black bowl,4.137,-0.9456,12.2409,8.682,198.755,0.8142,-29.1384
nearest,659,50,868,55,salt on pink plate,banana in black bowl,4.0046,0.2027,29.7729,9.1595,154.0122,0.8525,-166.4857
nearest,659,65,868,55,salt on pink plate,banana in black bowl,3.4656,0.4092,10.733,9.1595,200.8973,0.9098,166.8944
nearest,659,75,868,65,salt on pink plate,banana in black bowl,3.1638,-0.5179,31.0558,3.9349,144.1749,0.8965,-119.4308
nearest,659,80,868,65,salt on pink plate,banana in black bowl,2.951,-0.4996,33.8881,3.9349,160.121,0.8969,-118.7312
nearest,659,85,868,65,salt on pink plate,banana in black bowl,2.8374,-0.3168,34.8562,3.9349,139.3498,0.8876,-106.9864
nearest,659,90,13001,140,salt on pink plate,banana in black bowl (new background),2.6829,-0.4002,19.7318,7.3948,190.4199,0.9243,-84.5777
nearest,659,145,13001,85,salt on pink plate,banana in black bowl (new background),2.7854,-0.6784,21.4201,10.4958,199.5948,0.8616,92.9715
nearest,659,150,13030,40,salt on pink plate,banana in black bowl (new background),3.5663,0.9741,36.6629,29.3526,116.5735,0.8656,62.9377
nearest,659,155,13014,65,salt on pink plate,banana in black bowl (new background),3.6697,-0.9607,28.1412,27.561,120.6146,0.8791,108.8682
nearest,659,160,13014,70,salt on pink plate,banana in black bowl (new background),3.6623,0.8208,14.1024,8.2382,182.4326,0.8867,174.8876
nearest,659,190,13040,90,salt on pink plate,banana in black bowl (new background),2.8622,0.6946,15.7776,3.413,204.0458,0.8787,52.327
nearest,659,195,858,155,salt on pink plate,banana in black bowl,2.828,-0.5079,15.1776,18.3969,180.6894,0.9234,100.3118
nearest,659,230,13030,45,salt on pink plate,banana in black bowl (new background),3.2264,0.6977,6.3857,11.5809,196.0839,0.7621,-65.7133
nearest,659,235,13040,65,salt on pink plate,banana in black bowl (new background),3.374,-0.2749,10.1718,5.7838,194.5704,0.6957,-55.5532
nearest,659,245,852,20,salt on pink plate,banana in black bowl,3.4346,0.9634,13.6879,20.2769,177.2903,0.681,-26.2211
nearest,660,25,1660,25,salt on pink plate,milk on pink plate,2.9689,0.9988,11.5817,6.7942,199.7123,0.5548,73.72
nearest,660,35,13015,0,salt on pink plate,banana in black bowl (new background),3.8988,-0.5499,8.8392,10.4307,204.0234,0.6571,32.3863
nearest,660,55,868,55,salt on pink plate,banana in black bowl,4.2196,-0.9195,23.9094,9.1595,189.0269,0.8083,-85.1856
nearest,660,60,868,55,salt on pink plate,banana in black bowl,3.8014,-0.3026,16.1999,9.1595,152.9903,0.8494,56.4577
nearest,660,65,868,55,salt on pink plate,banana in black bowl,3.3888,0.6996,17.6846,9.1595,160.6675,0.8759,161.4494
nearest,660,75,858,160,salt on pink plate,banana in black bowl,2.7898,0.3732,25.5977,18.4516,196.5196,0.8849,-168.9113
nearest,660,80,858,165,salt on pink plate,banana in black bowl,2.5963,0.9799,22.184,12.3226,170.8068,0.8754,-141.1205
nearest,660,85,13001,140,salt on pink plate,banana in black bowl (new background),2.4575,0.8486,31.8364,7.3948,187.8322,0.9169,-150.0858
nearest,660,125,13001,85,salt on pink plate,banana in black bowl (new background),2.2421,0.4947,17.8256,10.4958,154.2527,0.8909,27.3169
nearest,660,135,13030,45,salt on pink plate,banana in black bowl (new background),3.6458,-0.4223,9.7127,11.5809,190.8226,0.8851,-131.2878
nearest,660,165,1663,110,salt on pink plate,milk on pink plate,2.9263,-0.7011,17.9542,16.5819,202.0864,0.844,138.9116
nearest,660,170,13040,90,salt on pink plate,banana in black bowl (new background),2.6547,0.8301,30.6299,3.413,170.3874,0.8966,-16.6096
nearest,660,220,852,20,salt on pink plate,banana in black bowl,3.1859,0.2064,7.0388,20.2769,203.7326,0.7348,-14.8892
nearest,661,60,1664,100,salt on pink plate,milk on pink plate,2.5407,-0.3203,15.6107,19.9405,202.9049,0.8761,-83.6614
nearest,661,65,1664,100,salt on pink plate,milk on pink plate,2.3409,0.245,34.9298,19.9405,200.3671,0.881,-88.8732
nearest,661,70,13001,140,salt on pink plate,banana in black bowl (new background),2.2565,0.5425,21.6446,7.3948,197.1434,0.9391,-132.6273
nearest,661,75,13001,140,salt on pink plate,banana in black bowl (new background),2.2053,0.4959,16.0308,7.3948,193.5709,0.9398,-133.9513
nearest,661,100,13030,40,salt on pink plate,banana in black bowl (new background),3.0409,0.7518,16.786,29.3526,192.5628,0.8698,55.4303
nearest,661,125,13040,85,salt on pink plate,banana in black bowl (new background),3.2816,0.2654,18.9474,14.868,203.4179,0.8641,-78.0385
nearest,662,35,11037,10,salt on pink plate,push milk to the right,3.473,-0.0093,6.1363,25.752,191.7738,0.8471,-112.7433
nearest,662,55,1661,120,salt on pink plate,milk on pink plate,3.7084,0.9467,18.7386,25.229,180.2684,0.8097,-161.1512
nearest,662,65,1664,100,salt on pink plate,milk on pink plate,2.8597,-0.0683,22.2039,19.9405,195.4286,0.8937,-89.2038
nearest,662,70,1664,100,salt on pink plate,milk on pink plate,2.6282,0.2699,22.935,19.9405,165.5994,0.8861,-79.1581
nearest,662,75,1632,115,salt on pink plate,milk on pink plate,2.455,0.0374,20.9581,22.4625,164.2959,0.8743,-61.6587
nearest,662,80,13001,140,salt on pink plate,banana in black bowl (new background),2.2295,0.4375,26.0721,7.3948,175.1103,0.939,-124.8909
nearest,662,85,13001,140,salt on pink plate,banana in black bowl (new background),2.0737,0.4885,14.3167,7.3948,178.1866,0.9426,-135.1994
nearest,662,110,13001,75,salt on pink plate,banana in black bowl (new background),2.2233,1.0,20.1429,9.2388,156.7143,0.8723,46.1677
nearest,662,120,13014,65,salt on pink plate,banana in black bowl (new background),2.809,-0.7202,13.374,27.561,202.2989,0.8642,167.6583
nearest,662,155,1663,115,salt on pink plate,milk on pink plate,2.36,0.9597,38.7479,18.2474,199.9756,0.8843,-34.8858
nearest,663,30,1660,20,salt on pink plate,milk on pink plate,2.9045,-0.5152,13.4671,4.2152,202.24,0.5716,-110.7449
nearest,663,65,858,160,salt on pink plate,banana in black bowl,3.6408,0.273,15.4221,18.4516,193.0458,0.8523,-175.9977
nearest,663,75,858,160,salt on pink plate,banana in black bowl,2.5924,-0.0798,30.1502,18.4516,201.6004,0.9011,-147.3057
nearest,663,105,13030,45,salt on pink plate,banana in black bowl (new background),3.1735,-0.2047,22.1903,11.5809,154.5023,0.8757,-9.589
nearest,663,120,13014,80,salt on pink plate,banana in black bowl (new background),3.7022,-0.9922,7.4167,8.7536,169.6177,0.8756,-104.9516
nearest,663,140,1663,115,salt on pink plate,milk on pink plate,2.5603,0.9872,35.4411,18.2474,204.2044,0.8637,-17.7074
nearest,663,145,1663,120,salt on pink plate,milk on pink plate,2.3382,0.8596,19.9449,35.7279,201.7102,0.8735,-73.3999
nearest,664,60,858,160,salt on pink plate,banana in black bowl,2.9473,0.9883,10.9635,18.4516,195.3183,0.9086,147.5199
nearest,664,80,866,170,salt on pink plate,banana in black bowl,2.1991,0.4435,11.0385,5.117,177.1088,0.8967,-101.92
nearest,664,100,13030,40,salt on pink plate,banana in black bowl (new background),2.7051,1.0,35.2238,29.3526,190.031,0.8425,70.3563
nearest,664,130,867,75,salt on pink plate,banana in black bowl,3.3585,-0.847,6.6899,3.9285,191.3584,0.8237,8.9788
nearest,664,145,1663,115,salt on pink plate,milk on pink plate,2.8088,0.9406,29.011,18.2474,202.4148,0.8514,-35.9818
nearest,665,40,13015,0,salt on pink plate,banana in black bowl (new background),3.5788,-0.4296,17.2601,10.4307,196.3996,0.8671,6.3064
nearest,665,50,13015,10,salt on pink plate,banana in black bowl (new background),4.0152,-0.5876,23.1722,7.0413,204.4032,0.9101,14.7531
nearest,665,55,858,155,salt on pink plate,banana in black bowl,4.006,-0.4327,15.3858,18.3969,187.8104,0.8287,101.2877
nearest,665,60,858,155,salt on pink plate,banana in black bowl,3.7404,0.4304,13.8832,18.3969,177.486,0.8789,178.2567
nearest,665,75,858,160,salt on pink plate,banana in black bowl,2.6239,-0.1256,26.643,18.4516,150.5074,0.9232,-148.9588
nearest,665,80,858,165,salt on pink plate,banana in black bowl,2.5201,0.8506,37.1754,12.3226,180.7834,0.913,-124.5441
nearest,665,85,858,165,salt on pink plate,banana in black bowl,2.2966,0.7869,18.8379,12.3226,174.3655,0.9116,-125.3449
nearest,665,110,13001,85,salt on pink plate,banana in black bowl (new background),2.314,-0.3701,12.2545,10.4958,161.7194,0.9122,50.9488
nearest,665,115,13001,90,salt on pink plate,banana in black bowl (new background),2.6793,-0.9986,22.5852,15.5269,141.8149,0.898,42.8659
nearest,665,120,13014,65,salt on pink plate,banana in black bowl (new background),2.9705,-0.9522,16.2468,27.561,171.3376,0.9131,172.7025
nearest,665,165,866,160,salt on pink plate,banana in black bowl,2.0665,-0.0834,25.753,3.822,199.4489,0.9144,-104.9421
nearest,665,215,852,20,salt on pink plate,banana in black bowl,2.8869,0.4398,13.3677,20.2769,202.3528,0.7673,-7.8202
nearest,666,30,1660,30,salt on pink plate,milk on pink plate,3.0218,-0.6578,6.1904,3.7726,201.9695,0.6809,101.1678
nearest,666,40,1622,45,salt on pink plate,milk on pink plate,3.59,0.8121,9.7438,11.6691,183.6304,0.7155,-29.3853
nearest,666,45,868,50,salt on pink plate,banana in black bowl,3.8898,-0.7447,23.3656,8.682,200.5684,0.7819,-22.3288
nearest,666,55,868,55,salt on pink plate,banana in black bowl,3.8835,-0.9085,23.9727,9.1595,191.8088,0.8529,-87.3956
nearest,666,60,868,55,salt on pink plate,banana in black bowl,3.7153,-0.7603,19.2449,9.1595,176.3726,0.8874,-115.32
nearest,666,65,868,55,salt on pink plate,banana in black bowl,3.5356,-0.117,9.8564,9.1595,204.0605,0.8995,-178.2404
nearest,666,70,11006,40,salt on pink plate,push milk to the right,3.2925,-0.0253,8.3446,15.9054,184.4672,0.918,72.2064
nearest,666,75,11006,40,salt on pink plate,push milk to the right,2.9921,-0.9082,28.2715,15.9054,133.2766,0.921,-85.3413
nearest,666,80,11006,40,salt on pink plate,push milk to the right,2.726,-0.979,24.3611,15.9054,195.1068,0.9186,-167.8178
nearest,666,85,11006,45,salt on pink plate,push milk to the right,2.4164,0.9187,22.4221,12.9612,158.3884,0.9066,-127.1948
nearest,666,90,13001,140,salt on pink plate,banana in black bowl (new background),2.0856,0.8274,17.0257,7.3948,163.4052,0.9291,-152.1729
nearest,666,120,13001,85,salt on pink plate,banana in black bowl (new background),2.3543,-0.3244,24.6005,10.4958,139.8922,0.8882,72.414
nearest,666,125,13001,85,salt on pink plate,banana in black bowl (new background),2.7881,0.1812,34.2239,10.4958,133.2862,0.8887,52.1964
nearest,666,130,13014,65,salt on pink plate,banana in black bowl (new background),2.9799,-0.9367,23.9695,27.561,151.6223,0.9091,136.3512
nearest,666,140,13014,75,salt on pink plate,banana in black bowl (new background),3.5923,-0.099,25.4343,6.3061,189.1002,0.9155,119.8297
nearest,666,145,13013,75,salt on pink plate,banana in black bowl (new background),3.8004,0.6589,27.5309,3.2339,141.2567,0.8955,75.7646
nearest,666,150,13048,80,salt on pink plate,banana in black bowl (new background),3.5919,-0.735,9.9684,10.1771,188.4087,0.908,-40.3043
nearest,666,155,13036,60,salt on pink plate,banana in black bowl (new background),3.3383,0.8963,24.3898,7.2172,175.2328,0.9139,-145.7328
nearest,667,50,1622,50,salt on pink plate,milk on pink plate,4.0312,-0.1859,24.0334,16.8145,197.0717,0.7977,23.135
nearest,667,55,868,55,salt on pink plate,banana in black bowl,3.8782,-0.8672,28.0283,9.1595,191.6243,0.8628,-6.3011
nearest,667,65,11006,35,salt on pink plate,push milk to the right,3.2855,-0.6827,14.6414,10.8477,164.9527,0.9267,117.5699
nearest,667,75,11006,40,salt on pink plate,push milk to the right,2.7061,-0.8348,14.7674,15.9054,191.3665,0.9409,110.4635
nearest,667,80,11006,45,salt on pink plate,push milk to the right,2.4703,0.9419,21.7203,12.9612,196.9263,0.9346,-124.7228
nearest,667,85,11006,45,salt on pink plate,push milk to the right,2.3554,0.992,25.4597,12.9612,146.1947,0.9305,-117.2207
nearest,667,90,11006,50,salt on pink plate,push milk to the right,2.1946,0.68,23.9732,16.929,181.8434,0.9191,-117.802
nearest,667,130,13014,65,salt on pink plate,banana in black bowl (new background),3.6424,-0.649,12.6919,27.561,174.9812,0.836,168.47
nearest,667,135,13014,70,salt on pink plate,banana in black bowl (new background),3.7367,0.913,17.139,8.2382,181.969,0.8412,-146.6751
nearest,667,140,13014,70,salt on pink plate,banana in black bowl (new background),3.806,0.9173,17.2545,8.2382,189.303,0.8519,-147.0562
nearest,667,165,1645,90,salt on pink plate,milk on pink plate,2.7358,0.9938,15.1929,7.7632,188.8251,0.9082,53.6312
nearest,667,170,1645,95,salt on pink plate,milk on pink plate,2.5822,0.9649,14.2058,14.9201,182.0503,0.9171,45.8358
nearest,667,175,1657,140,salt on pink plate,milk on pink plate,2.4801,0.1933,16.2433,24.6706,191.5648,0.9148,65.6785
nearest,668,30,11049,5,salt on pink plate,push milk to the right,3.2747,-0.7278,10.666,0.1854,165.0813,0.7793,-138.7196
nearest,668,45,1622,50,salt on pink plate,milk on pink plate,4.0966,-0.0866,25.9395,16.8145,202.7702,0.7919,21.325
nearest,668,50,868,50,salt on pink plate,banana in black bowl,4.0562,0.9394,11.1565,8.682,197.9792,0.8632,85.5916
nearest,668,55,868,55,salt on pink plate,banana in black bowl,3.8858,-0.2055,12.0811,9.1595,187.7194,0.8742,-168.414
nearest,668,60,1661,120,salt on pink plate,milk on pink plate,3.5512,-0.259,11.9165,25.229,189.6309,0.8475,163.3862
nearest,668,65,1661,120,salt on pink plate,milk on pink plate,3.2404,0.755,21.3526,25.229,160.305,0.8641,-150.4422
nearest,668,70,1661,120,salt on pink plate,milk on pink plate,2.9395,0.667,29.9536,25.229,186.4311,0.8635,-142.8738
nearest,668,75,13001,140,salt on pink plate,banana in black bowl (new background),2.5875,0.6029,28.1276,7.3948,176.8704,0.9363,-133.5059
nearest,668,80,13001,140,salt on pink plate,banana in black bowl (new background),2.2512,0.2727,15.1853,7.3948,155.3427,0.9463,-124.4586
nearest,668,110,13001,85,salt on pink plate,banana in black bowl (new background),2.3181,0.5514,25.3051,10.4958,152.7021,0.9091,29.3953
nearest,668,115,13001,85,salt on pink plate,banana in black bowl (new background),2.8142,0.85,23.1756,10.4958,168.0483,0.8802,10.601
nearest,668,120,13000,65,salt on pink plate,banana in black bowl (new background),3.1459,-0.9838,24.3037,16.5242,135.4032,0.8841,-9.4822
nearest,668,145,13048,85,salt on pink plate,banana in black bowl (new background),2.9534,-0.9342,8.5972,15.9026,193.5999,0.9189,-122.7918
nearest,668,150,1657,135,salt on pink plate,milk on pink plate,2.5434,-0.9388,9.652,0.6938,199.8119,0.9001,-25.2554
nearest,669,50,868,55,salt on pink plate,banana in black bowl,3.3045,0.1746,9.3182,9.1595,200.1551,0.8926,171.4248
nearest,669,55,868,55,salt on pink plate,banana in black bowl,3.0529,-0.0957,11.283,9.1595,185.3899,0.8977,-174.691
nearest,669,65,858,160,salt on pink plate,banana in black bowl,2.4351,-0.1883,27.0335,18.4516,143.1139,0.8928,-145.9229
nearest,669,100,13001,85,salt on pink plate,banana in black bowl (new background),2.4357,0.2326,27.6637,10.4958,168.1744,0.8605,46.4057
nearest,669,105,13030,40,salt on pink plate,banana in black bowl (new background),3.3417,0.7969,19.7819,29.3526,165.0188,0.8145,55.369
nearest,669,110,13014,65,salt on pink plate,banana in black bowl (new background),3.8195,-0.81,15.3897,27.561,165.181,0.8225,164.1463
nearest,669,115,13014,70,salt on pink plate,banana in black bowl (new background),4.0123,-0.6362,19.6453,8.2382,204.9792,0.8324,91.3092
nearest,669,130,13013,75,salt on pink plate,banana in black bowl (new background),4.3207,0.3815,7.6826,3.2339,184.4514,0.8217,70.8167
nearest,669,135,1655,105,salt on pink plate,milk on pink plate,3.5347,0.1632,21.8219,15.0298,197.1291,0.8311,-88.7137
nearest,671,45,1660,30,salt on pink plate,milk on pink plate,2.5916,0.9701,9.8329,3.7726,196.1007,0.6122,-2.6636
nearest,671,50,13014,5,salt on pink plate,banana in black bowl (new background),2.9016,0.8248,22.5303,7.9008,173.9059,0.7701,-68.5384
nearest,671,55,13028,0,salt on pink plate,banana in black bowl (new background),3.3169,0.0841,16.804,26.8098,201.0686,0.7654,24.3798
nearest,671,70,868,50,salt on pink plate,banana in black bowl,3.6399,-0.8423,29.2882,8.682,198.4154,0.8223,-127.7664
nearest,671,75,868,50,salt on pink plate,banana in black bowl,3.5794,-0.9889,15.1986,8.682,192.1973,0.851,-102.6781
nearest,671,80,868,55,salt on pink plate,banana in black bowl,3.4167,0.9788,13.045,9.1595,204.1662,0.8638,124.1003
nearest,671,90,868,55,salt on pink plate,banana in black bowl,2.8569,-0.2864,28.2915,9.1595,150.4591,0.8889,-141.193
nearest,671,95,858,160,salt on pink plate,banana in black bowl,2.6861,0.2992,22.3213,18.4516,202.4591,0.8801,-168.9266
nearest,671,100,13001,140,salt on pink plate,banana in black bowl (new background),2.5248,0.6812,10.7768,7.3948,173.3386,0.9209,-148.0022
nearest,671,105,13001,140,salt on pink plate,banana in black bowl (new background),2.2604,0.4157,7.8453,7.3948,165.9146,0.9387,-142.3576
nearest,671,110,13001,140,salt on pink plate,banana in black bowl (new background),2.0269,0.9037,16.8837,7.3948,198.4037,0.9466,-158.4616
nearest,671,145,13001,85,salt on pink plate,banana in black bowl (new background),2.3546,0.4124,21.7265,10.4958,151.8114,0.8756,34.0753
nearest,671,150,13030,40,salt on pink plate,banana in black bowl (new background),3.3468,0.8511,21.1975,29.3526,145.062,0.8582,56.9886
nearest,671,155,13016,55,salt on pink plate,banana in black bowl (new background),3.5125,0.4949,15.5093,17.0663,184.6563,0.8705,-148.4601
nearest,671,165,13014,75,salt on pink plate,banana in black bowl (new background),3.8133,0.291,7.8988,6.3061,203.8002,0.8881,160.0233
nearest,671,170,13014,80,salt on pink plate,banana in black bowl (new background),3.8078,-0.2445,7.5751,8.7536,200.8551,0.8823,174.7729
nearest,671,180,13036,60,salt on pink plate,banana in black bowl (new background),2.5827,0.3198,18.322,7.2172,180.6833,0.9323,140.8534
nearest,671,185,13036,65,salt on pink plate,banana in black bowl (new background),2.3651,0.6145,16.9211,21.7753,204.3376,0.9299,-174.1195
nearest,672,50,13015,10,salt on pink plate,banana in black bowl (new background),4.2052,-0.3682,9.8115,7.0413,163.2827,0.8577,-166.5249
nearest,672,55,13015,10,salt on pink plate,banana in black bowl (new background),4.2521,-0.4448,13.0675,7.0413,182.0895,0.906,40.0674
nearest,672,60,13047,20,salt on pink plate,banana in black bowl (new background),4.0726,-0.7945,20.2502,12.3716,171.2161,0.9056,-80.1237
nearest,672,75,858,160,salt on pink plate,banana in black bowl,2.9855,0.9677,6.076,18.4516,197.0112,0.9226,154.3898
nearest,672,80,858,160,salt on pink plate,banana in black bowl,2.7365,0.7732,9.3023,18.4516,201.1195,0.9268,163.744
nearest,672,85,858,160,salt on pink plate,banana in black bowl,2.5364,-0.1852,20.4212,18.4516,155.1251,0.9246,-155.3774
nearest,672,90,858,165,salt on pink plate,banana in black bowl,2.3966,0.7576,30.6874,12.3226,165.0478,0.9218,-119.1442
nearest,672,95,858,165,salt on pink plate,banana in black bowl,2.2329,0.373,16.8321,12.3226,149.212,0.9186,-108.5093
nearest,672,120,13001,85,salt on pink plate,banana in black bowl (new background),2.0291,-0.0391,14.0302,10.4958,142.0717,0.922,43.2262
nearest,672,125,13001,85,salt on pink plate,banana in black bowl (new background),2.2617,0.4828,6.7582,10.4958,203.8434,0.9223,11.8589
nearest,672,135,13014,70,salt on pink plate,banana in black bowl (new background),2.7423,-0.526,6.3975,8.2382,185.5541,0.9383,148.8613
nearest,672,150,13036,60,salt on pink plate,banana in black bowl (new background),2.8118,-0.9254,26.3118,7.2172,145.8546,0.9148,-16.3346
nearest,672,155,13036,60,salt on pink plate,banana in black bowl (new background),2.5805,-0.9238,17.0445,7.2172,158.7961,0.932,-23.5536
nearest,672,160,13036,65,salt on pink plate,banana in black bowl (new background),2.3761,-0.0899,17.7024,21.7753,204.0244,0.9277,-110.4464
nearest,672,205,852,10,salt on pink plate,banana in black bowl,2.4416,0.7355,9.9712,12.5796,201.3188,0.8264,144.7223
nearest,672,215,852,15,salt on pink plate,banana in black bowl,2.6396,-0.1594,6.3395,13.9293,197.4718,0.7608,155.9433
nearest,673,65,858,165,salt on pink plate,banana in black bowl,2.7196,0.7949,28.5825,12.3226,171.7519,0.8945,-122.1941
nearest,673,70,1632,115,salt on pink plate,milk on pink plate,2.5068,-0.2103,31.9937,22.4625,196.2679,0.8576,-82.9391
nearest,674,30,11037,5,salt on pink plate,push milk to the right,3.2802,0.3263,9.7859,13.598,193.3467,0.7582,-157.7272
nearest,674,40,11037,15,salt on pink plate,push milk to the right,3.766,-0.9405,23.8912,27.4706,200.091,0.8133,100.2508
nearest,674,70,858,160,salt on pink plate,banana in black bowl,2.8041,0.6054,25.1577,18.4516,187.334,0.9043,-178.4806
nearest,674,80,13001,140,salt on pink plate,banana in black bowl (new background),2.1171,0.61,28.0482,7.3948,178.5684,0.9431,-133.9572
nearest,674,85,13001,145,salt on pink plate,banana in black bowl (new background),1.9572,0.9592,18.1651,4.8044,172.1627,0.9515,-127.2411
nearest,674,105,13001,85,salt on pink plate,banana in black bowl (new background),2.2358,0.3008,30.3849,10.4958,161.24,0.8998,44.4638
nearest,674,110,13001,90,salt on pink plate,banana in black bowl (new background),2.7272,-1.0,25.2033,15.5269,200.7819,0.8805,32.0525
nearest,674,115,13014,65,salt on pink plate,banana in black bowl (new background),2.785,0.5636,14.363,27.561,181.0885,0.9104,-146.5751
nearest,674,130,13014,80,salt on pink plate,banana in black bowl (new background),3.1812,-0.33,29.3016,8.7536,154.7799,0.9145,129.6573
nearest,675,35,13015,5,salt on pink plate,banana in black bowl (new background),3.5593,-0.5069,23.9442,10.0678,190.604,0.8782,7.1459
nearest,675,45,868,50,salt on pink plate,banana in black bowl,3.8235,-0.1508,13.629,8.682,189.2578,0.8586,33.0662
nearest,675,50,868,55,salt on pink plate,banana in black bowl,3.6748,-0.2343,22.8697,9.1595,188.2989,0.8744,-148.6603
nearest,675,60,858,160,salt on pink plate,banana in black bowl,3.0555,0.5622,6.229,18.4516,191.2781,0.893,137.5844
nearest,675,65,858,160,salt on pink plate,banana in black bowl,2.797,0.3408,21.3043,18.4516,185.9166,0.8926,-171.2928
nearest,675,70,848,170,salt on pink plate,banana in black bowl,2.5337,0.9851,21.1622,14.0945,192.8185,0.9179,-140.6381
nearest,675,75,848,170,salt on pink plate,banana in black bowl,2.2295,0.9346,31.6747,14.0945,191.6106,0.9248,-132.1243
nearest,675,125,13014,70,salt on pink plate,banana in black bowl (new background),2.997,-0.9788,22.7968,8.2382,151.5236,0.8649,-1.3385
nearest,676,40,13009,15,salt on pink plate,banana in black bowl (new background),3.7766,-0.5384,6.2688,9.6199,199.9598,0.8895,148.96
nearest,676,75,13001,140,salt on pink plate,banana in black bowl (new background),1.988,0.3422,27.402,7.3948,172.0117,0.9567,-119.2427
nearest,676,80,13001,140,salt on pink plate,banana in black bowl (new background),1.8796,-0.5117,14.2043,7.3948,157.9898,0.9493,-86.7583
nearest,676,115,13001,80,salt on pink plate,banana in black bowl (new background),1.9126,0.9754,15.4514,13.6906,163.5943,0.9191,31.6877
nearest,676,120,13001,85,salt on pink plate,banana in black bowl (new background),2.0608,0.4379,34.1885,10.4958,155.7712,0.9064,38.9425
nearest,677,35,13015,0,salt on pink plate,banana in black bowl (new background),3.2805,-0.8785,9.7345,10.4307,201.1769,0.8602,17.3545
nearest,677,50,858,155,salt on pink plate,banana in black bowl,3.7288,0.9807,6.5844,18.3969,175.3086,0.8199,154.0116
nearest,677,55,858,155,salt on pink plate,banana in black bowl,3.6731,0.4146,24.3355,18.3969,177.0539,0.8728,-171.0938
nearest,677,60,858,160,salt on pink plate,banana in black bowl,3.3658,0.8248,12.4871,18.4516,188.1647,0.9082,164.5873
nearest,677,65,858,160,salt on pink plate,banana in black bowl,2.9316,0.9833,19.1281,18.4516,176.182,0.9351,156.1229
nearest,677,70,858,160,salt on pink plate,banana in black bowl,2.7621,0.6582,20.4953,18.4516,196.9822,0.9349,176.5716
nearest,677,75,858,165,salt on pink plate,banana in black bowl,2.6427,0.7539,22.9805,12.3226,166.3894,0.9252,-121.5377
nearest,677,80,858,165,salt on pink plate,banana in black bowl,2.4338,0.3539,19.1138,12.3226,151.4901,0.9203,-105.4019
nearest,677,85,858,165,salt on pink plate,banana in black bowl,2.2656,0.573,11.7129,12.3226,165.0391,0.9128,-121.7641
nearest,677,100,13030,35,salt on pink plate,banana in black bowl (new background),2.2834,0.5503,16.9736,13.831,155.1195,0.9111,59.5657
nearest,677,105,13030,40,salt on pink plate,banana in black bowl (new background),2.6215,0.7606,21.7066,29.3526,191.6736,0.872,53.122
nearest,677,110,13014,65,salt on pink plate,banana in black bowl (new background),2.8801,-0.8279,23.446,27.561,164.6146,0.868,136.8098
nearest,677,115,13014,70,salt on pink plate,banana in black bowl (new background),2.9786,-0.981,22.8006,8.2382,167.3676,0.8624,34.4041
nearest,677,120,13014,75,salt on pink plate,banana in black bowl (new background),3.0931,-0.9814,28.8471,6.3061,165.758,0.8611,35.4567
nearest,677,125,13014,80,salt on pink plate,banana in black bowl (new background),3.347,-0.9998,25.5737,8.7536,162.0315,0.8405,43.4742
nearest,677,130,13048,80,salt on pink plate,banana in black bowl (new background),3.3553,-0.4304,8.5946,10.1771,175.1479,0.826,-57.3025
nearest,677,135,13048,85,salt on pink plate,banana in black bowl (new background),3.033,-0.6309,12.6837,15.9026,157.8465,0.8657,-92.8409
nearest,678,25,13014,0,salt on pink plate,banana in black bowl (new background),3.0021,0.8263,13.2121,5.9633,183.2822,0.7152,-112.1947
nearest,678,40,13028,5,salt on pink plate,banana in black bowl (new background),3.9001,-0.9934,25.1768,6.521,203.8841,0.8276,-20.5117
nearest,678,45,13028,10,salt on pink plate,banana in black bowl (new background),4.1834,0.7938,13.7331,17.0471,203.2074,0.85,53.6579
nearest,678,50,13028,15,salt on pink plate,banana in black bowl (new background),4.2356,0.9845,15.1264,15.3629,200.3757,0.8755,40.9295
nearest,678,60,858,160,salt on pink plate,banana in black bowl,3.6881,-0.5885,14.9165,18.4516,183.1845,0.8759,-157.9437
nearest,678,80,858,165,salt on pink plate,banana in black bowl,2.3437,0.9677,16.9792,12.3226,176.9126,0.9041,-140.0659
nearest,678,95,13001,85,salt on pink plate,banana in black bowl (new background),2.6946,0.181,23.8983,10.4958,182.9888,0.8701,46.3497
nearest,678,125,13040,80,salt on pink plate,banana in black bowl (new background),3.8603,0.9345,23.9972,6.42,203.6096,0.8435,-150.9986
nearest,679,55,13028,10,salt on pink plate,banana in black bowl (new background),4.0542,0.1437,28.0555,17.0471,158.5302,0.8572,17.504
nearest,679,60,13028,15,salt on pink plate,banana in black bowl (new background),3.9588,0.2024,17.9238,15.3629,160.8714,0.8812,-6.835
nearest,679,70,858,160,salt on pink plate,banana in black bowl,3.4261,0.1244,7.3778,18.4516,194.5028,0.8634,171.4933
nearest,679,75,858,160,salt on pink plate,banana in black bowl,2.9183,0.4514,10.2439,18.4516,188.5089,0.8979,129.181
nearest,679,80,858,160,salt on pink plate,banana in black bowl,2.6034,-0.0068,13.7426,18.4516,174.3599,0.9041,-172.3923
nearest,679,85,858,160,salt on pink plate,banana in black bowl,2.4439,0.0335,26.3655,18.4516,171.2247,0.8983,-155.481
nearest,679,90,13001,140,salt on pink plate,banana in black bowl (new background),2.3638,0.6342,23.2813,7.3948,171.7483,0.9376,-137.0757
nearest,679,95,13001,140,salt on pink plate,banana in black bowl (new background),2.1782,0.7426,22.8027,7.3948,175.0351,0.9424,-144.0487
nearest,679,100,13001,140,salt on pink plate,banana in black bowl (new background),2.018,0.7404,17.4731,7.3948,170.3411,0.9486,-146.1523
nearest,679,115,13001,85,salt on pink plate,banana in black bowl (new background),2.2578,0.0523,19.3278,10.4958,161.7356,0.8915,47.7826
nearest,679,125,13014,65,salt on pink plate,banana in black bowl (new background),2.893,-0.3524,16.4493,27.561,158.1002,0.89,159.7482
nearest,679,130,13014,70,salt on pink plate,banana in black bowl (new background),3.0547,-0.2944,16.1028,8.2382,149.1439,0.8953,119.8156
nearest,679,135,13014,75,salt on pink plate,banana in black bowl (new background),3.2774,-0.0724,24.2468,6.3061,149.4753,0.9038,121.9724
nearest,679,140,13014,80,salt on pink plate,banana in black bowl (new background),3.4394,-0.3711,24.917,8.7536,172.6965,0.8985,130.3373
nearest,679,145,13048,80,salt on pink plate,banana in black bowl (new background),3.4497,-0.635,20.7818,10.1771,179.6787,0.8747,151.9064
nearest,680,30,11037,5,salt on pink plate,push milk to the right,3.3507,-0.1301,13.3711,13.598,199.9715,0.798,-138.3884
nearest,680,55,858,160,salt on pink plate,banana in black bowl,3.2042,-0.9812,14.0516,18.4516,187.2796,0.8915,120.5859
nearest,680,65,858,160,salt on pink plate,banana in black bowl,2.4306,-0.9492,13.7958,18.4516,180.5455,0.9305,111.7769
nearest,680,70,858,165,salt on pink plate,banana in black bowl,2.2401,0.8667,20.0159,12.3226,179.8846,0.9228,-129.9254
nearest,680,75,858,165,salt on pink plate,banana in black bowl,2.1691,0.9911,22.29,12.3226,198.7804,0.9053,-143.5991
nearest,680,95,13030,35,salt on pink plate,banana in black bowl (new background),2.2062,0.8901,18.0917,13.831,191.7143,0.8829,75.6169
nearest,680,100,13030,40,salt on pink plate,banana in black bowl (new background),2.6678,0.9973,17.512,29.3526,196.2171,0.851,71.7796
nearest,10000,5,13014,5,push milk to the right,banana in black bowl (new background),2.5917,0.7927,14.5853,7.9008,198.5191,0.8588,-69.6723
nearest,10000,30,11006,30,push milk to the right,push milk to the right,3.1543,0.7846,14.2241,7.7293,171.8454,0.9298,0.3634
nearest,10000,35,11006,35,push milk to the right,push milk to the right,3.0896,0.375,10.8667,10.8477,185.5297,0.9278,66.1437
nearest,10000,40,11006,40,push milk to the right,push milk to the right,2.8158,0.5885,10.7132,15.9054,155.8993,0.9281,65.5199
nearest,10000,45,11006,45,push milk to the right,push milk to the right,2.5698,0.721,44.124,12.9612,120.4154,0.9284,-146.7403
nearest,10000,50,11006,45,push milk to the right,push milk to the right,2.3141,0.8916,28.1169,12.9612,147.5348,0.9357,-130.9225
nearest,10000,55,13001,140,push milk to the right,banana in black bowl (new background),2.2047,0.4262,20.0373,7.3948,134.7041,0.9434,-127.4855
nearest,10000,60,13001,140,push milk to the right,banana in black bowl (new background),2.0654,0.0838,19.744,7.3948,146.2816,0.9472,-110.8654
nearest,10000,65,13001,140,push milk to the right,banana in black bowl (new background),1.9761,-0.2416,18.4765,7.3948,146.4006,0.9578,-95.4487
nearest,10000,70,13001,140,push milk to the right,banana in black bowl (new background),1.9457,-0.4766,17.1421,7.3948,139.1383,0.9694,-83.2204
nearest,10000,75,13001,140,push milk to the right,banana in black bowl (new background),1.9647,-0.719,17.3681,7.3948,136.5785,0.9666,-63.2867
nearest,10000,80,11046,65,push milk to the right,push milk to the right,1.9049,-0.3692,16.2548,27.181,130.7316,0.9516,63.2194
nearest,10000,85,11046,70,push milk to the right,push milk to the right,1.8388,0.5117,17.5493,26.7314,128.3676,0.9522,38.9176
nearest,10000,90,11003,70,push milk to the right,push milk to the right,1.815,0.6559,19.3565,26.5336,134.15,0.9256,32.0057
nearest,10000,95,11003,70,push milk to the right,push milk to the right,1.7873,0.6697,23.2167,26.5336,146.1337,0.9366,30.1549
nearest,10000,115,11003,70,push milk to the right,push milk to the right,1.9097,0.6514,33.9165,26.5336,163.4499,0.9502,24.5477
nearest,10000,120,11003,70,push milk to the right,push milk to the right,1.9418,0.7068,36.9267,26.5336,183.4413,0.9444,26.0386
nearest,10000,135,11009,80,push milk to the right,push milk to the right,1.9611,-0.1666,22.4369,28.9514,200.3854,0.9152,62.1852
nearest,10000,140,11009,80,push milk to the right,push milk to the right,1.9403,0.0736,16.116,28.9514,181.0798,0.8917,75.3782
nearest,10000,145,11009,85,push milk to the right,push milk to the right,1.9465,0.4973,12.5992,14.9863,188.8241,0.8646,24.9364
nearest,10000,150,13023,105,push milk to the right,banana in black bowl (new background),2.109,-0.958,26.2678,1.6817,203.9512,0.8284,74.4766
nearest,10001,15,13014,5,push milk to the right,banana in black bowl (new background),2.5427,-0.047,9.1376,7.9008,204.9344,0.8802,-43.5246
nearest,10001,35,1661,115,push milk to the right,milk on pink plate,3.1725,-0.9568,21.0063,27.7185,202.5557,0.8132,151.4767
nearest,10001,40,1661,115,push milk to the right,milk on pink plate,3.0885,-0.939,16.2944,27.7185,172.6294,0.8529,165.9017
nearest,10001,45,1661,120,push milk to the right,milk on pink plate,2.9856,0.7552,8.0193,25.229,172.2623,0.8602,-178.6854
nearest,10001,55,1661,125,push milk to the right,milk on pink plate,2.6696,0.5421,23.8562,18.3868,185.5902,0.8566,178.3367
nearest,10001,60,13001,140,push milk to the right,banana in black bowl (new background),2.5056,0.4349,33.1928,7.3948,165.6472,0.9315,-122.3096
nearest,10001,65,11003,55,push milk to the right,push milk to the right,2.3325,0.7055,28.5249,22.2342,132.4037,0.9142,-55.9212
nearest,10001,70,11025,55,push milk to the right,push milk to the right,2.1598,0.029,25.3027,20.9991,143.24,0.9448,11.5754
nearest,10001,75,11003,65,push milk to the right,push milk to the right,2.0469,0.0057,30.0454,26.0931,147.634,0.9461,30.1727
nearest,10001,80,11003,70,push milk to the right,push milk to the right,1.9688,0.4976,36.6588,26.5336,157.0788,0.9505,17.0521
nearest,10001,85,11003,70,push milk to the right,push milk to the right,1.9096,0.6065,40.009,26.5336,152.423,0.9544,20.3793
nearest,10001,90,11003,70,push milk to the right,push milk to the right,1.8637,0.7189,39.7517,26.5336,160.5486,0.9571,25.8051
nearest,10001,105,11026,75,push milk to the right,push milk to the right,1.8569,-0.5104,30.929,28.951,168.2649,0.9324,-52.4603
nearest,10001,125,11009,85,push milk to the right,push milk to the right,2.1075,0.9957,8.2065,14.9863,195.5597,0.8249,-4.1604
nearest,10001,145,11002,110,push milk to the right,push milk to the right,2.526,0.641,21.0844,58.6125,195.6675,0.647,-58.3192
nearest,10001,155,13000,140,push milk to the right,banana in black bowl (new background),2.4116,-0.9566,11.0314,3.5855,195.6665,0.6921,44.2223
nearest,10002,20,11037,15,push milk to the right,push milk to the right,2.8127,-0.9952,25.5885,27.4706,199.6701,0.8827,107.3261
nearest,10002,30,11037,20,push milk to the right,push milk to the right,3.192,-0.9183,10.7761,40.023,201.544,0.9021,96.4055
nearest,10002,35,1661,115,push milk to the right,milk on pink plate,3.0699,0.309,17.3088,27.7185,164.4616,0.8415,-143.3487
nearest,10002,40,1661,115,push milk to the right,milk on pink plate,2.9581,0.1697,16.3152,27.7185,169.485,0.8499,-142.0063
nearest,10002,45,1661,120,push milk to the right,milk on pink plate,2.8453,0.78,14.0861,25.229,203.5775,0.8555,-155.4685
nearest,10002,55,13001,140,push milk to the right,banana in black bowl (new background),2.5046,0.6765,23.9943,7.3948,195.1759,0.905,-139.3695
nearest,10002,60,13001,140,push milk to the right,banana in black bowl (new background),2.3371,0.4124,21.0118,7.3948,190.0178,0.9153,-126.161
nearest,10002,65,13001,135,push milk to the right,banana in black bowl (new background),2.2301,-0.9251,18.2288,3.0913,159.6985,0.9187,-57.2776
nearest,10002,70,11024,55,push milk to the right,push milk to the right,2.185,0.7853,20.8868,13.0632,152.1261,0.9433,-26.5685
nearest,10002,75,11017,50,push milk to the right,push milk to the right,2.0767,-0.1884,23.4951,16.139,158.5582,0.9459,6.0382
nearest,10002,80,11009,50,push milk to the right,push milk to the right,1.9999,0.3977,15.4378,15.719,177.3813,0.9614,18.4591
nearest,10002,125,11009,85,push milk to the right,push milk to the right,1.9368,0.4914,17.0053,14.9863,197.4326,0.9129,30.1124
nearest,10003,25,11006,30,push milk to the right,push milk to the right,2.809,0.8653,22.3545,7.7293,201.6004,0.9049,47.8717
nearest,10003,40,11006,45,push milk to the right,push milk to the right,2.4011,-0.9984,10.0829,12.9612,195.7499,0.9365,-123.637
nearest,10003,45,11006,50,push milk to the right,push milk to the right,2.2531,0.9287,14.837,16.929,168.881,0.9421,-79.7681
nearest,10003,50,11017,45,push milk to the right,push milk to the right,2.1594,0.9525,18.4217,16.3148,194.3915,0.9301,-39.6562
nearest,10003,55,11017,50,push milk to the right,push milk to the right,2.0672,0.0913,21.4628,16.139,180.7412,0.9415,19.3827
nearest,10003,60,11003,65,push milk to the right,push milk to the right,2.0109,-0.2023,12.4786,26.0931,191.3391,0.9515,51.6077
nearest,10003,65,11003,70,push milk to the right,push milk to the right,1.863,-0.4774,8.8648,26.5336,172.3147,0.9563,71.687
nearest,10003,90,11009,75,push milk to the right,push milk to the right,1.8593,0.7336,8.9933,24.3002,194.7021,0.9479,57.0104
nearest,10003,105,11009,90,push milk to the right,push milk to the right,1.925,0.6165,17.3441,8.2596,203.3472,0.8498,14.5553
nearest,10003,110,13023,105,push milk to the right,banana in black bowl (new background),1.95,-0.5216,19.6553,1.6817,200.939,0.8318,-6.2416
nearest,10003,120,13023,75,push milk to the right,banana in black bowl (new background),2.1998,0.7789,11.5888,3.9042,200.1434,0.7481,3.9992
nearest,10003,125,13023,80,push milk to the right,banana in black bowl (new background),2.1144,-0.6169,17.6958,4.26,203.7987,0.7782,74.0791
nearest,10004,5,11011,10,push milk to the right,push milk to the right,2.5816,0.6492,15.2172,3.6205,202.8343,0.8334,59.5355
nearest,10004,40,1661,125,push milk to the right,milk on pink plate,2.7456,0.6327,23.9757,18.3868,151.8181,0.8448,-120.0851
nearest,10004,45,13001,140,push milk to the right,banana in black bowl (new background),2.332,0.1815,19.8858,7.3948,160.6858,0.9311,-115.5328
nearest,10004,55,13001,140,push milk to the right,banana in black bowl (new background),2.1985,0.0246,20.0445,7.3948,169.7621,0.9339,-107.6522
nearest,10004,60,11025,55,push milk to the right,push milk to the right,2.122,-0.1187,23.2087,20.9991,161.0473,0.9298,9.2726
nearest,10004,65,11003,65,push milk to the right,push milk to the right,2.0063,0.0127,29.4444,26.0931,163.5506,0.9366,30.9685
nearest,10004,70,11003,65,push milk to the right,push milk to the right,1.9408,0.1005,31.9953,26.0931,159.7834,0.9462,31.6503
nearest,10004,75,11003,70,push milk to the right,push milk to the right,1.885,0.5623,31.6536,26.5336,159.1983,0.9465,21.8731
nearest,10004,80,11003,80,push milk to the right,push milk to the right,1.9464,-0.8454,10.408,21.2538,159.3721,0.9401,-119.5369
nearest,10004,85,11003,80,push milk to the right,push milk to the right,1.9533,-0.4907,12.0933,21.2538,186.3869,0.9421,-109.0673
nearest,10004,110,11009,85,push milk to the right,push milk to the right,2.051,0.5577,22.484,14.9863,183.4169,0.8829,31.8557
nearest,10005,15,11011,20,push milk to the right,push milk to the right,2.9079,0.9834,13.7342,25.0082,178.9151,0.8772,140.957
nearest,10005,20,11011,20,push milk to the right,push milk to the right,3.1246,0.4125,7.8341,25.0082,179.2491,0.9042,123.0695
nearest,10005,25,11011,25,push milk to the right,push milk to the right,3.2332,0.9551,7.2213,3.677,192.999,0.9,54.1978
nearest,10005,35,11006,35,push milk to the right,push milk to the right,3.1143,-0.5681,10.7132,10.8477,190.3986,0.9181,-29.5056
nearest,10005,40,11006,40,push milk to the right,push milk to the right,2.8766,-0.5321,18.2059,15.9054,165.0193,0.9253,-23.8148
nearest,10005,45,11006,45,push milk to the right,push milk to the right,2.6627,0.8783,29.3359,12.9612,191.0127,0.9304,-132.3181
nearest,10005,50,11015,40,push milk to the right,push milk to the right,2.4953,0.3177,17.6859,27.8828,199.1617,0.9101,161.6314
nearest,10005,55,11015,45,push milk to the right,push milk to the right,2.2658,0.3571,8.8205,4.7308,177.336,0.9192,-96.3518
nearest,10005,60,11017,50,push milk to the right,push milk to the right,2.1423,-0.1195,19.2476,16.139,131.8602,0.9446,15.0387
nearest,10005,65,11003,65,push milk to the right,push milk to the right,1.9919,0.0775,29.0428,26.0931,126.7311,0.9561,33.4045
nearest,10005,70,11003,70,push milk to the right,push milk to the right,1.9923,0.5276,41.4029,26.5336,169.1317,0.959,16.4167
nearest,10005,80,11003,80,push milk to the right,push milk to the right,2.0042,-0.7181,30.0462,21.2538,143.4809,0.9521,-52.7082
nearest,10005,85,11003,80,push milk to the right,push milk to the right,2.0528,-0.7794,29.4027,21.2538,180.273,0.9502,-48.4287
nearest,10005,95,11009,75,push milk to the right,push milk to the right,2.0612,0.251,36.8864,24.3002,201.8653,0.9248,21.4248
nearest,10005,125,11002,115,push milk to the right,push milk to the right,2.6069,0.7885,8.4745,48.4715,192.0503,0.6072,-61.8338
nearest,10006,35,858,160,push milk to the right,banana in black bowl,2.8729,-0.9247,10.8375,18.4516,190.4662,0.8675,176.8622
nearest,10006,40,13001,140,push milk to the right,banana in black bowl (new background),2.6335,0.9058,16.6631,7.3948,197.7951,0.9103,-158.7356
nearest,10006,45,13001,140,push milk to the right,banana in black bowl (new background),2.4748,0.8904,12.3204,7.3948,180.2257,0.9268,-159.1809
nearest,10006,50,13001,140,push milk to the right,banana in black bowl (new background),2.3899,0.8665,9.2856,7.3948,186.6482,0.9347,-159.4573
nearest,10006,55,13001,140,push milk to the right,banana in black bowl (new background),2.3547,-0.9378,7.7384,7.3948,174.0524,0.9384,-89.1027
nearest,10006,60,11032,50,push milk to the right,push milk to the right,2.3049,0.7392,16.6979,31.4376,162.092,0.8941,4.7335
nearest,10006,65,11003,70,push milk to the right,push milk to the right,2.1841,0.569,23.6332,26.5336,161.9853,0.9105,26.511
nearest,10006,70,11003,70,push milk to the right,push milk to the right,2.1235,0.6794,19.1909,26.5336,173.2003,0.9253,32.8472
nearest,10006,75,11026,65,push milk to the right,push milk to the right,2.0656,0.7229,24.3916,26.2528,177.8587,0.9194,21.8903
nearest,10006,105,11009,85,push milk to the right,push milk to the right,2.5199,0.9838,15.5772,14.9863,184.7112,0.8123,2.9785
nearest,10007,40,1661,120,push milk to the right,milk on pink plate,2.7493,0.6192,10.9547,25.229,171.6828,0.8753,-154.1077
nearest,10007,45,1661,120,push milk to the right,milk on pink plate,2.5081,0.8635,17.7625,25.229,171.3081,0.8862,178.4002
nearest,10007,50,1661,125,push milk to the right,milk on pink plate,2.373,0.007,17.5926,18.3868,169.1988,0.8839,167.4184
nearest,10007,55,13001,140,push milk to the right,banana in black bowl (new background),2.2073,-0.0341,16.9793,7.3948,200.2339,0.9529,115.719
nearest,10007,60,13001,140,push milk to the right,banana in black bowl (new background),2.1671,0.4079,22.0691,7.3948,204.5857,0.9488,-125.3026
nearest,10007,65,11015,45,push milk to the right,push milk to the right,2.1401,0.9735,17.8335,4.7308,184.9492,0.9107,-39.6144
nearest,10007,70,11003,65,push milk to the right,push milk to the right,2.0509,-0.0428,20.4884,26.0931,155.3045,0.9346,39.947
nearest,10007,80,11003,70,push milk to the right,push milk to the right,1.9285,0.999,7.5985,26.5336,178.4652,0.9479,51.8672
nearest,10007,85,11003,70,push milk to the right,push milk to the right,1.9682,-0.3506,11.0026,26.5336,188.9456,0.9502,76.8714
nearest,10008,30,11006,35,push milk to the right,push milk to the right,3.0381,0.7372,19.8059,10.8477,197.3874,0.8898,4.3858
nearest,10008,35,11006,40,push milk to the right,push milk to the right,2.8976,0.6305,19.2325,15.9054,191.5109,0.8969,16.1784
nearest,10008,40,11006,40,push milk to the right,push milk to the right,2.7294,-0.9947,13.6118,15.9054,185.0173,0.904,13.5957
nearest,10008,65,11006,50,push milk to the right,push milk to the right,2.2925,0.9287,26.8718,16.929,179.6609,0.9348,-103.3088
nearest,10008,70,11006,55,push milk to the right,push milk to the right,2.3197,0.9624,18.5595,13.4727,150.7341,0.9252,-73.0644
nearest,10008,75,11005,40,push milk to the right,push milk to the right,2.2807,0.8712,15.4008,17.0298,134.4118,0.9,-32.8553
nearest,10008,80,11037,60,push milk to the right,push milk to the right,2.222,0.694,21.3273,24.9352,122.1896,0.9112,55.2762
nearest,10008,85,11037,65,push milk to the right,push milk to the right,2.3462,-0.9969,24.5419,25.4817,156.2115,0.9032,173.438
nearest,10008,100,11003,70,push milk to the right,push milk to the right,2.3457,-0.8442,7.8045,26.5336,184.152,0.9127,64.2793
nearest,10008,105,11003,70,push milk to the right,push milk to the right,2.2177,-0.9961,9.5542,26.5336,177.0046,0.9211,49.5963
nearest,10008,110,11003,70,push milk to the right,push milk to the right,2.2183,-0.9934,7.0384,26.5336,180.2755,0.9303,54.8062
nearest,10008,125,11012,75,push milk to the right,push milk to the right,2.1438,-0.7675,19.8999,17.5663,189.9919,0.9247,-42.7405
nearest,10008,130,11009,75,push milk to the right,push milk to the right,2.0945,0.5677,29.7362,24.3002,185.8968,0.9338,37.4702
nearest,10008,150,11002,105,push milk to the right,push milk to the right,2.3543,-0.9694,8.7697,58.8023,197.7753,0.8135,-68.9514
nearest,10009,10,11011,15,push milk to the right,push milk to the right,2.8338,-0.5615,22.3277,7.9528,204.2949,0.8788,-41.003
nearest,10009,35,1661,120,push milk to the right,milk on pink plate,3.0554,-0.4282,12.2905,25.229,193.4169,0.8803,-140.0624
nearest,10009,40,1661,125,push milk to the right,milk on pink plate,2.824,0.9951,12.3224,18.3868,186.548,0.8824,-146.7637
nearest,10009,45,11015,40,push milk to the right,push milk to the right,2.5796,-0.0866,14.8367,27.8828,194.8312,0.9196,164.1011
nearest,10009,50,11015,45,push milk to the right,push milk to the right,2.3659,0.9434,14.5231,4.7308,147.0808,0.9293,-35.4363
nearest,10009,55,11015,50,push milk to the right,push milk to the right,2.2533,0.0639,19.1015,23.9215,148.4637,0.9317,43.6705
nearest,10009,60,11012,55,push milk to the right,push milk to the right,2.1683,0.9997,22.5464,37.2223,176.0473,0.9412,-0.773
nearest,10009,70,11012,60,push milk to the right,push milk to the right,2.1112,-0.9424,6.4175,6.1113,195.1454,0.9476,164.9085
nearest,10009,85,11009,80,push milk to the right,push milk to the right,2.0299,0.902,6.8609,28.9514,186.484,0.9422,98.6306
nearest,10009,90,11009,85,push milk to the right,push milk to the right,2.1539,-0.1125,13.6134,14.9863,200.9059,0.9259,42.8701
nearest,10009,95,11009,90,push milk to the right,push milk to the right,2.1983,0.9911,10.4473,8.2596,196.366,0.889,46.0643
nearest,12000,20,13009,15,banana in black bowl (new background),banana in black bowl (new background),2.6033,-0.9942,9.2981,9.6199,181.9075,0.9086,-101.3756
nearest,12000,30,858,155,banana in black bowl (new background),banana in black bowl,2.6612,-0.3205,15.9004,18.3969,198.4347,0.8588,-160.4008
nearest,12000,40,858,160,banana in black bowl (new background),banana in black bowl,2.0685,0.2232,26.6765,18.4516,156.1693,0.896,-162.393
nearest,12000,45,13001,140,banana in black bowl (new background),banana in black bowl (new background),1.8725,0.8268,17.0694,7.3948,188.5796,0.9186,-152.1047
nearest,12000,50,13001,140,banana in black bowl (new background),banana in black bowl (new background),1.5716,0.884,15.0428,7.3948,172.698,0.9389,-157.394
nearest,12000,60,13001,75,banana in black bowl (new background),banana in black bowl (new background),1.6441,0.8284,14.5156,9.2388,189.7799,0.9311,25.2867
nearest,12000,65,13001,85,banana in black bowl (new background),banana in black bowl (new background),1.8706,0.6456,24.5752,10.4958,164.9476,0.9236,24.0309
nearest,12000,70,13048,65,banana in black bowl (new background),banana in black bowl (new background),2.102,-0.7922,14.9588,12.663,198.2908,0.9246,-131.0788
nearest,12000,95,13036,60,banana in black bowl (new background),banana in black bowl (new background),1.9838,0.8449,6.3047,7.2172,193.3116,0.9437,-151.0883
nearest,12001,15,13028,5,banana in black bowl (new background),banana in black bowl (new background),2.7741,-0.7474,19.307,6.521,176.2552,0.8763,46.7051
nearest,12001,20,13009,15,banana in black bowl (new background),banana in black bowl (new background),2.9055,-0.9884,17.3373,9.6199,169.4825,0.8906,28.4708
nearest,12001,35,858,160,banana in black bowl (new background),banana in black bowl,2.4238,0.9954,14.4764,18.4516,167.7544,0.8835,148.3601
nearest,12001,40,858,160,banana in black bowl (new background),banana in black bowl,2.1819,0.7866,11.0223,18.4516,171.1769,0.8981,136.7027
nearest,12001,45,13001,140,banana in black bowl (new background),banana in black bowl (new background),1.9209,0.6584,30.4696,7.3948,164.6553,0.9274,-136.2964
nearest,12001,50,13001,140,banana in black bowl (new background),banana in black bowl (new background),1.7344,0.637,21.2794,7.3948,165.5465,0.9431,-138.1021
nearest,12001,65,13001,85,banana in black bowl (new background),banana in black bowl (new background),2.1308,0.3065,26.9408,10.4958,161.3665,0.8779,42.4089
nearest,12001,75,13014,65,banana in black bowl (new background),banana in black bowl (new background),2.8343,0.2168,11.356,27.561,188.6995,0.8599,174.7547
nearest,12001,110,13040,90,banana in black bowl (new background),banana in black bowl (new background),2.1369,0.5009,19.1936,3.413,190.3147,0.909,-37.8693
nearest,12002,15,13002,10,banana in black bowl (new background),banana in black bowl (new background),2.4484,0.0249,15.2554,4.1199,192.0569,0.8261,160.1784
nearest,12002,20,13009,5,banana in black bowl (new background),banana in black bowl (new background),2.601,0.7293,17.2357,13.2549,184.4377,0.8729,165.9438
nearest,12002,25,13015,0,banana in black bowl (new background),banana in black bowl (new background),2.7638,0.2847,19.7103,10.4307,195.7824,0.9187,135.0211
nearest,12002,40,858,155,banana in black bowl (new background),banana in black bowl,2.8752,0.771,16.4937,18.3969,202.7351,0.8671,169.6995
nearest,12002,50,858,160,banana in black bowl (new background),banana in black bowl,2.3872,0.4689,18.2095,18.4516,201.543,0.9133,-178.4203
nearest,12002,55,858,160,banana in black bowl (new background),banana in black bowl,2.232,-0.0393,31.3657,18.4516,173.241,0.9069,-147.9946
nearest,12002,60,13001,140,banana in black bowl (new background),banana in black bowl (new background),2.0998,0.5993,37.369,7.3948,184.395,0.915,-131.0454
nearest,12002,75,13030,35,banana in black bowl (new background),banana in black bowl (new background),2.2769,0.9186,24.8095,13.831,170.1891,0.8833,76.0269
nearest,12002,80,13030,40,banana in black bowl (new background),banana in black bowl (new background),2.6446,0.9296,28.2305,29.3526,158.3787,0.8668,59.6036
nearest,12002,100,13040,75,banana in black bowl (new background),banana in black bowl (new background),3.3718,-0.9848,21.1243,4.7446,160.18,0.8571,23.831
nearest,12002,115,13040,90,banana in black bowl (new background),banana in black bowl (new background),2.3863,-0.2933,12.6406,3.413,199.1332,0.894,-77.3649
nearest,12003,10,13009,10,banana in black bowl (new background),banana in black bowl (new background),2.6063,0.5835,24.0197,10.7382,196.7666,0.8927,162.8982
nearest,12003,15,13000,5,banana in black bowl (new background),banana in black bowl (new background),2.9503,0.822,16.3888,22.2893,169.1495,0.9197,24.9135
nearest,12003,20,13015,10,banana in black bowl (new background),banana in black bowl (new background),3.0816,-0.4892,12.5114,7.0413,167.5999,0.9205,38.8986
nearest,12003,30,858,160,banana in black bowl (new background),banana in black bowl,2.926,-0.7866,13.3151,18.4516,200.7697,0.8635,-163.3486
nearest,12003,35,858,160,banana in black bowl (new background),banana in black bowl,2.5817,-0.7745,15.939,18.4516,161.1556,0.887,-150.4126
nearest,12003,40,858,165,banana in black bowl (new background),banana in black bowl,2.4391,0.1967,19.478,12.3226,159.9893,0.8728,-98.7538
nearest,12003,45,13001,145,banana in black bowl (new background),banana in black bowl (new background),2.0944,0.9429,21.7218,4.8044,190.6192,0.9052,-156.2116
nearest,12003,50,13001,75,banana in black bowl (new background),banana in black bowl (new background),2.1837,0.6846,16.5582,9.2388,173.3315,0.8692,76.61
nearest,12003,80,13040,75,banana in black bowl (new background),banana in black bowl (new background),2.7315,0.9801,18.0964,4.7446,198.7382,0.9115,-134.2001
nearest,12003,85,13040,85,banana in black bowl (new background),banana in black bowl (new background),2.4946,-0.3722,21.1099,14.868,193.2308,0.9029,169.0921
nearest,12004,20,13009,10,banana in black bowl (new background),banana in black bowl (new background),2.8062,-0.3467,26.8253,10.7382,203.6787,0.8994,-72.134
nearest,12004,25,13015,10,banana in black bowl (new background),banana in black bowl (new background),2.8642,-0.0881,21.3648,7.0413,174.9812,0.9199,47.7025
nearest,12004,30,13009,20,banana in black bowl (new background),banana in black bowl (new background),2.9473,0.9661,19.713,20.9164,185.1261,0.9275,18.5546
nearest,12004,40,858,160,banana in black bowl (new background),banana in black bowl,2.5917,-0.8219,10.3839,18.4516,171.5831,0.8954,-178.3952
nearest,12004,50,13001,140,banana in black bowl (new background),banana in black bowl (new background),2.1236,0.799,36.6729,7.3948,198.3427,0.9292,-145.1584
nearest,12004,55,13001,145,banana in black bowl (new background),banana in black bowl (new background),2.1009,0.986,10.3822,4.8044,195.3986,0.922,-146.8068
nearest,12004,60,13001,75,banana in black bowl (new background),banana in black bowl (new background),2.1748,0.9939,21.5314,9.2388,164.8582,0.8856,50.6411
nearest,12004,70,13048,65,banana in black bowl (new background),banana in black bowl (new background),2.3722,0.6671,11.9388,12.663,196.5231,0.9099,167.3361
nearest,12004,90,13048,85,banana in black bowl (new background),banana in black bowl (new background),2.4603,0.3722,21.2052,15.9026,198.8246,0.922,176.3224
nearest,12004,95,13009,90,banana in black bowl (new background),banana in black bowl (new background),2.2418,0.0653,9.5081,25.1165,194.1002,0.9357,-173.5387
nearest,12005,25,13038,15,banana in black bowl (new background),banana in black bowl (new background),2.5549,-0.7555,20.7425,6.9296,203.2089,0.8896,164.7842
nearest,12005,45,858,165,banana in black bowl (new background),banana in black bowl,2.0687,0.9494,8.805,12.3226,199.5811,0.9027,-140.9128
nearest,12005,65,13030,35,banana in black bowl (new background),banana in black bowl (new background),2.1818,0.9142,32.7978,13.831,180.3427,0.8721,74.1447
nearest,12005,90,13014,80,banana in black bowl (new background),banana in black bowl (new background),3.1223,-0.914,9.476,8.7536,196.8622,0.8657,132.9312
nearest,12006,55,858,160,banana in black bowl (new background),banana in black bowl,2.3169,-0.906,17.8479,18.4516,186.6985,0.8918,-136.0158
nearest,12006,60,858,165,banana in black bowl (new background),banana in black bowl,2.092,0.9764,23.1074,12.3226,170.9044,0.8841,-140.3866
nearest,12006,75,13040,50,banana in black bowl (new background),banana in black bowl (new background),2.0286,0.9603,27.8734,12.0886,173.2217,0.9134,41.4916
nearest,12006,80,13040,55,banana in black bowl (new background),banana in black bowl (new background),1.9774,-0.6769,24.6338,6.8707,181.2801,0.9233,139.6977
nearest,12006,90,13048,70,banana in black bowl (new background),banana in black bowl (new background),2.3399,0.0328,15.4338,10.3256,172.3971,0.9376,135.9413
nearest,12006,105,13036,60,banana in black bowl (new background),banana in black bowl (new background),2.0557,-0.7377,24.6187,7.2172,177.3467,0.9307,-42.774
nearest,12006,110,13036,65,banana in black bowl (new background),banana in black bowl (new background),1.8467,-0.6807,10.4675,21.7753,191.0239,0.9302,-123.9556
nearest,12007,50,858,160,banana in black bowl (new background),banana in black bowl,2.1232,0.6186,27.5236,18.4516,182.1129,0.8959,-177.8436
nearest,12007,55,858,165,banana in black bowl (new background),banana in black bowl,2.0244,0.8812,19.8874,12.3226,178.1185,0.8994,-166.0139
nearest,12007,70,13001,75,banana in black bowl (new background),banana in black bowl (new background),1.8603,0.9621,23.1076,9.2388,201.1063,0.9108,57.5331
nearest,12007,95,13035,70,banana in black bowl (new background),banana in black bowl (new background),2.7622,-0.5579,25.9901,5.0353,154.6106,0.8727,-6.8121
nearest,12008,10,13014,10,banana in black bowl (new background),banana in black bowl (new background),2.0141,0.8911,11.6263,12.4371,188.4814,0.9114,-158.8995
nearest,12008,15,13040,5,banana in black bowl (new background),banana in black bowl (new background),2.1258,0.7193,23.4361,2.9396,167.1535,0.9081,174.3797
nearest,12008,20,13009,15,banana in black bowl (new background),banana in black bowl (new background),2.3122,0.983,27.0099,9.6199,174.9878,0.9265,-178.6296
nearest,12008,25,11006,25,banana in black bowl (new background),push milk to the right,2.3258,0.0479,17.1185,6.9073,203.1647,0.9191,-20.5123
nearest,12008,30,11006,35,banana in black bowl (new background),push milk to the right,2.332,-0.0275,15.4715,10.8477,200.3157,0.8973,-23.9042
nearest,12008,35,11006,40,banana in black bowl (new background),push milk to the right,2.2526,-0.4366,18.7498,15.9054,164.5669,0.9067,-21.194
nearest,12008,40,13001,140,banana in black bowl (new background),banana in black bowl (new background),2.1258,0.9233,25.4964,7.3948,173.5663,0.9113,-158.6036
nearest,12008,45,13001,140,banana in black bowl (new background),banana in black bowl (new background),1.8697,0.967,21.375,7.3948,187.5165,0.9287,-165.1855
nearest,12008,50,13001,145,banana in black bowl (new background),banana in black bowl (new background),1.7643,0.9374,18.8682,4.8044,182.9949,0.9495,-156.5323
nearest,12008,60,13001,85,banana in black bowl (new background),banana in black bowl (new background),1.9592,0.4502,32.0123,10.4958,148.1068,0.919,37.5172
nearest,12009,40,858,160,banana in black bowl (new background),banana in black bowl,2.7396,-0.8868,11.5347,18.4516,167.9415,0.8935,-176.2569
nearest,12009,45,858,165,banana in black bowl (new background),banana in black bowl,2.3509,0.972,23.4518,12.3226,183.3035,0.9005,-139.6121
nearest,12009,50,858,165,banana in black bowl (new background),banana in black bowl,2.1301,0.9863,22.4139,12.3226,186.0219,0.8974,-142.4013
nearest,12009,55,13001,145,banana in black bowl (new background),banana in black bowl (new background),1.9004,0.997,12.6049,4.8044,179.8922,0.9524,-137.0389
nearest,12009,65,13001,85,banana in black bowl (new background),banana in black bowl (new background),1.9749,0.5493,27.6195,10.4958,161.1373,0.9269,30.5446
random,662,175,1686,140,salt on pink plate,salt on pink plate,,0.8834,6.5631,13.1544,,,
random,582,230,844,45,milk on pink plate,banana in black bowl,,-0.6294,5.6116,7.2146,,,
random,538,220,790,150,banana in black bowl,banana in cardboard box,,-0.4289,5.7771,9.9747,,,
random,495,60,785,0,banana in cardboard box,banana in cardboard box,,0.3695,25.3828,7.9486,,,
random,513,70,11025,10,banana in cardboard box,push milk to the right,,-0.2416,28.9029,13.962,,,
random,615,70,13012,30,milk on pink plate,banana in black bowl (new background),,0.9746,13.0001,20.9387,,,
random,581,85,1678,30,milk on pink plate,salt on pink plate,,0.7317,30.6103,19.1919,,,
random,12001,45,1713,135,banana in black bowl (new background),salt on pink plate,,0.9978,30.4696,3.8446,,,
random,611,65,1659,125,milk on pink plate,milk on pink plate,,0.1534,23.9652,22.3093,,,
random,594,65,13021,45,milk on pink plate,banana in black bowl (new background),,-0.621,25.3981,14.0323,,,
random,532,75,11026,25,banana in black bowl,push milk to the right,,-0.9756,38.4555,17.4255,,,
random,620,145,781,130,milk on pink plate,banana in cardboard box,,-0.8724,27.1581,7.7584,,,
random,557,165,11043,50,banana in black bowl,push milk to the right,,0.4537,24.1949,21.3894,,,
random,592,195,788,160,milk on pink plate,banana in cardboard box,,-0.5671,6.0669,4.0193,,,
random,643,10,1713,145,salt on pink plate,salt on pink plate,,-0.7877,10.9341,10.163,,,
random,661,185,822,190,salt on pink plate,banana in cardboard box,,0.4521,8.0813,11.02,,,
random,497,200,11045,75,banana in cardboard box,push milk to the right,,-0.9933,5.1758,38.0921,,,
random,485,60,1659,20,banana in cardboard box,milk on pink plate,,0.031,12.2033,10.6354,,,
random,496,40,851,60,banana in cardboard box,banana in black bowl,,0.3194,2.1603,7.9818,,,
random,576,120,1622,60,banana in black bowl,milk on pink plate,,-0.3347,12.336,10.6966,,,
random,559,140,787,125,banana in black bowl,banana in cardboard box,,0.5777,3.3747,10.5369,,,
random,482,25,810,130,banana in cardboard box,banana in cardboard box,,0.1799,10.8122,21.4247,,,
random,482,170,1696,95,banana in cardboard box,salt on pink plate,,0.998,10.0837,10.121,,,
random,586,30,1689,140,milk on pink plate,salt on pink plate,,0.9295,8.1868,16.5197,,,
random,528,185,1680,140,banana in cardboard box,salt on pink plate,,0.492,1.3819,7.4128,,,
random,642,140,872,80,salt on pink plate,banana in black bowl,,-0.7034,2.4748,20.5608,,,
random,571,205,13048,120,banana in black bowl,banana in black bowl (new background),,-0.6128,2.4063,3.3449,,,
random,652,125,13041,110,salt on pink plate,banana in black bowl (new background),,-0.5078,8.4941,5.1464,,,
random,554,75,1701,10,banana in black bowl,salt on pink plate,,-0.8087,17.5944,4.4762,,,
random,10004,90,1690,140,push milk to the right,salt on pink plate,,0.5551,4.194,18.854,,,
random,660,80,1701,150,salt on pink plate,salt on pink plate,,0.549,22.184,7.5353,,,
random,628,75,873,110,milk on pink plate,banana in black bowl,,-0.9295,28.4073,13.9362,,,
random,667,220,813,65,salt on pink plate,banana in cardboard box,,-0.9454,10.7699,14.3119,,,
random,598,185,1711,60,milk on pink plate,salt on pink plate,,-0.3685,9.9271,2.7515,,,
random,661,135,1654,80,salt on pink plate,milk on pink plate,,0.9194,36.8054,18.8336,,,
random,553,105,854,60,banana in black bowl,banana in black bowl,,-0.9827,18.4365,16.5422,,,
random,564,25,1641,150,banana in black bowl,milk on pink plate,,-0.5966,34.1663,12.2352,,,
random,631,205,13004,45,salt on pink plate,banana in black bowl (new background),,-0.0822,6.4818,17.405,,,
random,494,200,13020,105,banana in cardboard box,banana in black bowl (new background),,0.9884,12.5067,7.5652,,,
random,587,125,865,165,milk on pink plate,banana in black bowl,,0.2338,7.0637,17.2018,,,
random,621,30,1667,85,milk on pink plate,milk on pink plate,,0.6972,6.6775,15.4421,,,
random,528,50,857,30,banana in cardboard box,banana in black bowl,,-0.0185,18.3244,9.827,,,
random,632,20,1674,55,salt on pink plate,salt on pink plate,,-0.3099,6.8758,23.3014,,,
random,581,140,860,145,milk on pink plate,banana in black bowl,,0.9641,17.1981,7.6761,,,
random,641,200,874,60,salt on pink plate,banana in black bowl,,-0.5897,3.7328,22.9895,,,
random,543,45,13004,80,banana in black bowl,banana in black bowl (new background),,-0.6591,5.3692,15.2356,,,
random,529,255,834,60,banana in cardboard box,banana in black bowl,,-0.0805,19.4186,10.8204,,,
random,630,190,1682,150,milk on pink plate,salt on pink plate,,0.3789,1.2094,4.7323,,,
random,489,265,800,160,banana in cardboard box,banana in cardboard box,,-0.7986,19.1209,0.9668,,,
random,553,190,11033,20,banana in black bowl,push milk to the right,,0.9962,12.6986,50.7753,,,
random,559,20,11012,85,banana in black bowl,push milk to the right,,0.9704,16.0644,14.8786,,,
random,540,175,837,35,banana in black bowl,banana in black bowl,,0.8178,27.923,13.771,,,
random,649,70,13000,45,salt on pink plate,banana in black bowl (new background),,0.9963,19.4351,14.903,,,
random,495,250,794,135,banana in cardboard box,banana in cardboard box,,0.0223,9.5854,3.0768,,,
random,620,170,860,55,milk on pink plate,banana in black bowl,,0.2871,12.7358,6.6834,,,
random,597,125,817,0,milk on pink plate,banana in cardboard box,,0.5872,13.4131,9.1258,,,
random,664,175,1630,45,salt on pink plate,milk on pink plate,,-0.9863,4.8827,47.4701,,,
random,672,65,11017,20,salt on pink plate,push milk to the right,,-0.0748,17.3306,23.2055,,,
random,628,140,835,25,milk on pink plate,banana in black bowl,,0.3468,2.6426,2.1471,,,
random,643,110,793,65,salt on pink plate,banana in cardboard box,,-0.9992,30.8836,7.661,,,
random,596,150,877,80,milk on pink plate,banana in black bowl,,0.9996,8.7833,14.6582,,,
random,12008,135,827,200,banana in black bowl (new background),banana in cardboard box,,0.9972,9.7765,16.3814,,,
random,10003,80,802,80,push milk to the right,banana in cardboard box,,-0.998,10.0825,26.8113,,,
random,609,20,1669,150,milk on pink plate,milk on pink plate,,0.3721,12.0693,5.0805,,,
random,673,35,851,10,salt on pink plate,banana in black bowl,,0.2423,22.765,10.1651,,,
random,673,180,1697,10,salt on pink plate,salt on pink plate,,-0.5348,7.3323,7.1812,,,
random,671,85,828,30,salt on pink plate,banana in cardboard box,,-0.587,17.886,2.944,,,
random,641,75,13024,45,salt on pink plate,banana in black bowl (new background),,0.5647,25.9196,11.0453,,,
random,489,270,867,125,banana in cardboard box,banana in black bowl,,-0.1761,7.2663,23.8972,,,
random,612,30,806,65,milk on pink plate,banana in cardboard box,,-0.1184,8.766,20.7383,,,
random,582,180,1684,80,milk on pink plate,salt on pink plate,,-0.0128,28.8362,7.4832,,,
random,642,140,13017,85,salt on pink plate,banana in black bowl (new background),,0.8204,2.4748,5.1137,,,
random,561,45,1627,65,banana in black bowl,milk on pink plate,,0.5789,20.0993,7.4115,,,
random,575,10,13029,70,banana in black bowl,banana in black bowl (new background),,0.934,2.6798,24.9294,,,
random,517,20,1646,60,banana in cardboard box,milk on pink plate,,0.378,6.9947,15.7694,,,
random,490,45,1623,20,banana in cardboard box,milk on pink plate,,0.9891,22.0279,9.762,,,
random,10003,25,1682,5,push milk to the right,salt on pink plate,,-0.1951,22.3545,1.4554,,,
random,547,180,13048,15,banana in black bowl,banana in black bowl (new background),,-0.9398,6.1038,22.9084,,,
random,604,100,13027,30,milk on pink plate,banana in black bowl (new background),,-0.9336,15.7855,13.8806,,,
random,484,55,1633,80,banana in cardboard box,milk on pink plate,,0.4502,23.047,19.6117,,,
random,659,55,11001,45,salt on pink plate,push milk to the right,,-0.6611,16.9175,18.0127,,,
random,560,135,1645,85,banana in black bowl,milk on pink plate,,-0.6602,19.907,7.4609,,,
random,563,125,1655,155,banana in black bowl,milk on pink plate,,-0.0596,16.4854,16.0288,,,
random,523,145,11012,20,banana in cardboard box,push milk to the right,,-0.0128,10.5826,30.1701,,,
random,495,175,880,25,banana in cardboard box,banana in black bowl,,-0.6535,11.2232,11.6842,,,
random,533,65,1715,75,banana in black bowl,salt on pink plate,,-0.7581,23.4009,11.1797,,,
random,639,30,1708,110,salt on pink plate,salt on pink plate,,0.23,10.6056,5.1846,,,
random,679,15,13020,10,salt on pink plate,banana in black bowl (new background),,0.8748,6.2285,2.8668,,,
random,515,0,808,125,banana in cardboard box,banana in cardboard box,,-0.1993,13.0088,6.256,,,
random,505,140,1713,115,banana in cardboard box,salt on pink plate,,0.8901,27.9265,5.9376,,,
random,12001,25,13017,100,banana in black bowl (new background),banana in black bowl (new background),,0.5048,19.2104,3.0828,,,
random,620,20,13036,0,milk on pink plate,banana in black bowl (new background),,0.923,26.3199,0.7768,,,
random,667,15,784,120,salt on pink plate,banana in cardboard box,,0.2293,22.566,7.4052,,,
random,503,30,11045,95,banana in cardboard box,push milk to the right,,-0.4764,28.4591,21.6356,,,
random,496,135,13042,10,banana in cardboard box,banana in black bowl (new background),,-0.2221,17.8833,10.7865,,,
random,657,140,13030,85,salt on pink plate,banana in black bowl (new background),,0.0629,5.0441,9.3682,,,
random,550,15,816,140,banana in black bowl,banana in cardboard box,,-0.458,9.8702,12.9449,,,
random,584,40,13038,40,milk on pink plate,banana in black bowl (new background),,1.0,6.7746,8.4912,,,
random,551,140,13004,65,banana in black bowl,banana in black bowl (new background),,-0.6187,14.2385,13.3318,,,
random,555,75,11028,110,banana in black bowl,push milk to the right,,0.9012,28.5562,22.1894,,,
random,523,115,1640,25,banana in cardboard box,milk on pink plate,,-0.514,40.7503,30.4277,,,
random,542,190,835,110,banana in black bowl,banana in black bowl,,0.997,24.9031,20.7266,,,
random,671,220,11020,20,salt on pink plate,push milk to the right,,-0.42,3.6337,13.4017,,,
random,506,245,13016,35,banana in cardboard box,banana in black bowl (new background),,0.8492,10.8138,5.927,,,
random,12001,65,843,65,banana in black bowl (new background),banana in black bowl,,0.9473,26.9408,9.5056,,,
random,564,185,1658,80,banana in black bowl,milk on pink plate,,-0.7155,29.1431,12.5831,,,
random,617,55,1628,10,milk on pink plate,milk on pink plate,,0.074,7.6902,12.4223,,,
random,508,105,13019,55,banana in cardboard box,banana in black bowl (new background),,0.7485,26.4438,21.0474,,,
random,625,125,790,125,milk on pink plate,banana in cardboard box,,-0.0334,18.1652,8.0434,,,
random,654,140,1714,110,salt on pink plate,salt on pink plate,,0.7518,27.7143,7.29,,,
random,514,165,1680,90,banana in cardboard box,salt on pink plate,,0.9938,10.1903,9.642,,,
random,580,200,787,125,banana in black bowl,banana in cardboard box,,-0.9386,20.7626,10.5369,,,
random,679,155,1710,150,salt on pink plate,salt on pink plate,,0.4328,14.5879,11.1212,,,
random,539,85,784,185,banana in black bowl,banana in cardboard box,,0.63,19.957,14.2308,,,
random,498,40,11001,55,banana in cardboard box,push milk to the right,,0.9925,17.8908,9.1774,,,
random,508,140,1650,75,banana in cardboard box,milk on pink plate,,0.9253,23.1776,27.9656,,,
random,673,20,13018,70,salt on pink plate,banana in black bowl (new background),,0.3943,18.8448,16.6354,,,
random,530,170,796,80,banana in cardboard box,banana in cardboard box,,0.9709,25.3362,9.2989,,,
random,579,105,11036,75,banana in black bowl,push milk to the right,,-0.9054,21.4263,21.1093,,,
random,609,85,796,110,milk on pink plate,banana in cardboard box,,-0.6626,35.5132,9.2908,,,
random,615,120,862,45,milk on pink plate,banana in black bowl,,-0.9705,18.9495,12.5108,,,
random,522,230,1624,75,banana in cardboard box,milk on pink plate,,0.9859,5.8096,17.2591,,,
random,667,135,13035,20,salt on pink plate,banana in black bowl (new background),,-0.5187,17.139,33.7727,,,
random,507,30,1665,0,banana in cardboard box,milk on pink plate,,0.2069,6.9675,22.6665,,,
random,642,20,841,145,salt on pink plate,banana in black bowl,,0.9444,16.1144,7.0182,,,
random,531,110,837,145,banana in black bowl,banana in black bowl,,-0.9709,13.925,5.5121,,,
random,519,180,13003,120,banana in cardboard box,banana in black bowl (new background),,-0.3122,17.1143,6.6626,,,
random,521,90,834,0,banana in cardboard box,banana in black bowl,,-0.8663,29.2635,7.3223,,,
random,504,55,810,145,banana in cardboard box,banana in cardboard box,,-0.6257,20.6448,16.1309,,,
random,646,40,848,125,salt on pink plate,banana in black bowl,,0.6666,6.0156,3.4587,,,
random,651,190,1671,70,salt on pink plate,salt on pink plate,,-0.9927,5.3789,34.9801,,,
random,664,105,1662,65,salt on pink plate,milk on pink plate,,0.8047,28.1394,21.2739,,,
random,642,145,11023,75,salt on pink plate,push milk to the right,,0.7367,4.1637,30.8873,,,
random,492,120,1664,65,banana in cardboard box,milk on pink plate,,-0.9023,26.5931,20.4249,,,
random,570,155,848,130,banana in black bowl,banana in black bowl,,0.9849,13.2962,0.896,,,
random,570,45,879,105,banana in black bowl,banana in black bowl,,0.8552,8.5497,16.4413,,,
random,578,195,11027,25,banana in black bowl,push milk to the right,,0.4676,10.0141,5.0961,,,
random,657,45,1683,115,salt on pink plate,salt on pink plate,,-0.4498,22.5908,4.5592,,,
random,629,210,13031,65,milk on pink plate,banana in black bowl (new background),,-0.7288,8.8246,4.3873,,,
random,612,50,868,165,milk on pink plate,banana in black bowl,,-0.3009,24.9179,12.2538,,,
random,496,120,1661,165,banana in cardboard box,milk on pink plate,,0.7181,14.4804,12.7713,,,
random,523,215,1674,35,banana in cardboard box,salt on pink plate,,-0.4378,2.7238,11.3822,,,
random,485,245,11039,85,banana in cardboard box,push milk to the right,,0.7232,5.3674,34.1764,,,
random,10002,150,815,180,push milk to the right,banana in cardboard box,,0.9359,8.7601,7.1172,,,
random,655,175,877,175,salt on pink plate,banana in black bowl,,-0.9078,5.4585,11.3513,,,
random,488,205,13011,35,banana in cardboard box,banana in black bowl (new background),,-0.4792,7.6549,22.2707,,,
random,10001,155,791,20,push milk to the right,banana in cardboard box,,0.0038,11.0314,4.7097,,,
random,602,60,11029,0,milk on pink plate,push milk to the right,,0.9791,21.995,13.7897,,,
random,648,205,880,60,salt on pink plate,banana in black bowl,,-0.0854,4.6125,2.3139,,,
random,664,170,11031,120,salt on pink plate,push milk to the right,,-0.4441,8.6656,6.7137,,,
random,502,5,783,85,banana in cardboard box,banana in cardboard box,,0.9943,2.5556,23.0597,,,
random,499,250,867,120,banana in cardboard box,banana in black bowl,,0.9785,9.243,19.5339,,,
random,501,80,799,100,banana in cardboard box,banana in cardboard box,,-0.7718,27.7467,1.5449,,,
random,528,255,1691,100,banana in cardboard box,salt on pink plate,,-0.9271,19.6345,13.5287,,,
random,585,195,845,45,milk on pink plate,banana in black bowl,,0.5987,11.1273,19.7508,,,
random,10004,105,1706,25,push milk to the right,salt on pink plate,,-0.9912,36.3449,14.6074,,,
random,611,185,13025,5,milk on pink plate,banana in black bowl (new background),,-0.9922,4.8427,5.3121,,,
random,647,190,811,35,salt on pink plate,banana in cardboard box,,-0.2569,6.0359,17.4407,,,
random,487,240,11046,10,banana in cardboard box,push milk to the right,,-0.2083,13.3322,13.2095,,,
random,560,160,794,180,banana in black bowl,banana in cardboard box,,0.7745,8.8979,10.449,,,
random,575,120,871,110,banana in black bowl,banana in black bowl,,-0.7908,24.7823,13.0806,,,
random,565,150,1624,50,banana in black bowl,milk on pink plate,,-0.5409,41.5713,25.1634,,,
random,540,65,1642,135,banana in black bowl,milk on pink plate,,0.5415,4.3266,5.769,,,
random,578,180,13040,5,banana in black bowl,banana in black bowl (new background),,0.0602,7.2309,2.9396,,,
random,625,155,11008,10,milk on pink plate,push milk to the right,,-0.1168,13.7145,9.6638,,,
random,482,160,853,170,banana in cardboard box,banana in black bowl,,-0.9921,26.3421,7.416,,,
random,12004,150,844,45,banana in black bowl (new background),banana in black bowl,,-0.9003,11.1547,7.2146,,,
random,582,175,11045,70,milk on pink plate,push milk to the right,,0.0025,13.2832,40.3399,,,
random,612,145,13001,135,milk on pink plate,banana in black bowl (new background),,0.2841,22.8253,3.0913,,,
random,511,80,1649,125,banana in cardboard box,milk on pink plate,,0.6038,21.1602,13.6159,,,
random,611,240,862,45,milk on pink plate,banana in black bowl,,-0.1903,3.0409,12.5108,,,
random,597,155,13048,5,milk on pink plate,banana in black bowl (new background),,0.7914,6.8347,13.5089,,,
random,636,25,855,130,salt on pink plate,banana in black bowl,,-0.0911,20.4384,5.2586,,,
random,493,5,824,100,banana in cardboard box,banana in cardboard box,,0.8727,16.1755,30.7808,,,
random,531,70,13001,75,banana in black bowl,banana in black bowl (new background),,-0.9759,26.5733,9.2388,,,
random,531,25,11024,90,banana in black bowl,push milk to the right,,-0.6249,12.4986,18.8912,,,
random,531,160,1695,135,banana in black bowl,salt on pink plate,,0.3952,8.7902,0.7166,,,
random,586,85,13031,30,milk on pink plate,banana in black bowl (new background),,0.9392,15.1456,14.0425,,,
random,595,190,13017,15,milk on pink plate,banana in black bowl (new background),,-0.1865,5.9279,14.0202,,,
random,10008,100,1719,65,push milk to the right,salt on pink plate,,0.8371,7.8045,21.5645,,,
random,610,65,11044,85,milk on pink plate,push milk to the right,,0.8252,25.2339,21.832,,,
random,12008,125,838,205,banana in black bowl (new background),banana in black bowl,,0.3179,12.2248,19.3787,,,
random,594,200,814,180,milk on pink plate,banana in cardboard box,,0.8894,11.2221,13.0442,,,
random,500,120,1696,65,banana in cardboard box,salt on pink plate,,0.827,11.7467,20.8721,,,
random,489,220,1709,115,banana in cardboard box,salt on pink plate,,0.8333,20.0429,5.929,,,
random,656,35,820,140,salt on pink plate,banana in cardboard box,,0.9579,11.909,5.8939,,,
random,622,205,875,15,milk on pink plate,banana in black bowl,,-0.4493,5.5551,3.2754,,,
random,671,250,13011,50,salt on pink plate,banana in black bowl (new background),,0.9977,3.5548,33.0101,,,
random,598,120,1664,110,milk on pink plate,milk on pink plate,,0.7631,5.5428,10.4169,,,
random,630,10,1669,55,milk on pink plate,milk on pink plate,,-0.8899,17.5883,9.4497,,,
random,638,70,826,205,salt on pink plate,banana in cardboard box,,0.4621,20.8379,7.4614,,,
random,647,5,1654,110,salt on pink plate,milk on pink plate,,0.3551,3.3693,5.6407,,,
random,639,165,1653,140,salt on pink plate,milk on pink plate,,-0.9835,10.0594,9.6841,,,
random,538,155,801,190,banana in black bowl,banana in cardboard box,,-0.9073,24.0915,4.6728,,,
random,586,20,13042,45,milk on pink plate,banana in black bowl (new background),,-0.9603,16.8525,11.197,,,
random,487,190,1667,80,banana in cardboard box,milk on pink plate,,0.6255,19.3273,8.2966,,,
random,569,35,782,115,banana in black bowl,banana in cardboard box,,-0.6168,6.5387,9.2192,,,
random,590,125,11007,0,milk on pink plate,push milk to the right,,-0.8155,28.1209,24.0345,,,
random,637,75,13040,95,salt on pink plate,banana in black bowl (new background),,-0.5775,18.6318,5.0726,,,
random,587,5,1672,105,milk on pink plate,salt on pink plate,,0.4605,20.7908,9.0304,,,
random,10009,100,856,120,push milk to the right,banana in black bowl,,0.9171,8.1024,10.3566,,,
random,651,20,825,115,salt on pink plate,banana in cardboard box,,0.4512,11.0909,12.3863,,,
random,550,90,1697,35,banana in black bowl,salt on pink plate,,0.1926,18.3346,36.2341,,,
random,599,25,827,35,milk on pink plate,banana in cardboard box,,0.2661,22.0658,7.4691,,,
random,617,175,1669,20,milk on pink plate,milk on pink plate,,0.9009,10.6428,5.0281,,,
random,678,15,1676,130,salt on pink plate,salt on pink plate,,0.9971,27.9558,2.9987,,,
random,669,210,13033,25,salt on pink plate,banana in black bowl (new background),,-0.9966,8.2435,9.2982,,,
random,497,125,798,0,banana in cardboard box,banana in cardboard box,,0.5129,15.1256,7.5189,,,
random,581,35,1646,65,milk on pink plate,milk on pink plate,,-0.9972,10.8024,36.5219,,,
random,593,25,1718,35,milk on pink plate,salt on pink plate,,-0.9553,11.7579,33.8079,,,
random,540,115,823,10,banana in black bowl,banana in cardboard box,,0.9078,14.1844,1.2148,,,
random,622,190,873,65,milk on pink plate,banana in black bowl,,0.8617,7.4794,20.9294,,,
random,680,40,795,120,salt on pink plate,banana in cardboard box,,0.0599,15.5929,6.8886,,,
random,629,155,1712,135,milk on pink plate,salt on pink plate,,-0.6819,11.6343,4.3224,,,
random,531,25,801,135,banana in black bowl,banana in cardboard box,,0.6267,12.4986,13.026,,,
random,540,265,874,225,banana in black bowl,banana in black bowl,,0.6489,32.6048,10.4232,,,
random,12003,100,11049,20,banana in black bowl (new background),push milk to the right,,0.5422,13.8386,17.0883,,,
random,523,200,1637,120,banana in cardboard box,milk on pink plate,,0.6614,8.0823,17.4451,,,
random,603,165,13012,25,milk on pink plate,banana in black bowl (new background),,-0.6723,21.484,6.0339,,,
random,506,15,11004,40,banana in cardboard box,push milk to the right,,0.3252,2.7876,29.922,,,
random,679,50,13013,25,salt on pink plate,banana in black bowl (new background),,0.9424,23.3064,17.9034,,,
random,532,65,811,60,banana in black bowl,banana in cardboard box,,-0.7832,12.4004,14.5056,,,
random,602,80,798,65,milk on pink plate,banana in cardboard box,,0.8338,11.9343,13.7557,,,
random,505,25,797,100,banana in cardboard box,banana in cardboard box,,0.76,9.0606,2.8664,,,
random,519,235,11047,75,banana in cardboard box,push milk to the right,,-0.7509,18.1199,29.3443,,,
random,621,25,1686,0,milk on pink plate,salt on pink plate,,-0.7914,13.8473,12.2715,,,
random,12005,70,1645,45,banana in black bowl (new background),milk on pink plate,,0.254,27.2873,11.8569,,,
random,488,135,819,205,banana in cardboard box,banana in cardboard box,,-0.3257,13.6049,16.7102,,,
random,529,70,1697,95,banana in cardboard box,salt on pink plate,,0.6351,22.6536,14.0781,,,
random,549,80,856,40,banana in black bowl,banana in black bowl,,-0.5132,21.4616,15.2294,,,
random,501,210,1708,100,banana in cardboard box,salt on pink plate,,-0.815,4.6006,3.4246,,,
random,485,185,1633,95,banana in cardboard box,milk on pink plate,,0.3172,2.5137,9.0977,,,
random,638,5,1648,125,salt on pink plate,milk on pink plate,,0.8289,10.5487,13.5306,,,
random,624,100,11013,100,milk on pink plate,push milk to the right,,0.1234,18.214,7.2437,,,
random,522,155,802,175,banana in cardboard box,banana in cardboard box,,-0.9922,31.3319,15.7878,,,
random,491,125,1669,75,banana in cardboard box,milk on pink plate,,-0.0347,15.103,7.0097,,,
random,529,260,827,140,banana in cardboard box,banana in cardboard box,,-0.9901,8.9846,0.8295,,,
random,635,175,11023,0,salt on pink plate,push milk to the right,,-0.9688,8.6308,19.8888,,,
random,10006,15,1642,135,push milk to the right,milk on pink plate,,-0.3041,8.8022,5.769,,,
random,585,100,13045,50,milk on pink plate,banana in black bowl (new background),,0.9463,12.6027,4.6667,,,
random,581,90,824,110,milk on pink plate,banana in cardboard box,,-0.9785,22.941,20.2271,,,
random,528,120,13033,55,banana in cardboard box,banana in black bowl (new background),,-0.9735,25.8737,14.0762,,,
random,489,15,11019,60,banana in cardboard box,push milk to the right,,-0.8488,21.1119,32.4527,,,
random,614,200,1640,85,milk on pink plate,milk on pink plate,,-0.2141,10.8627,14.1432,,,
random,658,200,11025,25,salt on pink plate,push milk to the right,,-0.9767,0.5654,33.6882,,,
random,567,140,1676,160,banana in black bowl,salt on pink plate,,-0.884,12.1272,8.2722,,,
random,642,125,1692,80,salt on pink plate,salt on pink plate,,0.3908,2.3274,14.3935,,,
random,577,125,13012,75,banana in black bowl,banana in black bowl (new background),,-0.2736,10.3991,14.6705,,,
random,669,135,796,40,salt on pink plate,banana in cardboard box,,-0.1635,21.8219,11.1998,,,
random,591,55,11034,5,milk on pink plate,push milk to the right,,-0.9887,23.1,14.9031,,,
random,496,230,871,160,banana in cardboard box,banana in black bowl,,-0.829,32.4308,13.3593,,,
random,582,95,857,205,milk on pink plate,banana in black bowl,,0.2417,16.2866,16.563,,,
random,626,55,13047,105,milk on pink plate,banana in black bowl (new background),,0.0555,20.0784,2.4659,,,
random,550,180,11010,60,banana in black bowl,push milk to the right,,-0.5797,3.5135,15.8196,,,
random,502,180,1641,135,banana in cardboard box,milk on pink plate,,-0.8115,8.2669,25.6817,,,
random,482,25,1622,60,banana in cardboard box,milk on pink plate,,-0.8988,10.8122,10.6966,,,
random,483,195,13000,95,banana in cardboard box,banana in black bowl (new background),,0.5634,7.0599,15.2454,,,
random,12000,145,801,90,banana in black bowl (new background),banana in cardboard box,,-0.7985,0.8314,19.4024,,,
random,655,120,1707,145,salt on pink plate,salt on pink plate,,0.8355,18.3025,17.4815,,,
random,537,100,11013,75,banana in black bowl,push milk to the right,,0.369,24.4321,16.6294,,,
random,10008,115,11018,65,push milk to the right,push milk to the right,,-0.3909,2.4747,22.7873,,,
random,625,145,857,50,milk on pink plate,banana in black bowl,,-0.9251,33.7797,21.921,,,
random,605,50,11017,35,milk on pink plate,push milk to the right,,-0.813,14.6178,25.4579,,,
random,630,210,833,220,milk on pink plate,banana in black bowl,,0.9131,9.3525,18.6465,,,
random,561,150,866,210,banana in black bowl,banana in black bowl,,-0.9858,4.2647,0.6444,,,
random,626,30,880,160,milk on pink plate,banana in black bowl,,-0.9075,11.1624,6.4342,,,
random,563,80,1659,15,banana in black bowl,milk on pink plate,,-0.7291,24.4895,12.4748,,,
random,599,15,808,15,milk on pink plate,banana in cardboard box,,-0.9707,7.9822,10.6601,,,
random,679,35,878,20,salt on pink plate,banana in black bowl,,0.8734,12.9089,7.7943,,,
random,513,80,781,10,banana in cardboard box,banana in cardboard box,,-0.991,14.3422,7.4685,,,
random,566,115,1718,50,banana in black bowl,salt on pink plate,,-0.6469,27.0462,15.461,,,
random,536,95,11041,15,banana in black bowl,push milk to the right,,0.7398,8.7023,10.2192,,,
random,517,195,814,65,banana in cardboard box,banana in cardboard box,,0.1824,6.033,12.0499,,,
random,557,25,1706,80,banana in black bowl,salt on pink plate,,-0.0232,17.8557,12.8171,,,
random,537,40,11028,50,banana in black bowl,push milk to the right,,0.7414,3.8572,6.7689,,,
random,485,5,13042,40,banana in cardboard box,banana in black bowl (new background),,0.0892,9.4118,16.3185,,,
random,489,195,11037,85,banana in cardboard box,push milk to the right,,-0.9904,24.0411,25.5867,,,
random,481,160,1622,130,banana in cardboard box,milk on pink plate,,-0.8213,2.5943,10.712,,,
random,539,50,13041,55,banana in black bowl,banana in black bowl (new background),,-0.9182,70.5126,16.5145,,,
random,616,140,13039,0,milk on pink plate,banana in black bowl (new background),,-0.9147,13.8401,3.8738,,,
random,562,50,1647,85,banana in black bowl,milk on pink plate,,0.8169,18.2569,12.2801,,,
random,581,25,1720,155,milk on pink plate,salt on pink plate,,-0.2057,3.361,8.4399,,,
random,582,140,13012,80,milk on pink plate,banana in black bowl (new background),,-0.9393,19.8425,11.6064,,,
random,516,105,1639,35,banana in cardboard box,milk on pink plate,,0.5146,22.6568,8.5457,,,
random,526,210,11045,105,banana in cardboard box,push milk to the right,,0.3132,8.6147,16.8761,,,
random,506,120,1705,125,banana in cardboard box,salt on pink plate,,0.5671,18.2889,8.8134,,,
random,676,30,849,170,salt on pink plate,banana in black bowl,,0.6189,7.2187,11.8573,,,
random,532,165,11005,0,banana in black bowl,push milk to the right,,0.9738,4.6868,14.8711,,,
random,601,175,1667,45,milk on pink plate,milk on pink plate,,0.1801,13.4472,7.3766,,,
random,669,200,803,40,salt on pink plate,banana in cardboard box,,-0.2249,5.0661,31.1221,,,
random,531,125,874,45,banana in black bowl,banana in black bowl,,0.668,15.6886,28.5013,,,
random,677,80,798,75,salt on pink plate,banana in cardboard box,,-0.9822,19.1138,5.8918,,,
random,570,55,1639,35,banana in black bowl,milk on pink plate,,-0.301,17.0227,8.5457,,,
random,483,220,1623,180,banana in cardboard box,milk on pink plate,,0.7758,3.1366,18.0283,,,
random,615,40,1622,110,milk on pink plate,milk on pink plate,,-0.2992,16.303,14.1904,,,
random,538,110,1671,75,banana in black bowl,salt on pink plate,,0.5564,22.1164,2.5633,,,
random,12004,20,810,55,banana in black bowl (new background),banana in cardboard box,,0.9637,26.8253,17.0047,,,
random,534,70,13020,95,banana in black bowl,banana in black bowl (new background),,-0.7166,29.3046,4.2651,,,
random,536,100,1700,115,banana in black bowl,salt on pink plate,,0.874,2.9553,26.0898,,,
random,548,30,11029,50,banana in black bowl,push milk to the right,,0.8551,2.0286,25.969,,,
