gh,th,gr,tr,task_h,task_r,cos_vs_human,cos_vs_robot_real,min_cos_human,motion_px,ang_human,ang_generated,ang_robot_real,same_task,all_horizontal,score
781,30,486,80,banana in cardboard box,banana in cardboard box,0.0402,-0.6029,-0.2733,23.0558,159.2782,90.4658,-151.5773,True,False,0.0
781,30,524,60,banana in cardboard box,banana in cardboard box,-0.0766,0.3639,-0.7519,32.1083,159.2782,125.9916,168.5049,True,False,0.0
781,30,526,50,banana in cardboard box,banana in cardboard box,0.0403,0.4651,-0.9159,25.9132,159.2782,133.8305,158.4376,True,False,0.0
781,50,523,90,banana in cardboard box,banana in cardboard box,0.0801,-0.7844,-0.3427,4.9395,-28.0111,-142.244,15.91,True,False,0.0
781,50,490,110,banana in cardboard box,banana in cardboard box,0.1205,-0.0261,-0.6253,11.431,-28.0111,-160.9063,25.7065,True,True,0.0
781,50,503,140,banana in cardboard box,banana in cardboard box,0.0064,-0.7807,-0.4065,24.7451,-28.0111,-146.1834,1.0935,True,False,0.0
781,70,523,90,banana in cardboard box,banana in cardboard box,0.7777,-0.2012,0.4953,11.2336,13.0036,24.6403,15.91,True,True,0.0
781,70,490,110,banana in cardboard box,banana in cardboard box,0.4265,0.0738,-0.858,10.7633,13.0036,-137.8472,25.7065,True,False,0.0
781,70,503,140,banana in cardboard box,banana in cardboard box,0.8254,-0.1837,0.6566,21.3268,13.0036,31.9171,1.0935,True,False,0.0
781,100,490,110,banana in cardboard box,banana in cardboard box,0.8383,0.0662,0.7773,12.5934,-29.7963,-14.2299,25.7065,True,True,0.0555
781,100,503,140,banana in cardboard box,banana in cardboard box,0.7418,0.9635,0.7164,16.5816,-29.7963,4.5857,1.0935,True,True,0.7147
781,100,523,90,banana in cardboard box,banana in cardboard box,0.61,0.8385,0.4774,15.2881,-29.7963,8.6048,15.91,True,True,0.5115
782,20,498,130,banana in cardboard box,banana in cardboard box,0.3609,-0.4916,-0.9906,14.2006,-17.7535,151.2046,-1.0368,True,True,0.0
782,20,503,140,banana in cardboard box,banana in cardboard box,0.3197,-0.6368,-0.8956,25.7787,-17.7535,-174.535,1.0935,True,True,0.0
782,20,490,110,banana in cardboard box,banana in cardboard box,0.5574,-0.053,-0.4812,19.7887,-17.7535,-139.7174,25.7065,True,False,0.0
783,140,523,50,banana in cardboard box,banana in cardboard box,0.2398,-0.3775,-0.175,17.668,178.2857,-80.5797,157.9817,True,False,0.0
783,140,486,70,banana in cardboard box,banana in cardboard box,0.5349,0.0672,0.2241,31.4587,178.2857,-110.9111,158.443,True,False,0.0
783,140,495,80,banana in cardboard box,banana in cardboard box,0.5821,0.892,0.3177,28.963,178.2857,-121.5264,-165.7443,True,False,0.0
784,30,523,50,banana in cardboard box,banana in cardboard box,-0.1321,0.191,-0.7496,26.8974,172.6883,-51.3071,157.9817,True,False,0.0
784,30,486,70,banana in cardboard box,banana in cardboard box,0.2443,0.4241,-0.5037,26.0806,172.6883,142.169,158.443,True,False,0.0
784,30,526,50,banana in cardboard box,banana in cardboard box,-0.1703,-0.3911,-0.9661,23.4401,172.6883,100.176,158.4376,True,False,0.0
784,40,523,50,banana in cardboard box,banana in cardboard box,0.6845,0.9487,0.0906,25.5566,179.1869,146.7205,157.9817,True,False,0.0
784,40,486,70,banana in cardboard box,banana in cardboard box,0.6518,0.5243,0.2041,25.1938,179.1869,-98.3025,158.443,True,False,0.0
784,40,526,50,banana in cardboard box,banana in cardboard box,0.9066,0.0504,0.6922,24.7821,179.1869,-178.6236,158.4376,True,True,0.0457
784,50,523,50,banana in cardboard box,banana in cardboard box,0.7753,0.889,0.635,20.2274,-160.7562,-169.7714,157.9817,True,True,0.6892
784,50,486,70,banana in cardboard box,banana in cardboard box,0.8474,0.5653,0.7147,33.221,-160.7562,-132.9619,158.443,True,False,0.0
784,50,526,50,banana in cardboard box,banana in cardboard box,0.8002,0.0931,0.6718,21.1053,-160.7562,-107.9263,158.4376,True,False,0.0
784,60,523,50,banana in cardboard box,banana in cardboard box,-0.0193,-0.5055,-0.8864,9.8336,-156.2932,-49.4788,157.9817,True,False,0.0
784,60,486,70,banana in cardboard box,banana in cardboard box,0.872,0.2697,0.7546,36.7338,-156.2932,-121.1407,158.443,True,False,0.0
784,60,526,50,banana in cardboard box,banana in cardboard box,0.6926,0.2949,0.6331,20.1342,-156.2932,-106.707,158.4376,True,False,0.0
784,80,503,140,banana in cardboard box,banana in cardboard box,0.657,-0.3739,0.2377,11.2813,7.3116,-69.0219,1.0935,True,False,0.0
784,80,490,110,banana in cardboard box,banana in cardboard box,0.8387,0.6434,0.7874,9.0467,7.3116,39.9883,25.7065,True,False,0.0
784,80,523,90,banana in cardboard box,banana in cardboard box,0.8327,-0.0432,0.7354,7.8052,7.3116,35.8733,15.91,True,False,0.0
784,90,523,90,banana in cardboard box,banana in cardboard box,0.9623,0.501,0.9094,11.3802,3.6406,28.1394,15.91,True,True,0.4573
784,90,503,140,banana in cardboard box,banana in cardboard box,0.9652,0.3556,0.919,12.4337,3.6406,-8.2106,1.0935,True,True,0.3432
784,90,498,130,banana in cardboard box,banana in cardboard box,0.5841,0.4644,0.227,13.9808,3.6406,80.4433,-1.0368,True,False,0.0
784,190,523,50,banana in cardboard box,banana in cardboard box,0.3494,0.4042,-0.722,19.1249,177.4903,42.3523,157.9817,True,False,0.0
784,190,486,70,banana in cardboard box,banana in cardboard box,0.827,0.7971,0.5883,26.1624,177.4903,-141.8241,158.443,True,False,0.0
784,190,526,50,banana in cardboard box,banana in cardboard box,0.7398,-0.0275,0.2213,12.4849,177.4903,-104.214,158.4376,True,False,0.0
785,40,523,50,banana in cardboard box,banana in cardboard box,-0.5059,-0.0818,-0.9986,26.8692,161.2276,-54.4949,157.9817,True,False,0.0
785,40,486,70,banana in cardboard box,banana in cardboard box,0.4079,0.5004,-0.7411,19.7472,161.2276,103.0483,158.443,True,False,0.0
785,40,526,50,banana in cardboard box,banana in cardboard box,-0.3364,-0.807,-0.9167,25.0595,161.2276,5.945,158.4376,True,True,0.0
785,70,498,130,banana in cardboard box,banana in cardboard box,0.2439,-0.4119,-0.2393,14.6882,-24.556,-137.9591,-1.0368,True,False,0.0
785,70,503,140,banana in cardboard box,banana in cardboard box,0.0983,-0.8263,-0.4662,29.5284,-24.556,-151.9009,1.0935,True,True,0.0
785,70,523,90,banana in cardboard box,banana in cardboard box,0.2169,-0.7767,-0.3768,20.0059,-24.556,-146.2468,15.91,True,False,0.0
785,100,523,50,banana in cardboard box,banana in cardboard box,0.4606,0.2452,-0.9092,16.9066,174.687,13.7811,157.9817,True,True,0.1129
785,100,486,70,banana in cardboard box,banana in cardboard box,0.8694,0.2615,0.4938,7.5851,174.687,166.3006,158.443,True,True,0.1437
785,100,526,50,banana in cardboard box,banana in cardboard box,0.7086,0.1966,0.026,15.7079,174.687,80.6659,158.4376,True,False,0.0
785,130,523,90,banana in cardboard box,banana in cardboard box,0.495,0.7008,-0.9906,23.0017,-15.4219,0.5094,15.91,True,True,0.3469
785,130,503,140,banana in cardboard box,banana in cardboard box,0.4923,0.9312,-0.9523,26.0109,-15.4219,1.9996,1.0935,True,True,0.4585
785,130,490,110,banana in cardboard box,banana in cardboard box,0.3318,-0.2115,-0.9115,8.7386,-15.4219,-56.1548,25.7065,True,False,0.0
785,160,523,50,banana in cardboard box,banana in cardboard box,0.1367,-0.4088,-0.5974,15.8883,179.9267,-65.4139,157.9817,True,False,0.0
785,160,486,80,banana in cardboard box,banana in cardboard box,0.6202,0.8197,0.42,15.8409,179.9267,-116.1133,-151.5773,True,False,0.0
785,160,495,80,banana in cardboard box,banana in cardboard box,0.6639,0.9279,0.5668,26.698,179.9267,-128.0311,-165.7443,True,False,0.0
786,20,523,50,banana in cardboard box,banana in cardboard box,-0.2813,-0.1905,-0.9506,25.6482,177.34,-18.8317,157.9817,True,True,0.0
786,20,486,70,banana in cardboard box,banana in cardboard box,0.1699,0.4126,-0.6575,20.4166,177.34,93.5987,158.443,True,False,0.0
786,20,526,50,banana in cardboard box,banana in cardboard box,0.0066,-0.4254,-0.9797,21.4201,177.34,14.9202,158.4376,True,True,0.0
786,70,498,130,banana in cardboard box,banana in cardboard box,0.9805,-0.0468,0.9229,9.8279,23.6454,63.3509,-1.0368,True,False,0.0
786,70,503,140,banana in cardboard box,banana in cardboard box,0.9221,-0.4137,0.7137,15.0772,23.6454,85.1627,1.0935,True,False,0.0
786,70,490,110,banana in cardboard box,banana in cardboard box,0.9821,0.1397,0.9592,7.8393,23.6454,57.1214,25.7065,True,False,0.0
786,110,523,50,banana in cardboard box,banana in cardboard box,-0.4564,-0.7592,-0.9998,27.1172,162.4898,-41.5051,157.9817,True,False,0.0
786,110,486,70,banana in cardboard box,banana in cardboard box,0.2563,-0.4295,-0.2909,16.2615,162.4898,-98.0465,158.443,True,False,0.0
786,110,495,80,banana in cardboard box,banana in cardboard box,0.422,0.2544,-0.8705,18.437,162.4898,-145.4111,-165.7443,True,False,0.0
786,120,498,130,banana in cardboard box,banana in cardboard box,0.8912,0.5022,0.6715,4.0333,-0.8378,-17.0459,-1.0368,True,True,0.1504
786,120,503,140,banana in cardboard box,banana in cardboard box,0.9602,0.9682,0.9071,33.122,-0.8378,-2.9761,1.0935,True,True,0.9296
786,120,523,90,banana in cardboard box,banana in cardboard box,0.9703,0.6214,0.9423,20.6653,-0.8378,-0.0643,15.91,True,True,0.603
787,50,498,130,banana in cardboard box,banana in cardboard box,0.3445,-0.3629,-0.9341,13.1439,23.3541,-134.8537,-1.0368,True,False,0.0
787,50,503,140,banana in cardboard box,banana in cardboard box,0.3179,-0.5683,-0.9299,26.5231,23.3541,-134.1831,1.0935,True,False,0.0
787,50,490,110,banana in cardboard box,banana in cardboard box,0.2941,-0.3553,-0.8231,9.107,23.3541,-121.1619,25.7065,True,False,0.0
787,70,498,130,banana in cardboard box,banana in cardboard box,0.5792,-0.1544,-0.578,5.3877,4.3399,142.4748,-1.0368,True,False,0.0
787,70,503,140,banana in cardboard box,banana in cardboard box,0.9503,-0.2206,0.8266,12.712,4.3399,-17.0894,1.0935,True,True,0.0
787,70,523,90,banana in cardboard box,banana in cardboard box,0.9715,-0.0417,0.949,4.9307,4.3399,24.544,15.91,True,True,0.0
787,100,503,140,banana in cardboard box,banana in cardboard box,0.184,0.188,-0.3601,19.9021,-27.68,-141.5897,1.0935,True,False,0.0
787,100,498,130,banana in cardboard box,banana in cardboard box,0.4174,0.4013,0.04,19.337,-27.68,37.6959,-1.0368,True,False,0.0
787,100,523,90,banana in cardboard box,banana in cardboard box,0.707,0.8679,0.4569,15.5674,-27.68,5.7731,15.91,True,True,0.6136
787,110,498,130,banana in cardboard box,banana in cardboard box,0.6439,0.6112,0.3014,11.4326,-11.3944,5.1223,-1.0368,True,True,0.3749
787,110,503,140,banana in cardboard box,banana in cardboard box,0.7926,0.952,0.5377,27.8691,-11.3944,-20.1733,1.0935,True,True,0.7546
787,110,523,90,banana in cardboard box,banana in cardboard box,0.7561,0.776,0.3519,10.6341,-11.3944,9.3558,15.91,True,True,0.52
787,170,523,50,banana in cardboard box,banana in cardboard box,0.1378,0.4132,-0.7925,18.2619,166.0825,129.0035,157.9817,True,False,0.0
787,170,486,70,banana in cardboard box,banana in cardboard box,0.2572,0.4127,-0.852,15.0551,166.0825,161.4107,158.443,True,True,0.1061
787,170,526,50,banana in cardboard box,banana in cardboard box,0.0204,-0.1213,-0.9607,17.1632,166.0825,86.5065,158.4376,True,False,0.0
787,180,523,50,banana in cardboard box,banana in cardboard box,0.1833,0.51,-0.6205,18.5534,156.9783,58.0193,157.9817,True,False,0.0
787,180,486,70,banana in cardboard box,banana in cardboard box,0.3696,0.7868,-0.8071,21.0166,156.9783,-150.9328,158.443,True,True,0.2908
787,180,526,50,banana in cardboard box,banana in cardboard box,-0.1694,-0.2711,-0.7298,15.8645,156.9783,-90.1113,158.4376,True,False,0.0
788,100,498,130,banana in cardboard box,banana in cardboard box,0.7445,0.2694,0.5392,13.5311,12.7495,62.3487,-1.0368,True,False,0.0
788,100,503,140,banana in cardboard box,banana in cardboard box,0.8883,0.945,0.6813,17.993,12.7495,1.3818,1.0935,True,True,0.8394
788,100,490,110,banana in cardboard box,banana in cardboard box,0.8786,0.1037,0.7009,12.578,12.7495,-8.1035,25.7065,True,True,0.0911
789,20,486,70,banana in cardboard box,banana in cardboard box,0.2031,0.6941,-0.8159,13.8106,170.1668,99.4162,158.443,True,False,0.0
789,20,523,50,banana in cardboard box,banana in cardboard box,-0.0551,-0.1541,-0.9997,23.3567,170.1668,-11.1362,157.9817,True,True,0.0
789,20,526,50,banana in cardboard box,banana in cardboard box,-0.1675,-0.8759,-0.9334,19.3019,170.1668,8.5086,158.4376,True,True,0.0
789,80,523,50,banana in cardboard box,banana in cardboard box,0.0311,-0.1914,-0.9406,20.8317,163.7787,-33.8102,157.9817,True,False,0.0
789,80,486,70,banana in cardboard box,banana in cardboard box,0.2928,-0.0239,-0.9128,19.5683,163.7787,-105.4135,158.443,True,False,0.0
789,80,526,50,banana in cardboard box,banana in cardboard box,0.3208,-0.4206,-0.6609,11.4908,163.7787,42.0929,158.4376,True,False,0.0
789,100,526,50,banana in cardboard box,banana in cardboard box,-0.4707,-0.1771,-0.7769,4.6218,175.854,59.8713,158.4376,True,False,0.0
789,100,492,60,banana in cardboard box,banana in cardboard box,-0.1778,-0.6049,-0.9584,15.7761,175.854,79.2027,-163.9377,True,False,0.0
789,100,486,70,banana in cardboard box,banana in cardboard box,-0.0003,-0.6277,-0.5645,22.7666,175.854,-98.6642,158.443,True,False,0.0
789,120,523,50,banana in cardboard box,banana in cardboard box,-0.2229,-0.4994,-0.9513,12.9664,156.3169,-58.2578,157.9817,True,False,0.0
789,120,486,70,banana in cardboard box,banana in cardboard box,0.3676,0.2615,0.0093,34.2775,156.3169,-117.6607,158.443,True,False,0.0
789,120,526,50,banana in cardboard box,banana in cardboard box,-0.1179,0.2879,-0.5177,21.939,156.3169,-96.7586,158.4376,True,False,0.0
790,30,523,50,banana in cardboard box,banana in cardboard box,0.0032,-0.1828,-0.9006,24.8486,162.871,-41.0163,157.9817,True,False,0.0
790,30,486,70,banana in cardboard box,banana in cardboard box,0.7685,0.4886,0.5694,31.4334,162.871,-139.9612,158.443,True,False,0.0
790,30,526,50,banana in cardboard box,banana in cardboard box,0.2125,-0.7653,-0.4063,20.1392,162.871,-81.277,158.4376,True,False,0.0
790,110,523,50,banana in cardboard box,banana in cardboard box,0.4927,0.0487,-0.9727,20.812,157.4365,-16.9488,157.9817,True,True,0.024
790,110,486,70,banana in cardboard box,banana in cardboard box,0.3153,-0.2673,-0.4068,15.8695,157.4365,140.8079,158.443,True,False,0.0
790,110,526,50,banana in cardboard box,banana in cardboard box,0.9502,-0.1284,0.8887,20.4367,157.4365,122.3466,158.4376,True,False,0.0
790,160,523,50,banana in cardboard box,banana in cardboard box,0.1884,-0.3321,-0.7188,13.7623,-162.7321,-84.3243,157.9817,True,False,0.0
790,160,486,70,banana in cardboard box,banana in cardboard box,0.3995,0.4572,-0.2337,27.6471,-162.7321,173.2898,158.443,True,True,0.1827
790,160,495,80,banana in cardboard box,banana in cardboard box,0.4109,0.9411,-0.3099,29.2676,-162.7321,-140.0739,-165.7443,True,False,0.0
790,170,523,50,banana in cardboard box,banana in cardboard box,-0.1579,-0.2376,-0.6636,14.9478,161.5869,-91.4024,157.9817,True,False,0.0
790,170,486,70,banana in cardboard box,banana in cardboard box,0.0647,0.2507,-0.2004,34.3744,161.5869,-122.0723,158.443,True,False,0.0
790,170,495,80,banana in cardboard box,banana in cardboard box,0.019,0.904,-0.2024,30.8559,161.5869,-121.3019,-165.7443,True,False,0.0
791,20,523,50,banana in cardboard box,banana in cardboard box,-0.1592,-0.0849,-0.7934,20.7365,-171.5812,-74.9752,157.9817,True,False,0.0
791,20,486,70,banana in cardboard box,banana in cardboard box,0.1774,0.3538,-0.588,19.9755,-171.5812,158.0585,158.443,True,True,0.0628
791,20,526,50,banana in cardboard box,banana in cardboard box,-0.0452,-0.0288,-0.9815,21.1402,-171.5812,121.0653,158.4376,True,False,0.0
791,50,523,50,banana in cardboard box,banana in cardboard box,-0.3866,-0.7593,-0.9943,8.7227,-155.1052,-1.5627,157.9817,True,True,0.0
791,50,486,70,banana in cardboard box,banana in cardboard box,0.3201,0.649,-0.7395,28.2291,-155.1052,-136.5682,158.443,True,False,0.0
791,50,526,50,banana in cardboard box,banana in cardboard box,0.128,0.1346,-0.2932,19.4245,-155.1052,-89.9941,158.4376,True,False,0.0
792,170,523,50,banana in cardboard box,banana in cardboard box,0.4605,0.5155,-0.3748,12.0255,165.2015,-139.4943,157.9817,True,False,0.0
792,170,486,70,banana in cardboard box,banana in cardboard box,0.5359,0.6167,-0.3585,11.3775,165.2015,-157.3634,158.443,True,True,0.3133
792,170,495,80,banana in cardboard box,banana in cardboard box,0.6377,0.0346,-0.2456,12.043,165.2015,-165.5867,-165.7443,True,True,0.0221
793,200,523,50,banana in cardboard box,banana in cardboard box,0.2406,-0.014,-0.9702,10.9527,-176.8011,149.7043,157.9817,True,False,0.0
793,200,486,70,banana in cardboard box,banana in cardboard box,0.2897,-0.1187,-0.9994,7.3269,-176.8011,172.3856,158.443,True,True,0.0
793,200,495,80,banana in cardboard box,banana in cardboard box,0.2617,-0.0002,-0.806,8.6394,-176.8011,179.526,-165.7443,True,True,0.0
794,30,523,50,banana in cardboard box,banana in cardboard box,0.7042,0.6058,0.5689,32.3397,151.1571,146.3447,157.9817,True,False,0.0
794,30,486,70,banana in cardboard box,banana in cardboard box,0.7336,0.4875,0.5504,28.7593,151.1571,-157.0438,158.443,True,True,0.3576
794,30,526,50,banana in cardboard box,banana in cardboard box,0.3052,0.378,-0.4913,22.1762,151.1571,145.7257,158.4376,True,False,0.0
795,20,523,50,banana in cardboard box,banana in cardboard box,0.2785,0.2611,-0.7872,22.7414,174.7184,-43.4559,157.9817,True,False,0.0
795,20,486,70,banana in cardboard box,banana in cardboard box,0.4945,0.4458,0.1704,21.0302,174.7184,169.7558,158.443,True,True,0.2204
795,20,526,50,banana in cardboard box,banana in cardboard box,-0.357,-0.0039,-0.7691,21.3034,174.7184,100.9272,158.4376,True,False,0.0
795,50,523,50,banana in cardboard box,banana in cardboard box,0.0805,-0.4906,-0.85,7.2189,-162.321,-33.7267,157.9817,True,False,0.0
795,50,486,70,banana in cardboard box,banana in cardboard box,0.3061,0.5693,-0.9774,28.0275,-162.321,-117.1645,158.443,True,False,0.0
795,50,526,50,banana in cardboard box,banana in cardboard box,-0.0081,0.0534,-0.3142,18.9603,-162.321,-86.9673,158.4376,True,False,0.0
795,100,498,130,banana in cardboard box,banana in cardboard box,0.778,0.5263,0.5695,18.815,-13.3771,13.3486,-1.0368,True,True,0.4095
795,100,503,140,banana in cardboard box,banana in cardboard box,0.9464,0.985,0.8104,23.5378,-13.3771,-2.8247,1.0935,True,True,0.9321
795,100,490,110,banana in cardboard box,banana in cardboard box,0.9489,-0.0299,0.8867,18.1666,-13.3771,-22.1906,25.7065,True,True,0.0
795,150,523,50,banana in cardboard box,banana in cardboard box,0.0831,0.2157,-0.9662,9.1334,-173.4217,133.7692,157.9817,True,False,0.0
795,150,486,70,banana in cardboard box,banana in cardboard box,0.4507,0.4194,-0.3131,9.1295,-173.4217,143.9588,158.443,True,False,0.0
795,150,495,80,banana in cardboard box,banana in cardboard box,0.3189,0.0838,-0.2816,10.2749,-173.4217,143.7876,-165.7443,True,False,0.0
795,160,523,50,banana in cardboard box,banana in cardboard box,0.6031,0.9316,0.2487,17.9521,164.5962,162.437,157.9817,True,True,0.5619
795,160,486,70,banana in cardboard box,banana in cardboard box,0.7047,0.9087,0.3675,17.615,164.5962,175.5145,158.443,True,True,0.6403
795,160,495,80,banana in cardboard box,banana in cardboard box,0.5954,0.0586,0.1481,18.9303,164.5962,163.5172,-165.7443,True,True,0.0349
795,170,523,50,banana in cardboard box,banana in cardboard box,0.497,0.7569,-0.1705,22.2427,-167.9428,89.9493,157.9817,True,False,0.0
795,170,486,70,banana in cardboard box,banana in cardboard box,0.8606,0.882,0.533,25.1668,-167.9428,-152.8026,158.443,True,True,0.7591
795,170,526,50,banana in cardboard box,banana in cardboard box,0.2089,-0.3662,-0.1111,16.6536,-167.9428,-89.7899,158.4376,True,False,0.0
796,30,523,50,banana in cardboard box,banana in cardboard box,0.8489,0.7197,0.569,25.1619,150.7505,179.983,157.9817,True,True,0.611
796,30,486,70,banana in cardboard box,banana in cardboard box,0.4339,0.2885,-0.4886,27.3147,150.7505,-90.4224,158.443,True,False,0.0
796,30,526,50,banana in cardboard box,banana in cardboard box,0.8587,0.0379,0.722,21.5274,150.7505,-165.8901,158.4376,True,True,0.0325
796,40,503,140,banana in cardboard box,banana in cardboard box,-0.0715,-0.8282,-0.9816,27.5657,-27.913,-158.8336,1.0935,True,True,0.0
796,40,523,90,banana in cardboard box,banana in cardboard box,-0.0521,-0.5885,-0.9648,7.6238,-27.913,172.8595,15.91,True,True,0.0
796,40,498,130,banana in cardboard box,banana in cardboard box,0.0715,-0.6375,-0.9792,7.9657,-27.913,-159.0003,-1.0368,True,True,0.0
796,160,523,50,banana in cardboard box,banana in cardboard box,0.2923,0.6578,-0.8407,15.2748,167.9303,140.9222,157.9817,True,False,0.0
796,160,486,70,banana in cardboard box,banana in cardboard box,0.4014,0.6596,-0.6482,12.8119,167.9303,173.5657,158.443,True,True,0.2648
796,160,526,50,banana in cardboard box,banana in cardboard box,0.1094,-0.1905,-0.8148,15.8611,167.9303,68.9945,158.4376,True,False,0.0
796,170,523,50,banana in cardboard box,banana in cardboard box,0.2076,0.4213,-0.9441,14.8509,162.9508,8.6977,157.9817,True,True,0.0875
796,170,486,70,banana in cardboard box,banana in cardboard box,0.7504,0.8332,0.6525,20.1282,162.9508,-141.2858,158.443,True,False,0.0
796,170,526,50,banana in cardboard box,banana in cardboard box,-0.0644,-0.5433,-0.8171,11.3203,162.9508,-45.7604,158.4376,True,False,0.0
797,10,523,90,banana in cardboard box,banana in cardboard box,0.8022,0.5263,0.3966,9.2836,18.4481,88.3281,15.91,True,False,0.0
797,10,503,140,banana in cardboard box,banana in cardboard box,0.1596,-0.0959,-0.8373,12.2107,18.4481,139.6194,1.0935,True,False,0.0
797,10,490,110,banana in cardboard box,banana in cardboard box,0.1428,-0.4772,-0.9804,12.2746,18.4481,-169.6682,25.7065,True,True,0.0
797,20,523,50,banana in cardboard box,banana in cardboard box,0.3439,0.7357,-0.9996,27.4227,151.2036,156.4814,157.9817,True,True,0.253
797,20,486,70,banana in cardboard box,banana in cardboard box,0.3651,0.6035,-0.8448,14.7636,151.2036,-151.8742,158.443,True,True,0.2203
797,20,526,50,banana in cardboard box,banana in cardboard box,0.5095,0.2491,0.0849,23.2948,151.2036,-177.847,158.4376,True,True,0.1269
798,60,486,70,banana in cardboard box,banana in cardboard box,0.805,0.7655,0.6907,22.6272,154.8186,-167.3554,158.443,True,True,0.6162
798,60,523,50,banana in cardboard box,banana in cardboard box,0.1868,0.4528,-0.8661,11.9932,154.8186,-133.4489,157.9817,True,False,0.0
798,60,526,50,banana in cardboard box,banana in cardboard box,0.0183,0.1998,-0.2756,19.4379,154.8186,-98.9317,158.4376,True,False,0.0
798,120,523,50,banana in cardboard box,banana in cardboard box,-0.5881,-0.88,-0.9747,27.2922,177.4955,-44.9891,157.9817,True,False,0.0
798,120,486,70,banana in cardboard box,banana in cardboard box,-0.4488,-0.763,-0.9487,28.4218,177.4955,-28.9598,158.443,True,True,0.0
798,120,526,50,banana in cardboard box,banana in cardboard box,-0.273,-0.3181,-0.6402,6.1721,177.4955,58.4094,158.4376,True,False,0.0
798,140,523,50,banana in cardboard box,banana in cardboard box,-0.0501,-0.4434,-0.9848,14.9131,172.3175,-26.3656,157.9817,True,True,0.0
798,140,486,70,banana in cardboard box,banana in cardboard box,0.4592,0.1477,0.1771,27.1499,172.3175,-117.7551,158.443,True,False,0.0
798,140,495,80,banana in cardboard box,banana in cardboard box,0.4669,0.8807,0.1892,27.8346,172.3175,-117.2703,-165.7443,True,False,0.0
799,60,486,70,banana in cardboard box,banana in cardboard box,0.3586,0.5403,0.0474,28.0829,173.4273,-118.111,158.443,True,False,0.0
799,60,523,50,banana in cardboard box,banana in cardboard box,-0.5991,-0.6154,-0.9997,13.7575,173.4273,-21.3596,157.9817,True,True,0.0
799,60,526,50,banana in cardboard box,banana in cardboard box,-0.4185,0.1395,-0.7209,18.7185,173.4273,-90.6235,158.4376,True,False,0.0
799,120,498,130,banana in cardboard box,banana in cardboard box,0.7314,0.4134,0.5674,14.1451,9.8599,-42.9823,-1.0368,True,False,0.0
799,120,503,140,banana in cardboard box,banana in cardboard box,0.727,0.9609,0.5536,30.8872,9.8599,-17.0775,1.0935,True,True,0.6985
799,120,490,110,banana in cardboard box,banana in cardboard box,0.3919,-0.1607,0.0387,10.0893,9.8599,-46.5934,25.7065,True,False,0.0
799,140,523,50,banana in cardboard box,banana in cardboard box,0.0175,-0.375,-0.9708,15.5129,159.1232,-86.211,157.9817,True,False,0.0
799,140,486,70,banana in cardboard box,banana in cardboard box,0.5325,0.188,0.2085,31.8886,159.1232,-120.3247,158.443,True,False,0.0
799,140,495,80,banana in cardboard box,banana in cardboard box,0.5324,0.9027,0.2339,30.0008,159.1232,-121.8188,-165.7443,True,False,0.0
800,80,498,130,banana in cardboard box,banana in cardboard box,0.6169,0.0437,0.3031,12.9637,26.0691,76.2978,-1.0368,True,False,0.0
800,80,503,140,banana in cardboard box,banana in cardboard box,0.7858,-0.1339,0.5604,12.1332,26.0691,38.9475,1.0935,True,False,0.0
800,80,490,110,banana in cardboard box,banana in cardboard box,0.8123,0.5468,0.4857,11.4799,26.0691,38.4589,25.7065,True,False,0.0
800,110,523,50,banana in cardboard box,banana in cardboard box,-0.335,-0.6943,-0.9964,22.7569,-157.7631,-51.2809,157.9817,True,False,0.0
800,110,486,70,banana in cardboard box,banana in cardboard box,0.505,-0.3617,0.3102,24.8799,-157.7631,-83.1868,158.443,True,False,0.0
800,110,526,50,banana in cardboard box,banana in cardboard box,-0.3599,-0.0869,-0.935,7.8827,-157.7631,61.7565,158.4376,True,False,0.0
801,170,523,50,banana in cardboard box,banana in cardboard box,0.5407,0.7786,-0.1382,23.4607,172.6739,-172.8065,157.9817,True,True,0.421
801,170,486,70,banana in cardboard box,banana in cardboard box,0.6217,0.7918,-0.2451,24.2693,172.6739,176.4788,158.443,True,True,0.4923
801,170,495,80,banana in cardboard box,banana in cardboard box,0.639,0.0938,0.0054,24.3248,172.6739,-176.5135,-165.7443,True,True,0.06
801,180,523,50,banana in cardboard box,banana in cardboard box,0.3241,0.3272,-0.9968,17.4079,175.4821,-2.1526,157.9817,True,True,0.106
801,180,486,70,banana in cardboard box,banana in cardboard box,0.7023,0.7313,0.3429,32.6455,175.4821,-133.1954,158.443,True,False,0.0
801,180,526,50,banana in cardboard box,banana in cardboard box,0.1043,-0.5501,-0.5949,15.2532,175.4821,-91.2864,158.4376,True,False,0.0
802,50,523,90,banana in cardboard box,banana in cardboard box,-0.0101,-0.4175,-0.9227,8.4233,-29.3297,170.6029,15.91,True,True,0.0
802,50,503,140,banana in cardboard box,banana in cardboard box,-0.0063,-0.8522,-0.9179,25.3346,-29.3297,-174.791,1.0935,True,True,0.0
802,50,490,110,banana in cardboard box,banana in cardboard box,0.1595,-0.0007,-0.6906,19.1077,-29.3297,-158.0249,25.7065,True,True,0.0
802,100,523,50,banana in cardboard box,banana in cardboard box,0.0746,-0.4695,-0.9998,21.9159,160.0159,-71.0654,157.9817,True,False,0.0
802,100,486,70,banana in cardboard box,banana in cardboard box,-0.2427,-0.2724,-0.9774,20.8803,160.0159,-70.581,158.443,True,False,0.0
802,100,526,50,banana in cardboard box,banana in cardboard box,0.2513,-0.2141,-0.6048,7.3389,160.0159,59.2789,158.4376,True,False,0.0
802,160,523,50,banana in cardboard box,banana in cardboard box,0.3274,0.6444,-0.1664,12.042,155.173,168.3961,157.9817,True,True,0.211
802,160,486,70,banana in cardboard box,banana in cardboard box,0.3538,0.5271,-0.2648,10.6454,155.173,-170.0375,158.443,True,True,0.1654
802,160,526,50,banana in cardboard box,banana in cardboard box,0.2918,-0.262,0.0533,11.6513,155.173,67.4235,158.4376,True,False,0.0
802,170,523,50,banana in cardboard box,banana in cardboard box,0.2666,0.349,-0.9636,13.5156,158.7538,-2.6735,157.9817,True,True,0.093
802,170,486,70,banana in cardboard box,banana in cardboard box,0.685,0.7136,0.4131,19.8578,158.7538,-133.2893,158.443,True,False,0.0
802,170,526,50,banana in cardboard box,banana in cardboard box,0.5033,-0.324,-0.1489,12.0997,158.7538,-99.6108,158.4376,True,False,0.0
803,20,523,90,banana in cardboard box,banana in cardboard box,-0.2205,0.5522,-0.8559,10.0299,-12.5333,117.4653,15.91,True,False,0.0
803,20,503,140,banana in cardboard box,banana in cardboard box,-0.4266,-0.4287,-0.9982,15.8084,-12.5333,119.0634,1.0935,True,False,0.0
803,20,490,110,banana in cardboard box,banana in cardboard box,-0.1143,-0.3865,-0.8153,12.6915,-12.5333,-161.0007,25.7065,True,True,0.0
803,40,498,130,banana in cardboard box,banana in cardboard box,0.4679,-0.4689,-0.7929,8.4553,-16.1257,124.9024,-1.0368,True,False,0.0
803,40,503,140,banana in cardboard box,banana in cardboard box,0.7626,-0.0747,0.595,18.1445,-16.1257,-48.064,1.0935,True,False,0.0
803,40,523,90,banana in cardboard box,banana in cardboard box,0.4073,-0.1116,-0.9838,13.2426,-16.1257,152.1077,15.91,True,True,0.0
803,50,523,90,banana in cardboard box,banana in cardboard box,-0.1368,-0.7939,-0.9999,9.6277,22.0105,-159.7052,15.91,True,True,0.0
803,50,503,140,banana in cardboard box,banana in cardboard box,-0.0993,-0.7599,-0.9735,27.0667,22.0105,-145.4314,1.0935,True,False,0.0
803,50,490,110,banana in cardboard box,banana in cardboard box,-0.1057,-0.1567,-0.9987,12.8498,22.0105,-157.9314,25.7065,True,True,0.0
803,60,523,50,banana in cardboard box,banana in cardboard box,-0.3411,-0.5464,-0.7941,10.9508,170.5285,-54.4633,157.9817,True,False,0.0
803,60,486,70,banana in cardboard box,banana in cardboard box,0.0631,0.625,-0.9883,23.8789,170.5285,-134.7263,158.443,True,False,0.0
803,60,526,50,banana in cardboard box,banana in cardboard box,-0.0305,0.1157,-0.5972,20.6566,170.5285,-89.5681,158.4376,True,False,0.0
803,70,503,140,banana in cardboard box,banana in cardboard box,0.8275,-0.2682,0.3879,16.4923,1.2332,68.1384,1.0935,True,False,0.0
803,70,490,110,banana in cardboard box,banana in cardboard box,0.9006,0.127,0.7457,10.6997,1.2332,22.7329,25.7065,True,True,0.102
803,70,523,90,banana in cardboard box,banana in cardboard box,0.5614,-0.2899,-0.665,7.6601,1.2332,11.8076,15.91,True,True,0.0
803,110,503,140,banana in cardboard box,banana in cardboard box,0.9852,0.9842,0.95,15.1327,-0.8958,11.2209,1.0935,True,True,0.9697
803,110,523,90,banana in cardboard box,banana in cardboard box,0.9794,0.6572,0.9666,14.21,-0.8958,-8.8221,15.91,True,True,0.6436
803,110,498,130,banana in cardboard box,banana in cardboard box,0.8636,0.4771,0.7102,10.5519,-0.8958,11.4945,-1.0368,True,True,0.3623
804,30,523,50,banana in cardboard box,banana in cardboard box,0.0795,-0.1388,-0.899,26.1951,155.2417,-2.6908,157.9817,True,True,0.0
804,30,486,70,banana in cardboard box,banana in cardboard box,0.1242,0.2089,-0.8583,24.7628,155.2417,-59.5328,158.443,True,False,0.0
804,30,526,50,banana in cardboard box,banana in cardboard box,0.2519,-0.1471,-0.5908,25.7958,155.2417,87.8797,158.4376,True,False,0.0
805,100,523,90,banana in cardboard box,banana in cardboard box,0.8605,0.2672,0.6401,4.5567,14.8772,-31.4774,15.91,True,False,0.0
805,100,503,140,banana in cardboard box,banana in cardboard box,0.0212,-0.1571,-0.4833,17.9943,14.8772,-44.7601,1.0935,True,False,0.0
805,100,490,110,banana in cardboard box,banana in cardboard box,0.5718,-0.2922,0.0797,9.777,14.8772,-66.7019,25.7065,True,False,0.0
808,20,523,50,banana in cardboard box,banana in cardboard box,-0.4094,-0.2065,-0.9511,26.8374,152.0177,-13.6722,157.9817,True,True,0.0
808,20,486,70,banana in cardboard box,banana in cardboard box,0.6173,0.471,0.2212,22.1205,152.0177,71.1221,158.443,True,False,0.0
808,20,526,50,banana in cardboard box,banana in cardboard box,-0.2101,-0.3315,-0.6834,20.5886,152.0177,15.2311,158.4376,True,True,0.0
808,140,523,50,banana in cardboard box,banana in cardboard box,-0.0958,-0.3495,-0.7828,14.5117,169.0961,-81.4128,157.9817,True,False,0.0
808,140,486,70,banana in cardboard box,banana in cardboard box,0.4675,0.2424,0.2366,32.1628,169.0961,-124.7952,158.443,True,False,0.0
808,140,495,80,banana in cardboard box,banana in cardboard box,0.4792,0.9233,0.236,30.6472,169.0961,-125.4715,-165.7443,True,False,0.0
809,40,523,50,banana in cardboard box,banana in cardboard box,0.9057,0.5153,0.6362,27.5913,156.226,139.0258,157.9817,True,False,0.0
809,40,486,70,banana in cardboard box,banana in cardboard box,0.7601,0.4348,0.5471,20.588,156.226,-159.9724,158.443,True,True,0.3305
809,40,526,50,banana in cardboard box,banana in cardboard box,0.7779,0.1123,0.4058,20.7613,156.226,-177.4346,158.4376,True,True,0.0874
809,60,523,90,banana in cardboard box,banana in cardboard box,0.1741,-0.8557,-0.4082,7.7923,-17.2815,-137.2928,15.91,True,False,0.0
809,60,490,110,banana in cardboard box,banana in cardboard box,0.2052,-0.1731,-0.2817,13.9972,-17.2815,-129.5653,25.7065,True,False,0.0
809,60,503,140,banana in cardboard box,banana in cardboard box,0.0695,-0.7397,-0.5758,23.6029,-17.2815,-148.357,1.0935,True,False,0.0
809,100,523,90,banana in cardboard box,banana in cardboard box,-0.0249,0.0117,-0.9997,5.7849,-5.0033,-3.5408,15.91,True,True,0.0
809,100,490,110,banana in cardboard box,banana in cardboard box,-0.1092,0.7022,-0.9714,10.6987,-5.0033,55.7736,25.7065,True,False,0.0
809,100,503,140,banana in cardboard box,banana in cardboard box,-0.0887,-0.4396,-0.8278,12.8234,-5.0033,63.2242,1.0935,True,False,0.0
809,110,498,130,banana in cardboard box,banana in cardboard box,0.5415,0.3439,0.1761,16.9216,15.1776,79.9268,-1.0368,True,False,0.0
809,110,503,140,banana in cardboard box,banana in cardboard box,0.7014,0.2394,0.0359,14.7053,15.1776,-8.499,1.0935,True,True,0.1679
809,110,490,110,banana in cardboard box,banana in cardboard box,0.5763,0.0116,-0.2227,13.746,15.1776,102.9385,25.7065,True,False,0.0
809,140,523,50,banana in cardboard box,banana in cardboard box,-0.4055,-0.8959,-0.9413,29.4148,-177.9936,-44.4583,157.9817,True,False,0.0
809,140,486,70,banana in cardboard box,banana in cardboard box,0.1763,-0.5696,-0.4135,26.3432,-177.9936,-73.0952,158.443,True,False,0.0
809,140,526,50,banana in cardboard box,banana in cardboard box,-0.3897,0.167,-0.9982,5.3399,-177.9936,64.0572,158.4376,True,False,0.0
810,40,523,50,banana in cardboard box,banana in cardboard box,0.3075,0.7349,-0.6119,31.8776,-173.3252,133.9403,157.9817,True,False,0.0
810,40,486,70,banana in cardboard box,banana in cardboard box,0.4427,0.2602,-0.3661,25.5495,-173.3252,-130.3172,158.443,True,False,0.0
810,40,526,50,banana in cardboard box,banana in cardboard box,0.4037,0.0752,-0.6495,28.7288,-173.3252,139.5276,158.4376,True,False,0.0
810,80,523,50,banana in cardboard box,banana in cardboard box,0.2123,-0.4184,-0.776,18.1901,179.3668,27.4334,157.9817,True,True,0.0
810,80,486,70,banana in cardboard box,banana in cardboard box,0.3984,0.0668,-0.1426,28.4753,179.3668,-138.6029,158.443,True,False,0.0
810,80,526,50,banana in cardboard box,banana in cardboard box,0.0129,0.0549,-0.5069,19.0969,179.3668,-71.2182,158.4376,True,False,0.0
810,110,523,50,banana in cardboard box,banana in cardboard box,-0.3262,-0.8761,-0.9994,26.7532,-152.3451,-45.5915,157.9817,True,False,0.0
810,110,486,70,banana in cardboard box,banana in cardboard box,0.0254,-0.8163,-0.6141,24.9032,-152.3451,-54.4554,158.443,True,False,0.0
810,110,526,50,banana in cardboard box,banana in cardboard box,-0.5257,-0.3479,-0.9773,5.1987,-152.3451,58.4059,158.4376,True,False,0.0
810,180,523,50,banana in cardboard box,banana in cardboard box,0.1312,0.3074,-0.9462,15.8344,159.3816,119.5114,157.9817,True,False,0.0
810,180,486,70,banana in cardboard box,banana in cardboard box,0.245,0.3217,-0.88,11.8592,159.3816,152.283,158.443,True,True,0.0779
810,180,526,50,banana in cardboard box,banana in cardboard box,-0.0428,-0.2678,-0.7898,15.8853,159.3816,81.4368,158.4376,True,False,0.0
810,190,523,50,banana in cardboard box,banana in cardboard box,0.8008,0.8784,0.4523,18.4395,153.4504,-173.775,157.9817,True,True,0.7034
810,190,486,70,banana in cardboard box,banana in cardboard box,0.9154,0.8912,0.8473,17.9201,153.4504,-174.8609,158.443,True,True,0.8158
810,190,526,50,banana in cardboard box,banana in cardboard box,0.6022,-0.0689,0.2829,15.7211,153.4504,85.7797,158.4376,True,False,0.0
811,50,523,50,banana in cardboard box,banana in cardboard box,0.2595,0.0464,-0.8718,17.0546,-174.315,-103.1901,157.9817,True,False,0.0
811,50,495,80,banana in cardboard box,banana in cardboard box,0.1044,0.9729,-0.643,23.6939,-174.315,-161.9807,-165.7443,True,True,0.1015
811,50,486,80,banana in cardboard box,banana in cardboard box,0.14,0.9312,-0.6214,19.0432,-174.315,170.6897,-151.5773,True,True,0.1304
811,60,523,90,banana in cardboard box,banana in cardboard box,0.8157,-0.2303,0.3619,7.1815,25.71,37.1395,15.91,True,False,0.0
811,60,490,110,banana in cardboard box,banana in cardboard box,0.4313,-0.0488,-0.9662,8.2594,25.71,-140.8719,25.7065,True,False,0.0
811,60,503,140,banana in cardboard box,banana in cardboard box,0.8499,-0.2454,0.5531,16.4532,25.71,50.0182,1.0935,True,False,0.0
811,70,523,50,banana in cardboard box,banana in cardboard box,0.1537,-0.3728,-0.9429,21.8996,163.8708,1.3518,157.9817,True,True,0.0
811,70,486,70,banana in cardboard box,banana in cardboard box,0.0893,-0.2022,-0.8478,21.4354,163.8708,-127.5043,158.443,True,False,0.0
811,70,526,50,banana in cardboard box,banana in cardboard box,0.6122,0.2308,0.1318,15.9885,163.8708,79.466,158.4376,True,False,0.0
812,70,523,50,banana in cardboard box,banana in cardboard box,0.0814,-0.0396,-0.7045,19.1065,-153.6562,-102.1487,157.9817,True,False,0.0
812,70,486,70,banana in cardboard box,banana in cardboard box,0.803,0.2809,0.4861,32.0139,-153.6562,-123.5235,158.443,True,False,0.0
812,70,526,50,banana in cardboard box,banana in cardboard box,0.2806,0.0994,0.0049,19.5005,-153.6562,-67.5096,158.4376,True,False,0.0
812,110,503,140,banana in cardboard box,banana in cardboard box,0.4333,0.6063,0.0278,7.4187,4.4069,-72.8352,1.0935,True,False,0.0
812,110,490,110,banana in cardboard box,banana in cardboard box,0.8515,-0.0296,0.7055,6.5116,4.4069,-29.5567,25.7065,True,True,0.0
812,110,523,90,banana in cardboard box,banana in cardboard box,0.9305,0.8118,0.8719,8.0384,4.4069,20.5092,15.91,True,True,0.506
812,120,523,90,banana in cardboard box,banana in cardboard box,0.9634,0.7147,0.927,27.9048,9.5031,4.0908,15.91,True,True,0.6885
812,120,490,110,banana in cardboard box,banana in cardboard box,0.4213,-0.3198,0.2488,6.519,9.5031,-57.2623,25.7065,True,False,0.0
812,120,503,140,banana in cardboard box,banana in cardboard box,0.9423,0.979,0.8826,28.8007,9.5031,-12.2962,1.0935,True,True,0.9225
813,50,523,50,banana in cardboard box,banana in cardboard box,0.2942,0.7419,-0.3413,22.9722,164.7614,-164.7633,157.9817,True,True,0.2183
813,50,486,70,banana in cardboard box,banana in cardboard box,-0.0327,0.3489,-0.3014,27.5805,164.7614,-110.8412,158.443,True,False,0.0
813,50,526,50,banana in cardboard box,banana in cardboard box,0.0686,0.1654,-0.493,20.4512,164.7614,-98.8486,158.4376,True,False,0.0
813,160,523,50,banana in cardboard box,banana in cardboard box,0.2286,-0.0314,-0.5801,16.9744,-175.5209,-55.2837,157.9817,True,False,0.0
813,160,486,70,banana in cardboard box,banana in cardboard box,-0.0414,0.4382,-0.814,32.2082,-175.5209,-97.4601,158.443,True,False,0.0
813,160,526,50,banana in cardboard box,banana in cardboard box,-0.1907,-0.1235,-0.9968,17.4962,-175.5209,-70.2823,158.4376,True,False,0.0
814,10,498,130,banana in cardboard box,banana in cardboard box,0.324,0.0926,-0.5476,12.2106,-20.9886,72.822,-1.0368,True,False,0.0
814,10,503,140,banana in cardboard box,banana in cardboard box,0.6645,0.4592,-0.2831,13.2309,-20.9886,-7.462,1.0935,True,True,0.3052
814,10,523,90,banana in cardboard box,banana in cardboard box,0.2307,0.5837,-0.6891,8.5018,-20.9886,88.3217,15.91,True,False,0.0
814,60,523,50,banana in cardboard box,banana in cardboard box,-0.4857,-0.2766,-0.6398,19.1862,161.4391,-92.8703,157.9817,True,False,0.0
814,60,486,70,banana in cardboard box,banana in cardboard box,0.323,0.4775,-0.3023,29.6889,161.4391,-115.0499,158.443,True,False,0.0
814,60,526,50,banana in cardboard box,banana in cardboard box,-0.8011,0.1609,-0.9975,17.1122,161.4391,-93.1273,158.4376,True,False,0.0
814,70,503,140,banana in cardboard box,banana in cardboard box,0.4148,-0.271,-0.1792,17.4276,25.3287,-62.3412,1.0935,True,False,0.0
814,70,523,90,banana in cardboard box,banana in cardboard box,0.7017,-0.1203,-0.0654,8.7707,25.3287,30.4266,15.91,True,False,0.0
814,70,490,110,banana in cardboard box,banana in cardboard box,0.7911,0.4881,0.5887,8.2435,25.3287,77.9152,25.7065,True,False,0.0
815,40,503,140,banana in cardboard box,banana in cardboard box,-0.5407,-0.7,-0.9997,23.769,-5.6158,-152.0036,1.0935,True,True,0.0
815,40,498,130,banana in cardboard box,banana in cardboard box,-0.4377,-0.3015,-0.8889,10.317,-5.6158,-133.8036,-1.0368,True,False,0.0
815,40,523,90,banana in cardboard box,banana in cardboard box,-0.4051,-0.7923,-0.8323,8.6341,-5.6158,-120.3815,15.91,True,False,0.0
815,170,523,50,banana in cardboard box,banana in cardboard box,0.3743,0.9217,-0.5562,23.2324,-158.3079,-177.2183,157.9817,True,True,0.345
815,170,486,70,banana in cardboard box,banana in cardboard box,0.0636,0.6598,-0.7792,29.6061,-158.3079,-179.9002,158.443,True,True,0.042
815,170,495,80,banana in cardboard box,banana in cardboard box,-0.0677,0.5925,-1.0,27.4347,-158.3079,-107.1299,-165.7443,True,False,0.0
816,10,523,90,banana in cardboard box,banana in cardboard box,0.5255,0.3735,-0.6301,8.8254,-5.2842,124.4072,15.91,True,False,0.0
816,10,490,110,banana in cardboard box,banana in cardboard box,0.3945,0.0727,-0.9724,11.7389,-5.2842,161.8673,25.7065,True,True,0.0281
816,10,530,120,banana in cardboard box,banana in cardboard box,0.6945,-0.4922,0.1004,6.1247,-5.2842,79.5894,12.2849,True,False,0.0
816,20,523,50,banana in cardboard box,banana in cardboard box,0.4292,-0.1549,-0.9895,27.0032,150.0078,-38.6493,157.9817,True,False,0.0
816,20,486,70,banana in cardboard box,banana in cardboard box,0.3258,0.5135,-0.8845,17.8569,150.0078,-137.0922,158.443,True,False,0.0
816,20,526,50,banana in cardboard box,banana in cardboard box,0.1446,-0.0829,-0.9987,14.5878,150.0078,92.5089,158.4376,True,False,0.0
816,80,523,50,banana in cardboard box,banana in cardboard box,0.3494,-0.1375,-0.9584,19.6973,157.9837,-35.9613,157.9817,True,False,0.0
816,80,486,70,banana in cardboard box,banana in cardboard box,0.1584,-0.5607,-0.9954,21.403,157.9837,-110.6453,158.443,True,False,0.0
816,80,526,50,banana in cardboard box,banana in cardboard box,0.3648,-0.2219,-0.1685,12.8977,157.9837,60.9232,158.4376,True,False,0.0
816,90,523,90,banana in cardboard box,banana in cardboard box,0.2372,0.9043,-0.7601,26.8813,1.0312,44.7367,15.91,True,False,0.0
816,90,530,120,banana in cardboard box,banana in cardboard box,0.3603,-0.4925,-0.3751,12.4583,1.0312,62.3209,12.2849,True,False,0.0
816,90,524,50,banana in cardboard box,banana in cardboard box,-0.2966,-0.3788,-0.8669,8.6656,1.0312,-72.0014,-1.0367,True,False,0.0
816,120,523,50,banana in cardboard box,banana in cardboard box,0.1627,-0.5376,-0.6523,12.9606,-174.6422,-42.5146,157.9817,True,False,0.0
816,120,486,80,banana in cardboard box,banana in cardboard box,0.6139,0.4589,0.5118,11.2255,-174.6422,-117.2334,-151.5773,True,False,0.0
816,120,495,80,banana in cardboard box,banana in cardboard box,0.7186,0.4735,0.4624,18.5377,-174.6422,-156.7648,-165.7443,True,True,0.3403
816,130,523,50,banana in cardboard box,banana in cardboard box,-0.1156,-0.3299,-0.7126,19.0506,-178.8087,-86.5052,157.9817,True,False,0.0
816,130,486,70,banana in cardboard box,banana in cardboard box,0.6176,0.2761,0.3538,21.1534,-178.8087,-131.0564,158.443,True,False,0.0
816,130,495,80,banana in cardboard box,banana in cardboard box,0.7097,0.9718,0.3049,24.8709,-178.8087,-149.7092,-165.7443,True,False,0.0
816,140,523,50,banana in cardboard box,banana in cardboard box,0.2621,-0.486,-0.1959,20.5943,-175.0723,-84.1605,157.9817,True,False,0.0
816,140,486,70,banana in cardboard box,banana in cardboard box,0.63,0.0305,0.3071,26.4861,-175.0723,-126.279,158.443,True,False,0.0
816,140,526,50,banana in cardboard box,banana in cardboard box,0.3299,0.1196,-0.0574,27.6243,-175.0723,-80.7609,158.4376,True,False,0.0
816,190,523,90,banana in cardboard box,banana in cardboard box,0.217,0.5569,-0.7116,4.057,-15.4945,-68.9132,15.91,True,False,0.0
816,190,490,110,banana in cardboard box,banana in cardboard box,0.3687,0.0649,-0.4531,5.8571,-15.4945,-55.0939,25.7065,True,False,0.0
816,190,503,140,banana in cardboard box,banana in cardboard box,0.3905,0.6185,-0.3556,8.7827,-15.4945,-40.5623,1.0935,True,False,0.0
816,200,523,90,banana in cardboard box,banana in cardboard box,0.4334,0.2246,-0.4232,8.5227,-13.0189,-76.9752,15.91,True,False,0.0
816,200,490,110,banana in cardboard box,banana in cardboard box,0.5049,-0.1208,-0.2344,7.965,-13.0189,-73.7487,25.7065,True,False,0.0
816,200,503,140,banana in cardboard box,banana in cardboard box,0.6914,0.7934,0.1345,15.3392,-13.0189,-53.1368,1.0935,True,False,0.0
817,60,486,70,banana in cardboard box,banana in cardboard box,0.7297,0.4103,0.6235,19.9317,174.2164,-134.2988,158.443,True,False,0.0
817,60,523,50,banana in cardboard box,banana in cardboard box,-0.3449,-0.6472,-0.9981,8.5678,174.2164,58.828,157.9817,True,False,0.0
817,60,526,50,banana in cardboard box,banana in cardboard box,0.428,0.198,-0.0201,20.3621,174.2164,-94.5696,158.4376,True,False,0.0
817,70,503,140,banana in cardboard box,banana in cardboard box,0.3323,-0.7614,-0.9674,17.3454,-3.6772,-179.5283,1.0935,True,True,0.0
817,70,498,130,banana in cardboard box,banana in cardboard box,0.5299,-0.1699,-0.3435,12.0951,-3.6772,125.2277,-1.0368,True,False,0.0
817,70,490,110,banana in cardboard box,banana in cardboard box,-0.1077,-0.4248,-0.9967,9.9427,-3.6772,-136.9507,25.7065,True,False,0.0
818,70,523,90,banana in cardboard box,banana in cardboard box,-0.1807,-0.8775,-0.7028,10.9824,-26.6816,-151.9755,15.91,True,True,0.0
818,70,490,110,banana in cardboard box,banana in cardboard box,0.0081,-0.2286,-0.5499,16.7764,-26.6816,-133.5796,25.7065,True,False,0.0
818,70,530,120,banana in cardboard box,banana in cardboard box,-0.1705,0.2728,-0.7146,12.87,-26.6816,-147.596,12.2849,True,False,0.0
818,160,498,130,banana in cardboard box,banana in cardboard box,0.707,0.3597,0.1333,14.275,27.9912,-43.7899,-1.0368,True,False,0.0
818,160,503,140,banana in cardboard box,banana in cardboard box,0.8637,0.9361,0.7323,23.276,27.9912,-4.3721,1.0935,True,True,0.8085
818,160,523,90,banana in cardboard box,banana in cardboard box,0.7812,0.5503,0.6697,22.0473,27.9912,-9.4009,15.91,True,True,0.4299
818,170,523,50,banana in cardboard box,banana in cardboard box,0.3201,-0.6423,0.0751,24.4533,-166.5585,-88.4083,157.9817,True,False,0.0
818,170,486,70,banana in cardboard box,banana in cardboard box,0.4588,-0.4041,0.2309,13.774,-166.5585,-93.2687,158.443,True,False,0.0
818,170,495,80,banana in cardboard box,banana in cardboard box,0.7644,0.6081,0.2946,19.917,-166.5585,-170.9525,-165.7443,True,True,0.4648
818,180,523,50,banana in cardboard box,banana in cardboard box,-0.118,-0.4226,-0.2153,24.9573,178.9366,-89.942,157.9817,True,False,0.0
818,180,486,70,banana in cardboard box,banana in cardboard box,0.3885,0.1524,-0.0052,20.718,178.9366,-123.8091,158.443,True,False,0.0
818,180,495,80,banana in cardboard box,banana in cardboard box,0.5448,0.9763,-0.1133,22.023,178.9366,-169.7549,-165.7443,True,True,0.5319
819,90,498,130,banana in cardboard box,banana in cardboard box,0.6533,0.0185,0.3106,13.0709,6.4364,80.3293,-1.0368,True,False,0.0
819,90,503,140,banana in cardboard box,banana in cardboard box,0.6469,-0.0192,-0.3633,6.3318,6.4364,9.9472,1.0935,True,True,0.0
819,90,490,110,banana in cardboard box,banana in cardboard box,0.7936,0.1925,0.2291,8.8577,6.4364,-68.1921,25.7065,True,False,0.0
819,150,523,50,banana in cardboard box,banana in cardboard box,-0.0477,-0.3299,-0.997,17.952,162.1546,-69.6322,157.9817,True,False,0.0
819,150,486,70,banana in cardboard box,banana in cardboard box,0.4677,0.2107,0.1016,30.2605,162.1546,-118.0771,158.443,True,False,0.0
819,150,526,50,banana in cardboard box,banana in cardboard box,0.2287,0.1527,-0.5093,22.8046,162.1546,-81.6312,158.4376,True,False,0.0
819,160,523,50,banana in cardboard box,banana in cardboard box,0.0551,-0.3494,-0.9725,14.5724,158.0152,-7.138,157.9817,True,True,0.0
819,160,486,70,banana in cardboard box,banana in cardboard box,0.552,0.2437,0.1606,26.1091,158.0152,-119.857,158.443,True,False,0.0
819,160,526,50,banana in cardboard box,banana in cardboard box,0.4662,0.3208,-0.0088,21.4142,158.0152,-110.1132,158.4376,True,False,0.0
819,220,498,130,banana in cardboard box,banana in cardboard box,0.666,0.0452,-0.0163,9.6712,12.5558,-66.1258,-1.0368,True,False,0.0
819,220,503,140,banana in cardboard box,banana in cardboard box,0.704,0.7859,0.2229,14.715,12.5558,-52.3178,1.0935,True,False,0.0
819,220,523,90,banana in cardboard box,banana in cardboard box,0.6235,0.0894,-0.117,9.2301,12.5558,-71.9112,15.91,True,False,0.0
821,50,523,50,banana in cardboard box,banana in cardboard box,-0.2792,-0.4429,-0.9963,17.8603,171.5074,-19.4164,157.9817,True,True,0.0
821,50,486,70,banana in cardboard box,banana in cardboard box,0.1953,0.6208,-0.8121,28.2033,171.5074,-140.4044,158.443,True,False,0.0
821,50,526,50,banana in cardboard box,banana in cardboard box,-0.335,0.1186,-0.9948,20.3344,171.5074,-90.8392,158.4376,True,False,0.0
822,30,523,50,banana in cardboard box,banana in cardboard box,-0.5629,-0.6336,-0.94,32.8063,-176.7868,-16.8784,157.9817,True,True,0.0
822,30,486,70,banana in cardboard box,banana in cardboard box,0.128,0.6842,-0.6821,25.3964,-176.7868,-164.1831,158.443,True,True,0.0875
822,30,526,50,banana in cardboard box,banana in cardboard box,0.2501,0.0892,-0.9912,23.2288,-176.7868,-105.6938,158.4376,True,False,0.0
822,70,498,130,banana in cardboard box,banana in cardboard box,-0.4816,-0.3787,-0.8823,14.1378,21.0189,-136.0607,-1.0368,True,False,0.0
822,70,503,140,banana in cardboard box,banana in cardboard box,-0.5225,-0.6896,-0.9354,27.7208,21.0189,-131.9904,1.0935,True,False,0.0
822,70,490,110,banana in cardboard box,banana in cardboard box,-0.4192,-0.2676,-0.8256,20.0274,21.0189,-129.7994,25.7065,True,False,0.0
822,130,518,130,banana in cardboard box,banana in cardboard box,0.4748,-0.3421,-0.9441,15.7265,-176.9402,14.7434,150.4408,True,True,0.0
822,130,495,80,banana in cardboard box,banana in cardboard box,0.7145,-0.3353,-0.0602,19.2516,-176.9402,176.0077,-165.7443,True,True,0.0
822,130,486,150,banana in cardboard box,banana in cardboard box,0.4924,-0.135,-0.6509,11.5888,-176.9402,44.8829,-167.1484,True,False,0.0
822,170,523,110,banana in cardboard box,banana in cardboard box,0.0716,-0.0469,-0.2292,14.1534,8.7636,-92.6318,-13.0637,True,False,0.0
822,170,516,150,banana in cardboard box,banana in cardboard box,0.9129,0.6255,0.8587,17.9925,8.7636,-20.9954,-4.2297,True,True,0.571
822,170,519,100,banana in cardboard box,banana in cardboard box,0.165,-0.5547,-0.1498,13.6043,8.7636,-87.1365,9.4042,True,False,0.0
822,240,523,50,banana in cardboard box,banana in cardboard box,0.1842,0.2445,-0.6226,13.8463,-172.4276,-71.5406,157.9817,True,False,0.0
822,240,486,70,banana in cardboard box,banana in cardboard box,0.745,0.7464,0.4085,25.9549,-172.4276,-140.3677,158.443,True,False,0.0
822,240,526,50,banana in cardboard box,banana in cardboard box,0.1347,-0.5523,-0.5639,15.4365,-172.4276,-92.3073,158.4376,True,False,0.0
823,40,498,130,banana in cardboard box,banana in cardboard box,0.0674,-0.6876,-0.728,6.3866,-4.9895,-130.9219,-1.0368,True,False,0.0
823,40,503,140,banana in cardboard box,banana in cardboard box,-0.1849,-0.5196,-0.6799,17.7567,-4.9895,-127.0393,1.0935,True,False,0.0
823,40,523,90,banana in cardboard box,banana in cardboard box,0.0309,-0.3763,-0.5352,3.5193,-4.9895,-116.5568,15.91,True,False,0.0
823,50,498,130,banana in cardboard box,banana in cardboard box,-0.0713,-0.3232,-0.8586,11.2541,14.9334,-126.6779,-1.0368,True,False,0.0
823,50,503,140,banana in cardboard box,banana in cardboard box,-0.1527,-0.669,-0.9618,21.0669,14.9334,-141.6285,1.0935,True,False,0.0
823,50,490,110,banana in cardboard box,banana in cardboard box,0.0817,-0.1918,-0.5879,11.6607,14.9334,-103.5299,25.7065,True,False,0.0
823,70,498,130,banana in cardboard box,banana in cardboard box,-0.3248,0.0897,-0.8742,7.7115,-15.9417,125.984,-1.0368,True,False,0.0
823,70,503,140,banana in cardboard box,banana in cardboard box,0.544,0.3855,-0.7437,16.5286,-15.9417,-8.553,1.0935,True,True,0.2098
823,70,490,110,banana in cardboard box,banana in cardboard box,0.2497,-0.0525,-0.4355,9.2037,-15.9417,87.6035,25.7065,True,False,0.0
823,90,523,90,banana in cardboard box,banana in cardboard box,0.6231,0.9284,0.3692,14.4317,-26.9397,20.2536,15.91,True,True,0.5785
823,90,503,140,banana in cardboard box,banana in cardboard box,0.7935,0.87,0.3172,19.9489,-26.9397,-6.3159,1.0935,True,True,0.6903
823,90,498,130,banana in cardboard box,banana in cardboard box,0.4854,0.3336,0.1778,17.7465,-26.9397,31.5685,-1.0368,True,False,0.0
823,100,523,90,banana in cardboard box,banana in cardboard box,0.921,0.7079,0.8652,13.5653,-26.4603,-11.2474,15.91,True,True,0.6519
823,100,490,110,banana in cardboard box,banana in cardboard box,0.9942,-0.1045,0.9869,15.2632,-26.4603,-33.7602,25.7065,True,False,0.0
823,100,503,140,banana in cardboard box,banana in cardboard box,0.1821,-0.0126,-0.2766,17.4472,-26.4603,-105.8762,1.0935,True,False,0.0
823,160,523,50,banana in cardboard box,banana in cardboard box,0.3919,0.6949,-0.9591,25.1708,-176.1993,132.8512,157.9817,True,False,0.0
823,160,486,70,banana in cardboard box,banana in cardboard box,0.4,0.3926,-0.3726,23.025,-176.1993,-63.7517,158.443,True,False,0.0
823,160,495,80,banana in cardboard box,banana in cardboard box,0.7499,0.1342,0.2193,23.9681,-176.1993,158.1174,-165.7443,True,True,0.1007
824,40,523,50,banana in cardboard box,banana in cardboard box,0.241,0.3195,-0.1522,15.5502,167.6122,-102.5735,157.9817,True,False,0.0
824,40,486,70,banana in cardboard box,banana in cardboard box,0.4217,0.4744,-0.1882,26.7994,167.6122,-164.5867,158.443,True,True,0.2001
824,40,526,50,banana in cardboard box,banana in cardboard box,0.1548,-0.4213,-0.5049,18.445,167.6122,-97.3983,158.4376,True,False,0.0
824,50,523,50,banana in cardboard box,banana in cardboard box,-0.1938,-0.5394,-0.9457,15.1882,-152.0379,-70.4778,157.9817,True,False,0.0
824,50,486,70,banana in cardboard box,banana in cardboard box,0.7554,0.6887,0.326,18.742,-152.0379,-161.448,158.443,True,True,0.5202
824,50,526,50,banana in cardboard box,banana in cardboard box,-0.0108,0.2127,-0.7833,21.5094,-152.0379,-84.3149,158.4376,True,False,0.0
824,180,503,140,banana in cardboard box,banana in cardboard box,0.0175,-0.3586,-0.9929,12.8517,4.2755,179.5855,1.0935,True,True,0.0
824,180,523,90,banana in cardboard box,banana in cardboard box,0.0117,-0.2913,-0.9883,3.6271,4.2755,-164.8227,15.91,True,True,0.0
824,180,498,130,banana in cardboard box,banana in cardboard box,-0.0096,-0.2581,-0.9716,5.3673,4.2755,172.697,-1.0368,True,True,0.0
824,200,523,50,banana in cardboard box,banana in cardboard box,-0.0688,-0.082,-0.9733,14.727,-166.5052,-48.4767,157.9817,True,False,0.0
824,200,486,70,banana in cardboard box,banana in cardboard box,0.743,0.7356,0.2867,26.9997,-166.5052,-171.9418,158.443,True,True,0.5466
824,200,495,80,banana in cardboard box,banana in cardboard box,0.5988,0.8168,0.2634,27.3174,-166.5052,-125.8005,-165.7443,True,False,0.0
825,50,523,50,banana in cardboard box,banana in cardboard box,0.7942,0.8775,0.5386,23.6668,176.2597,118.8164,157.9817,True,False,0.0
825,50,486,70,banana in cardboard box,banana in cardboard box,0.6329,0.5202,-0.1191,27.4462,176.2597,-86.9334,158.443,True,False,0.0
825,50,526,50,banana in cardboard box,banana in cardboard box,0.9416,0.0655,0.8887,24.4909,176.2597,-165.5295,158.4376,True,True,0.0616
825,70,523,50,banana in cardboard box,banana in cardboard box,-0.5348,-0.0008,-0.9989,10.8108,171.7046,-10.0081,157.9817,True,True,0.0
825,70,486,70,banana in cardboard box,banana in cardboard box,0.3223,0.5056,-0.2334,31.1755,171.7046,-117.5359,158.443,True,False,0.0
825,70,526,50,banana in cardboard box,banana in cardboard box,0.0913,0.1289,-0.3132,21.8508,171.7046,-79.0141,158.4376,True,False,0.0
825,90,503,140,banana in cardboard box,banana in cardboard box,0.4082,0.3081,-0.8109,12.839,27.4518,-20.5565,1.0935,True,True,0.1258
825,90,498,130,banana in cardboard box,banana in cardboard box,0.9701,0.571,0.8981,13.7041,27.4518,66.0723,-1.0368,True,False,0.0
825,90,490,110,banana in cardboard box,banana in cardboard box,0.9775,0.1334,0.9417,15.068,27.4518,43.4386,25.7065,True,False,0.0
825,130,523,90,banana in cardboard box,banana in cardboard box,0.9658,0.5932,0.8878,24.7939,-10.6777,-5.5192,15.91,True,True,0.5728
825,130,490,110,banana in cardboard box,banana in cardboard box,0.5986,-0.2829,0.3667,7.1805,-10.6777,-55.3389,25.7065,True,False,0.0
825,130,492,130,banana in cardboard box,banana in cardboard box,0.9714,0.9419,0.9068,30.0712,-10.6777,-13.0926,-19.3399,True,True,0.915
826,40,523,90,banana in cardboard box,banana in cardboard box,0.0376,-0.5928,-0.9837,7.6138,13.1682,-154.3501,15.91,True,True,0.0
826,40,503,140,banana in cardboard box,banana in cardboard box,0.096,-0.6671,-0.9314,21.1103,13.1682,-143.3551,1.0935,True,False,0.0
826,40,490,110,banana in cardboard box,banana in cardboard box,0.0457,-0.0188,-0.9748,10.6406,13.1682,-151.8253,25.7065,True,True,0.0
826,60,523,50,banana in cardboard box,banana in cardboard box,0.0846,-0.5773,-0.8506,14.4894,-162.8405,-13.5817,157.9817,True,True,0.0
826,60,486,70,banana in cardboard box,banana in cardboard box,0.3709,0.5413,-0.8569,25.0945,-162.8405,-114.3301,158.443,True,False,0.0
826,60,495,80,banana in cardboard box,banana in cardboard box,0.1283,0.9701,-0.6879,27.5667,-162.8405,-141.0218,-165.7443,True,False,0.0
826,80,523,50,banana in cardboard box,banana in cardboard box,0.427,-0.0621,-0.9219,22.5612,162.9969,6.5162,157.9817,True,True,0.0
826,80,486,70,banana in cardboard box,banana in cardboard box,0.9312,0.1015,0.7583,15.8399,162.9969,-155.5948,158.443,True,True,0.0945
826,80,495,80,banana in cardboard box,banana in cardboard box,0.4448,-0.3644,-0.9347,19.625,162.9969,-37.109,-165.7443,True,False,0.0
827,190,523,50,banana in cardboard box,banana in cardboard box,0.7152,0.7561,0.4337,22.694,168.0268,112.8253,157.9817,True,False,0.0
827,190,486,70,banana in cardboard box,banana in cardboard box,0.9146,0.9055,0.8423,22.7123,168.0268,-167.602,158.443,True,True,0.8282
827,190,526,50,banana in cardboard box,banana in cardboard box,0.7719,0.0182,0.5653,14.4598,168.0268,-153.1962,158.4376,True,True,0.014
827,200,523,50,banana in cardboard box,banana in cardboard box,0.6993,0.7555,0.455,15.9061,-167.9166,-164.8398,157.9817,True,True,0.5283
827,200,486,70,banana in cardboard box,banana in cardboard box,0.745,0.6744,0.6058,34.6349,-167.9166,-134.8929,158.443,True,False,0.0
827,200,526,50,banana in cardboard box,banana in cardboard box,0.1372,-0.266,-0.6185,12.9623,-167.9166,-65.5565,158.4376,True,False,0.0
828,50,498,130,banana in cardboard box,banana in cardboard box,0.1162,-0.5725,-0.7341,13.815,-11.6037,-145.3948,-1.0368,True,False,0.0
828,50,503,140,banana in cardboard box,banana in cardboard box,0.0645,-0.8277,-0.7415,25.0506,-11.6037,-155.4622,1.0935,True,True,0.0
828,50,523,90,banana in cardboard box,banana in cardboard box,-0.0207,-0.6903,-0.9357,10.2339,-11.6037,-169.1332,15.91,True,True,0.0
828,60,498,130,banana in cardboard box,banana in cardboard box,0.0016,-0.4176,-0.6803,11.4796,-1.1663,-136.1095,-1.0368,True,False,0.0
828,60,503,140,banana in cardboard box,banana in cardboard box,-0.109,-0.7299,-0.8138,26.2438,-1.1663,-142.8433,1.0935,True,False,0.0
828,60,523,90,banana in cardboard box,banana in cardboard box,-0.0344,-0.8434,-0.6826,9.437,-1.1663,-138.195,15.91,True,False,0.0
828,100,523,50,banana in cardboard box,banana in cardboard box,-0.1078,-0.1607,-0.9944,26.2233,-163.4143,-50.0948,157.9817,True,False,0.0
828,100,486,70,banana in cardboard box,banana in cardboard box,-0.202,-0.7459,-0.7425,21.6586,-163.4143,-67.7673,158.443,True,False,0.0
828,100,526,50,banana in cardboard box,banana in cardboard box,0.2829,-0.1106,-0.5908,15.4087,-163.4143,59.7958,158.4376,True,False,0.0
828,110,523,50,banana in cardboard box,banana in cardboard box,0.0782,-0.5641,-0.96,21.2745,-171.0578,-40.8414,157.9817,True,False,0.0
828,110,486,70,banana in cardboard box,banana in cardboard box,0.5443,-0.2581,0.0912,19.25,-171.0578,-90.1276,158.443,True,False,0.0
828,110,526,50,banana in cardboard box,banana in cardboard box,0.1735,-0.4673,-0.6106,8.9786,-171.0578,65.6963,158.4376,True,False,0.0
828,120,505,160,banana in cardboard box,banana in cardboard box,0.9675,0.9663,0.9003,16.6878,-7.4333,-12.2776,-18.2844,True,True,0.9349
828,120,492,120,banana in cardboard box,banana in cardboard box,0.7068,0.8534,0.6335,13.9868,-7.4333,39.9518,1.2818,True,False,0.0
828,120,503,120,banana in cardboard box,banana in cardboard box,0.6617,0.4793,0.4195,9.7792,-7.4333,57.1999,-21.8916,True,False,0.0
828,150,523,50,banana in cardboard box,banana in cardboard box,0.1833,-0.316,-0.268,20.7528,175.8964,-85.6834,157.9817,True,False,0.0
828,150,486,80,banana in cardboard box,banana in cardboard box,0.4312,0.7554,0.1657,16.3322,175.8964,-110.7646,-151.5773,True,False,0.0
828,150,495,80,banana in cardboard box,banana in cardboard box,0.4729,0.8761,0.3119,26.3621,175.8964,-119.4015,-165.7443,True,False,0.0
829,20,503,140,banana in cardboard box,banana in cardboard box,0.2257,0.2474,-0.9985,9.4219,6.1533,97.0185,1.0935,True,False,0.0
829,20,523,90,banana in cardboard box,banana in cardboard box,0.413,0.8875,-0.9074,9.4998,6.1533,21.5298,15.91,True,True,0.2901
829,20,498,130,banana in cardboard box,banana in cardboard box,-0.3591,-0.3849,-0.9779,11.7371,6.1533,123.0748,-1.0368,True,False,0.0
829,40,523,50,banana in cardboard box,banana in cardboard box,0.9209,0.6614,0.7866,28.2043,171.8208,157.2133,157.9817,True,True,0.609
829,40,486,70,banana in cardboard box,banana in cardboard box,0.917,0.3348,0.7764,29.0855,171.8208,-156.1591,158.443,True,True,0.307
829,40,526,50,banana in cardboard box,banana in cardboard box,0.494,0.2916,-0.3276,24.3039,171.8208,151.5775,158.4376,True,True,0.144
829,70,523,50,banana in cardboard box,banana in cardboard box,-0.0859,-0.0244,-0.9784,16.2949,-171.9477,-129.8367,157.9817,True,False,0.0
829,70,486,70,banana in cardboard box,banana in cardboard box,0.3306,0.6043,-0.0918,25.6826,-171.9477,-134.5569,158.443,True,False,0.0
829,70,526,50,banana in cardboard box,banana in cardboard box,0.3914,0.118,-0.6356,19.8454,-171.9477,-49.617,158.4376,True,False,0.0
829,90,523,50,banana in cardboard box,banana in cardboard box,0.4949,0.0148,-0.9925,22.6181,-150.8856,21.0746,157.9817,True,True,0.0073
829,90,486,70,banana in cardboard box,banana in cardboard box,0.537,0.0019,-0.8207,20.7106,-150.8856,48.8987,158.443,True,False,0.0
829,90,526,50,banana in cardboard box,banana in cardboard box,0.6123,0.3738,0.0462,16.9139,-150.8856,130.2072,158.4376,True,False,0.0
829,120,503,140,banana in cardboard box,banana in cardboard box,0.7007,0.9572,0.5874,26.2518,20.2133,3.5865,1.0935,True,True,0.6707
829,120,523,90,banana in cardboard box,banana in cardboard box,0.6673,0.6995,0.5175,22.2003,20.2133,0.304,15.91,True,True,0.4668
829,120,490,110,banana in cardboard box,banana in cardboard box,0.1657,-0.2759,-0.1893,7.1243,20.2133,-66.0602,25.7065,True,False,0.0
830,130,523,50,banana in cardboard box,banana in cardboard box,-0.5451,-0.822,-0.9894,28.2442,172.1462,-61.5966,157.9817,True,False,0.0
830,130,486,70,banana in cardboard box,banana in cardboard box,-0.464,-0.7996,-0.9752,25.9253,172.1462,-23.7003,158.443,True,True,0.0
830,130,526,50,banana in cardboard box,banana in cardboard box,-0.0999,-0.3991,-0.5254,4.636,172.1462,60.9128,158.4376,True,False,0.0
832,50,558,50,banana in black bowl,banana in black bowl,0.169,0.4402,-0.875,12.9154,-156.497,-110.7694,164.9493,True,False,0.0
832,50,541,70,banana in black bowl,banana in black bowl,0.4933,0.6762,0.0471,31.1192,-156.497,-118.2469,179.3602,True,False,0.0
832,50,561,70,banana in black bowl,banana in black bowl,0.341,0.4899,0.0494,28.9695,-156.497,-118.4376,158.38,True,False,0.0
832,100,556,90,banana in black bowl,banana in black bowl,0.6475,-0.4091,0.0326,11.9267,-26.1686,-70.3203,26.0056,True,False,0.0
832,100,548,120,banana in black bowl,banana in black bowl,0.7366,0.3335,0.705,14.1718,-26.1686,20.2432,27.7869,True,True,0.2457
832,100,563,110,banana in black bowl,banana in black bowl,0.7575,0.5096,0.4228,18.5672,-26.1686,-6.8665,22.255,True,True,0.3861
833,130,556,90,banana in black bowl,banana in black bowl,0.7933,0.9229,0.3227,19.3633,-18.2961,52.4646,26.0056,True,False,0.0
833,130,548,120,banana in black bowl,banana in black bowl,0.8299,0.715,0.4467,14.1727,-18.2961,44.7566,27.7869,True,False,0.0
833,130,563,110,banana in black bowl,banana in black bowl,0.9053,0.6137,0.8365,19.9251,-18.2961,-4.1979,22.255,True,True,0.5556
834,30,556,100,banana in black bowl,banana in black bowl,-0.1612,0.3967,-0.7107,18.0849,-18.0209,94.711,24.791,True,False,0.0
834,30,563,110,banana in black bowl,banana in black bowl,-0.0309,0.204,-0.4965,12.5303,-18.0209,15.3442,22.255,True,True,0.0
834,30,548,120,banana in black bowl,banana in black bowl,-0.2345,0.9185,-0.5287,15.6047,-18.0209,72.7092,27.7869,True,False,0.0
834,40,556,90,banana in black bowl,banana in black bowl,-0.1188,-0.076,-0.999,21.8839,-28.5687,156.4241,26.0056,True,True,0.0
834,40,548,120,banana in black bowl,banana in black bowl,-0.1103,0.236,-0.9944,17.3701,-28.5687,141.4724,27.7869,True,False,0.0
834,40,563,110,banana in black bowl,banana in black bowl,-0.1416,-0.7567,-0.9723,19.9992,-28.5687,169.5204,22.255,True,True,0.0
834,80,556,100,banana in black bowl,banana in black bowl,0.2672,-0.253,-0.2271,11.4045,11.8982,104.5334,24.791,True,False,0.0
834,80,563,110,banana in black bowl,banana in black bowl,0.3417,0.3688,-0.0749,15.1405,11.8982,86.8243,22.255,True,False,0.0
834,80,548,120,banana in black bowl,banana in black bowl,0.4595,0.087,-0.0527,4.7936,11.8982,67.8235,27.7869,True,False,0.0
834,90,558,50,banana in black bowl,banana in black bowl,-0.2725,-0.1505,-0.9759,3.4179,157.9847,-9.1544,164.9493,True,True,0.0
834,90,541,70,banana in black bowl,banana in black bowl,-0.074,-0.3074,-0.7576,22.726,157.9847,18.9906,179.3602,True,True,0.0
834,90,561,70,banana in black bowl,banana in black bowl,-0.3645,0.0152,-0.8063,20.0592,157.9847,14.5156,158.38,True,True,0.0
834,110,541,70,banana in black bowl,banana in black bowl,-0.4923,-0.9612,-0.9545,17.4813,-168.0082,-22.4545,179.3602,True,True,0.0
834,110,535,60,banana in black bowl,banana in black bowl,-0.3101,-0.5643,-0.9496,25.1005,-168.0082,-56.577,-175.483,True,False,0.0
834,110,558,50,banana in black bowl,banana in black bowl,-0.4638,-0.9686,-0.9912,9.9501,-168.0082,-21.7469,164.9493,True,True,0.0
834,130,558,50,banana in black bowl,banana in black bowl,0.4982,0.4366,0.2096,13.5826,167.5083,-119.0349,164.9493,True,False,0.0
834,130,561,70,banana in black bowl,banana in black bowl,0.5858,0.5329,0.3336,16.483,167.5083,-134.0529,158.38,True,False,0.0
834,130,541,70,banana in black bowl,banana in black bowl,0.5617,0.5778,0.321,21.5421,167.5083,-120.4195,179.3602,True,False,0.0
835,40,551,100,banana in black bowl,banana in black bowl,0.4516,-0.0441,-0.1649,14.065,4.8522,-95.4406,-9.1668,True,False,0.0
835,40,548,120,banana in black bowl,banana in black bowl,-0.2045,0.186,-0.9249,17.5343,4.8522,159.3275,27.7869,True,True,0.0
835,40,558,100,banana in black bowl,banana in black bowl,-0.236,-0.1852,-0.997,18.1668,4.8522,178.875,-4.6284,True,True,0.0
835,50,556,90,banana in black bowl,banana in black bowl,-0.2957,-0.8804,-0.68,16.5168,-13.8156,-127.5946,26.0056,True,False,0.0
835,50,548,120,banana in black bowl,banana in black bowl,-0.4587,-0.7176,-0.7598,16.434,-13.8156,-151.3027,27.7869,True,True,0.0
835,50,563,110,banana in black bowl,banana in black bowl,-0.3926,-0.5308,-0.7564,22.2896,-13.8156,-140.2534,22.255,True,False,0.0
835,60,535,60,banana in black bowl,banana in black bowl,-0.1707,-0.516,-0.8116,18.1949,-173.5027,-105.4263,-175.483,True,False,0.0
835,60,541,70,banana in black bowl,banana in black bowl,0.609,0.6185,0.1559,27.6799,-173.5027,-167.8445,179.3602,True,True,0.3767
835,60,562,60,banana in black bowl,banana in black bowl,0.6962,0.8915,0.3578,22.9182,-173.5027,-169.1584,-172.1081,True,True,0.6207
835,70,556,100,banana in black bowl,banana in black bowl,-0.3361,-0.59,-0.6202,14.5146,-17.655,-147.9039,24.791,True,False,0.0
835,70,535,110,banana in black bowl,banana in black bowl,-0.2127,0.1443,-0.5444,15.176,-17.655,75.843,24.0436,True,False,0.0
835,70,563,110,banana in black bowl,banana in black bowl,-0.0101,0.3583,-0.2204,16.1568,-17.655,78.5354,22.255,True,False,0.0
835,100,541,70,banana in black bowl,banana in black bowl,-0.5247,-0.9759,-0.9999,14.8608,172.1809,-10.2025,179.3602,True,True,0.0
835,100,535,60,banana in black bowl,banana in black bowl,-0.478,-0.5873,-0.9927,20.5377,172.1809,0.5738,-175.483,True,True,0.0
835,100,558,50,banana in black bowl,banana in black bowl,-0.4811,-0.9536,-0.9953,10.772,172.1809,-30.7603,164.9493,True,False,0.0
835,110,556,100,banana in black bowl,banana in black bowl,0.557,0.2853,0.2842,13.8169,-5.247,-64.4485,24.791,True,False,0.0
835,110,548,120,banana in black bowl,banana in black bowl,0.9764,0.1003,0.9258,8.4133,-5.247,7.3957,27.7869,True,True,0.0687
835,110,563,110,banana in black bowl,banana in black bowl,0.771,0.6156,0.5256,8.1507,-5.247,32.4051,22.255,True,False,0.0
836,120,554,110,banana in black bowl,banana in black bowl,0.9859,0.7663,0.9744,9.5944,-4.1911,1.7508,0.0224,True,True,0.604
836,120,542,90,banana in black bowl,banana in black bowl,0.8419,0.4636,0.7836,10.6921,-4.1911,34.396,-6.7178,True,False,0.0
836,120,545,120,banana in black bowl,banana in black bowl,0.993,0.8898,0.9862,11.9276,-4.1911,-13.5575,-15.3186,True,True,0.8782
837,90,558,50,banana in black bowl,banana in black bowl,0.3817,-0.128,-0.0945,5.5328,159.6703,152.5712,164.9493,True,True,0.0
837,90,541,70,banana in black bowl,banana in black bowl,-0.1884,-0.8955,-0.9754,18.5488,159.6703,-7.3847,179.3602,True,True,0.0
837,90,561,70,banana in black bowl,banana in black bowl,-0.1203,-0.9072,-0.9533,21.9893,159.6703,16.5584,158.38,True,True,0.0
837,100,551,100,banana in black bowl,banana in black bowl,0.503,0.9221,-0.8369,14.675,-14.8114,9.3162,-9.1668,True,True,0.4638
837,100,558,100,banana in black bowl,banana in black bowl,0.5709,0.6319,-0.6132,9.5828,-14.8114,-10.3039,-4.6284,True,True,0.2881
837,100,548,120,banana in black bowl,banana in black bowl,0.4725,0.7304,-0.3061,12.5139,-14.8114,25.6899,27.7869,True,True,0.3451
837,180,558,50,banana in black bowl,banana in black bowl,0.3823,0.4426,0.0812,10.4055,151.0469,-135.4638,164.9493,True,False,0.0
837,180,541,70,banana in black bowl,banana in black bowl,0.3541,0.4976,-0.0371,22.73,151.0469,-118.1556,179.3602,True,False,0.0
837,180,561,70,banana in black bowl,banana in black bowl,0.752,0.8699,0.3711,20.261,151.0469,-160.2449,158.38,True,True,0.6542
838,60,558,50,banana in black bowl,banana in black bowl,0.4299,0.4217,0.1655,14.7508,166.6133,-112.5911,164.9493,True,False,0.0
838,60,541,70,banana in black bowl,banana in black bowl,0.3845,0.4802,0.1115,30.4385,166.6133,-109.4709,179.3602,True,False,0.0
838,60,561,70,banana in black bowl,banana in black bowl,0.3586,0.4176,0.0901,30.4903,166.6133,-108.2377,158.38,True,False,0.0
838,80,556,100,banana in black bowl,banana in black bowl,0.3557,0.3564,-0.2436,14.5227,-11.5349,68.8073,24.791,True,False,0.0
838,80,563,110,banana in black bowl,banana in black bowl,0.3311,0.5701,-0.1699,16.0337,-11.5349,84.6315,22.255,True,False,0.0
838,80,548,120,banana in black bowl,banana in black bowl,0.4283,0.5046,-0.0123,13.2709,-11.5349,64.5263,27.7869,True,False,0.0
838,200,558,50,banana in black bowl,banana in black bowl,-0.2064,0.1606,-1.0,8.4827,151.5898,-129.2459,164.9493,True,False,0.0
838,200,541,70,banana in black bowl,banana in black bowl,-0.1194,0.4225,-0.5029,23.5924,151.5898,-101.9774,179.3602,True,False,0.0
838,200,561,70,banana in black bowl,banana in black bowl,0.4555,0.8664,-0.5842,18.8863,151.5898,-163.7788,158.38,True,True,0.3946
839,60,558,50,banana in black bowl,banana in black bowl,0.5016,0.4385,0.2065,11.2263,169.3156,-147.7758,164.9493,True,False,0.0
839,60,541,70,banana in black bowl,banana in black bowl,0.6882,0.6748,0.2929,23.6306,169.3156,178.7388,179.3602,True,True,0.4644
839,60,561,70,banana in black bowl,banana in black bowl,0.3326,0.3691,-0.2723,23.1753,169.3156,-144.2092,158.38,True,False,0.0
840,10,556,90,banana in black bowl,banana in black bowl,0.4545,0.3754,-0.7728,12.1582,1.7462,141.5306,26.0056,True,False,0.0
840,10,548,120,banana in black bowl,banana in black bowl,0.6598,0.7838,-0.042,8.7469,1.7462,93.3323,27.7869,True,False,0.0
840,10,551,100,banana in black bowl,banana in black bowl,0.9002,0.3137,0.7824,7.8593,1.7462,-13.3349,-9.1668,True,True,0.185
840,50,556,90,banana in black bowl,banana in black bowl,0.1267,-0.1671,-0.8852,8.4732,1.0178,-7.5624,26.0056,True,True,0.0
840,50,548,120,banana in black bowl,banana in black bowl,-0.624,-0.3379,-1.0,11.7857,1.0178,-166.9321,27.7869,True,True,0.0
840,50,563,110,banana in black bowl,banana in black bowl,-0.5221,-0.6878,-0.9729,17.4262,1.0178,-134.5337,22.255,True,False,0.0
840,90,558,50,banana in black bowl,banana in black bowl,0.4212,-0.0254,-0.2918,9.7492,-162.4927,95.9467,164.9493,True,False,0.0
840,90,541,70,banana in black bowl,banana in black bowl,0.2989,-0.8134,-0.9513,22.9038,-162.4927,22.3721,179.3602,True,True,0.0
840,90,561,70,banana in black bowl,banana in black bowl,0.2737,-0.6528,-0.4784,26.553,-162.4927,65.8461,158.38,True,False,0.0
840,100,558,50,banana in black bowl,banana in black bowl,-0.3428,-0.9668,-0.9777,8.9409,-178.6358,-11.3373,164.9493,True,True,0.0
840,100,541,70,banana in black bowl,banana in black bowl,-0.341,-0.9646,-0.9236,17.6296,-178.6358,-21.7699,179.3602,True,True,0.0
840,100,561,70,banana in black bowl,banana in black bowl,-0.477,-0.8,-0.9958,19.2727,-178.6358,-12.3325,158.38,True,True,0.0
842,80,558,50,banana in black bowl,banana in black bowl,-0.4275,0.3849,-0.8964,7.5494,-163.0063,38.3307,164.9493,True,False,0.0
842,80,541,70,banana in black bowl,banana in black bowl,0.0049,-0.3586,-0.9864,24.019,-163.0063,2.5653,179.3602,True,True,0.0
842,80,561,70,banana in black bowl,banana in black bowl,-0.3103,0.0344,-0.9965,17.5425,-163.0063,16.7925,158.38,True,True,0.0
842,110,556,90,banana in black bowl,banana in black bowl,0.8356,0.8032,0.651,18.764,24.5244,-4.77,26.0056,True,True,0.6711
842,110,548,120,banana in black bowl,banana in black bowl,0.9051,0.6107,0.8246,14.5269,24.5244,21.5415,27.7869,True,True,0.5528
842,110,551,100,banana in black bowl,banana in black bowl,0.7918,0.9657,0.5123,18.9218,24.5244,-2.1974,-9.1668,True,True,0.7647
842,170,558,50,banana in black bowl,banana in black bowl,0.3408,0.2137,-0.9274,8.8837,163.6673,-162.0896,164.9493,True,True,0.0539
842,170,541,70,banana in black bowl,banana in black bowl,0.2692,0.2602,-0.9242,8.4196,163.6673,-170.6656,179.3602,True,True,0.0492
842,170,561,70,banana in black bowl,banana in black bowl,0.3318,0.1961,-0.9043,11.1164,163.6673,-173.7937,158.38,True,True,0.0603
843,20,558,50,banana in black bowl,banana in black bowl,0.038,-0.3559,-0.937,15.2134,168.4287,17.8895,164.9493,True,True,0.0
843,20,541,70,banana in black bowl,banana in black bowl,0.0212,0.1221,-0.9739,32.5873,168.4287,-159.4623,179.3602,True,True,0.0026
843,20,561,70,banana in black bowl,banana in black bowl,0.023,0.0124,-0.9777,35.0719,168.4287,138.8872,158.38,True,False,0.0
843,70,556,100,banana in black bowl,banana in black bowl,0.9285,-0.1149,0.7353,16.2192,19.6702,72.148,24.791,True,False,0.0
843,70,563,110,banana in black bowl,banana in black bowl,0.9153,0.4392,0.6738,14.7578,19.6702,77.1201,22.255,True,False,0.0
843,70,548,120,banana in black bowl,banana in black bowl,0.8851,-0.0501,0.5929,10.6197,19.6702,83.1187,27.7869,True,False,0.0
845,120,551,100,banana in black bowl,banana in black bowl,0.7955,0.9569,0.7023,24.1615,27.2853,-6.6823,-9.1668,True,True,0.7612
845,120,548,120,banana in black bowl,banana in black bowl,0.6813,0.479,0.5709,15.0603,27.2853,18.3421,27.7869,True,True,0.3263
845,120,558,100,banana in black bowl,banana in black bowl,0.7152,0.6136,0.5709,17.618,27.2853,6.5684,-4.6284,True,True,0.4388
846,70,548,120,banana in black bowl,banana in black bowl,0.7028,0.0803,0.2604,4.0966,-7.28,47.6955,27.7869,True,False,0.0
846,70,551,100,banana in black bowl,banana in black bowl,0.9993,0.2616,0.9984,6.8926,-7.28,-7.7494,-9.1668,True,True,0.1502
846,70,563,110,banana in black bowl,banana in black bowl,0.9228,0.3675,0.8369,2.909,-7.28,28.6293,22.255,True,True,0.0822
846,110,556,90,banana in black bowl,banana in black bowl,0.8111,0.28,0.5264,13.2482,-28.6141,-45.3879,26.0056,True,False,0.0
846,110,548,120,banana in black bowl,banana in black bowl,0.7561,0.5255,0.5372,12.7475,-28.6141,8.35,27.7869,True,True,0.3974
846,110,551,100,banana in black bowl,banana in black bowl,0.8232,0.9266,0.4383,14.6305,-28.6141,-15.8095,-9.1668,True,True,0.7628
847,40,558,50,banana in black bowl,banana in black bowl,0.4201,0.17,0.2255,11.6663,165.3744,-126.8688,164.9493,True,False,0.0
847,40,541,70,banana in black bowl,banana in black bowl,0.4388,0.1447,0.1223,24.7077,165.3744,-117.067,179.3602,True,False,0.0
847,40,561,70,banana in black bowl,banana in black bowl,0.459,-0.0573,0.1765,25.992,165.3744,-123.8172,158.38,True,False,0.0
847,50,556,90,banana in black bowl,banana in black bowl,-0.0629,-0.8262,-0.8036,14.7569,13.1746,-137.7307,26.0056,True,False,0.0
847,50,548,120,banana in black bowl,banana in black bowl,-0.0588,-0.6822,-0.7808,11.2914,13.1746,-135.5892,27.7869,True,False,0.0
847,50,563,110,banana in black bowl,banana in black bowl,-0.0143,-0.6364,-0.8132,12.5647,13.1746,-138.6665,22.255,True,False,0.0
847,70,548,120,banana in black bowl,banana in black bowl,0.4356,0.047,-0.2299,3.6115,3.8867,-9.0397,27.7869,True,True,0.0062
847,70,563,110,banana in black bowl,banana in black bowl,0.2378,0.4262,-0.2409,14.8193,3.8867,84.8645,22.255,True,False,0.0
847,70,556,100,banana in black bowl,banana in black bowl,0.2954,-0.107,-0.2288,13.6992,3.8867,73.0394,24.791,True,False,0.0
847,80,558,50,banana in black bowl,banana in black bowl,-0.0568,-0.1734,-0.9749,7.1083,164.4167,-4.5196,164.9493,True,True,0.0
847,80,541,70,banana in black bowl,banana in black bowl,0.3564,-0.6747,-0.9999,21.9539,164.4167,-17.6368,179.3602,True,True,0.0
847,80,561,70,banana in black bowl,banana in black bowl,-0.1067,-0.448,-0.9911,19.098,164.4167,-10.5831,158.38,True,True,0.0
847,100,558,50,banana in black bowl,banana in black bowl,0.202,-0.8459,-0.6486,6.1139,-176.1989,-60.0051,164.9493,True,False,0.0
847,100,541,70,banana in black bowl,banana in black bowl,-0.0989,-0.9842,-0.9999,19.1397,-176.1989,0.6161,179.3602,True,True,0.0
847,100,561,70,banana in black bowl,banana in black bowl,0.0241,-0.6271,-0.9053,20.0771,-176.1989,44.3987,158.38,True,False,0.0
847,110,551,100,banana in black bowl,banana in black bowl,0.9949,0.8933,0.9802,15.4042,-20.7593,-16.5995,-9.1668,True,True,0.8888
847,110,558,100,banana in black bowl,banana in black bowl,0.9866,0.3417,0.9638,13.33,-20.7593,-26.0224,-4.6284,True,True,0.3372
847,110,548,120,banana in black bowl,banana in black bowl,0.8876,0.4431,0.8641,15.6168,-20.7593,7.818,27.7869,True,True,0.3933
847,160,558,50,banana in black bowl,banana in black bowl,0.4355,0.2799,-0.5142,6.1452,160.6846,-167.6773,164.9493,True,True,0.0624
847,160,541,70,banana in black bowl,banana in black bowl,0.3012,0.1663,-0.7578,6.4054,160.6846,-164.9923,179.3602,True,True,0.0267
847,160,561,70,banana in black bowl,banana in black bowl,0.1326,0.2398,-0.9508,6.6844,160.6846,166.8816,158.38,True,True,0.0177
847,170,558,50,banana in black bowl,banana in black bowl,0.5112,0.4479,-0.7972,8.6565,165.108,145.0261,164.9493,True,False,0.0
847,170,541,70,banana in black bowl,banana in black bowl,0.3792,0.4952,-0.8756,14.1669,165.108,-151.1831,179.3602,True,True,0.1878
847,170,561,70,banana in black bowl,banana in black bowl,0.4839,0.2955,-0.7464,13.7302,165.108,-163.1169,158.38,True,True,0.143
848,150,556,90,banana in black bowl,banana in black bowl,0.5718,-0.474,0.3901,13.1944,-14.8338,-69.9231,26.0056,True,False,0.0
848,150,548,120,banana in black bowl,banana in black bowl,0.9196,0.294,0.83,16.9572,-14.8338,17.4002,27.7869,True,True,0.2704
848,150,563,110,banana in black bowl,banana in black bowl,0.9096,0.5911,0.8112,9.7705,-14.8338,8.3083,22.255,True,True,0.4378
849,20,551,100,banana in black bowl,banana in black bowl,0.181,0.3199,-0.3589,15.2815,7.8272,100.2034,-9.1668,True,False,0.0
849,20,548,120,banana in black bowl,banana in black bowl,0.0456,0.8803,-0.7473,13.1492,7.8272,82.5077,27.7869,True,False,0.0
849,20,556,90,banana in black bowl,banana in black bowl,-0.2827,0.5677,-0.9603,18.4145,7.8272,138.9429,26.0056,True,False,0.0
849,70,551,100,banana in black bowl,banana in black bowl,0.8933,0.3721,0.8315,16.1152,17.1459,40.404,-9.1668,True,False,0.0
849,70,556,90,banana in black bowl,banana in black bowl,0.862,0.4565,0.7122,16.5559,17.1459,51.2449,26.0056,True,False,0.0
849,70,548,120,banana in black bowl,banana in black bowl,0.7642,0.4345,0.3318,14.1615,17.1459,77.2779,27.7869,True,False,0.0
850,70,556,90,banana in black bowl,banana in black bowl,0.7745,0.4451,0.4618,12.2285,-8.1017,65.0893,26.0056,True,False,0.0
850,70,548,120,banana in black bowl,banana in black bowl,0.6541,0.4464,0.2065,8.0698,-8.1017,79.0723,27.7869,True,False,0.0
850,70,563,110,banana in black bowl,banana in black bowl,0.6298,0.576,0.1734,13.962,-8.1017,85.7224,22.255,True,False,0.0
850,110,551,100,banana in black bowl,banana in black bowl,0.7867,0.9391,0.6943,22.1679,25.9602,-12.8068,-9.1668,True,True,0.7388
850,110,556,90,banana in black bowl,banana in black bowl,0.946,0.6861,0.9145,22.2641,25.9602,7.2692,26.0056,True,True,0.649
850,110,548,120,banana in black bowl,banana in black bowl,0.8784,0.3478,0.7907,17.2122,25.9602,1.3541,27.7869,True,True,0.3055
851,40,558,50,banana in black bowl,banana in black bowl,-0.2695,0.3642,-0.9922,20.8145,-166.8085,-104.9575,164.9493,True,False,0.0
851,40,541,70,banana in black bowl,banana in black bowl,-0.2615,0.7185,-0.9958,21.8324,-166.8085,-128.1642,179.3602,True,False,0.0
851,40,561,70,banana in black bowl,banana in black bowl,0.1083,0.4605,-0.8333,20.5589,-166.8085,-165.4235,158.38,True,True,0.0499
851,80,556,90,banana in black bowl,banana in black bowl,0.8505,0.5398,0.7316,22.4072,7.4286,-6.0639,26.0056,True,True,0.4591
851,80,548,120,banana in black bowl,banana in black bowl,0.8639,0.5547,0.7506,16.7,7.4286,10.0362,27.7869,True,True,0.4792
851,80,551,100,banana in black bowl,banana in black bowl,0.87,0.9132,0.6535,19.0678,7.4286,-18.2894,-9.1668,True,True,0.7945
852,30,558,50,banana in black bowl,banana in black bowl,-0.0333,0.1471,-0.8569,9.9649,156.0125,168.7608,164.9493,True,True,0.0
852,30,541,70,banana in black bowl,banana in black bowl,0.1439,-0.1279,-0.2559,24.8634,156.0125,-106.7286,179.3602,True,False,0.0
852,30,561,70,banana in black bowl,banana in black bowl,-0.0503,-0.6123,-0.9088,21.7165,156.0125,-56.2079,158.38,True,False,0.0
852,50,558,50,banana in black bowl,banana in black bowl,0.201,-0.1612,-0.8678,10.1755,157.6741,-123.6961,164.9493,True,False,0.0
852,50,541,70,banana in black bowl,banana in black bowl,-0.4132,0.6169,-0.9766,22.3087,157.6741,103.4711,179.3602,True,False,0.0
852,50,561,70,banana in black bowl,banana in black bowl,-0.7569,0.2986,-0.997,18.8337,157.6741,24.8063,158.38,True,True,0.0
852,90,556,90,banana in black bowl,banana in black bowl,0.962,0.7594,0.9367,18.7538,23.0115,3.9128,26.0056,True,True,0.7305
852,90,548,120,banana in black bowl,banana in black bowl,0.9499,0.7569,0.8732,11.773,23.0115,28.4066,27.7869,True,True,0.7054
852,90,551,100,banana in black bowl,banana in black bowl,0.9783,0.8878,0.9241,10.2803,23.0115,24.6758,-9.1668,True,True,0.7441
852,150,558,50,banana in black bowl,banana in black bowl,0.0165,0.0568,-0.691,6.6402,169.771,-105.9828,164.9493,True,False,0.0
852,150,541,70,banana in black bowl,banana in black bowl,0.0513,0.2705,-0.8868,13.9674,169.771,-123.4721,179.3602,True,False,0.0
852,150,561,70,banana in black bowl,banana in black bowl,0.1484,0.4108,-0.9434,13.5097,169.771,-124.513,158.38,True,False,0.0
852,160,558,50,banana in black bowl,banana in black bowl,0.484,0.6603,0.0844,9.5439,166.2164,175.9758,164.9493,True,True,0.2541
852,160,541,70,banana in black bowl,banana in black bowl,0.4328,0.6686,0.2265,22.8458,166.2164,-124.1495,179.3602,True,False,0.0
852,160,561,70,banana in black bowl,banana in black bowl,0.6468,0.6094,0.3316,17.2189,166.2164,-177.4093,158.38,True,True,0.3942
853,20,556,90,banana in black bowl,banana in black bowl,0.276,0.6895,-0.8448,21.9628,15.5377,55.8736,26.0056,True,False,0.0
853,20,548,120,banana in black bowl,banana in black bowl,-0.3103,0.5108,-0.9186,13.6819,15.5377,170.0449,27.7869,True,True,0.0
853,20,563,110,banana in black bowl,banana in black bowl,0.012,-0.4484,-0.9309,13.5915,15.5377,171.8947,22.255,True,True,0.0
853,110,556,90,banana in black bowl,banana in black bowl,0.7999,0.6332,0.6138,20.4073,-13.7519,39.721,26.0056,True,False,0.0
853,110,548,120,banana in black bowl,banana in black bowl,0.9223,0.5229,0.7568,17.4939,-13.7519,28.4057,27.7869,True,True,0.4822
853,110,563,110,banana in black bowl,banana in black bowl,0.9073,0.6214,0.7731,24.4465,-13.7519,-2.9959,22.255,True,True,0.5638
854,40,556,90,banana in black bowl,banana in black bowl,0.3347,-0.0385,-0.7946,23.706,-12.7992,-159.5726,26.0056,True,True,0.0
854,40,548,120,banana in black bowl,banana in black bowl,0.3046,0.6515,-0.6559,14.0991,-12.7992,114.0307,27.7869,True,False,0.0
854,40,563,110,banana in black bowl,banana in black bowl,0.3207,-0.5503,-0.9735,14.4102,-12.7992,149.8323,22.255,True,False,0.0
854,60,556,90,banana in black bowl,banana in black bowl,-0.5707,-0.8599,-0.9393,22.2299,-2.5551,-147.9549,26.0056,True,False,0.0
854,60,548,120,banana in black bowl,banana in black bowl,-0.5556,-0.7482,-0.9102,15.2643,-2.5551,-142.601,27.7869,True,False,0.0
854,60,563,110,banana in black bowl,banana in black bowl,-0.5308,-0.4962,-0.8808,17.3207,-2.5551,-144.1745,22.255,True,False,0.0
854,80,558,50,banana in black bowl,banana in black bowl,0.3767,-0.3685,-0.9387,9.9073,156.8177,-7.6672,164.9493,True,True,0.0
854,80,541,70,banana in black bowl,banana in black bowl,0.4799,-0.2724,-0.8883,24.3234,156.8177,-0.4939,179.3602,True,True,0.0
854,80,561,70,banana in black bowl,banana in black bowl,0.02,-0.1125,-0.9668,15.9291,156.8177,3.9001,158.38,True,True,0.0
855,40,556,90,banana in black bowl,banana in black bowl,0.1605,0.0701,-0.9687,23.1185,15.6681,179.8789,26.0056,True,True,0.0112
855,40,548,120,banana in black bowl,banana in black bowl,0.4558,0.701,-0.0958,15.3458,15.6681,109.7481,27.7869,True,False,0.0
855,40,563,110,banana in black bowl,banana in black bowl,0.4247,-0.2783,-0.3819,15.6874,15.6681,126.706,22.255,True,False,0.0
855,80,556,100,banana in black bowl,banana in black bowl,0.6355,-0.0641,0.2482,13.097,-10.47,69.2991,24.791,True,False,0.0
855,80,548,120,banana in black bowl,banana in black bowl,0.4901,-0.0264,0.0233,7.72,-10.47,82.3362,27.7869,True,False,0.0
855,80,563,110,banana in black bowl,banana in black bowl,0.6016,0.4733,0.2068,13.7184,-10.47,71.7379,22.255,True,False,0.0
855,170,558,50,banana in black bowl,banana in black bowl,0.7534,0.3802,0.0875,8.1493,-156.2011,-137.9745,164.9493,True,False,0.0
855,170,541,70,banana in black bowl,banana in black bowl,0.7332,0.5241,0.264,15.5982,-156.2011,162.2277,179.3602,True,True,0.3843
855,170,561,70,banana in black bowl,banana in black bowl,0.8016,0.5428,0.3551,18.8687,-156.2011,-125.7612,158.38,True,False,0.0
856,40,556,90,banana in black bowl,banana in black bowl,-0.2112,0.5008,-0.9674,22.0642,-4.1993,124.1804,26.0056,True,False,0.0
856,40,548,120,banana in black bowl,banana in black bowl,-0.0251,0.9362,-0.7029,15.0827,-4.1993,63.2758,27.7869,True,False,0.0
856,40,563,110,banana in black bowl,banana in black bowl,-0.4359,-0.282,-0.9702,12.1518,-4.1993,165.5841,22.255,True,True,0.0
856,170,558,50,banana in black bowl,banana in black bowl,0.7943,0.1825,0.2909,23.7449,-172.5917,-102.6289,164.9493,True,False,0.0
856,170,541,70,banana in black bowl,banana in black bowl,0.8429,0.2719,0.5087,21.768,-172.5917,-116.2952,179.3602,True,False,0.0
856,170,561,70,banana in black bowl,banana in black bowl,0.7819,0.2299,0.2467,25.8401,-172.5917,-99.9991,158.38,True,False,0.0
857,60,558,50,banana in black bowl,banana in black bowl,0.8703,0.7031,0.6293,12.7007,155.8341,139.0935,164.9493,True,False,0.0
857,60,541,70,banana in black bowl,banana in black bowl,0.492,0.848,0.3723,25.9353,155.8341,-143.17,179.3602,True,False,0.0
857,60,561,70,banana in black bowl,banana in black bowl,0.1033,0.5419,-0.1841,26.5411,155.8341,-125.7285,158.38,True,False,0.0
857,70,558,50,banana in black bowl,banana in black bowl,0.2008,0.3576,0.0138,18.0404,163.065,-116.694,164.9493,True,False,0.0
857,70,541,70,banana in black bowl,banana in black bowl,0.2923,0.5031,0.1496,35.9843,163.065,-118.8887,179.3602,True,False,0.0
857,70,535,60,banana in black bowl,banana in black bowl,0.4229,0.4177,-0.1123,12.9065,163.065,102.4235,-175.483,True,False,0.0
857,100,556,90,banana in black bowl,banana in black bowl,0.3861,0.8458,-0.0237,18.3175,-16.0042,74.7423,26.0056,True,False,0.0
857,100,548,120,banana in black bowl,banana in black bowl,0.431,0.905,-0.0285,16.4924,-16.0042,75.0163,27.7869,True,False,0.0
857,100,563,110,banana in black bowl,banana in black bowl,0.4451,0.1311,0.1438,18.5993,-16.0042,48.0169,22.255,True,False,0.0
858,70,535,60,banana in black bowl,banana in black bowl,0.1663,-0.6192,-0.0459,16.1802,-157.9078,-75.5892,-175.483,True,False,0.0
858,70,541,70,banana in black bowl,banana in black bowl,0.799,0.499,0.646,25.4426,-157.9078,-104.4499,179.3602,True,False,0.0
858,70,562,60,banana in black bowl,banana in black bowl,0.8934,0.7984,0.8507,23.5536,-157.9078,-134.0559,-172.1081,True,False,0.0
858,160,558,50,banana in black bowl,banana in black bowl,0.8264,0.721,0.5951,13.0208,-161.2567,139.5432,164.9493,True,False,0.0
858,160,541,70,banana in black bowl,banana in black bowl,0.6758,0.8134,0.5451,24.7463,-161.2567,-138.5651,179.3602,True,False,0.0
858,160,561,70,banana in black bowl,banana in black bowl,0.3511,0.5103,0.0471,29.3275,-161.2567,-123.6796,158.38,True,False,0.0
859,10,556,90,banana in black bowl,banana in black bowl,0.5731,0.3229,-0.1972,9.7859,25.0974,79.0762,26.0056,True,False,0.0
859,10,548,120,banana in black bowl,banana in black bowl,0.7476,0.6372,0.3688,8.5465,25.0974,91.6903,27.7869,True,False,0.0
859,10,563,110,banana in black bowl,banana in black bowl,0.6903,0.1767,0.2722,18.6877,25.0974,97.5318,22.255,True,False,0.0
859,20,556,90,banana in black bowl,banana in black bowl,-0.1321,0.2976,-0.771,17.0498,12.545,140.7731,26.0056,True,False,0.0
859,20,548,120,banana in black bowl,banana in black bowl,0.3963,0.7219,-0.4222,11.4676,12.545,115.3023,27.7869,True,False,0.0
859,20,563,110,banana in black bowl,banana in black bowl,0.3825,-0.0718,-0.1197,26.3191,12.545,97.2012,22.255,True,False,0.0
859,40,558,50,banana in black bowl,banana in black bowl,-0.1228,0.5816,-0.6625,10.878,165.4782,147.7312,164.9493,True,False,0.0
859,40,541,70,banana in black bowl,banana in black bowl,0.4717,0.2619,0.3296,21.3231,165.4782,-171.7811,179.3602,True,True,0.1235
859,40,561,70,banana in black bowl,banana in black bowl,0.4755,-0.1678,0.1737,22.4659,165.4782,-131.853,158.38,True,False,0.0
859,60,558,50,banana in black bowl,banana in black bowl,0.1911,0.418,-0.2892,16.3492,172.547,-132.1999,164.9493,True,False,0.0
859,60,541,70,banana in black bowl,banana in black bowl,0.2009,0.488,-0.3039,17.3174,172.547,-102.6873,179.3602,True,False,0.0
859,60,561,70,banana in black bowl,banana in black bowl,0.0698,0.3838,-0.1158,23.0167,172.547,-102.5913,158.38,True,False,0.0
859,70,556,90,banana in black bowl,banana in black bowl,0.0993,-0.404,-0.9368,11.1711,-9.2017,151.3711,26.0056,True,True,0.0
859,70,548,120,banana in black bowl,banana in black bowl,0.183,-0.1859,-0.4109,12.2389,-9.2017,106.1106,27.7869,True,False,0.0
859,70,563,110,banana in black bowl,banana in black bowl,0.5299,0.3662,0.1239,15.2769,-9.2017,74.7305,22.255,True,False,0.0
860,130,535,60,banana in black bowl,banana in black bowl,-0.7851,-0.5952,-1.0,26.5347,-162.3759,-37.13,-175.483,True,False,0.0
860,130,541,70,banana in black bowl,banana in black bowl,-0.7655,-0.9423,-0.9985,29.3523,-162.3759,-38.561,179.3602,True,False,0.0
860,130,562,60,banana in black bowl,banana in black bowl,0.2775,0.0774,-0.9826,16.8187,-162.3759,131.9343,-172.1081,True,False,0.0
861,40,551,100,banana in black bowl,banana in black bowl,0.2298,-0.8428,-0.4145,16.4483,-22.0522,-149.0016,-9.1668,True,False,0.0
861,40,556,90,banana in black bowl,banana in black bowl,0.1831,-0.7976,-0.5331,19.7202,-22.0522,-145.0552,26.0056,True,False,0.0
861,40,548,120,banana in black bowl,banana in black bowl,0.2296,-0.7099,-0.3585,14.0887,-22.0522,-148.3846,27.7869,True,False,0.0
861,180,558,50,banana in black bowl,banana in black bowl,0.6056,0.8186,-0.1581,13.1735,157.1433,116.823,164.9493,True,False,0.0
861,180,541,70,banana in black bowl,banana in black bowl,0.7149,0.6249,0.1413,25.2836,157.1433,-116.3115,179.3602,True,False,0.0
861,180,561,70,banana in black bowl,banana in black bowl,0.7246,0.5027,0.2688,24.3254,157.1433,-123.7817,158.38,True,False,0.0
862,40,556,90,banana in black bowl,banana in black bowl,-0.3103,-0.7897,-0.9871,11.8369,15.5114,-139.0488,26.0056,True,False,0.0
862,40,548,120,banana in black bowl,banana in black bowl,-0.337,-0.6503,-0.978,11.362,15.5114,-136.2213,27.7869,True,False,0.0
862,40,563,110,banana in black bowl,banana in black bowl,-0.2974,-0.5983,-0.9905,14.5832,15.5114,-124.3809,22.255,True,False,0.0
862,50,556,100,banana in black bowl,banana in black bowl,-0.6113,-0.8737,-0.9996,25.5947,1.5296,-142.2919,24.791,True,False,0.0
862,50,548,120,banana in black bowl,banana in black bowl,-0.646,-0.795,-0.9911,16.2913,1.5296,-125.8324,27.7869,True,False,0.0
862,50,563,110,banana in black bowl,banana in black bowl,-0.5962,-0.4999,-0.9961,18.5798,1.5296,-135.6167,22.255,True,False,0.0
862,60,556,90,banana in black bowl,banana in black bowl,0.6373,-0.8771,0.1769,12.6234,-19.6501,-98.4809,26.0056,True,False,0.0
862,60,548,120,banana in black bowl,banana in black bowl,0.4993,-0.896,-0.3957,11.054,-19.6501,-131.9741,27.7869,True,False,0.0
862,60,551,100,banana in black bowl,banana in black bowl,0.771,-0.0714,0.2087,10.7653,-19.6501,-2.7024,-9.1668,True,True,0.0
862,80,558,50,banana in black bowl,banana in black bowl,0.2205,-0.3229,-0.4397,9.584,-162.7055,-111.514,164.9493,True,False,0.0
862,80,541,70,banana in black bowl,banana in black bowl,-0.3695,-0.8159,-0.9997,18.966,-162.7055,18.5119,179.3602,True,True,0.0
862,80,561,70,banana in black bowl,banana in black bowl,0.0175,-0.4257,-0.9883,23.4074,-162.7055,28.6181,158.38,True,True,0.0
862,100,551,100,banana in black bowl,banana in black bowl,0.8088,0.8255,0.6747,14.6493,-8.579,38.7285,-9.1668,True,False,0.0
862,100,548,120,banana in black bowl,banana in black bowl,0.7431,0.8266,0.5412,11.556,-8.579,26.4705,27.7869,True,True,0.5915
862,100,558,100,banana in black bowl,banana in black bowl,0.6847,0.8123,0.6131,12.4539,-8.579,41.7558,-4.6284,True,False,0.0
862,110,551,100,banana in black bowl,banana in black bowl,0.5842,0.8163,0.3888,12.8657,-29.7748,31.0873,-9.1668,True,False,0.0
862,110,548,120,banana in black bowl,banana in black bowl,0.5476,0.8276,0.3945,13.3464,-29.7748,32.237,27.7869,True,False,0.0
862,110,558,100,banana in black bowl,banana in black bowl,0.3993,0.8043,0.2229,9.6943,-29.7748,47.3078,-4.6284,True,False,0.0
863,10,556,90,banana in black bowl,banana in black bowl,0.4431,0.2495,-0.6901,13.8137,13.8828,148.6411,26.0056,True,False,0.0
863,10,548,120,banana in black bowl,banana in black bowl,0.7348,0.6754,0.1628,10.8715,13.8828,95.6345,27.7869,True,False,0.0
863,10,551,100,banana in black bowl,banana in black bowl,0.9132,0.3794,0.8212,15.7219,13.8828,-9.529,-9.1668,True,True,0.3465
863,40,556,90,banana in black bowl,banana in black bowl,0.73,0.4914,0.3542,6.3972,27.9883,99.4534,26.0056,True,False,0.0
863,40,548,120,banana in black bowl,banana in black bowl,-0.3237,-0.1902,-0.9206,12.2876,27.9883,-116.3929,27.7869,True,False,0.0
863,40,563,110,banana in black bowl,banana in black bowl,-0.4909,-0.7494,-0.9996,16.9811,27.9883,-144.5072,22.255,True,False,0.0
864,40,556,90,banana in black bowl,banana in black bowl,0.2154,0.1417,-0.9478,17.8188,-28.3177,49.7506,26.0056,True,False,0.0
864,40,548,120,banana in black bowl,banana in black bowl,0.0223,0.0959,-0.9928,13.9504,-28.3177,154.0746,27.7869,True,True,0.0021
864,40,551,100,banana in black bowl,banana in black bowl,-0.0606,-0.9014,-0.9638,15.5928,-28.3177,164.0577,-9.1668,True,True,0.0
864,70,563,110,banana in black bowl,banana in black bowl,0.6188,0.3999,0.173,15.7355,0.8562,82.0689,22.255,True,False,0.0
864,70,548,120,banana in black bowl,banana in black bowl,0.5105,-0.042,-0.1907,9.79,0.8562,85.4796,27.7869,True,False,0.0
864,70,556,100,banana in black bowl,banana in black bowl,0.59,-0.1673,0.0799,17.0299,0.8562,83.4117,24.791,True,False,0.0
864,110,556,90,banana in black bowl,banana in black bowl,0.7719,0.2396,0.3477,23.7852,-16.5456,-62.6284,26.0056,True,False,0.0
864,110,548,120,banana in black bowl,banana in black bowl,0.8673,0.2811,0.8518,17.3238,-16.5456,4.6567,27.7869,True,True,0.2438
864,110,551,100,banana in black bowl,banana in black bowl,0.8378,0.9219,0.5774,22.8629,-16.5456,-29.377,-9.1668,True,True,0.7723
864,140,558,50,banana in black bowl,banana in black bowl,0.5408,0.2413,-0.1221,16.9606,155.7691,-111.88,164.9493,True,False,0.0
864,140,541,70,banana in black bowl,banana in black bowl,0.5293,0.2728,-0.0279,22.7384,155.7691,-117.2916,179.3602,True,False,0.0
864,140,561,70,banana in black bowl,banana in black bowl,0.531,0.2614,-0.1306,19.0635,155.7691,-111.3855,158.38,True,False,0.0
865,130,558,50,banana in black bowl,banana in black bowl,0.8551,0.597,0.6041,13.1148,161.0818,-178.1426,164.9493,True,True,0.5105
865,130,541,70,banana in black bowl,banana in black bowl,0.8555,0.6178,0.7162,18.6094,161.0818,-159.5338,179.3602,True,True,0.5285
865,130,561,70,banana in black bowl,banana in black bowl,0.7663,0.5787,0.5846,16.6751,161.0818,-144.6688,158.38,True,False,0.0
866,30,558,50,banana in black bowl,banana in black bowl,0.0098,-0.0868,-0.8107,19.0549,176.84,-73.2168,164.9493,True,False,0.0
866,30,541,70,banana in black bowl,banana in black bowl,0.2991,0.2658,-0.9927,33.1572,176.84,-154.4755,179.3602,True,True,0.0795
866,30,561,70,banana in black bowl,banana in black bowl,0.2077,0.1015,-0.9773,33.5585,176.84,168.3127,158.38,True,True,0.0211
866,40,556,90,banana in black bowl,banana in black bowl,0.2375,-0.3442,-0.9887,22.5651,-3.4407,-173.3176,26.0056,True,True,0.0
866,40,548,120,banana in black bowl,banana in black bowl,0.3625,0.0714,-0.9752,14.7638,-3.4407,165.2656,27.7869,True,True,0.0259
866,40,563,110,banana in black bowl,banana in black bowl,0.3208,-0.8029,-0.8711,15.0869,-3.4407,-152.5436,22.255,True,True,0.0
866,60,541,70,banana in black bowl,banana in black bowl,-0.1313,0.4692,-0.2652,30.3431,172.9381,-112.213,179.3602,True,False,0.0
866,60,558,50,banana in black bowl,banana in black bowl,0.7682,0.8537,0.3118,14.915,172.9381,178.1244,164.9493,True,True,0.6558
866,60,535,60,banana in black bowl,banana in black bowl,-0.6403,-0.4762,-0.9619,12.2176,172.9381,-36.3712,-175.483,True,False,0.0
866,90,556,100,banana in black bowl,banana in black bowl,0.6834,0.3771,0.2215,24.4215,22.4353,79.2529,24.791,True,False,0.0
866,90,563,110,banana in black bowl,banana in black bowl,0.7448,0.5034,0.3965,20.6471,22.4353,75.8243,22.255,True,False,0.0
866,90,548,120,banana in black bowl,banana in black bowl,0.671,0.523,0.2637,18.9559,22.4353,84.0331,27.7869,True,False,0.0
866,100,558,50,banana in black bowl,banana in black bowl,0.6495,0.195,-0.1076,9.4635,178.1065,-149.446,164.9493,True,False,0.0
866,100,541,70,banana in black bowl,banana in black bowl,0.4616,-0.5701,-0.9765,28.9679,178.1065,6.7294,179.3602,True,True,0.0
866,100,561,70,banana in black bowl,banana in black bowl,0.4884,-0.7324,-0.8987,21.1774,178.1065,-31.7336,158.38,True,False,0.0
867,90,556,90,banana in black bowl,banana in black bowl,0.9476,0.2865,0.8996,14.4412,-25.8438,-28.1554,26.0056,True,True,0.2715
867,90,548,120,banana in black bowl,banana in black bowl,0.6756,0.5699,0.4958,13.5217,-25.8438,13.5112,27.7869,True,True,0.385
867,90,563,110,banana in black bowl,banana in black bowl,0.966,0.3971,0.9468,9.8434,-25.8438,-34.534,22.255,True,False,0.0
867,100,551,100,banana in black bowl,banana in black bowl,0.9323,0.93,0.8986,15.8094,-27.3424,-7.7169,-9.1668,True,True,0.867
867,100,548,120,banana in black bowl,banana in black bowl,0.9198,0.3746,0.8524,14.0669,-27.3424,3.8666,27.7869,True,True,0.3445
867,100,558,100,banana in black bowl,banana in black bowl,0.9422,0.325,0.8769,12.0242,-27.3424,-31.3834,-4.6284,True,False,0.0
867,110,558,50,banana in black bowl,banana in black bowl,0.6808,0.7872,0.4125,16.9605,153.9144,-160.7665,164.9493,True,True,0.5359
867,110,561,70,banana in black bowl,banana in black bowl,0.5042,0.6213,0.1062,16.5901,153.9144,-127.1919,158.38,True,False,0.0
867,110,541,70,banana in black bowl,banana in black bowl,0.5947,0.8252,0.3982,17.8285,153.9144,-148.5861,179.3602,True,False,0.0
868,150,558,50,banana in black bowl,banana in black bowl,0.7432,0.5694,0.4764,13.8084,153.9972,-149.2159,164.9493,True,False,0.0
868,150,541,70,banana in black bowl,banana in black bowl,0.7097,0.6099,0.1523,17.6467,153.9972,-129.5273,179.3602,True,False,0.0
868,150,561,70,banana in black bowl,banana in black bowl,0.6827,0.5574,0.1068,16.8988,153.9972,-126.8963,158.38,True,False,0.0
869,60,548,120,banana in black bowl,banana in black bowl,-0.0572,-0.8451,-0.9864,9.059,-4.9614,-177.1989,27.7869,True,True,0.0
869,60,563,110,banana in black bowl,banana in black bowl,0.455,0.3671,-0.0912,16.4488,-4.9614,78.059,22.255,True,False,0.0
869,60,551,100,banana in black bowl,banana in black bowl,0.8204,0.2484,0.5568,11.0213,-4.9614,-18.1278,-9.1668,True,True,0.1872
869,90,551,100,banana in black bowl,banana in black bowl,0.918,0.9261,0.7666,10.4072,-3.3274,13.6791,-9.1668,True,True,0.7373
869,90,548,120,banana in black bowl,banana in black bowl,0.8261,0.7236,0.6568,11.9483,-3.3274,17.0605,27.7869,True,True,0.5952
869,90,563,110,banana in black bowl,banana in black bowl,0.9369,0.5352,0.8225,9.8373,-3.3274,21.5169,22.255,True,True,0.4111
869,140,558,50,banana in black bowl,banana in black bowl,0.6761,0.2994,0.354,10.9935,157.648,90.5618,164.9493,True,False,0.0
869,140,541,70,banana in black bowl,banana in black bowl,0.478,0.1538,-0.8557,15.2534,157.648,-164.9635,179.3602,True,True,0.0735
869,140,561,70,banana in black bowl,banana in black bowl,0.549,0.1649,-0.7048,16.0926,157.648,174.1304,158.38,True,True,0.0905
870,30,558,50,banana in black bowl,banana in black bowl,-0.1334,-0.2857,-0.9947,17.3035,156.6523,8.1862,164.9493,True,True,0.0
870,30,541,70,banana in black bowl,banana in black bowl,0.5189,-0.0206,0.0616,30.7569,156.6523,133.3562,179.3602,True,False,0.0
870,30,561,70,banana in black bowl,banana in black bowl,0.4933,-0.0424,0.011,32.9727,156.6523,134.9185,158.38,True,False,0.0
870,70,541,70,banana in black bowl,banana in black bowl,0.6197,0.6731,0.3633,24.8078,-165.2441,158.8247,179.3602,True,True,0.4171
870,70,535,60,banana in black bowl,banana in black bowl,0.5105,-0.221,0.3503,14.5434,-165.2441,-136.5235,-175.483,True,False,0.0
870,70,562,60,banana in black bowl,banana in black bowl,0.5677,0.8166,0.4693,23.3275,-165.2441,-126.5871,-172.1081,True,False,0.0
870,80,556,100,banana in black bowl,banana in black bowl,0.3384,-0.1728,-0.4034,13.4513,-23.0998,82.7972,24.791,True,False,0.0
870,80,563,110,banana in black bowl,banana in black bowl,0.4212,0.472,-0.2392,14.8414,-23.0998,72.7735,22.255,True,False,0.0
870,80,548,120,banana in black bowl,banana in black bowl,0.3515,-0.023,-0.3763,8.4633,-23.0998,81.2222,27.7869,True,False,0.0
870,130,556,90,banana in black bowl,banana in black bowl,0.9476,0.7969,0.9153,21.8732,-19.1348,5.8168,26.0056,True,True,0.7551
870,130,548,120,banana in black bowl,banana in black bowl,0.9573,0.5571,0.9297,15.6664,-19.1348,22.5848,27.7869,True,True,0.5333
870,130,563,110,banana in black bowl,banana in black bowl,0.9904,0.6201,0.9786,16.2912,-19.1348,5.0282,22.255,True,True,0.6142
870,190,558,50,banana in black bowl,banana in black bowl,0.7494,0.4219,0.2212,6.8945,154.6459,-130.0959,164.9493,True,False,0.0
870,190,541,70,banana in black bowl,banana in black bowl,0.6794,0.3628,0.2026,13.4369,154.6459,-129.0092,179.3602,True,False,0.0
870,190,561,70,banana in black bowl,banana in black bowl,0.7579,0.5256,0.2893,11.4897,154.6459,-134.134,158.38,True,False,0.0
872,30,558,50,banana in black bowl,banana in black bowl,0.0939,-0.1014,-0.777,18.3572,-164.7024,42.8663,164.9493,True,False,0.0
872,30,541,70,banana in black bowl,banana in black bowl,-0.0125,0.1881,-0.9858,30.8818,-164.7024,158.6158,179.3602,True,True,0.0
872,30,561,70,banana in black bowl,banana in black bowl,-0.1101,0.0996,-0.9378,25.2152,-164.7024,126.6981,158.38,True,False,0.0
872,40,556,90,banana in black bowl,banana in black bowl,-0.0665,0.1077,-0.9984,28.0597,-5.8045,-178.5665,26.0056,True,True,0.0
872,40,548,120,banana in black bowl,banana in black bowl,0.4569,0.8544,0.0878,18.58,-5.8045,83.1323,27.7869,True,False,0.0
872,40,563,110,banana in black bowl,banana in black bowl,0.1844,-0.2177,-0.4824,22.8748,-5.8045,117.0106,22.255,True,False,0.0
872,50,556,90,banana in black bowl,banana in black bowl,0.0263,-0.1279,-0.998,10.9348,7.7229,27.7937,26.0056,True,True,0.0
872,50,548,120,banana in black bowl,banana in black bowl,-0.4254,-0.39,-0.968,12.2633,7.7229,-150.0336,27.7869,True,True,0.0
872,50,563,110,banana in black bowl,banana in black bowl,-0.375,-0.7169,-0.9939,16.0739,7.7229,-123.7537,22.255,True,False,0.0
872,100,558,50,banana in black bowl,banana in black bowl,0.5527,-0.0422,0.22,5.9958,167.0472,152.6324,164.9493,True,True,0.0
872,100,541,70,banana in black bowl,banana in black bowl,-0.1387,-0.7573,-0.9562,23.5408,167.0472,27.0555,179.3602,True,True,0.0
872,100,561,70,banana in black bowl,banana in black bowl,-0.0546,-0.3524,-0.897,23.6065,167.0472,29.3242,158.38,True,True,0.0
872,210,558,50,banana in black bowl,banana in black bowl,0.0746,0.0523,-0.6726,9.2071,177.5432,-94.9148,164.9493,True,False,0.0
872,210,541,70,banana in black bowl,banana in black bowl,0.5282,0.5501,0.1709,21.2963,177.5432,-144.258,179.3602,True,False,0.0
872,210,561,70,banana in black bowl,banana in black bowl,0.6973,0.7883,0.1111,20.4588,177.5432,-137.7678,158.38,True,False,0.0
873,110,541,70,banana in black bowl,banana in black bowl,-0.3963,-0.9905,-0.9089,15.5877,-163.1289,-13.164,179.3602,True,True,0.0
873,110,535,60,banana in black bowl,banana in black bowl,-0.2089,-0.4793,-0.8721,24.9842,-163.1289,-58.3986,-175.483,True,False,0.0
873,110,558,50,banana in black bowl,banana in black bowl,0.6551,0.6474,0.0038,2.5649,-163.1289,159.513,164.9493,True,True,0.0907
874,150,556,90,banana in black bowl,banana in black bowl,0.9088,0.7393,0.8594,25.1634,-9.1314,19.2322,26.0056,True,True,0.6718
874,150,548,120,banana in black bowl,banana in black bowl,0.884,0.2753,0.5487,18.5876,-9.1314,8.1964,27.7869,True,True,0.2434
874,150,563,110,banana in black bowl,banana in black bowl,0.9219,0.6459,0.7464,22.414,-9.1314,6.0672,22.255,True,True,0.5954
874,180,558,50,banana in black bowl,banana in black bowl,0.8557,0.465,0.8079,20.1183,-165.9818,-125.8889,164.9493,True,False,0.0
874,180,561,70,banana in black bowl,banana in black bowl,0.8222,0.4403,0.7114,24.762,-165.9818,-117.3477,158.38,True,False,0.0
874,180,541,70,banana in black bowl,banana in black bowl,0.827,0.4899,0.794,25.16,-165.9818,-125.2583,179.3602,True,False,0.0
874,190,558,50,banana in black bowl,banana in black bowl,0.7869,0.5028,0.1931,12.3472,161.0013,-119.3011,164.9493,True,False,0.0
874,190,541,70,banana in black bowl,banana in black bowl,0.8234,0.5577,0.3685,19.5462,161.0013,-129.7892,179.3602,True,False,0.0
874,190,561,70,banana in black bowl,banana in black bowl,0.7753,0.5024,0.1448,17.9443,161.0013,-116.4941,158.38,True,False,0.0
875,30,558,50,banana in black bowl,banana in black bowl,-0.2097,-0.6313,-0.9645,21.6888,169.5446,-0.3723,164.9493,True,True,0.0
875,30,541,70,banana in black bowl,banana in black bowl,0.3059,0.2571,-0.8241,32.3737,169.5446,150.0476,179.3602,True,True,0.0786
875,30,561,70,banana in black bowl,banana in black bowl,0.2471,0.051,-0.739,37.3558,169.5446,131.8851,158.38,True,False,0.0
875,40,556,90,banana in black bowl,banana in black bowl,0.2401,-0.1647,-0.8874,23.1025,-20.0907,177.4932,26.0056,True,True,0.0
875,40,548,120,banana in black bowl,banana in black bowl,0.1995,0.1097,-0.9213,15.6109,-20.0907,172.9179,27.7869,True,True,0.0219
875,40,563,110,banana in black bowl,banana in black bowl,0.1281,-0.6433,-0.9368,11.5032,-20.0907,170.5164,22.255,True,True,0.0
875,50,556,90,banana in black bowl,banana in black bowl,0.0227,-0.6736,-0.678,18.8568,-21.8754,-153.6208,26.0056,True,True,0.0
875,50,548,120,banana in black bowl,banana in black bowl,-0.1278,-0.2682,-0.8846,10.5357,-21.8754,-174.7598,27.7869,True,True,0.0
875,50,563,110,banana in black bowl,banana in black bowl,-0.0386,-0.7351,-0.7004,12.779,-21.8754,-158.3717,22.255,True,True,0.0
875,60,558,50,banana in black bowl,banana in black bowl,0.3305,0.6633,-0.256,17.4085,159.4257,-159.3447,164.9493,True,True,0.2192
875,60,541,70,banana in black bowl,banana in black bowl,0.9069,0.7823,0.782,24.792,159.4257,132.6769,179.3602,True,False,0.0
875,60,561,70,banana in black bowl,banana in black bowl,0.7965,0.6576,0.6876,21.4751,159.4257,116.404,158.38,True,False,0.0
875,70,548,120,banana in black bowl,banana in black bowl,-0.0494,-0.8487,-0.9108,9.6821,24.3762,-116.85,27.7869,True,False,0.0
875,70,563,110,banana in black bowl,banana in black bowl,0.3361,-0.0925,-0.6004,7.1524,24.3762,-25.4847,22.255,True,True,0.0
875,70,551,100,banana in black bowl,banana in black bowl,0.3453,0.123,-0.3048,7.8125,24.3762,-68.9801,-9.1668,True,False,0.0
875,110,556,90,banana in black bowl,banana in black bowl,0.8083,0.5281,0.4066,25.426,0.402,-32.7192,26.0056,True,False,0.0
875,110,548,120,banana in black bowl,banana in black bowl,0.8868,0.2956,0.739,16.3757,0.402,8.1766,27.7869,True,True,0.2621
875,110,563,110,banana in black bowl,banana in black bowl,0.8809,0.6627,0.761,21.9928,0.402,2.8526,22.255,True,True,0.5838
876,20,556,90,banana in black bowl,banana in black bowl,-0.2655,0.0269,-0.999,22.6903,-16.3986,-156.0928,26.0056,True,True,0.0
876,20,548,120,banana in black bowl,banana in black bowl,-0.249,0.7772,-0.9557,14.8535,-16.3986,98.2543,27.7869,True,False,0.0
876,20,563,110,banana in black bowl,banana in black bowl,-0.2756,-0.4524,-0.9984,11.7147,-16.3986,160.3766,22.255,True,True,0.0
876,80,558,50,banana in black bowl,banana in black bowl,0.1876,-0.8903,-0.9401,6.1758,179.2581,-0.3718,164.9493,True,True,0.0
876,80,541,70,banana in black bowl,banana in black bowl,0.3806,-0.8645,-0.9685,20.9429,179.2581,5.1423,179.3602,True,True,0.0
876,80,561,70,banana in black bowl,banana in black bowl,0.3701,-0.8249,-0.9748,22.0319,179.2581,32.4423,158.38,True,False,0.0
876,150,558,50,banana in black bowl,banana in black bowl,0.2027,-0.2705,-0.3576,6.5539,164.4487,-114.0383,164.9493,True,False,0.0
876,150,541,70,banana in black bowl,banana in black bowl,0.307,-0.4395,-0.1988,14.6936,164.4487,-104.6869,179.3602,True,False,0.0
876,150,561,70,banana in black bowl,banana in black bowl,0.3772,-0.3492,0.0161,14.025,164.4487,-117.0768,158.38,True,False,0.0
877,60,551,100,banana in black bowl,banana in black bowl,0.6653,0.1141,-0.0719,8.7974,-25.1902,-65.9107,-9.1668,True,False,0.0
877,60,548,120,banana in black bowl,banana in black bowl,0.0231,-0.8567,-0.7501,9.4048,-25.1902,-135.2667,27.7869,True,False,0.0
877,60,556,90,banana in black bowl,banana in black bowl,0.0335,-0.4894,-0.9043,11.9508,-25.1902,-178.6911,26.0056,True,True,0.0
877,70,556,90,banana in black bowl,banana in black bowl,0.3716,0.2935,-0.4712,14.4902,-13.077,100.2734,26.0056,True,False,0.0
877,70,548,120,banana in black bowl,banana in black bowl,0.424,0.4511,-0.1543,14.8863,-13.077,81.0405,27.7869,True,False,0.0
877,70,563,110,banana in black bowl,banana in black bowl,0.4769,0.5787,-0.149,21.8239,-13.077,80.7318,22.255,True,False,0.0
878,50,556,100,banana in black bowl,banana in black bowl,0.2547,-0.7751,-0.9791,18.3131,1.8503,-146.9541,24.791,True,False,0.0
878,50,548,120,banana in black bowl,banana in black bowl,0.2037,-0.6481,-0.9562,12.2724,1.8503,-141.6616,27.7869,True,False,0.0
878,50,563,110,banana in black bowl,banana in black bowl,0.2787,-0.647,-0.9943,14.4097,1.8503,-152.5715,22.255,True,True,0.0
878,180,558,50,banana in black bowl,banana in black bowl,0.4571,0.2379,-0.1959,7.173,-155.2478,128.0892,164.9493,True,False,0.0
878,180,541,70,banana in black bowl,banana in black bowl,0.6875,0.2992,0.1045,14.1981,-155.2478,-132.8482,179.3602,True,False,0.0
878,180,561,70,banana in black bowl,banana in black bowl,0.6443,0.5632,0.1695,16.1493,-155.2478,155.6893,158.38,True,True,0.3629
879,50,558,50,banana in black bowl,banana in black bowl,-0.2712,0.2667,-0.9862,6.6456,166.4868,-110.7795,164.9493,True,False,0.0
879,50,561,70,banana in black bowl,banana in black bowl,0.3249,0.4375,-0.4789,25.5437,166.4868,-158.4208,158.38,True,True,0.1422
879,50,541,70,banana in black bowl,banana in black bowl,0.3573,0.6732,-0.9555,26.3404,166.4868,-158.0537,179.3602,True,True,0.2406
879,100,558,50,banana in black bowl,banana in black bowl,0.8762,0.8402,0.692,2.2777,173.775,167.2463,164.9493,True,True,0.1397
879,100,561,70,banana in black bowl,banana in black bowl,-0.9097,-0.6746,-0.9952,19.6923,173.775,37.4189,158.38,True,False,0.0
879,100,541,70,banana in black bowl,banana in black bowl,-0.8782,-0.8109,-0.9838,19.0321,173.775,-39.9996,179.3602,True,False,0.0
880,30,558,50,banana in black bowl,banana in black bowl,-0.1911,0.3961,-0.9925,14.4188,155.9759,-137.4647,164.9493,True,False,0.0
880,30,541,70,banana in black bowl,banana in black bowl,-0.3579,0.1145,-0.9175,25.7119,155.9759,-130.1365,179.3602,True,False,0.0
880,30,561,70,banana in black bowl,banana in black bowl,-0.2321,-0.0434,-0.92,26.1289,155.9759,-137.8089,158.38,True,False,0.0
880,90,558,50,banana in black bowl,banana in black bowl,0.368,-0.9056,-0.3244,4.4312,-170.3243,-53.744,164.9493,True,False,0.0
880,90,561,70,banana in black bowl,banana in black bowl,-0.0473,-0.6931,-0.9842,18.9467,-170.3243,49.2608,158.38,True,False,0.0
880,90,541,70,banana in black bowl,banana in black bowl,0.2203,-0.8577,-0.6081,18.6202,-170.3243,-62.1076,179.3602,True,False,0.0
880,100,556,90,banana in black bowl,banana in black bowl,0.2948,0.4991,-0.9841,25.0398,25.5051,-51.4797,26.0056,True,False,0.0
880,100,548,120,banana in black bowl,banana in black bowl,0.5149,0.3235,-0.8745,18.1947,25.5051,3.9702,27.7869,True,True,0.1666
880,100,551,100,banana in black bowl,banana in black bowl,0.4811,0.937,-0.8603,24.1674,25.5051,-13.3882,-9.1668,True,True,0.4508
1621,20,602,140,milk on pink plate,milk on pink plate,0.5344,0.5159,0.1994,22.3754,-173.85,137.6724,166.6432,True,False,0.0
1621,20,605,90,milk on pink plate,milk on pink plate,0.6694,0.0837,-0.11,17.9545,-173.85,173.4725,-152.1182,True,True,0.056
1621,20,609,150,milk on pink plate,milk on pink plate,0.5029,0.6038,-0.1152,14.8188,-173.85,-99.3447,-169.9749,True,False,0.0
1621,50,602,140,milk on pink plate,milk on pink plate,-0.2369,-0.0903,-0.9656,12.8049,-178.9044,-134.2799,166.6432,True,False,0.0
1621,50,605,90,milk on pink plate,milk on pink plate,-0.1092,0.9776,-0.9702,18.543,-178.9044,-148.8845,-152.1182,True,False,0.0
1621,50,609,150,milk on pink plate,milk on pink plate,-0.1602,-0.033,-0.9425,9.8655,-178.9044,-148.7193,-169.9749,True,False,0.0
1621,100,597,130,milk on pink plate,milk on pink plate,-0.0165,0.9818,-0.9997,22.6776,1.647,-9.7505,-22.131,True,True,0.0
1621,100,630,160,milk on pink plate,milk on pink plate,-0.0052,0.3744,-0.9967,3.4282,1.647,1.1046,-29.7304,True,True,0.0
1621,100,602,170,milk on pink plate,milk on pink plate,-0.0214,0.7411,-0.9982,33.7997,1.647,-21.0478,10.56,True,True,0.0
1621,130,602,140,milk on pink plate,milk on pink plate,0.9727,0.0155,0.9529,8.0513,-173.1065,-177.0259,166.6432,True,True,0.0101
1621,130,609,150,milk on pink plate,milk on pink plate,0.7955,-0.1069,0.6024,4.5577,-173.1065,-123.1171,-169.9749,True,False,0.0
1621,130,605,90,milk on pink plate,milk on pink plate,0.9652,0.7937,0.9227,9.4627,-173.1065,166.4343,-152.1182,True,True,0.6041
1621,140,602,140,milk on pink plate,milk on pink plate,0.9422,0.7427,0.9219,9.3385,-179.7146,-167.6838,166.6432,True,True,0.5446
1621,140,605,90,milk on pink plate,milk on pink plate,0.945,-0.1469,0.8827,10.4976,-179.7146,171.81,-152.1182,True,True,0.0
1621,140,609,150,milk on pink plate,milk on pink plate,0.1488,-0.0328,-0.7347,2.6352,-179.7146,42.273,-169.9749,True,False,0.0
1621,150,602,140,milk on pink plate,milk on pink plate,0.9798,0.4356,0.9724,11.9813,-179.3234,-163.9946,166.6432,True,True,0.4262
1621,150,605,90,milk on pink plate,milk on pink plate,0.9755,0.4425,0.9472,17.2152,-179.3234,-169.657,-152.1182,True,True,0.4316
1621,150,609,150,milk on pink plate,milk on pink plate,-0.1827,0.0482,-0.9307,2.2183,-179.3234,75.5025,-169.9749,True,False,0.0
1622,40,597,130,milk on pink plate,milk on pink plate,0.2277,-0.6921,-0.9768,18.0152,-9.357,-179.5539,-22.131,True,True,0.0
1622,40,630,160,milk on pink plate,milk on pink plate,0.0697,-0.7997,-0.9893,19.6135,-9.357,176.4608,-29.7304,True,True,0.0
1622,40,602,170,milk on pink plate,milk on pink plate,0.1513,-0.9578,-0.9691,24.2046,-9.357,-177.6263,10.56,True,True,0.0
1623,20,602,140,milk on pink plate,milk on pink plate,0.3688,0.5747,-0.764,22.1348,157.1625,141.8993,166.6432,True,False,0.0
1623,20,605,90,milk on pink plate,milk on pink plate,0.334,0.0887,-0.8588,34.691,157.1625,179.6251,-152.1182,True,True,0.0296
1623,20,609,150,milk on pink plate,milk on pink plate,0.2427,0.3377,-0.7865,28.1261,157.1625,112.0113,-169.9749,True,False,0.0
1624,10,597,130,milk on pink plate,milk on pink plate,0.7547,0.1594,0.4362,15.0849,9.5428,61.9636,-22.131,True,False,0.0
1624,10,630,160,milk on pink plate,milk on pink plate,-0.1461,-0.3831,-0.8479,10.823,9.5428,160.1078,-29.7304,True,True,0.0
1624,10,602,170,milk on pink plate,milk on pink plate,0.3609,-0.2857,-0.2226,14.5584,9.5428,-90.7342,10.56,True,False,0.0
1624,30,602,140,milk on pink plate,milk on pink plate,0.3044,0.5651,-0.7133,14.3407,153.6442,-173.8704,166.6432,True,True,0.172
1624,30,605,90,milk on pink plate,milk on pink plate,0.3015,0.0284,-0.7603,21.888,153.6442,-179.4982,-152.1182,True,True,0.0086
1624,30,609,150,milk on pink plate,milk on pink plate,0.1824,0.2795,-0.8283,13.5835,153.6442,97.039,-169.9749,True,False,0.0
1624,40,597,130,milk on pink plate,milk on pink plate,0.4009,-0.7978,-0.9832,18.1612,17.1874,-161.4357,-22.131,True,True,0.0
1624,40,630,160,milk on pink plate,milk on pink plate,0.4203,-0.1055,-0.8794,9.8337,17.1874,-122.4902,-29.7304,True,False,0.0
1624,40,602,170,milk on pink plate,milk on pink plate,0.3954,-0.7448,-0.9656,18.7197,17.1874,-135.8445,10.56,True,False,0.0
1624,50,602,140,milk on pink plate,milk on pink plate,0.0523,-0.115,-0.9327,14.2988,151.8006,-146.9696,166.6432,True,False,0.0
1624,50,605,90,milk on pink plate,milk on pink plate,0.1146,0.9755,-0.9259,20.8175,151.8006,-150.5374,-152.1182,True,True,0.1118
1624,50,609,150,milk on pink plate,milk on pink plate,-0.2196,-0.1567,-0.9922,6.1555,151.8006,-116.7575,-169.9749,True,False,0.0
1624,90,602,140,milk on pink plate,milk on pink plate,0.0294,-0.0372,-0.8395,14.861,-176.34,-25.3508,166.6432,True,True,0.0
1624,90,609,150,milk on pink plate,milk on pink plate,0.202,0.0082,-0.9477,8.7065,-176.34,29.0731,-169.9749,True,True,0.0012
1624,90,605,90,milk on pink plate,milk on pink plate,0.1352,-0.9568,-0.9981,12.5675,-176.34,13.9756,-152.1182,True,True,0.0
1624,120,602,170,milk on pink plate,milk on pink plate,0.3731,0.1747,-0.4032,16.512,-29.2881,-92.2309,10.56,True,False,0.0
1624,120,630,160,milk on pink plate,milk on pink plate,0.3582,0.8041,-0.4503,9.4207,-29.2881,-109.2602,-29.7304,True,False,0.0
1624,120,604,90,milk on pink plate,milk on pink plate,0.1964,-0.1122,-0.6079,17.9536,-29.2881,-107.188,-14.3022,True,False,0.0
1624,130,602,140,milk on pink plate,milk on pink plate,0.79,-0.1581,0.1663,6.8881,-166.4202,-122.8513,166.6432,True,False,0.0
1624,130,605,90,milk on pink plate,milk on pink plate,0.8237,0.9069,0.3632,9.5451,-166.4202,-134.5764,-152.1182,True,False,0.0
1624,130,609,150,milk on pink plate,milk on pink plate,0.6183,-0.2407,-0.43,4.9889,-166.4202,-87.8147,-169.9749,True,False,0.0
1625,30,597,130,milk on pink plate,milk on pink plate,-0.1211,-0.5722,-0.9926,22.3154,-9.2577,177.7314,-22.131,True,True,0.0
1625,30,630,160,milk on pink plate,milk on pink plate,-0.1673,-0.8856,-0.9966,23.4232,-9.2577,166.0531,-29.7304,True,True,0.0
1625,30,602,170,milk on pink plate,milk on pink plate,-0.124,-0.9366,-0.9786,25.4362,-9.2577,-177.3553,10.56,True,True,0.0
1625,40,597,130,milk on pink plate,milk on pink plate,-0.0132,-0.9345,-0.973,15.1541,-15.1395,178.7834,-22.131,True,True,0.0
1625,40,602,170,milk on pink plate,milk on pink plate,0.0362,-0.7265,-0.9112,26.3773,-15.1395,-154.3922,10.56,True,True,0.0
1625,40,630,160,milk on pink plate,milk on pink plate,-0.0474,-0.2729,-0.9859,21.3339,-15.1395,179.4294,-29.7304,True,True,0.0
1625,60,602,140,milk on pink plate,milk on pink plate,0.8663,-0.0407,0.699,16.8517,-158.947,-163.4532,166.6432,True,True,0.0
1625,60,605,90,milk on pink plate,milk on pink plate,0.8186,0.9502,0.762,21.7435,-158.947,-178.2433,-152.1182,True,True,0.7778
1625,60,609,150,milk on pink plate,milk on pink plate,0.5063,-0.0484,0.3369,9.5608,-158.947,177.5703,-169.9749,True,True,0.0
1625,100,602,140,milk on pink plate,milk on pink plate,0.0421,0.0368,-0.9702,15.9484,-176.6618,16.3896,166.6432,True,True,0.0016
1625,100,609,150,milk on pink plate,milk on pink plate,0.0814,0.0585,-0.8138,13.4616,-176.6618,55.6481,-169.9749,True,False,0.0
1625,100,605,90,milk on pink plate,milk on pink plate,0.0369,-0.9233,-0.9836,17.5371,-176.6618,-8.0318,-152.1182,True,True,0.0
1625,110,597,130,milk on pink plate,milk on pink plate,0.0381,0.9459,-0.9236,24.7911,-18.8269,-7.06,-22.131,True,True,0.0361
1625,110,630,160,milk on pink plate,milk on pink plate,0.0636,0.1258,-0.8174,15.7141,-18.8269,14.9255,-29.7304,True,True,0.008
1625,110,602,170,milk on pink plate,milk on pink plate,-0.0387,0.7218,-0.9994,29.0188,-18.8269,-10.8752,10.56,True,True,0.0
1625,130,597,130,milk on pink plate,milk on pink plate,0.5053,-0.0311,0.1965,15.9987,-27.0248,-104.5542,-22.131,True,False,0.0
1625,130,630,160,milk on pink plate,milk on pink plate,0.6524,0.6646,0.3657,11.4353,-27.0248,5.0073,-29.7304,True,True,0.4132
1625,130,602,170,milk on pink plate,milk on pink plate,0.7269,0.331,0.5546,17.6234,-27.0248,-75.9096,10.56,True,False,0.0
1625,140,602,140,milk on pink plate,milk on pink plate,0.7575,-0.0947,0.0951,9.037,162.1207,-114.4717,166.6432,True,False,0.0
1625,140,605,90,milk on pink plate,milk on pink plate,0.8952,0.7655,0.5886,12.1178,162.1207,-145.0747,-152.1182,True,False,0.0
1625,140,609,150,milk on pink plate,milk on pink plate,0.6926,-0.152,-0.1738,7.4491,162.1207,-99.0099,-169.9749,True,False,0.0
1626,70,597,130,milk on pink plate,milk on pink plate,0.9454,0.1518,0.8592,16.2803,14.0127,11.7711,-22.131,True,True,0.1436
1626,70,630,160,milk on pink plate,milk on pink plate,0.9676,0.2355,0.9001,10.2811,14.0127,20.0134,-29.7304,True,True,0.1952
1626,70,609,160,milk on pink plate,milk on pink plate,0.9337,0.3732,0.8602,18.3064,14.0127,48.3664,5.8782,True,False,0.0
1626,100,597,130,milk on pink plate,milk on pink plate,0.9978,0.9775,0.9928,25.4114,-16.467,-10.1322,-22.131,True,True,0.9754
1626,100,630,160,milk on pink plate,milk on pink plate,0.921,0.164,0.8559,8.3503,-16.467,12.8555,-29.7304,True,True,0.1051
1626,100,609,160,milk on pink plate,milk on pink plate,0.9165,0.9428,0.8506,20.7066,-16.467,10.0046,5.8782,True,True,0.8641
1627,60,602,140,milk on pink plate,milk on pink plate,-0.3453,-0.0959,-0.9102,17.5606,162.948,-139.9275,166.6432,True,False,0.0
1627,60,605,90,milk on pink plate,milk on pink plate,-0.4492,0.9614,-0.9997,16.711,162.948,-135.6205,-152.1182,True,False,0.0
1627,60,609,150,milk on pink plate,milk on pink plate,-0.5566,-0.0532,-0.9983,10.5182,162.948,-139.2443,-169.9749,True,False,0.0
1627,70,609,160,milk on pink plate,milk on pink plate,0.5025,-0.2274,0.1451,16.7504,27.8279,62.535,5.8782,True,False,0.0
1627,70,603,120,milk on pink plate,milk on pink plate,-0.3194,-0.063,-0.9953,6.4729,27.8279,-152.1501,9.395,True,True,0.0
1627,70,630,160,milk on pink plate,milk on pink plate,0.4934,0.3966,0.1798,17.3342,27.8279,70.8601,-29.7304,True,False,0.0
1627,100,609,160,milk on pink plate,milk on pink plate,0.0643,0.9647,-0.999,21.0452,14.3331,30.955,5.8782,True,False,0.0
1627,100,603,120,milk on pink plate,milk on pink plate,0.1306,0.0828,-0.9989,20.7659,14.3331,34.6603,9.395,True,False,0.0
1627,100,630,160,milk on pink plate,milk on pink plate,0.0699,0.0054,-0.9948,11.7499,14.3331,14.0708,-29.7304,True,True,0.0004
1628,20,602,140,milk on pink plate,milk on pink plate,0.8541,0.4574,0.6765,17.8786,153.7888,-170.0903,166.6432,True,True,0.3907
1628,20,605,90,milk on pink plate,milk on pink plate,0.7441,0.2898,0.6059,18.6975,153.7888,-174.7848,-152.1182,True,True,0.2157
1628,20,609,150,milk on pink plate,milk on pink plate,0.9285,0.5086,0.8629,14.2838,153.7888,160.5415,-169.9749,True,True,0.4722
1628,40,597,130,milk on pink plate,milk on pink plate,-0.0157,-0.8943,-0.9861,20.4829,-5.7855,168.5106,-22.131,True,True,0.0
1628,40,630,160,milk on pink plate,milk on pink plate,-0.0441,-0.4134,-0.9899,23.493,-5.7855,169.9139,-29.7304,True,True,0.0
1628,40,602,170,milk on pink plate,milk on pink plate,-0.041,-0.7901,-0.9747,28.1118,-5.7855,-169.0223,10.56,True,True,0.0
1630,20,602,140,milk on pink plate,milk on pink plate,0.3167,0.5312,-0.9954,18.5862,-154.0148,178.6494,166.6432,True,True,0.1683
1630,20,605,90,milk on pink plate,milk on pink plate,0.2763,0.084,-0.986,23.3599,-154.0148,152.896,-152.1182,True,True,0.0232
1630,20,609,150,milk on pink plate,milk on pink plate,0.1825,0.4819,-0.9497,12.9046,-154.0148,155.8327,-169.9749,True,True,0.088
1630,60,597,130,milk on pink plate,milk on pink plate,0.3912,-0.2255,-0.1638,14.24,17.6431,34.9352,-22.131,True,False,0.0
1630,60,630,160,milk on pink plate,milk on pink plate,0.2391,0.2311,-0.3079,7.2876,17.6431,7.0668,-29.7304,True,True,0.0336
1630,60,609,160,milk on pink plate,milk on pink plate,0.3986,0.2891,-0.1148,10.7659,17.6431,35.4609,5.8782,True,False,0.0
1630,130,602,140,milk on pink plate,milk on pink plate,0.7608,-0.0383,0.1379,8.2339,157.1837,-112.0549,166.6432,True,False,0.0
1630,130,609,150,milk on pink plate,milk on pink plate,0.7207,-0.1307,-0.0893,5.359,157.1837,-99.0055,-169.9749,True,False,0.0
1630,130,605,90,milk on pink plate,milk on pink plate,0.8157,0.6842,0.3792,11.3441,157.1837,-126.4141,-152.1182,True,False,0.0
1631,30,597,130,milk on pink plate,milk on pink plate,-0.4308,-0.897,-0.9999,13.5791,-18.8771,144.8264,-22.131,True,False,0.0
1631,30,630,160,milk on pink plate,milk on pink plate,-0.4854,-0.3042,-0.9983,12.2588,-18.8771,-178.3061,-29.7304,True,True,0.0
1631,30,609,160,milk on pink plate,milk on pink plate,-0.175,-0.9217,-0.6699,16.0991,-18.8771,-166.4645,5.8782,True,True,0.0
1631,40,602,140,milk on pink plate,milk on pink plate,-0.1457,-0.0383,-0.6734,27.1132,-171.4692,-153.6048,166.6432,True,True,0.0
1631,40,605,90,milk on pink plate,milk on pink plate,-0.1018,0.9552,-0.9114,22.4789,-171.4692,-167.2109,-152.1182,True,True,0.0
1631,40,609,150,milk on pink plate,milk on pink plate,-0.3172,-0.0752,-0.9843,16.5678,-171.4692,-127.4419,-169.9749,True,False,0.0
1632,20,602,140,milk on pink plate,milk on pink plate,0.4228,0.5153,-0.4686,16.5457,162.3864,132.5441,166.6432,True,False,0.0
1632,20,605,90,milk on pink plate,milk on pink plate,0.5354,-0.1806,-0.4948,27.0121,162.3864,133.5884,-152.1182,True,False,0.0
1632,20,609,150,milk on pink plate,milk on pink plate,0.2996,0.2747,-0.5005,19.2929,162.3864,95.6617,-169.9749,True,False,0.0
1632,30,597,130,milk on pink plate,milk on pink plate,0.6017,-0.745,-0.5017,23.9021,13.0637,161.6546,-22.131,True,True,0.0
1632,30,630,160,milk on pink plate,milk on pink plate,0.4678,-0.7095,-0.8099,24.0649,13.0637,-174.3657,-29.7304,True,True,0.0
1632,30,602,170,milk on pink plate,milk on pink plate,0.4994,-0.9345,-0.7747,26.6851,13.0637,-177.6799,10.56,True,True,0.0
1632,80,602,140,milk on pink plate,milk on pink plate,-0.0714,0.0026,-0.9818,16.8438,169.7633,-3.8345,166.6432,True,True,0.0
1632,80,609,150,milk on pink plate,milk on pink plate,0.0108,-0.0278,-0.9272,12.0386,169.7633,7.2054,-169.9749,True,True,0.0
1632,80,605,90,milk on pink plate,milk on pink plate,0.035,-0.9361,-0.9304,17.6346,169.7633,6.7059,-152.1182,True,True,0.0
1632,130,602,140,milk on pink plate,milk on pink plate,0.9755,-0.1379,0.9641,5.3184,-157.116,-129.1269,166.6432,True,False,0.0
1632,130,605,90,milk on pink plate,milk on pink plate,0.9957,0.8705,0.9915,8.8843,-157.116,-141.3375,-152.1182,True,False,0.0
1632,130,609,150,milk on pink plate,milk on pink plate,0.9158,-0.1537,0.8408,3.6265,-157.116,-111.6781,-169.9749,True,False,0.0
1633,20,597,130,milk on pink plate,milk on pink plate,-0.1989,-0.4881,-0.9747,23.5896,-9.574,156.9951,-22.131,True,True,0.0
1633,20,630,160,milk on pink plate,milk on pink plate,-0.103,-0.9233,-0.976,23.1197,-9.574,-175.1768,-29.7304,True,True,0.0
1633,20,602,170,milk on pink plate,milk on pink plate,-0.1191,-0.806,-0.9997,22.8532,-9.574,170.3401,10.56,True,True,0.0
1633,30,597,130,milk on pink plate,milk on pink plate,-0.0289,-0.6468,-1.0,17.4792,18.5841,-154.6671,-22.131,True,True,0.0
1633,30,630,160,milk on pink plate,milk on pink plate,-0.0201,-0.1423,-0.9406,13.401,18.5841,-133.3115,-29.7304,True,False,0.0
1633,30,602,170,milk on pink plate,milk on pink plate,-0.0296,-0.8691,-0.9994,16.0387,18.5841,-156.7055,10.56,True,True,0.0
1633,40,602,140,milk on pink plate,milk on pink plate,0.0025,-0.005,-0.9117,14.7987,-156.3534,172.1651,166.6432,True,True,0.0
1633,40,609,150,milk on pink plate,milk on pink plate,0.2421,-0.0889,-0.3857,8.6693,-156.3534,-127.4536,-169.9749,True,False,0.0
1633,40,605,90,milk on pink plate,milk on pink plate,0.0153,0.9792,-0.9552,21.1558,-156.3534,-168.2622,-152.1182,True,True,0.015
1633,60,602,140,milk on pink plate,milk on pink plate,0.7107,0.5968,-0.0089,14.4051,173.6575,-154.2684,166.6432,True,True,0.4242
1633,60,609,150,milk on pink plate,milk on pink plate,0.5648,0.0279,-0.4897,20.5168,173.6575,57.8067,-169.9749,True,False,0.0
1633,60,605,90,milk on pink plate,milk on pink plate,0.6698,-0.7962,-0.2426,19.4271,173.6575,73.0924,-152.1182,True,False,0.0
1633,80,597,130,milk on pink plate,milk on pink plate,0.1421,0.9338,-0.9605,26.6531,-12.7597,-3.4376,-22.131,True,True,0.1327
1633,80,630,160,milk on pink plate,milk on pink plate,0.1134,0.1579,-0.9922,8.5412,-12.7597,13.365,-29.7304,True,True,0.0127
1633,80,602,170,milk on pink plate,milk on pink plate,0.2863,0.6979,-0.724,31.2415,-12.7597,-20.4703,10.56,True,True,0.1998
1634,10,602,140,milk on pink plate,milk on pink plate,0.3113,0.5993,-0.9797,16.1305,164.2335,145.1989,166.6432,True,False,0.0
1634,10,605,90,milk on pink plate,milk on pink plate,0.3019,-0.2376,-0.9601,22.7664,164.2335,151.2423,-152.1182,True,True,0.0
1634,10,609,150,milk on pink plate,milk on pink plate,0.3543,0.7703,-0.8909,11.5308,164.2335,164.2296,-169.9749,True,True,0.2622
1634,20,597,130,milk on pink plate,milk on pink plate,0.4792,-0.5447,-0.783,28.1375,-21.9724,117.4887,-22.131,True,False,0.0
1634,20,630,160,milk on pink plate,milk on pink plate,0.4217,-0.8903,-0.9592,31.7289,-21.9724,172.3718,-29.7304,True,True,0.0
1634,20,602,170,milk on pink plate,milk on pink plate,0.4121,-0.8714,-0.9993,31.0939,-21.9724,158.1457,10.56,True,True,0.0
1634,40,602,140,milk on pink plate,milk on pink plate,0.0359,-0.1065,-0.9863,12.4116,-155.1196,-124.3423,166.6432,True,False,0.0
1634,40,605,90,milk on pink plate,milk on pink plate,-0.065,0.9456,-0.9951,19.2241,-155.1196,-124.0542,-152.1182,True,False,0.0
1634,40,609,150,milk on pink plate,milk on pink plate,-0.1211,-0.036,-0.998,10.4596,-155.1196,-150.1608,-169.9749,True,True,0.0
1634,80,609,160,milk on pink plate,milk on pink plate,0.0044,0.9143,-0.9948,17.6314,27.9334,28.5816,5.8782,True,True,0.004
1634,80,597,130,milk on pink plate,milk on pink plate,0.0065,0.9483,-0.9981,20.5685,27.9334,-2.5348,-22.131,True,True,0.0062
1634,80,630,160,milk on pink plate,milk on pink plate,0.0242,0.0603,-0.9881,11.1351,27.9334,21.0648,-29.7304,True,True,0.0014
1634,100,597,130,milk on pink plate,milk on pink plate,-0.1078,-0.5479,-0.5686,16.1925,-6.8254,-135.3465,-22.131,True,False,0.0
1634,100,630,160,milk on pink plate,milk on pink plate,0.1939,-0.1048,-0.3898,7.6746,-6.8254,-118.8298,-29.7304,True,False,0.0
1634,100,602,170,milk on pink plate,milk on pink plate,-0.076,-0.2533,-0.4549,15.2475,-6.8254,-127.7472,10.56,True,False,0.0
1635,40,602,140,milk on pink plate,milk on pink plate,-0.0136,-0.0445,-0.8126,18.8773,-159.2912,-153.0835,166.6432,True,True,0.0
1635,40,605,90,milk on pink plate,milk on pink plate,0.0376,0.9405,-0.7362,19.7574,-159.2912,-178.9415,-152.1182,True,True,0.0354
1635,40,609,150,milk on pink plate,milk on pink plate,0.0982,-0.0063,-0.3129,10.0522,-159.2912,-153.14,-169.9749,True,True,0.0
1635,60,602,140,milk on pink plate,milk on pink plate,0.7925,-0.0799,0.6106,20.0632,-166.1803,120.0297,166.6432,True,False,0.0
1635,60,609,150,milk on pink plate,milk on pink plate,0.5034,-0.4314,-0.5901,20.6438,-166.1803,43.4306,-169.9749,True,False,0.0
1635,60,605,90,milk on pink plate,milk on pink plate,0.7824,0.0556,0.3217,18.9526,-166.1803,178.0159,-152.1182,True,True,0.0435
1636,70,597,130,milk on pink plate,milk on pink plate,0.8792,0.9659,0.7875,27.1676,22.8279,-8.9987,-22.131,True,True,0.8492
1636,70,630,160,milk on pink plate,milk on pink plate,0.797,0.4006,0.5625,3.4628,22.8279,-3.5892,-29.7304,True,True,0.0921
1636,70,609,160,milk on pink plate,milk on pink plate,0.9358,0.9005,0.8339,30.5005,22.8279,6.9335,5.8782,True,True,0.8428
1636,90,602,140,milk on pink plate,milk on pink plate,0.566,-0.2068,0.2657,12.2625,-151.482,-106.4891,166.6432,True,False,0.0
1636,90,609,150,milk on pink plate,milk on pink plate,0.5053,-0.1702,0.2595,8.4605,-151.482,-96.7157,-169.9749,True,False,0.0
1636,90,605,90,milk on pink plate,milk on pink plate,0.6263,0.7175,0.4111,17.7606,-151.482,-106.3091,-152.1182,True,False,0.0
1636,100,602,140,milk on pink plate,milk on pink plate,0.874,-0.1153,0.6757,8.5787,-164.5529,-118.1342,166.6432,True,False,0.0
1636,100,605,90,milk on pink plate,milk on pink plate,0.956,0.7879,0.8305,11.9537,-164.5529,-131.7799,-152.1182,True,False,0.0
1636,100,609,150,milk on pink plate,milk on pink plate,0.7465,-0.1959,0.2001,6.4798,-164.5529,-87.1732,-169.9749,True,False,0.0
1637,20,597,130,milk on pink plate,milk on pink plate,0.1372,-0.8158,-0.9645,22.1327,-14.6194,148.5552,-22.131,True,False,0.0
1637,20,630,160,milk on pink plate,milk on pink plate,-0.0239,-0.5512,-0.9805,28.8892,-14.6194,175.2125,-29.7304,True,True,0.0
1637,20,602,170,milk on pink plate,milk on pink plate,-0.001,-0.9032,-0.9054,31.1221,-14.6194,-171.0044,10.56,True,True,0.0
1637,30,597,130,milk on pink plate,milk on pink plate,-0.5315,-0.7525,-0.9935,21.0667,-8.117,-150.3259,-22.131,True,True,0.0
1637,30,630,160,milk on pink plate,milk on pink plate,-0.6251,-0.348,-0.9994,11.9852,-8.117,167.0621,-29.7304,True,True,0.0
1637,30,602,170,milk on pink plate,milk on pink plate,-0.5134,-0.4761,-0.984,23.1667,-8.117,-140.1819,10.56,True,False,0.0
1638,120,602,140,milk on pink plate,milk on pink plate,0.8908,-0.1963,0.6894,6.6976,-155.4162,-114.6008,166.6432,True,False,0.0
1638,120,605,90,milk on pink plate,milk on pink plate,0.9546,0.814,0.8346,10.8384,-155.4162,-127.5922,-152.1182,True,False,0.0
1638,120,609,150,milk on pink plate,milk on pink plate,0.7269,-0.2662,0.0804,4.48,-155.4162,-75.6327,-169.9749,True,False,0.0
1639,100,602,140,milk on pink plate,milk on pink plate,0.798,0.3177,0.2229,13.8045,177.2727,111.4865,166.6432,True,False,0.0
1639,100,609,150,milk on pink plate,milk on pink plate,0.5363,0.0088,-0.7886,14.4142,177.2727,46.55,-169.9749,True,False,0.0
1639,100,605,90,milk on pink plate,milk on pink plate,0.5566,-0.7253,-0.7173,19.719,177.2727,52.7705,-152.1182,True,False,0.0
1639,110,602,140,milk on pink plate,milk on pink plate,0.1134,-0.0706,-0.9349,7.9267,150.7744,-10.3683,166.6432,True,True,0.0
1639,110,609,150,milk on pink plate,milk on pink plate,0.3292,0.0278,-0.3589,9.0279,150.7744,37.8109,-169.9749,True,False,0.0
1639,110,605,90,milk on pink plate,milk on pink plate,0.0334,-0.8627,-0.8971,13.4197,150.7744,-4.935,-152.1182,True,True,0.0
1639,140,602,140,milk on pink plate,milk on pink plate,0.4497,-0.1083,-0.0647,11.1884,158.6184,-121.2183,166.6432,True,False,0.0
1639,140,605,90,milk on pink plate,milk on pink plate,0.453,0.845,-0.0256,17.4356,158.6184,-125.0368,-152.1182,True,False,0.0
1639,140,609,150,milk on pink plate,milk on pink plate,0.3077,-0.073,-0.3075,6.3944,158.6184,-107.6411,-169.9749,True,False,0.0
1640,30,602,140,milk on pink plate,milk on pink plate,0.5137,0.218,-0.0458,9.6888,152.2963,-151.8258,166.6432,True,True,0.0904
1640,30,605,90,milk on pink plate,milk on pink plate,0.7448,0.7403,0.4749,11.2825,152.2963,-160.5513,-152.1182,True,True,0.5184
1640,30,609,150,milk on pink plate,milk on pink plate,0.7016,0.2706,0.0718,2.6209,152.2963,153.8915,-169.9749,True,True,0.0415
1640,40,602,140,milk on pink plate,milk on pink plate,-0.0835,-0.164,-0.4401,10.435,168.2608,89.805,166.6432,True,False,0.0
1640,40,605,90,milk on pink plate,milk on pink plate,0.3671,0.5561,-0.0744,16.5961,168.2608,111.766,-152.1182,True,False,0.0
1640,40,609,150,milk on pink plate,milk on pink plate,0.0393,-0.0025,-0.558,5.9601,168.2608,169.3025,-169.9749,True,True,0.0
1641,10,597,130,milk on pink plate,milk on pink plate,0.3872,0.1229,-0.3036,9.3345,-27.7927,74.5389,-22.131,True,False,0.0
1641,10,630,160,milk on pink plate,milk on pink plate,0.0278,-0.8829,-0.9429,11.9425,-27.7927,113.6966,-29.7304,True,False,0.0
1641,10,602,170,milk on pink plate,milk on pink plate,0.1072,-0.2865,-0.8728,16.6128,-27.7927,117.6469,10.56,True,False,0.0
1641,20,602,140,milk on pink plate,milk on pink plate,0.0131,0.4595,-0.634,17.1449,-150.331,105.871,166.6432,True,False,0.0
1641,20,609,150,milk on pink plate,milk on pink plate,-0.1118,0.2993,-0.7849,24.1943,-150.331,103.3702,-169.9749,True,False,0.0
1641,20,605,90,milk on pink plate,milk on pink plate,0.1408,-0.3833,-0.6999,19.3916,-150.331,143.0773,-152.1182,True,False,0.0
1641,40,597,130,milk on pink plate,milk on pink plate,0.007,-0.8101,-0.6595,18.9877,-29.8826,-160.9361,-22.131,True,True,0.0
1641,40,630,160,milk on pink plate,milk on pink plate,-0.098,-0.3308,-0.9598,12.6149,-29.8826,172.582,-29.7304,True,True,0.0
1641,40,602,170,milk on pink plate,milk on pink plate,0.1,-0.6829,-0.5418,23.6485,-29.8826,-150.8201,10.56,True,True,0.0
1641,50,602,140,milk on pink plate,milk on pink plate,0.1844,-0.2683,-0.1154,11.6587,179.0385,-98.3285,166.6432,True,False,0.0
1641,50,605,90,milk on pink plate,milk on pink plate,0.4434,0.975,0.0709,18.843,179.0385,-167.7641,-152.1182,True,True,0.4323
1641,50,609,150,milk on pink plate,milk on pink plate,0.597,-0.0428,0.1338,8.2195,179.0385,-142.7514,-169.9749,True,False,0.0
1641,60,630,160,milk on pink plate,milk on pink plate,0.739,0.4821,0.6622,17.7032,17.5492,60.2598,-29.7304,True,False,0.0
1641,60,597,130,milk on pink plate,milk on pink plate,0.8815,-0.1922,0.719,16.5393,17.5492,26.1569,-22.131,True,True,0.0
1641,60,609,160,milk on pink plate,milk on pink plate,0.8355,-0.1094,0.8233,10.7004,17.5492,48.0863,5.8782,True,False,0.0
1642,50,602,140,milk on pink plate,milk on pink plate,0.6315,-0.0542,0.3785,14.1933,158.7825,-154.0894,166.6432,True,True,0.0
1642,50,605,90,milk on pink plate,milk on pink plate,0.7314,0.9756,0.5354,19.1408,158.7825,-162.2563,-152.1182,True,True,0.7136
1642,50,609,150,milk on pink plate,milk on pink plate,0.1427,-0.1454,-0.386,7.5421,158.7825,-107.1809,-169.9749,True,False,0.0
1642,140,597,130,milk on pink plate,milk on pink plate,-0.5881,-0.2257,-0.7325,11.8955,-5.8988,-141.1561,-22.131,True,False,0.0
1642,140,630,160,milk on pink plate,milk on pink plate,-0.6942,0.2754,-0.9458,12.0665,-5.8988,-165.0999,-29.7304,True,True,0.0
1642,140,602,170,milk on pink plate,milk on pink plate,-0.6633,-0.1187,-0.9996,14.1874,-5.8988,174.3983,10.56,True,True,0.0
1643,40,597,130,milk on pink plate,milk on pink plate,0.5826,-0.1973,0.1819,21.849,-6.8433,55.2314,-22.131,True,False,0.0
1643,40,630,160,milk on pink plate,milk on pink plate,0.1408,-0.6528,-0.9855,20.0973,-6.8433,152.834,-29.7304,True,True,0.0
1643,40,602,170,milk on pink plate,milk on pink plate,-0.0951,-0.8381,-0.9988,19.7398,-6.8433,152.0916,10.56,True,True,0.0
1643,50,597,130,milk on pink plate,milk on pink plate,-0.4873,-0.8994,-0.9503,11.5641,-22.1055,138.7883,-22.131,True,False,0.0
1643,50,630,160,milk on pink plate,milk on pink plate,-0.5707,-0.3452,-0.9942,20.5182,-22.1055,169.1776,-29.7304,True,True,0.0
1643,50,609,160,milk on pink plate,milk on pink plate,-0.4277,-0.9192,-0.9354,16.8859,-22.1055,-164.351,5.8782,True,True,0.0
1643,60,602,140,milk on pink plate,milk on pink plate,-0.1354,0.0,-0.9998,23.5236,153.7214,-167.1029,166.6432,True,True,0.0
1643,60,605,90,milk on pink plate,milk on pink plate,-0.3105,0.8885,-0.8245,20.4734,153.7214,-111.0304,-152.1182,True,False,0.0
1643,60,609,150,milk on pink plate,milk on pink plate,-0.22,-0.0459,-0.7435,13.4103,153.7214,-148.0602,-169.9749,True,False,0.0
1643,110,609,160,milk on pink plate,milk on pink plate,0.457,0.9092,-0.9667,30.0095,-4.3329,3.997,5.8782,True,True,0.4155
1643,110,597,130,milk on pink plate,milk on pink plate,0.4346,0.9649,-0.9846,24.2865,-4.3329,-4.2772,-22.131,True,True,0.4193
1643,110,630,160,milk on pink plate,milk on pink plate,0.2457,0.5371,-0.9246,5.5352,-4.3329,-27.7975,-29.7304,True,True,0.0609
1643,130,602,140,milk on pink plate,milk on pink plate,0.5017,-0.2095,0.1911,11.2607,-151.0218,-114.9058,166.6432,True,False,0.0
1643,130,605,90,milk on pink plate,milk on pink plate,0.6178,0.8511,0.3827,16.9236,-151.0218,-126.3889,-152.1182,True,False,0.0
1643,130,609,150,milk on pink plate,milk on pink plate,0.4601,-0.1244,0.1552,8.6916,-151.0218,-112.8156,-169.9749,True,False,0.0
1644,40,597,130,milk on pink plate,milk on pink plate,-0.3426,-0.7224,-0.8537,19.4641,-1.7026,-150.2598,-22.131,True,True,0.0
1644,40,630,160,milk on pink plate,milk on pink plate,-0.4476,-0.1547,-0.9836,13.0196,-1.7026,123.4271,-29.7304,True,False,0.0
1644,40,609,160,milk on pink plate,milk on pink plate,-0.3657,-0.9818,-0.886,16.0952,-1.7026,-154.0148,5.8782,True,True,0.0
1645,100,597,130,milk on pink plate,milk on pink plate,0.9538,0.9623,0.8633,28.2084,-6.7311,-3.9595,-22.131,True,True,0.9178
1645,100,630,160,milk on pink plate,milk on pink plate,0.9608,0.3377,0.869,5.5424,-6.7311,-4.8766,-29.7304,True,True,0.1499
1645,100,602,170,milk on pink plate,milk on pink plate,0.8863,0.7521,0.5856,33.1587,-6.7311,-20.0212,10.56,True,True,0.6666
1646,20,602,140,milk on pink plate,milk on pink plate,0.4991,0.3604,-0.1526,22.6318,164.6643,91.44,166.6432,True,False,0.0
1646,20,609,150,milk on pink plate,milk on pink plate,0.7416,0.4692,0.3113,12.419,164.6643,164.341,-169.9749,True,True,0.348
1646,20,605,90,milk on pink plate,milk on pink plate,0.503,-0.0191,-0.3552,13.9734,164.6643,-179.3711,-152.1182,True,True,0.0
1646,80,602,140,milk on pink plate,milk on pink plate,-0.0424,-0.0951,-0.9991,19.3618,161.4538,-8.2571,166.6432,True,True,0.0
1646,80,609,150,milk on pink plate,milk on pink plate,-0.0282,-0.1056,-0.9986,13.5952,161.4538,-3.4965,-169.9749,True,True,0.0
1646,80,605,90,milk on pink plate,milk on pink plate,-0.0357,-0.9102,-0.9855,17.3177,161.4538,1.9565,-152.1182,True,True,0.0
1646,130,602,140,milk on pink plate,milk on pink plate,0.4626,0.6315,0.0,4.6305,156.9508,-159.1331,166.6432,True,True,0.1127
1646,130,609,150,milk on pink plate,milk on pink plate,0.2147,0.4312,-0.3041,2.077,156.9508,-144.8535,-169.9749,True,False,0.0
1646,130,605,90,milk on pink plate,milk on pink plate,0.6824,0.4916,0.3819,7.1118,156.9508,-156.4819,-152.1182,True,True,0.1988
1647,40,602,140,milk on pink plate,milk on pink plate,0.4567,0.1241,0.0493,10.2816,152.2927,-116.1132,166.6432,True,False,0.0
1647,40,605,90,milk on pink plate,milk on pink plate,0.7865,0.6713,0.5419,16.2304,152.2927,135.4251,-152.1182,True,False,0.0
1647,40,609,150,milk on pink plate,milk on pink plate,0.5341,0.2635,-0.1181,3.2512,152.2927,-173.4571,-169.9749,True,True,0.0381
1647,60,602,140,milk on pink plate,milk on pink plate,0.6303,-0.2596,0.2163,19.3277,151.8487,72.2241,166.6432,True,False,0.0
1647,60,605,90,milk on pink plate,milk on pink plate,0.8378,0.0211,0.6708,19.3181,151.8487,168.2191,-152.1182,True,True,0.0177
1647,60,609,150,milk on pink plate,milk on pink plate,0.4748,-0.4391,-0.4224,20.1896,151.8487,34.744,-169.9749,True,False,0.0
1647,110,602,140,milk on pink plate,milk on pink plate,0.0268,-0.0735,-0.9236,10.9081,179.724,-139.4074,166.6432,True,False,0.0
1647,110,609,150,milk on pink plate,milk on pink plate,-0.0443,-0.1047,-0.8908,8.3054,179.724,-113.6393,-169.9749,True,False,0.0
1647,110,605,90,milk on pink plate,milk on pink plate,0.0391,0.8538,-0.9487,16.6655,179.724,-153.8131,-152.1182,True,True,0.0334
1648,30,597,130,milk on pink plate,milk on pink plate,0.4153,-0.5153,-0.7599,27.6471,20.9891,159.0147,-22.131,True,True,0.0
1648,30,630,160,milk on pink plate,milk on pink plate,0.3565,-0.9055,-0.9758,28.6694,20.9891,-173.0649,-29.7304,True,True,0.0
1648,30,602,170,milk on pink plate,milk on pink plate,0.3385,-0.8742,-0.9836,27.1997,20.9891,-170.8243,10.56,True,True,0.0
1648,40,597,130,milk on pink plate,milk on pink plate,-0.1582,-0.8038,-0.9974,19.9123,10.0301,-157.6447,-22.131,True,True,0.0
1648,40,630,160,milk on pink plate,milk on pink plate,-0.1079,-0.2303,-0.9967,15.2303,10.0301,-171.8891,-29.7304,True,True,0.0
1648,40,602,170,milk on pink plate,milk on pink plate,-0.0909,-0.6473,-0.9676,22.4148,10.0301,-146.7886,10.56,True,False,0.0
1648,60,597,130,milk on pink plate,milk on pink plate,0.0133,-0.1981,-0.8963,14.7265,-24.5627,23.413,-22.131,True,True,0.0
1648,60,630,160,milk on pink plate,milk on pink plate,-0.0872,0.499,-0.784,15.7706,-24.5627,51.5138,-29.7304,True,False,0.0
1648,60,609,160,milk on pink plate,milk on pink plate,-0.1151,-0.1749,-0.7928,10.4867,-24.5627,54.7038,5.8782,True,False,0.0
1649,30,597,130,milk on pink plate,milk on pink plate,0.1157,-0.7845,-0.7919,19.1734,25.8505,160.7011,-22.131,True,True,0.0
1649,30,630,160,milk on pink plate,milk on pink plate,0.0589,-0.6116,-0.8327,22.9844,25.8505,168.2148,-29.7304,True,True,0.0
1649,30,602,170,milk on pink plate,milk on pink plate,0.0244,-0.9612,-0.9459,25.6689,25.8505,-172.6252,10.56,True,True,0.0
1649,60,597,130,milk on pink plate,milk on pink plate,0.7311,-0.151,-0.0437,12.2134,-11.6057,14.7728,-22.131,True,True,0.0
1649,60,630,160,milk on pink plate,milk on pink plate,0.4784,-0.1248,-0.983,11.4799,-11.6057,25.1755,-29.7304,True,True,0.0
1649,60,609,160,milk on pink plate,milk on pink plate,0.6983,0.2887,0.1632,19.2748,-11.6057,51.3294,5.8782,True,False,0.0
1650,20,597,130,milk on pink plate,milk on pink plate,0.3964,-0.6336,-0.9657,26.0277,-1.2639,163.0205,-22.131,True,True,0.0
1650,20,630,160,milk on pink plate,milk on pink plate,0.3543,-0.8229,-1.0,30.4569,-1.2639,178.5822,-29.7304,True,True,0.0
1650,20,602,170,milk on pink plate,milk on pink plate,0.3666,-0.9253,-0.9272,27.1108,-1.2639,156.0911,10.56,True,True,0.0
1650,30,597,130,milk on pink plate,milk on pink plate,-0.1054,-0.8033,-0.8977,28.4335,-5.2365,-153.8175,-22.131,True,True,0.0
1650,30,630,160,milk on pink plate,milk on pink plate,-0.1031,-0.3209,-0.9946,20.8253,-5.2365,169.7042,-29.7304,True,True,0.0
1650,30,602,170,milk on pink plate,milk on pink plate,-0.0421,-0.5995,-0.8498,20.9438,-5.2365,-137.1925,10.56,True,False,0.0
1650,40,602,140,milk on pink plate,milk on pink plate,0.2246,-0.4621,-0.955,17.2009,-175.3168,21.5104,166.6432,True,True,0.0
1650,40,605,90,milk on pink plate,milk on pink plate,0.4353,0.6423,0.1527,20.094,-175.3168,103.0372,-152.1182,True,False,0.0
1650,40,609,150,milk on pink plate,milk on pink plate,0.2855,-0.1334,-0.5782,9.3347,-175.3168,158.3494,-169.9749,True,True,0.0
1650,70,597,130,milk on pink plate,milk on pink plate,0.3439,0.8306,-0.8945,10.4042,10.2272,-9.049,-22.131,True,True,0.2476
1650,70,630,160,milk on pink plate,milk on pink plate,0.0213,-0.0206,-0.9781,12.395,10.2272,26.2866,-29.7304,True,True,0.0
1650,70,609,160,milk on pink plate,milk on pink plate,0.0155,0.9694,-0.978,26.6794,10.2272,9.274,5.8782,True,True,0.015
1651,30,597,130,milk on pink plate,milk on pink plate,0.0618,-0.7512,-0.8244,21.9434,2.7969,151.5345,-22.131,True,True,0.0
1651,30,630,160,milk on pink plate,milk on pink plate,0.015,-0.6873,-0.9438,24.8485,2.7969,166.7117,-29.7304,True,True,0.0
1651,30,602,170,milk on pink plate,milk on pink plate,-0.0047,-0.9619,-0.989,25.7011,2.7969,177.5026,10.56,True,True,0.0
1651,140,602,140,milk on pink plate,milk on pink plate,0.8542,-0.0293,0.7385,4.6617,164.5857,-151.833,166.6432,True,True,0.0
1651,140,609,150,milk on pink plate,milk on pink plate,0.8318,-0.0003,0.5778,2.8427,164.5857,-139.5299,-169.9749,True,False,0.0
1651,140,605,90,milk on pink plate,milk on pink plate,0.9196,0.9376,0.8119,8.4552,164.5857,-158.5121,-152.1182,True,True,0.6075
1652,50,602,140,milk on pink plate,milk on pink plate,-0.008,-0.0156,-0.997,31.359,-167.0359,-162.3564,166.6432,True,True,0.0
1652,50,605,90,milk on pink plate,milk on pink plate,-0.2049,0.8908,-0.9721,22.3772,-167.0359,-99.6043,-152.1182,True,False,0.0
1652,50,609,150,milk on pink plate,milk on pink plate,-0.0916,-0.051,-0.8495,15.2077,-167.0359,-139.7632,-169.9749,True,False,0.0
1652,70,602,140,milk on pink plate,milk on pink plate,0.9416,-0.0678,0.8788,20.4818,158.7609,125.8601,166.6432,True,False,0.0
1652,70,609,150,milk on pink plate,milk on pink plate,0.6197,-0.4498,-0.4267,24.1421,158.7609,39.1058,-169.9749,True,False,0.0
1652,70,605,90,milk on pink plate,milk on pink plate,0.8316,-0.1919,0.59,17.0458,158.7609,100.521,-152.1182,True,False,0.0
1652,100,597,130,milk on pink plate,milk on pink plate,-0.4993,0.9535,-1.0,23.352,-24.6263,-4.5057,-22.131,True,True,0.0
1652,100,630,160,milk on pink plate,milk on pink plate,-0.3672,0.0182,-1.0,1.1039,-24.6263,63.2259,-29.7304,True,False,0.0
1652,100,609,160,milk on pink plate,milk on pink plate,-0.4636,0.9554,-0.9705,35.6511,-24.6263,0.7403,5.8782,True,True,0.0
1653,60,602,140,milk on pink plate,milk on pink plate,0.4622,-0.3173,-0.5869,18.539,-173.1238,63.1118,166.6432,True,False,0.0
1653,60,609,150,milk on pink plate,milk on pink plate,0.3835,-0.4799,-0.9888,14.2417,-173.1238,0.4753,-169.9749,True,True,0.0
1653,60,605,90,milk on pink plate,milk on pink plate,0.4572,-0.2031,-0.1084,20.3859,-173.1238,92.8203,-152.1182,True,False,0.0
1653,80,597,130,milk on pink plate,milk on pink plate,0.9682,0.9658,0.9274,22.6394,12.34,-6.32,-22.131,True,True,0.9351
1653,80,630,160,milk on pink plate,milk on pink plate,0.9781,0.3361,0.9524,7.5219,12.34,-2.1175,-29.7304,True,True,0.206
1653,80,602,170,milk on pink plate,milk on pink plate,0.9149,0.71,0.8154,25.7684,12.34,-19.7311,10.56,True,True,0.6496
1653,120,602,140,milk on pink plate,milk on pink plate,0.7894,0.0418,0.6035,3.6022,156.3996,-147.7118,166.6432,True,False,0.0
1653,120,609,150,milk on pink plate,milk on pink plate,0.7898,0.0143,0.5263,1.8606,156.3996,-142.3465,-169.9749,True,False,0.0
1653,120,605,90,milk on pink plate,milk on pink plate,0.897,0.825,0.7444,5.7556,156.3996,-158.6993,-152.1182,True,True,0.3549
1653,140,597,130,milk on pink plate,milk on pink plate,0.1126,-0.7602,-0.9337,10.1126,20.076,-140.2852,-22.131,True,False,0.0
1653,140,630,160,milk on pink plate,milk on pink plate,0.2561,0.0728,-0.6784,11.6037,20.076,-113.977,-29.7304,True,False,0.0
1653,140,602,170,milk on pink plate,milk on pink plate,0.0353,-0.6613,-0.9247,9.8252,20.076,-138.8768,10.56,True,False,0.0
1654,30,597,130,milk on pink plate,milk on pink plate,-0.5831,-0.7717,-0.9996,23.1922,23.4322,-152.8843,-22.131,True,True,0.0
1654,30,630,160,milk on pink plate,milk on pink plate,-0.3543,-0.4492,-0.9959,12.4658,23.4322,151.6517,-29.7304,True,True,0.0
1654,30,602,170,milk on pink plate,milk on pink plate,-0.5641,-0.5898,-0.9987,18.2738,23.4322,176.8241,10.56,True,True,0.0
1654,50,597,130,milk on pink plate,milk on pink plate,0.889,0.1612,0.7278,15.4258,16.6731,6.6643,-22.131,True,True,0.1433
1654,50,630,160,milk on pink plate,milk on pink plate,0.8713,0.1991,0.6897,16.9477,16.6731,45.0874,-29.7304,True,False,0.0
1654,50,609,160,milk on pink plate,milk on pink plate,0.9029,0.4213,0.6938,17.9498,16.6731,35.9656,5.8782,True,False,0.0
1655,150,602,140,milk on pink plate,milk on pink plate,0.9431,-0.0695,0.7928,6.2271,-173.0711,-138.2977,166.6432,True,False,0.0
1655,150,609,150,milk on pink plate,milk on pink plate,0.8589,-0.0809,0.5547,4.7859,-173.0711,-119.5381,-169.9749,True,False,0.0
1655,150,605,90,milk on pink plate,milk on pink plate,0.9673,0.8962,0.9019,10.6785,-173.0711,-150.252,-152.1182,True,True,0.7714
1656,50,602,140,milk on pink plate,milk on pink plate,-0.015,-0.0042,-0.9077,31.1795,160.6368,-165.8378,166.6432,True,True,0.0
1656,50,605,90,milk on pink plate,milk on pink plate,0.0153,0.9847,-0.6593,21.552,160.6368,-148.1858,-152.1182,True,False,0.0
1656,50,609,150,milk on pink plate,milk on pink plate,0.0515,-0.0399,-0.5013,17.4118,160.6368,-147.2909,-169.9749,True,False,0.0
1656,80,609,160,milk on pink plate,milk on pink plate,0.5033,0.6557,0.1868,23.6447,8.5679,79.5404,5.8782,True,False,0.0
1656,80,603,120,milk on pink plate,milk on pink plate,0.5497,0.171,0.1916,23.8153,8.5679,68.9167,9.395,True,False,0.0
1656,80,622,130,milk on pink plate,milk on pink plate,0.5802,0.8158,-0.0911,27.5174,8.5679,56.2034,29.6644,True,False,0.0
1657,10,597,130,milk on pink plate,milk on pink plate,0.3279,-0.0122,-0.3624,12.8618,-24.0071,91.3612,-22.131,True,False,0.0
1657,10,630,160,milk on pink plate,milk on pink plate,0.4306,-0.3085,-0.8541,7.8558,-24.0071,-5.5952,-29.7304,True,True,0.0
1657,10,602,170,milk on pink plate,milk on pink plate,0.6095,0.0399,-0.5024,14.68,-24.0071,-8.3915,10.56,True,True,0.0243
1657,30,597,130,milk on pink plate,milk on pink plate,0.3123,-0.4563,-0.4638,28.7028,12.3952,108.2106,-22.131,True,False,0.0
1657,30,630,160,milk on pink plate,milk on pink plate,0.0422,-0.3827,-0.7999,16.255,12.3952,93.369,-29.7304,True,False,0.0
1657,30,602,170,milk on pink plate,milk on pink plate,0.1114,0.1088,-0.8782,21.8557,12.3952,-19.2497,10.56,True,True,0.0121
1657,60,597,130,milk on pink plate,milk on pink plate,-0.0155,-0.6969,-0.6704,19.2184,-12.8017,-146.9613,-22.131,True,False,0.0
1657,60,630,160,milk on pink plate,milk on pink plate,-0.0414,-0.1726,-0.8529,8.8477,-12.8017,-162.8157,-29.7304,True,True,0.0
1657,60,602,170,milk on pink plate,milk on pink plate,-0.0363,-0.3834,-0.5408,16.3334,-12.8017,-140.8176,10.56,True,False,0.0
1657,70,602,140,milk on pink plate,milk on pink plate,0.7347,-0.063,0.5895,13.3329,164.1865,-149.1936,166.6432,True,False,0.0
1657,70,605,90,milk on pink plate,milk on pink plate,0.8146,0.9394,0.5589,15.9903,164.1865,-162.6941,-152.1182,True,True,0.7652
1657,70,609,150,milk on pink plate,milk on pink plate,0.2402,-0.1753,-0.0162,7.8242,164.1865,-106.1826,-169.9749,True,False,0.0
1657,110,602,140,milk on pink plate,milk on pink plate,0.3437,0.3981,-0.9231,11.3041,153.9412,-1.0212,166.6432,True,True,0.1289
1657,110,609,150,milk on pink plate,milk on pink plate,0.1881,0.0743,-0.9995,13.4778,153.9412,66.105,-169.9749,True,False,0.0
1657,110,627,50,milk on pink plate,milk on pink plate,0.2017,-0.7574,-1.0,28.2541,153.9412,65.454,173.7883,True,False,0.0
1658,30,597,130,milk on pink plate,milk on pink plate,0.7043,-0.5151,-0.0652,26.272,-27.9663,62.5206,-22.131,True,False,0.0
1658,30,630,160,milk on pink plate,milk on pink plate,0.8117,-0.154,0.6055,17.3019,-27.9663,21.5148,-29.7304,True,True,0.0
1658,30,602,170,milk on pink plate,milk on pink plate,0.6887,-0.4199,0.3851,18.8441,-27.9663,-98.569,10.56,True,False,0.0
1658,160,597,130,milk on pink plate,milk on pink plate,0.4522,0.7935,0.0237,8.6763,-21.8714,-5.7399,-22.131,True,True,0.2595
1658,160,609,160,milk on pink plate,milk on pink plate,0.4268,0.989,-0.0488,5.1526,-21.8714,0.3437,5.8782,True,True,0.1813
1658,160,630,160,milk on pink plate,milk on pink plate,0.4547,0.0617,-0.0104,5.5279,-21.8714,1.632,-29.7304,True,True,0.0129
1659,50,602,140,milk on pink plate,milk on pink plate,0.214,-0.0504,-0.5274,12.1,-175.7382,-145.9214,166.6432,True,False,0.0
1659,50,605,90,milk on pink plate,milk on pink plate,0.3152,0.9456,-0.413,19.4133,-175.7382,-171.9677,-152.1182,True,True,0.298
1659,50,609,150,milk on pink plate,milk on pink plate,0.6352,-0.0273,0.4438,9.1978,-175.7382,-153.0105,-169.9749,True,True,0.0
1660,90,602,140,milk on pink plate,milk on pink plate,0.7819,0.8623,0.4354,23.4343,-151.8874,142.5116,166.6432,True,False,0.0
1660,90,605,90,milk on pink plate,milk on pink plate,0.5412,-0.5552,-0.7096,20.6941,-151.8874,71.4964,-152.1182,True,False,0.0
1660,90,609,150,milk on pink plate,milk on pink plate,0.0733,-0.0117,-0.9922,36.1558,-151.8874,19.5286,-169.9749,True,True,0.0
1660,100,602,140,milk on pink plate,milk on pink plate,-0.3519,0.2812,-0.9997,12.3525,168.8587,42.2859,166.6432,True,False,0.0
1660,100,609,150,milk on pink plate,milk on pink plate,-0.293,0.1334,-1.0,14.8533,168.8587,65.2493,-169.9749,True,False,0.0
1660,100,627,50,milk on pink plate,milk on pink plate,-0.215,-0.6821,-0.988,12.246,168.8587,79.6428,173.7883,True,False,0.0
1660,130,597,130,milk on pink plate,milk on pink plate,0.4253,-0.8701,-0.9829,15.1619,7.6477,164.2252,-22.131,True,True,0.0
1660,130,630,160,milk on pink plate,milk on pink plate,0.46,-0.5365,-0.9745,11.3934,7.6477,-172.1812,-29.7304,True,True,0.0
1660,130,602,170,milk on pink plate,milk on pink plate,0.4488,-0.8135,-0.969,15.2319,7.6477,-170.8461,10.56,True,True,0.0
1660,150,602,140,milk on pink plate,milk on pink plate,0.6914,-0.0606,0.4564,12.7722,175.2802,-153.5211,166.6432,True,True,0.0
1660,150,605,90,milk on pink plate,milk on pink plate,0.7276,0.9698,0.615,15.6294,175.2802,-160.5613,-152.1182,True,True,0.7057
1660,150,609,150,milk on pink plate,milk on pink plate,0.1745,-0.224,-0.0708,7.0633,175.2802,-106.266,-169.9749,True,False,0.0
1661,60,602,140,milk on pink plate,milk on pink plate,-0.4532,-0.2891,-0.9077,13.1036,-172.8812,-104.9358,166.6432,True,False,0.0
1661,60,605,90,milk on pink plate,milk on pink plate,-0.7106,0.4677,-0.9575,16.6474,-172.8812,-13.343,-152.1182,True,True,0.0
1661,60,624,50,milk on pink plate,milk on pink plate,-0.5006,-0.4751,-0.9704,11.0239,-172.8812,36.4252,-154.2353,True,False,0.0
1661,110,602,140,milk on pink plate,milk on pink plate,0.9534,0.5323,0.8749,10.3908,-161.4566,-174.143,166.6432,True,True,0.4395
1661,110,605,90,milk on pink plate,milk on pink plate,0.9452,0.1109,0.9016,6.5729,-161.4566,-134.2963,-152.1182,True,False,0.0
1661,110,609,150,milk on pink plate,milk on pink plate,-0.0718,0.0135,-0.8929,5.9099,-161.4566,46.8339,-169.9749,True,False,0.0
1661,120,602,140,milk on pink plate,milk on pink plate,0.9181,-0.0411,0.8322,15.0264,-164.896,-155.0233,166.6432,True,True,0.0
1661,120,605,90,milk on pink plate,milk on pink plate,0.9708,0.9378,0.9071,17.1195,-164.896,-170.3808,-152.1182,True,True,0.9104
1661,120,609,150,milk on pink plate,milk on pink plate,0.6213,-0.0739,0.2629,3.4817,-164.896,-107.7999,-169.9749,True,False,0.0
1662,30,597,130,milk on pink plate,milk on pink plate,0.5723,-0.6735,-0.5966,28.2073,-11.8618,117.1206,-22.131,True,False,0.0
1662,30,630,160,milk on pink plate,milk on pink plate,0.5978,-0.7659,-0.5362,22.3369,-11.8618,112.9162,-29.7304,True,False,0.0
1662,30,602,170,milk on pink plate,milk on pink plate,0.4591,-0.8235,-0.9963,34.189,-11.8618,175.4119,10.56,True,True,0.0
1662,40,597,130,milk on pink plate,milk on pink plate,0.0334,-0.7065,-0.7377,21.5066,-23.4352,-160.1278,-22.131,True,True,0.0
1662,40,630,160,milk on pink plate,milk on pink plate,-0.0818,-0.4757,-0.9962,11.3441,-23.4352,158.5695,-29.7304,True,True,0.0
1662,40,602,170,milk on pink plate,milk on pink plate,0.0167,-0.8544,-0.8169,14.5778,-23.4352,-171.1723,10.56,True,True,0.0
1662,50,602,140,milk on pink plate,milk on pink plate,-0.0175,-0.0648,-0.4122,16.5442,164.3119,-151.0294,166.6432,True,True,0.0
1662,50,605,90,milk on pink plate,milk on pink plate,0.1414,0.8552,-0.2204,18.8689,164.3119,-103.9759,-152.1182,True,False,0.0
1662,50,609,150,milk on pink plate,milk on pink plate,0.2287,-0.0614,-0.2237,10.5995,164.3119,-147.9618,-169.9749,True,False,0.0
1662,60,597,130,milk on pink plate,milk on pink plate,0.0964,-0.02,-0.9693,16.5202,4.3034,-7.005,-22.131,True,True,0.0
1662,60,630,160,milk on pink plate,milk on pink plate,-0.0452,0.5494,-0.9997,11.5992,4.3034,68.6756,-29.7304,True,False,0.0
1662,60,609,160,milk on pink plate,milk on pink plate,0.0456,-0.9581,-0.9392,9.6105,4.3034,-168.8059,5.8782,True,True,0.0
1662,90,597,130,milk on pink plate,milk on pink plate,0.5235,0.9724,-0.7233,26.5092,5.8785,-12.0386,-22.131,True,True,0.509
1662,90,630,160,milk on pink plate,milk on pink plate,0.566,0.3094,-0.6584,4.4453,5.8785,8.5068,-29.7304,True,True,0.0649
1662,90,609,160,milk on pink plate,milk on pink plate,0.5301,0.8809,-0.7581,28.5003,5.8785,3.6645,5.8782,True,True,0.4669
1662,110,602,140,milk on pink plate,milk on pink plate,0.15,-0.1428,-0.2136,16.6836,166.8592,-130.056,166.6432,True,False,0.0
1662,110,609,150,milk on pink plate,milk on pink plate,-0.011,-0.1035,-0.3266,12.7417,166.8592,-117.8438,-169.9749,True,False,0.0
1662,110,605,90,milk on pink plate,milk on pink plate,0.1073,0.8447,-0.1443,23.5,166.8592,-123.9076,-152.1182,True,False,0.0
1662,120,602,140,milk on pink plate,milk on pink plate,0.9307,0.0375,0.8572,7.5712,-155.6336,-124.2823,166.6432,True,False,0.0
1662,120,609,150,milk on pink plate,milk on pink plate,0.8208,-0.1326,0.5766,5.5742,-155.6336,-100.4953,-169.9749,True,False,0.0
1662,120,605,90,milk on pink plate,milk on pink plate,0.9801,0.7925,0.9399,10.2724,-155.6336,-135.3221,-152.1182,True,False,0.0
1663,60,602,140,milk on pink plate,milk on pink plate,-0.1887,-0.2166,-0.7454,7.7963,169.1755,-143.2719,166.6432,True,False,0.0
1663,60,605,90,milk on pink plate,milk on pink plate,-0.1293,0.9897,-0.9981,17.1898,169.1755,-145.3144,-152.1182,True,False,0.0
1663,60,609,150,milk on pink plate,milk on pink plate,-0.2399,-0.0182,-0.9983,10.4401,169.1755,-151.0045,-169.9749,True,True,0.0
1663,90,602,140,milk on pink plate,milk on pink plate,0.2419,0.3016,-0.8134,24.1046,-161.3725,58.6897,166.6432,True,False,0.0
1663,90,605,90,milk on pink plate,milk on pink plate,0.27,-0.7751,-0.8414,29.0004,-161.3725,55.8229,-152.1182,True,False,0.0
1663,90,609,150,milk on pink plate,milk on pink plate,0.3842,-0.0184,-0.9624,31.3038,-161.3725,38.8767,-169.9749,True,False,0.0
1664,40,602,140,milk on pink plate,milk on pink plate,0.3212,-0.1222,-0.4067,13.493,161.4578,-135.2347,166.6432,True,False,0.0
1664,40,609,150,milk on pink plate,milk on pink plate,0.3436,-0.0053,-0.0885,6.8186,161.4578,-152.1154,-169.9749,True,True,0.0
1664,40,605,90,milk on pink plate,milk on pink plate,0.4907,0.9226,-0.703,15.9966,161.4578,173.5323,-152.1182,True,True,0.4527
1664,60,602,140,milk on pink plate,milk on pink plate,0.6982,-0.2586,-0.0386,15.7668,168.2379,74.1936,166.6432,True,False,0.0
1664,60,609,150,milk on pink plate,milk on pink plate,0.5649,-0.4018,-0.5531,10.6786,168.2379,42.8293,-169.9749,True,False,0.0
1664,60,605,90,milk on pink plate,milk on pink plate,0.5968,-0.2422,-0.4791,19.248,168.2379,47.7837,-152.1182,True,False,0.0
1664,100,597,130,milk on pink plate,milk on pink plate,0.1025,-0.3821,-0.554,16.3766,-5.9735,-116.9941,-22.131,True,False,0.0
1664,100,630,160,milk on pink plate,milk on pink plate,0.1781,0.208,-0.4496,6.8574,-5.9735,-100.6358,-29.7304,True,False,0.0
1664,100,602,170,milk on pink plate,milk on pink plate,0.0656,-0.1653,-0.5781,14.8649,-5.9735,-118.6717,10.56,True,False,0.0
1665,40,597,130,milk on pink plate,milk on pink plate,-0.0722,-0.8067,-0.9574,19.6311,13.2775,158.0155,-22.131,True,True,0.0
1665,40,630,160,milk on pink plate,milk on pink plate,0.1541,-0.241,-0.8573,12.9543,13.2775,-154.2092,-29.7304,True,True,0.0
1665,40,609,160,milk on pink plate,milk on pink plate,-0.07,-0.6379,-0.9968,14.5997,13.2775,170.2568,5.8782,True,True,0.0
1665,50,597,130,milk on pink plate,milk on pink plate,-0.12,-0.8343,-0.9915,21.0175,-5.8581,-164.2752,-22.131,True,True,0.0
1665,50,630,160,milk on pink plate,milk on pink plate,-0.1077,-0.3027,-0.9469,15.9771,-5.8581,162.5747,-29.7304,True,True,0.0
1665,50,609,160,milk on pink plate,milk on pink plate,-0.1177,-0.9612,-0.9709,14.9858,-5.8581,-154.2112,5.8782,True,True,0.0
1666,30,597,130,milk on pink plate,milk on pink plate,0.1852,-0.5496,-0.6097,27.6224,16.9519,141.0048,-22.131,True,False,0.0
1666,30,630,160,milk on pink plate,milk on pink plate,0.5258,-0.744,-0.1216,17.5947,16.9519,110.4188,-29.7304,True,False,0.0
1666,30,609,160,milk on pink plate,milk on pink plate,0.5387,0.1837,-0.1639,22.6017,16.9519,112.8688,5.8782,True,False,0.0
1666,50,597,130,milk on pink plate,milk on pink plate,-0.3048,-0.68,-0.6322,18.9724,-22.9837,-148.0098,-22.131,True,False,0.0
1666,50,630,160,milk on pink plate,milk on pink plate,-0.7328,-0.1728,-0.9972,9.8317,-22.9837,133.0862,-29.7304,True,False,0.0
1666,50,602,170,milk on pink plate,milk on pink plate,-0.3986,-0.4721,-0.7625,13.3573,-22.9837,-163.1572,10.56,True,True,0.0
1666,70,609,160,milk on pink plate,milk on pink plate,0.996,0.2736,0.9887,14.0072,2.0089,44.4873,5.8782,True,False,0.0
1666,70,603,120,milk on pink plate,milk on pink plate,0.9181,0.4969,0.6885,12.8186,2.0089,82.3696,9.395,True,False,0.0
1666,70,597,130,milk on pink plate,milk on pink plate,0.9428,-0.0985,0.802,14.4848,2.0089,-0.8027,-22.131,True,True,0.0
1666,160,602,140,milk on pink plate,milk on pink plate,0.7349,0.5231,0.4493,10.5937,162.3574,-161.4844,166.6432,True,True,0.3394
1666,160,605,90,milk on pink plate,milk on pink plate,0.7565,0.3928,0.4656,15.3898,162.3574,-172.0081,-152.1182,True,True,0.2971
1666,160,609,150,milk on pink plate,milk on pink plate,0.7455,0.6704,0.4007,4.3847,162.3574,169.145,-169.9749,True,True,0.1826
1666,170,602,140,milk on pink plate,milk on pink plate,0.6907,0.0572,0.511,10.5523,157.7702,-136.4308,166.6432,True,False,0.0
1666,170,605,90,milk on pink plate,milk on pink plate,0.8419,0.8303,0.7046,20.677,157.7702,-163.7867,-152.1182,True,True,0.699
1666,170,609,150,milk on pink plate,milk on pink plate,0.8832,0.2152,0.7143,7.2507,157.7702,174.129,-169.9749,True,True,0.1149
1667,50,597,130,milk on pink plate,milk on pink plate,-0.1295,-0.8286,-0.8165,24.6125,-13.6319,-160.3323,-22.131,True,True,0.0
1667,50,630,160,milk on pink plate,milk on pink plate,-0.3211,-0.2644,-0.9903,21.659,-13.6319,172.3818,-29.7304,True,True,0.0
1667,50,602,170,milk on pink plate,milk on pink plate,-0.0967,-0.6108,-0.7892,29.4288,-13.6319,-156.9268,10.56,True,True,0.0
1667,60,602,140,milk on pink plate,milk on pink plate,0.5386,-0.0492,0.3081,13.68,177.7861,-157.0485,166.6432,True,True,0.0
1667,60,605,90,milk on pink plate,milk on pink plate,0.5484,0.9691,0.3366,18.2496,177.7861,-171.0119,-152.1182,True,True,0.5314
1667,60,609,150,milk on pink plate,milk on pink plate,0.5319,-0.1279,0.1162,7.1599,177.7861,-107.4298,-169.9749,True,False,0.0
1668,30,602,140,milk on pink plate,milk on pink plate,0.1734,0.4767,-0.9923,18.4537,170.0848,141.2798,166.6432,True,False,0.0
1668,30,605,90,milk on pink plate,milk on pink plate,0.1912,-0.2069,-0.8998,30.975,170.0848,131.2333,-152.1182,True,False,0.0
1668,30,609,150,milk on pink plate,milk on pink plate,-0.0072,0.2636,-0.9472,19.8084,170.0848,108.4385,-169.9749,True,False,0.0
1668,40,602,140,milk on pink plate,milk on pink plate,0.924,0.4602,0.8163,14.7142,157.5614,-176.1605,166.6432,True,True,0.4252
1668,40,605,90,milk on pink plate,milk on pink plate,0.965,0.3646,0.9256,27.1418,157.5614,170.8025,-152.1182,True,True,0.3519
1668,40,609,150,milk on pink plate,milk on pink plate,0.7194,0.1516,0.4361,12.7797,157.5614,98.66,-169.9749,True,False,0.0
1668,50,597,130,milk on pink plate,milk on pink plate,0.1876,-0.7516,-0.9648,17.2697,13.9947,-153.2708,-22.131,True,True,0.0
1668,50,630,160,milk on pink plate,milk on pink plate,0.3786,-0.0845,-0.6008,11.8221,13.9947,138.417,-29.7304,True,False,0.0
1668,50,609,160,milk on pink plate,milk on pink plate,0.1667,-0.9524,-0.9319,12.3216,13.9947,-147.2518,5.8782,True,False,0.0
1669,40,597,130,milk on pink plate,milk on pink plate,-0.0923,-0.8728,-0.9684,13.1549,-12.4878,-164.8914,-22.131,True,True,0.0
1669,40,630,160,milk on pink plate,milk on pink plate,-0.1378,-0.3921,-0.9993,22.9696,-12.4878,167.1774,-29.7304,True,True,0.0
1669,40,602,170,milk on pink plate,milk on pink plate,-0.1445,-0.7764,-0.9742,26.0606,-12.4878,-175.3688,10.56,True,True,0.0
1669,50,597,130,milk on pink plate,milk on pink plate,-0.2942,-0.7178,-0.7514,18.3698,0.9272,-149.8888,-22.131,True,False,0.0
1669,50,630,160,milk on pink plate,milk on pink plate,0.2136,0.1939,-0.7405,9.9822,0.9272,76.9785,-29.7304,True,False,0.0
1669,50,609,160,milk on pink plate,milk on pink plate,-0.3097,-0.9802,-0.8096,15.0061,0.9272,-155.2383,5.8782,True,True,0.0
1670,30,597,130,milk on pink plate,milk on pink plate,0.59,-0.6672,-0.624,14.0848,9.9188,137.1805,-22.131,True,False,0.0
1670,30,630,160,milk on pink plate,milk on pink plate,0.4552,-0.0567,-0.4997,13.6016,9.9188,62.1173,-29.7304,True,False,0.0
1670,30,602,170,milk on pink plate,milk on pink plate,0.4993,0.0947,-0.9523,28.699,9.9188,-0.3871,10.56,True,True,0.0473
1670,40,597,130,milk on pink plate,milk on pink plate,0.1952,-0.5659,-0.7448,24.3879,-23.7273,84.1108,-22.131,True,False,0.0
1670,40,630,160,milk on pink plate,milk on pink plate,0.3251,-0.3529,-0.9273,12.9298,-23.7273,3.1873,-29.7304,True,True,0.0
1670,40,602,170,milk on pink plate,milk on pink plate,0.0797,0.2107,-0.8809,18.2591,-23.7273,-18.5767,10.56,True,True,0.0168
1671,10,647,100,salt on pink plate,salt on pink plate,0.4947,0.2499,-0.3779,9.3862,8.2177,122.8534,29.2517,True,False,0.0
1671,10,663,100,salt on pink plate,salt on pink plate,0.4423,0.2007,-0.2981,7.7888,8.2177,117.989,18.45,True,False,0.0
1671,10,649,90,salt on pink plate,salt on pink plate,0.4451,-0.0188,-0.613,12.7804,8.2177,138.4577,1.4413,True,False,0.0
1671,70,642,40,salt on pink plate,salt on pink plate,-0.1318,-0.4801,-0.6773,10.0292,-154.1867,-30.5862,170.4679,True,False,0.0
1671,70,669,80,salt on pink plate,salt on pink plate,0.4792,-0.4126,-0.6484,15.8858,-154.1867,66.3599,-151.636,True,False,0.0
1671,70,674,120,salt on pink plate,salt on pink plate,0.5007,-0.2827,-0.6769,12.5155,-154.1867,64.1783,152.3009,True,False,0.0
1671,90,663,100,salt on pink plate,salt on pink plate,0.3036,0.471,-0.9916,20.1173,14.9715,10.0198,18.45,True,True,0.143
1671,90,647,100,salt on pink plate,salt on pink plate,0.3678,0.4205,-0.9758,9.2681,14.9715,21.877,29.2517,True,True,0.1194
1671,90,642,80,salt on pink plate,salt on pink plate,0.3464,0.9516,-0.9789,17.1387,14.9715,11.5695,0.0345,True,True,0.3296
1672,40,642,40,salt on pink plate,salt on pink plate,-0.23,0.6405,-0.9655,6.4599,167.9364,131.4335,170.4679,True,False,0.0
1672,40,669,80,salt on pink plate,salt on pink plate,0.1888,0.8736,-0.8934,8.9297,167.9364,168.5935,-151.636,True,True,0.1227
1672,40,674,120,salt on pink plate,salt on pink plate,0.3289,-0.1218,-0.4914,9.6898,167.9364,-152.7174,152.3009,True,True,0.0
1672,50,663,100,salt on pink plate,salt on pink plate,0.5991,0.2913,-0.1598,5.6204,6.5392,20.2473,18.45,True,True,0.0817
1672,50,647,100,salt on pink plate,salt on pink plate,0.6447,-0.5202,-0.0328,2.9657,6.5392,-86.82,29.2517,True,False,0.0
1672,50,642,80,salt on pink plate,salt on pink plate,0.4187,-0.2631,-0.7048,9.3261,6.5392,50.6498,0.0345,True,False,0.0
1673,20,647,100,salt on pink plate,salt on pink plate,-0.1555,0.7757,-0.4763,16.2892,-17.124,100.252,29.2517,True,False,0.0
1673,20,663,100,salt on pink plate,salt on pink plate,-0.0311,0.4014,-0.5963,23.4014,-17.124,108.4178,18.45,True,False,0.0
1673,20,649,90,salt on pink plate,salt on pink plate,-0.2825,0.3273,-0.9481,25.3054,-17.124,143.2751,1.4413,True,False,0.0
1673,30,647,100,salt on pink plate,salt on pink plate,0.0357,0.1277,-0.9174,7.708,-20.9521,-170.0167,29.2517,True,True,0.0029
1673,30,649,90,salt on pink plate,salt on pink plate,0.0543,-0.0904,-0.9106,17.9791,-20.9521,-165.0627,1.4413,True,True,0.0
1673,30,642,80,salt on pink plate,salt on pink plate,-0.0285,-0.9464,-0.9708,10.8694,-20.9521,172.2213,0.0345,True,True,0.0
1673,40,642,40,salt on pink plate,salt on pink plate,-0.1599,-0.5675,-0.9819,7.4409,-169.275,46.2736,170.4679,True,False,0.0
1673,40,669,80,salt on pink plate,salt on pink plate,0.0556,0.925,-0.8524,11.1146,-169.275,-149.3113,-151.636,True,False,0.0
1673,40,674,120,salt on pink plate,salt on pink plate,0.3105,-0.0917,-0.412,8.3341,-169.275,168.2871,152.3009,True,True,0.0
1673,60,642,40,salt on pink plate,salt on pink plate,-0.1356,-0.0349,-0.9869,6.1377,156.5537,-122.1998,170.4679,True,False,0.0
1673,60,669,80,salt on pink plate,salt on pink plate,0.2112,-0.7666,-0.6855,16.3838,156.5537,41.0676,-151.636,True,False,0.0
1673,60,674,120,salt on pink plate,salt on pink plate,0.3654,0.1758,-0.3681,11.879,156.5537,58.4516,152.3009,True,False,0.0
1674,20,647,100,salt on pink plate,salt on pink plate,0.6078,0.7501,-0.0241,15.195,-4.3985,108.0194,29.2517,True,False,0.0
1674,20,663,100,salt on pink plate,salt on pink plate,0.5836,0.1267,-0.2363,15.7461,-4.3985,120.307,18.45,True,False,0.0
1674,20,649,90,salt on pink plate,salt on pink plate,0.3319,0.1079,-0.9386,25.3558,-4.3985,176.4568,1.4413,True,True,0.0358
1674,30,647,100,salt on pink plate,salt on pink plate,-0.0654,0.097,-0.9996,6.3462,-7.0075,175.2025,29.2517,True,True,0.0
1674,30,663,100,salt on pink plate,salt on pink plate,-0.0268,-0.4268,-0.9821,13.3615,-7.0075,-151.7261,18.45,True,True,0.0
1674,30,649,90,salt on pink plate,salt on pink plate,-0.071,-0.2334,-0.9941,13.0596,-7.0075,-164.3886,1.4413,True,True,0.0
1674,40,642,40,salt on pink plate,salt on pink plate,-0.2717,-0.9418,-0.8647,6.8249,-162.224,-46.7081,170.4679,True,False,0.0
1674,40,669,80,salt on pink plate,salt on pink plate,0.2187,0.8207,-0.2199,11.1384,-162.224,-149.3114,-151.636,True,False,0.0
1674,40,674,120,salt on pink plate,salt on pink plate,0.2811,0.0846,-0.4577,5.6061,-162.224,135.108,152.3009,True,False,0.0
1674,50,647,100,salt on pink plate,salt on pink plate,0.346,0.0977,-0.6779,2.0532,14.0848,73.8934,29.2517,True,False,0.0
1674,50,663,100,salt on pink plate,salt on pink plate,0.4948,0.7222,-0.4797,7.5617,14.0848,27.1676,18.45,True,True,0.2252
1674,50,649,90,salt on pink plate,salt on pink plate,0.7818,0.594,0.4243,9.5632,14.0848,1.017,1.4413,True,True,0.37
1674,130,642,40,salt on pink plate,salt on pink plate,0.5015,-0.3701,0.1067,4.3482,177.4369,-133.9901,170.4679,True,False,0.0
1674,130,669,80,salt on pink plate,salt on pink plate,0.6571,0.4009,0.2241,2.7883,177.4369,-164.7917,-151.636,True,True,0.0612
1674,130,674,120,salt on pink plate,salt on pink plate,0.5888,0.3672,0.1899,3.5595,177.4369,-164.6128,152.3009,True,True,0.0641
1675,20,642,40,salt on pink plate,salt on pink plate,-0.087,-0.4469,-0.9832,11.5682,157.0543,-42.7889,170.4679,True,False,0.0
1675,20,669,80,salt on pink plate,salt on pink plate,0.4243,-0.0671,-0.4814,18.215,157.0543,119.6855,-151.636,True,False,0.0
1675,20,674,120,salt on pink plate,salt on pink plate,0.3479,0.3322,-0.8512,11.7631,157.0543,99.8416,152.3009,True,False,0.0
1676,50,642,40,salt on pink plate,salt on pink plate,0.2561,0.9172,-0.5947,11.3516,-160.9208,172.6879,170.4679,True,True,0.2222
1676,50,669,80,salt on pink plate,salt on pink plate,0.3119,0.9765,-0.6394,8.2907,-160.9208,-165.5944,-151.636,True,True,0.2104
1676,50,674,120,salt on pink plate,salt on pink plate,0.2421,-0.0905,-0.1599,7.6481,-160.9208,156.1858,152.3009,True,True,0.0
1676,70,647,100,salt on pink plate,salt on pink plate,0.4927,0.5857,-0.0819,3.3527,-21.6029,60.0399,29.2517,True,False,0.0
1676,70,663,100,salt on pink plate,salt on pink plate,0.5846,0.5461,0.3893,8.5133,-21.6029,60.0738,18.45,True,False,0.0
1676,70,642,80,salt on pink plate,salt on pink plate,0.4607,0.0408,0.1056,17.7564,-21.6029,72.6848,0.0345,True,False,0.0
1676,150,642,40,salt on pink plate,salt on pink plate,0.9606,0.2972,0.9046,4.2676,-156.1994,-154.4765,170.4679,True,True,0.1015
1676,150,669,80,salt on pink plate,salt on pink plate,0.9662,0.4161,0.9154,2.8995,-156.1994,-146.8055,-151.636,True,False,0.0
1676,150,674,120,salt on pink plate,salt on pink plate,0.9509,-0.0469,0.8842,2.6126,-156.1994,-166.6345,152.3009,True,True,0.0
1677,50,642,40,salt on pink plate,salt on pink plate,0.0662,-0.0991,-0.9902,5.3392,-174.6186,-179.5879,170.4679,True,True,0.0
1677,50,669,80,salt on pink plate,salt on pink plate,-0.1031,0.5919,-0.7585,11.3462,-174.6186,103.6381,-151.636,True,False,0.0
1677,50,674,120,salt on pink plate,salt on pink plate,0.8811,-0.0707,0.7339,3.2883,-174.6186,133.4019,152.3009,True,False,0.0
1678,60,669,80,salt on pink plate,salt on pink plate,0.05,0.7926,-0.256,11.5369,-160.6331,-139.9537,-151.636,True,False,0.0
1678,60,674,120,salt on pink plate,salt on pink plate,0.2297,-0.2423,-0.4811,8.3026,-160.6331,-125.0264,152.3009,True,False,0.0
1678,60,677,60,salt on pink plate,salt on pink plate,-0.1913,0.1422,-0.532,23.6987,-160.6331,-122.2942,-163.9764,True,False,0.0
1678,80,642,40,salt on pink plate,salt on pink plate,0.0607,0.4397,-0.8698,6.8933,159.5106,-136.3881,170.4679,True,False,0.0
1678,80,669,80,salt on pink plate,salt on pink plate,0.6709,-0.5376,-0.1668,19.7207,159.5106,79.5692,-151.636,True,False,0.0
1678,80,674,120,salt on pink plate,salt on pink plate,0.6272,0.225,-0.3148,7.7156,159.5106,70.8228,152.3009,True,False,0.0
1679,40,647,100,salt on pink plate,salt on pink plate,-0.0009,0.0432,-0.9871,9.9727,11.9568,161.651,29.2517,True,True,0.0
1679,40,663,100,salt on pink plate,salt on pink plate,-0.1197,-0.4145,-0.9954,18.6511,11.9568,-156.1512,18.45,True,True,0.0
1679,40,642,80,salt on pink plate,salt on pink plate,-0.1209,-0.9875,-0.9991,20.1212,11.9568,-166.0711,0.0345,True,True,0.0
1679,50,674,120,salt on pink plate,salt on pink plate,0.591,-0.0384,0.2193,6.5996,177.5438,-164.4296,152.3009,True,True,0.0
1679,50,669,80,salt on pink plate,salt on pink plate,0.2585,0.9339,-0.8144,10.6558,177.5438,-148.1993,-151.636,True,False,0.0
1679,50,677,60,salt on pink plate,salt on pink plate,-0.1234,0.138,-0.9865,21.896,177.5438,-128.7524,-163.9764,True,False,0.0
1679,110,649,90,salt on pink plate,salt on pink plate,-0.0035,-0.6161,-0.4403,13.1759,11.9929,-103.6144,1.4413,True,False,0.0
1679,110,642,80,salt on pink plate,salt on pink plate,0.0301,-0.4736,-0.4593,15.2381,11.9929,-104.8318,0.0345,True,False,0.0
1679,110,639,180,salt on pink plate,salt on pink plate,0.0672,-0.055,-0.3959,14.1019,11.9929,-100.8149,-9.6471,True,False,0.0
1680,80,647,100,salt on pink plate,salt on pink plate,-0.0779,-0.6444,-0.8442,3.7373,-26.0079,-148.2574,29.2517,True,False,0.0
1680,80,663,100,salt on pink plate,salt on pink plate,0.2503,0.3747,-0.0818,13.1812,-26.0079,56.3429,18.45,True,False,0.0
1680,80,642,80,salt on pink plate,salt on pink plate,0.2738,-0.1794,-0.171,17.2837,-26.0079,70.8276,0.0345,True,False,0.0
1680,160,642,40,salt on pink plate,salt on pink plate,0.1931,-0.1792,-0.4534,8.1187,173.1097,92.5156,170.4679,True,False,0.0
1680,160,669,80,salt on pink plate,salt on pink plate,0.4969,-0.0871,-0.0903,2.7549,173.1097,164.6111,-151.636,True,True,0.0
1680,160,674,120,salt on pink plate,salt on pink plate,0.7539,0.7561,0.5463,5.8252,173.1097,-170.5526,152.3009,True,True,0.2767
1681,140,642,40,salt on pink plate,salt on pink plate,0.7638,0.138,0.4376,9.8612,163.6887,-125.5981,170.4679,True,False,0.0
1681,140,669,80,salt on pink plate,salt on pink plate,0.6898,-0.0327,0.1722,2.4851,163.6887,166.5824,-151.636,True,True,0.0
1681,140,674,120,salt on pink plate,salt on pink plate,0.8535,0.0111,0.6103,5.9662,163.6887,-164.8597,152.3009,True,True,0.0047
1681,150,642,40,salt on pink plate,salt on pink plate,0.284,0.1969,-0.9655,9.2184,159.5057,-159.0857,170.4679,True,True,0.0429
1681,150,669,80,salt on pink plate,salt on pink plate,0.2908,0.1958,-0.9983,5.2802,159.5057,155.6237,-151.636,True,True,0.0251
1681,150,674,120,salt on pink plate,salt on pink plate,0.2709,0.601,-0.7497,5.436,159.5057,87.836,152.3009,True,False,0.0
1682,30,642,40,salt on pink plate,salt on pink plate,0.5212,0.1286,-0.8214,14.794,177.4293,30.3371,170.4679,True,False,0.0
1682,30,669,80,salt on pink plate,salt on pink plate,0.9572,0.5813,0.8837,20.1395,177.4293,168.4371,-151.636,True,True,0.5564
1682,30,674,120,salt on pink plate,salt on pink plate,0.8966,0.3763,0.8091,11.0853,177.4293,159.7073,152.3009,True,True,0.3116
1682,50,663,100,salt on pink plate,salt on pink plate,0.1626,-0.3694,-0.8084,14.0045,-22.0693,-164.5349,18.45,True,True,0.0
1682,50,647,100,salt on pink plate,salt on pink plate,0.0939,0.1424,-0.9889,8.7452,-22.0693,150.8463,29.2517,True,True,0.0097
1682,50,642,80,salt on pink plate,salt on pink plate,0.0974,-0.9745,-0.9826,18.4774,-22.0693,170.0983,0.0345,True,True,0.0
1682,60,647,100,salt on pink plate,salt on pink plate,-0.3895,-0.4137,-0.9167,8.1916,-6.0313,-137.1444,29.2517,True,False,0.0
1682,60,663,100,salt on pink plate,salt on pink plate,-0.2966,-0.272,-0.8814,14.8513,-6.0313,-148.7016,18.45,True,False,0.0
1682,60,642,80,salt on pink plate,salt on pink plate,-0.4483,-0.9379,-0.9729,17.3409,-6.0313,-152.0001,0.0345,True,True,0.0
1684,120,642,40,salt on pink plate,salt on pink plate,0.7174,0.0912,0.1126,9.0851,152.7641,-126.8311,170.4679,True,False,0.0
1684,120,669,80,salt on pink plate,salt on pink plate,0.8416,0.1985,0.7783,2.6453,152.7641,-173.384,-151.636,True,True,0.0368
1684,120,674,120,salt on pink plate,salt on pink plate,0.9417,0.0465,0.8338,4.1231,152.7641,-176.8544,152.3009,True,True,0.015
1685,50,647,100,salt on pink plate,salt on pink plate,-0.2129,-0.5166,-0.98,9.841,-21.9295,-127.9257,29.2517,True,False,0.0
1685,50,663,100,salt on pink plate,salt on pink plate,-0.1516,-0.4636,-0.8257,18.4627,-21.9295,-125.2121,18.45,True,False,0.0
1685,50,649,90,salt on pink plate,salt on pink plate,-0.3045,-0.4557,-0.9774,16.5921,-21.9295,-140.3116,1.4413,True,False,0.0
1686,20,642,40,salt on pink plate,salt on pink plate,-0.1241,0.1369,-0.5476,13.2521,170.9281,-87.2745,170.4679,True,False,0.0
1686,20,669,80,salt on pink plate,salt on pink plate,-0.1619,-0.027,-0.6987,21.5585,170.9281,100.2348,-151.636,True,False,0.0
1686,20,674,120,salt on pink plate,salt on pink plate,-0.0303,0.2176,-0.3919,13.8158,170.9281,87.8867,152.3009,True,False,0.0
1686,80,642,40,salt on pink plate,salt on pink plate,0.2627,-0.2471,-0.7732,6.6216,170.643,-136.2433,170.4679,True,False,0.0
1686,80,669,80,salt on pink plate,salt on pink plate,0.3163,-0.7197,-0.5349,14.3872,170.643,46.9281,-151.636,True,False,0.0
1686,80,674,120,salt on pink plate,salt on pink plate,0.3763,0.153,-0.4579,18.1019,170.643,52.0143,152.3009,True,False,0.0
1686,110,642,40,salt on pink plate,salt on pink plate,-0.8234,-0.3802,-0.9663,8.8763,-168.5979,6.2588,170.4679,True,True,0.0
1686,110,669,80,salt on pink plate,salt on pink plate,0.7595,0.614,0.5227,2.9285,-168.5979,-135.2379,-151.636,True,False,0.0
1686,110,674,120,salt on pink plate,salt on pink plate,0.1196,-0.6444,-0.3953,6.6116,-168.5979,80.1955,152.3009,True,False,0.0
1687,10,642,40,salt on pink plate,salt on pink plate,0.0823,-0.3189,-0.999,12.3713,175.3405,-55.6895,170.4679,True,False,0.0
1687,10,669,80,salt on pink plate,salt on pink plate,0.8903,0.2483,0.7261,16.5107,175.3405,166.9446,-151.636,True,True,0.221
1687,10,674,120,salt on pink plate,salt on pink plate,0.9284,0.6075,0.7977,8.1016,175.3405,-145.4415,152.3009,True,False,0.0
1687,130,642,40,salt on pink plate,salt on pink plate,0.7422,0.6952,-0.0029,6.1773,158.986,130.4487,170.4679,True,False,0.0
1687,130,669,80,salt on pink plate,salt on pink plate,0.0098,0.8297,-0.071,5.4319,158.986,-130.9892,-151.636,True,False,0.0
1687,130,674,120,salt on pink plate,salt on pink plate,-0.0004,-0.1619,-0.1021,12.4932,158.986,-126.8226,152.3009,True,False,0.0
1688,60,647,100,salt on pink plate,salt on pink plate,0.3242,-0.4212,-0.9995,1.8106,-9.4139,-71.1832,29.2517,True,False,0.0
1688,60,649,90,salt on pink plate,salt on pink plate,0.7796,0.538,0.6301,9.1254,-9.4139,27.3695,1.4413,True,True,0.3189
1688,60,642,80,salt on pink plate,salt on pink plate,0.7783,-0.2164,0.3202,10.4482,-9.4139,61.5474,0.0345,True,False,0.0
1688,80,649,90,salt on pink plate,salt on pink plate,0.3962,0.4656,-0.9031,11.8823,-4.8371,17.7048,1.4413,True,True,0.1826
1688,80,647,100,salt on pink plate,salt on pink plate,0.3774,0.2956,-0.9909,2.95,-4.8371,-16.3102,29.2517,True,True,0.0274
1688,80,642,80,salt on pink plate,salt on pink plate,0.4073,0.9423,-0.8977,9.5503,-4.8371,10.1859,0.0345,True,True,0.3055
1688,90,649,90,salt on pink plate,salt on pink plate,0.5073,-0.0424,-0.9527,21.3019,-18.6261,-17.9513,1.4413,True,True,0.0
1688,90,642,80,salt on pink plate,salt on pink plate,0.4234,0.9833,-0.9846,22.8696,-18.6261,-6.2461,0.0345,True,True,0.4163
1688,90,647,100,salt on pink plate,salt on pink plate,0.4269,0.0411,-0.9996,8.8892,-18.6261,-2.0948,29.2517,True,True,0.013
1688,120,642,40,salt on pink plate,salt on pink plate,0.6821,0.2595,0.1129,5.6207,158.5793,-122.1614,170.4679,True,False,0.0
1688,120,669,80,salt on pink plate,salt on pink plate,0.813,0.4739,0.6938,1.1398,158.5793,-160.8671,-151.636,True,True,0.0366
1688,120,674,120,salt on pink plate,salt on pink plate,0.8267,-0.0308,0.5882,2.0509,158.5793,-151.7077,152.3009,True,True,0.0
1689,30,647,100,salt on pink plate,salt on pink plate,0.023,0.2493,-0.9094,5.1361,12.0423,158.0893,29.2517,True,True,0.0025
1689,30,663,100,salt on pink plate,salt on pink plate,0.1631,-0.2109,-0.5553,6.1284,12.0423,137.7609,18.45,True,False,0.0
1689,30,649,90,salt on pink plate,salt on pink plate,0.0395,0.0551,-0.8882,14.0467,12.0423,167.0979,1.4413,True,True,0.0022
1689,90,647,100,salt on pink plate,salt on pink plate,0.965,0.413,0.9142,7.2836,25.9059,37.7406,29.2517,True,False,0.0
1689,90,663,100,salt on pink plate,salt on pink plate,0.9554,0.4611,0.8896,29.3596,25.9059,24.4463,18.45,True,True,0.4406
1689,90,649,90,salt on pink plate,salt on pink plate,0.8197,0.2032,0.5989,15.6012,25.9059,-27.4627,1.4413,True,True,0.1666
1690,30,647,100,salt on pink plate,salt on pink plate,0.2187,0.2342,-0.8138,6.7908,0.318,163.5541,29.2517,True,True,0.029
1690,30,663,100,salt on pink plate,salt on pink plate,0.295,-0.3396,-0.811,8.6576,0.318,163.2795,18.45,True,True,0.0
1690,30,642,80,salt on pink plate,salt on pink plate,0.3825,-0.4943,-0.5589,10.6307,0.318,143.0713,0.0345,True,False,0.0
1690,110,642,40,salt on pink plate,salt on pink plate,0.758,0.2245,0.5679,13.25,-154.5186,-105.7321,170.4679,True,False,0.0
1690,110,669,80,salt on pink plate,salt on pink plate,0.6793,0.3232,0.5495,4.6555,-154.5186,-104.7795,-151.636,True,False,0.0
1690,110,674,120,salt on pink plate,salt on pink plate,0.8841,-0.1242,0.7121,8.0797,-154.5186,-128.331,152.3009,True,False,0.0
1690,130,642,40,salt on pink plate,salt on pink plate,-0.0757,0.5459,-0.9909,4.6159,164.3474,-152.963,170.4679,True,True,0.0
1690,130,669,80,salt on pink plate,salt on pink plate,0.1164,0.7089,-0.9334,5.3232,164.3474,-132.2595,-151.636,True,False,0.0
1690,130,674,120,salt on pink plate,salt on pink plate,0.0152,0.2998,-0.992,8.3264,164.3474,92.9786,152.3009,True,False,0.0
1691,40,642,40,salt on pink plate,salt on pink plate,0.2637,0.2792,-0.9182,5.9015,-168.3247,112.3338,170.4679,True,False,0.0
1691,40,669,80,salt on pink plate,salt on pink plate,0.8702,0.7237,0.6638,8.3036,-168.3247,164.1656,-151.636,True,True,0.4358
1691,40,674,120,salt on pink plate,salt on pink plate,0.7594,0.4313,0.5332,4.6573,-168.3247,140.0995,152.3009,True,False,0.0
1691,120,642,40,salt on pink plate,salt on pink plate,0.8482,0.295,0.67,5.8645,-167.9675,-125.2094,170.4679,True,False,0.0
1691,120,669,80,salt on pink plate,salt on pink plate,0.8005,0.5053,0.5727,2.5475,-167.9675,-160.8784,-151.636,True,True,0.0859
1691,120,674,120,salt on pink plate,salt on pink plate,0.88,-0.0991,0.6463,4.3567,-167.9675,-153.539,152.3009,True,True,0.0
1692,60,642,40,salt on pink plate,salt on pink plate,-0.1454,0.0173,-0.9797,6.491,156.8954,176.8948,170.4679,True,True,0.0
1692,60,669,80,salt on pink plate,salt on pink plate,0.0053,0.681,-0.7618,12.8554,156.8954,141.5653,-151.636,True,False,0.0
1692,60,674,120,salt on pink plate,salt on pink plate,0.9596,-0.1043,0.8941,2.2589,156.8954,155.2964,152.3009,True,True,0.0
1692,120,649,90,salt on pink plate,salt on pink plate,0.9952,-0.0308,0.987,14.4635,-22.134,-30.1899,1.4413,True,False,0.0
1692,120,642,80,salt on pink plate,salt on pink plate,0.8422,0.6386,0.6644,16.0222,-22.134,-69.3167,0.0345,True,False,0.0
1692,120,639,180,salt on pink plate,salt on pink plate,0.9921,0.1541,0.9797,16.2785,-22.134,-17.4227,-9.6471,True,True,0.1529
1692,130,642,40,salt on pink plate,salt on pink plate,-0.2336,0.009,-0.9997,9.8534,159.4142,-97.4001,170.4679,True,False,0.0
1692,130,669,80,salt on pink plate,salt on pink plate,-0.0194,0.53,-0.5319,11.0784,159.4142,-76.6686,-151.636,True,False,0.0
1692,130,674,120,salt on pink plate,salt on pink plate,0.7901,-0.0253,0.6275,5.0832,159.4142,147.6111,152.3009,True,False,0.0
1693,30,642,40,salt on pink plate,salt on pink plate,-0.3021,-0.77,-0.998,12.3455,156.0707,-21.0951,170.4679,True,True,0.0
1693,30,669,80,salt on pink plate,salt on pink plate,0.7497,0.1047,0.5702,19.6449,156.0707,115.7556,-151.636,True,False,0.0
1693,30,674,120,salt on pink plate,salt on pink plate,0.7403,0.4517,0.1197,10.2429,156.0707,134.5977,152.3009,True,False,0.0
1693,110,642,40,salt on pink plate,salt on pink plate,-0.2843,-0.3112,-0.9631,7.1887,-179.3118,-130.3268,170.4679,True,False,0.0
1693,110,669,80,salt on pink plate,salt on pink plate,0.083,-0.8391,-0.4147,19.6322,-179.3118,54.4843,-151.636,True,False,0.0
1693,110,674,120,salt on pink plate,salt on pink plate,-0.138,0.1042,-0.7391,18.7138,-179.3118,31.3321,152.3009,True,False,0.0
1694,40,649,90,salt on pink plate,salt on pink plate,0.461,0.6498,0.0147,11.1063,-14.3412,0.9112,1.4413,True,True,0.2772
1694,40,647,100,salt on pink plate,salt on pink plate,-0.7753,0.4714,-0.9743,14.1118,-14.3412,134.5589,29.2517,True,False,0.0
1694,40,642,80,salt on pink plate,salt on pink plate,-0.7256,-0.7046,-0.9894,18.4952,-14.3412,141.1099,0.0345,True,False,0.0
1694,60,642,40,salt on pink plate,salt on pink plate,-0.1455,0.0461,-0.9976,7.3743,-158.7964,178.3392,170.4679,True,True,0.0
1694,60,669,80,salt on pink plate,salt on pink plate,0.4809,0.7365,0.2793,9.605,-158.7964,-123.381,-151.636,True,False,0.0
1694,60,674,120,salt on pink plate,salt on pink plate,0.2552,-0.1361,-0.9977,2.042,-158.7964,133.9073,152.3009,True,False,0.0
1695,50,642,40,salt on pink plate,salt on pink plate,-0.4056,-0.7595,-0.9973,7.0654,-175.7211,67.8558,170.4679,True,False,0.0
1695,50,669,80,salt on pink plate,salt on pink plate,0.7578,0.7757,0.5222,10.1146,-175.7211,155.9981,-151.636,True,True,0.4954
1695,50,674,120,salt on pink plate,salt on pink plate,0.3702,-0.403,-0.0204,4.9798,-175.7211,-138.4597,152.3009,True,False,0.0
1695,60,642,40,salt on pink plate,salt on pink plate,0.2077,0.1531,-0.9565,10.494,156.1473,-13.1564,170.4679,True,True,0.0278
1695,60,669,80,salt on pink plate,salt on pink plate,0.7687,0.3989,0.5115,11.6536,156.1473,126.8682,-151.636,True,False,0.0
1695,60,674,120,salt on pink plate,salt on pink plate,0.4786,-0.3463,-0.4535,5.1272,156.1473,143.993,152.3009,True,False,0.0
1696,30,647,100,salt on pink plate,salt on pink plate,-0.0148,0.6804,-0.3387,14.5042,10.0116,122.5212,29.2517,True,False,0.0
1696,30,663,100,salt on pink plate,salt on pink plate,-0.1013,0.0019,-0.4818,16.8452,10.0116,131.5302,18.45,True,False,0.0
1696,30,649,90,salt on pink plate,salt on pink plate,-0.0495,0.1097,-0.8092,23.4888,10.0116,156.7406,1.4413,True,True,0.0
1696,60,663,100,salt on pink plate,salt on pink plate,0.8939,0.2481,0.8203,13.7729,21.5958,57.3527,18.45,True,False,0.0
1696,60,647,100,salt on pink plate,salt on pink plate,0.015,-0.4118,-0.9118,3.0013,21.5958,-133.2908,29.2517,True,False,0.0
1696,60,642,80,salt on pink plate,salt on pink plate,0.7986,-0.2619,0.584,17.8296,21.5958,76.7354,0.0345,True,False,0.0
1697,20,642,40,salt on pink plate,salt on pink plate,0.17,-0.2425,-0.7219,13.7404,-163.673,-63.5542,170.4679,True,False,0.0
1697,20,669,80,salt on pink plate,salt on pink plate,0.1596,-0.1462,-0.9513,19.6467,-163.673,100.7042,-151.636,True,False,0.0
1697,20,674,120,salt on pink plate,salt on pink plate,0.2539,0.3365,-0.8083,9.9759,-163.673,99.0014,152.3009,True,False,0.0
1697,30,647,100,salt on pink plate,salt on pink plate,0.5664,0.6877,-0.7276,14.5535,-29.0158,107.0544,29.2517,True,False,0.0
1697,30,663,100,salt on pink plate,salt on pink plate,0.5203,0.0681,-0.9139,17.422,-29.0158,126.4224,18.45,True,False,0.0
1697,30,649,90,salt on pink plate,salt on pink plate,0.512,0.3289,-0.7858,25.8152,-29.0158,112.1571,1.4413,True,False,0.0
1697,40,647,100,salt on pink plate,salt on pink plate,0.0286,0.5122,-0.9891,10.7264,-17.5527,135.7925,29.2517,True,False,0.0
1697,40,663,100,salt on pink plate,salt on pink plate,-0.0018,-0.2854,-0.9997,12.8101,-17.5527,168.96,18.45,True,True,0.0
1697,40,649,90,salt on pink plate,salt on pink plate,-0.0507,-0.1252,-0.9786,26.5192,-17.5527,179.5308,1.4413,True,True,0.0
1697,50,674,120,salt on pink plate,salt on pink plate,0.2085,-0.3723,-0.5818,8.5051,173.1506,-158.5939,152.3009,True,True,0.0
1697,50,641,50,salt on pink plate,salt on pink plate,0.0989,0.236,-0.4726,18.1292,173.1506,-169.5187,165.9415,True,True,0.0233
1697,50,677,60,salt on pink plate,salt on pink plate,-0.296,0.3521,-0.8536,18.7442,173.1506,-158.1741,-163.9764,True,True,0.0
1697,60,677,110,salt on pink plate,salt on pink plate,0.403,-0.0221,-0.0463,10.7655,26.4083,118.2782,29.5308,True,False,0.0
1697,60,642,70,salt on pink plate,salt on pink plate,0.6101,0.7061,0.1381,17.6488,26.4083,75.9305,7.4312,True,False,0.0
1697,60,660,170,salt on pink plate,salt on pink plate,0.4894,-0.1209,-0.1171,22.6535,26.4083,45.9813,-25.3385,True,False,0.0
1697,90,642,40,salt on pink plate,salt on pink plate,0.0091,-0.0177,-0.982,6.8301,150.9874,-144.2332,170.4679,True,False,0.0
1697,90,669,80,salt on pink plate,salt on pink plate,0.1146,-0.9269,-0.5272,10.3013,150.9874,37.0512,-151.636,True,False,0.0
1697,90,674,120,salt on pink plate,salt on pink plate,0.0508,0.1046,-0.5734,14.9953,150.9874,33.8739,152.3009,True,False,0.0
1698,30,647,100,salt on pink plate,salt on pink plate,0.256,0.0411,-0.9988,5.6085,-10.8591,160.4937,29.2517,True,True,0.0049
1698,30,663,100,salt on pink plate,salt on pink plate,0.3874,0.0158,-0.8618,9.5249,-10.8591,127.1777,18.45,True,False,0.0
1698,30,649,90,salt on pink plate,salt on pink plate,0.4342,-0.0895,-0.844,21.0237,-10.8591,-169.8997,1.4413,True,True,0.0
1698,40,642,40,salt on pink plate,salt on pink plate,-0.1942,0.4085,-0.8885,9.0891,-166.5691,-178.6884,170.4679,True,True,0.0
1698,40,669,80,salt on pink plate,salt on pink plate,0.6404,0.637,-0.0485,10.735,-166.5691,-158.2129,-151.636,True,True,0.3649
1698,40,674,120,salt on pink plate,salt on pink plate,0.0369,-0.1096,-0.7483,10.4124,-166.5691,128.3238,152.3009,True,False,0.0
1698,80,647,100,salt on pink plate,salt on pink plate,0.2066,0.3623,-0.4164,11.1782,-26.4106,27.2771,29.2517,True,True,0.0697
1698,80,663,100,salt on pink plate,salt on pink plate,0.2997,0.5001,-0.2658,26.2754,-26.4106,20.1352,18.45,True,True,0.1499
1698,80,649,90,salt on pink plate,salt on pink plate,0.5811,-0.0305,0.4314,14.6624,-26.4106,5.3753,1.4413,True,True,0.0
1699,40,647,100,salt on pink plate,salt on pink plate,-0.0617,0.6864,-0.7041,16.2342,-17.2448,112.3728,29.2517,True,False,0.0
1699,40,663,100,salt on pink plate,salt on pink plate,-0.1426,-0.1232,-0.9789,17.3417,-17.2448,145.8173,18.45,True,False,0.0
1699,40,649,90,salt on pink plate,salt on pink plate,-0.0518,0.3647,-0.8746,24.8946,-17.2448,111.5558,1.4413,True,False,0.0
1699,120,647,100,salt on pink plate,salt on pink plate,-0.0751,0.1964,-0.9999,9.6756,-20.205,1.5968,29.2517,True,True,0.0
1699,120,663,100,salt on pink plate,salt on pink plate,-0.0692,0.4103,-0.9923,31.3305,-20.205,-1.7925,18.45,True,True,0.0
1699,120,642,80,salt on pink plate,salt on pink plate,-0.0449,0.9329,-0.9467,24.2989,-20.205,-24.5401,0.0345,True,True,0.0
1699,140,647,100,salt on pink plate,salt on pink plate,0.6037,-0.8029,0.1992,7.0821,-16.9064,-87.6509,29.2517,True,False,0.0
1699,140,663,100,salt on pink plate,salt on pink plate,0.5796,-0.3687,0.142,19.4307,-16.9064,-93.9699,18.45,True,False,0.0
1699,140,642,80,salt on pink plate,salt on pink plate,0.5272,-0.3543,0.0071,24.0255,-16.9064,-97.452,0.0345,True,False,0.0
1701,60,674,120,salt on pink plate,salt on pink plate,0.2841,-0.0388,-0.1552,9.8107,168.8201,-165.0566,152.3009,True,True,0.0
1701,60,677,60,salt on pink plate,salt on pink plate,0.3079,0.5296,-0.1144,25.4367,168.8201,-166.1056,-163.9764,True,True,0.1631
1701,60,633,80,salt on pink plate,salt on pink plate,0.3843,0.8753,0.0271,10.2157,168.8201,-156.4527,-155.9674,True,True,0.2864
1701,90,642,40,salt on pink plate,salt on pink plate,-0.3803,0.6415,-0.9558,8.5009,167.2451,-140.9884,170.4679,True,False,0.0
1701,90,669,80,salt on pink plate,salt on pink plate,-0.0615,-0.405,-0.2503,19.4315,167.2451,76.1474,-151.636,True,False,0.0
1701,90,674,120,salt on pink plate,salt on pink plate,0.0648,0.2096,-0.1056,16.7782,167.2451,79.6548,152.3009,True,False,0.0
1702,30,647,100,salt on pink plate,salt on pink plate,0.033,0.0428,-0.9647,5.7384,-12.4351,-152.7881,29.2517,True,True,0.0007
1702,30,663,100,salt on pink plate,salt on pink plate,-0.0114,-0.3723,-0.9263,10.7492,-12.4351,-167.2989,18.45,True,True,0.0
1702,30,649,90,salt on pink plate,salt on pink plate,0.0228,-0.1198,-0.9863,10.0455,-12.4351,-179.9422,1.4413,True,True,0.0
1702,50,647,100,salt on pink plate,salt on pink plate,0.0212,-0.448,-0.4248,1.8251,7.7028,-53.2411,29.2517,True,False,0.0
1702,50,663,100,salt on pink plate,salt on pink plate,0.7857,0.5574,0.5001,6.6555,7.7028,34.946,18.45,True,False,0.0
1702,50,649,90,salt on pink plate,salt on pink plate,0.8139,0.5335,0.5084,9.5947,7.7028,8.2764,1.4413,True,True,0.3472
1702,60,642,40,salt on pink plate,salt on pink plate,0.3489,0.3049,-0.9999,7.7991,179.3684,-141.8729,170.4679,True,False,0.0
1702,60,669,80,salt on pink plate,salt on pink plate,0.1844,-0.27,-0.4247,10.502,179.3684,87.9528,-151.636,True,False,0.0
1702,60,674,120,salt on pink plate,salt on pink plate,0.2274,0.2018,-0.6625,12.7218,179.3684,67.7641,152.3009,True,False,0.0
1702,70,647,100,salt on pink plate,salt on pink plate,0.3699,-0.3184,-0.6118,2.4363,23.1735,-102.7188,29.2517,True,False,0.0
1702,70,663,100,salt on pink plate,salt on pink plate,0.9152,0.4474,0.8207,6.8372,23.1735,-5.332,18.45,True,True,0.2333
1702,70,649,90,salt on pink plate,salt on pink plate,0.9509,0.4536,0.9413,4.7146,23.1735,7.1108,1.4413,True,True,0.1695
1702,90,642,40,salt on pink plate,salt on pink plate,0.4525,0.2774,-0.8548,7.8685,-170.52,-164.9661,170.4679,True,True,0.0823
1702,90,669,80,salt on pink plate,salt on pink plate,0.3591,-0.3947,-0.3634,6.7291,-170.52,78.6826,-151.636,True,False,0.0
1702,90,674,120,salt on pink plate,salt on pink plate,0.1347,-0.204,-0.1603,6.0629,-170.52,91.9082,152.3009,True,False,0.0
1703,40,647,100,salt on pink plate,salt on pink plate,0.4079,0.3076,-0.9589,6.0558,15.0227,175.0754,29.2517,True,True,0.0633
1703,40,663,100,salt on pink plate,salt on pink plate,0.4601,-0.3072,-0.9412,6.3343,15.0227,171.812,18.45,True,True,0.0
1703,40,649,90,salt on pink plate,salt on pink plate,0.3659,-0.0273,-0.9937,15.2801,15.0227,-174.8742,1.4413,True,True,0.0
1703,50,642,40,salt on pink plate,salt on pink plate,0.6389,0.7892,0.474,15.3007,-174.1048,114.6793,170.4679,True,False,0.0
1703,50,669,80,salt on pink plate,salt on pink plate,0.9527,0.8778,0.9362,7.4054,-174.1048,155.9847,-151.636,True,True,0.5161
1703,50,674,120,salt on pink plate,salt on pink plate,0.3877,-0.044,-0.3194,7.5342,-174.1048,-173.7761,152.3009,True,True,0.0
1703,90,647,100,salt on pink plate,salt on pink plate,0.2141,0.4122,-0.5531,8.3537,-4.6281,22.0053,29.2517,True,True,0.0614
1703,90,663,100,salt on pink plate,salt on pink plate,0.3285,0.464,-0.3077,18.5217,-4.6281,28.3,18.45,True,True,0.1524
1703,90,649,90,salt on pink plate,salt on pink plate,0.2932,0.3461,-0.4467,15.9018,-4.6281,9.8204,1.4413,True,True,0.1015
1704,20,642,40,salt on pink plate,salt on pink plate,0.6455,-0.1837,-0.3575,13.3082,-154.0239,-46.373,170.4679,True,False,0.0
1704,20,669,80,salt on pink plate,salt on pink plate,-0.2443,-0.0955,-0.9927,15.3379,-154.0239,105.9798,-151.636,True,False,0.0
1704,20,674,120,salt on pink plate,salt on pink plate,-0.2799,0.2969,-0.9986,13.5189,-154.0239,98.9671,152.3009,True,False,0.0
1704,30,647,100,salt on pink plate,salt on pink plate,0.5183,0.746,-0.8192,17.1184,-27.904,111.8069,29.2517,True,False,0.0
1704,30,663,100,salt on pink plate,salt on pink plate,0.5003,0.1184,-0.9153,21.1108,-27.904,123.0507,18.45,True,False,0.0
1704,30,642,80,salt on pink plate,salt on pink plate,0.515,-0.2426,-0.9137,26.4819,-27.904,122.8254,0.0345,True,False,0.0
1704,40,647,100,salt on pink plate,salt on pink plate,0.0086,-0.0613,-0.8653,6.2373,-10.9913,-173.1234,29.2517,True,True,0.0
1704,40,663,100,salt on pink plate,salt on pink plate,-0.146,-0.3405,-0.9415,12.9585,-10.9913,176.4821,18.45,True,True,0.0
1704,40,642,80,salt on pink plate,salt on pink plate,-0.1411,-0.9429,-0.998,14.7929,-10.9913,169.3875,0.0345,True,True,0.0
1705,50,674,120,salt on pink plate,salt on pink plate,0.6959,-0.0669,-0.0066,10.6299,172.9398,-173.8557,152.3009,True,True,0.0
1705,50,641,50,salt on pink plate,salt on pink plate,0.3819,-0.119,-0.8558,22.4349,172.9398,-146.8244,165.9415,True,False,0.0
1705,50,677,60,salt on pink plate,salt on pink plate,0.29,0.3343,-0.9282,29.3768,172.9398,148.5623,-163.9764,True,False,0.0
1705,70,642,40,salt on pink plate,salt on pink plate,0.1157,0.7557,-0.9735,6.8512,150.9511,-117.1556,170.4679,True,False,0.0
1705,70,669,80,salt on pink plate,salt on pink plate,0.1996,0.2488,-0.2054,3.8184,150.9511,-103.1563,-151.636,True,False,0.0
1705,70,674,120,salt on pink plate,salt on pink plate,0.4675,-0.2477,0.0596,11.2475,150.9511,74.9931,152.3009,True,False,0.0
1705,80,642,40,salt on pink plate,salt on pink plate,0.1883,0.3515,-0.3825,5.8458,150.9411,-138.7144,170.4679,True,False,0.0
1705,80,669,80,salt on pink plate,salt on pink plate,0.0398,-0.4714,-0.9797,23.0781,150.9411,78.9395,-151.636,True,False,0.0
1705,80,674,120,salt on pink plate,salt on pink plate,0.0423,0.1974,-0.9381,19.3237,150.9411,76.6986,152.3009,True,False,0.0
1705,90,663,100,salt on pink plate,salt on pink plate,0.0416,0.427,-0.9827,19.8998,17.7134,5.5289,18.45,True,True,0.0178
1705,90,647,100,salt on pink plate,salt on pink plate,0.0645,0.2359,-0.9902,5.7923,17.7134,9.0006,29.2517,True,True,0.0073
1705,90,642,80,salt on pink plate,salt on pink plate,0.0547,0.9631,-0.997,17.4898,17.7134,16.5865,0.0345,True,True,0.0527
1706,20,642,40,salt on pink plate,salt on pink plate,0.1407,-0.5181,-0.9973,11.5588,-162.6429,80.4869,170.4679,True,False,0.0
1706,20,669,80,salt on pink plate,salt on pink plate,0.1168,-0.0851,-0.7513,20.6458,-162.6429,103.2895,-151.636,True,False,0.0
1706,20,674,120,salt on pink plate,salt on pink plate,0.1791,0.3454,-0.3978,9.4983,-162.6429,100.2964,152.3009,True,False,0.0
1706,30,647,100,salt on pink plate,salt on pink plate,0.3459,0.7613,-0.284,14.9407,3.512,107.0918,29.2517,True,False,0.0
1706,30,663,100,salt on pink plate,salt on pink plate,0.3263,0.2057,-0.3077,15.5057,3.512,108.5083,18.45,True,False,0.0
1706,30,649,90,salt on pink plate,salt on pink plate,-0.0687,0.0844,-0.9909,26.1309,3.512,172.8547,1.4413,True,True,0.0
1706,40,647,100,salt on pink plate,salt on pink plate,-0.3911,-0.2147,-0.9845,7.1232,-7.8511,162.5304,29.2517,True,True,0.0
1706,40,663,100,salt on pink plate,salt on pink plate,-0.5009,-0.419,-0.9777,15.2099,-7.8511,-175.2372,18.45,True,True,0.0
1706,40,649,90,salt on pink plate,salt on pink plate,-0.4231,-0.4231,-0.9415,13.0732,-7.8511,-167.6639,1.4413,True,True,0.0
1706,90,647,100,salt on pink plate,salt on pink plate,-0.1901,0.8966,-0.9515,4.7506,-29.4263,69.0626,29.2517,True,False,0.0
1706,90,649,90,salt on pink plate,salt on pink plate,0.1103,-0.4543,-0.955,16.8249,-29.4263,-59.8123,1.4413,True,False,0.0
1706,90,663,100,salt on pink plate,salt on pink plate,-0.2262,0.3883,-0.99,25.6907,-29.4263,-3.4523,18.45,True,True,0.0
1707,30,647,100,salt on pink plate,salt on pink plate,0.7306,0.7074,0.071,11.0711,20.2331,106.8643,29.2517,True,False,0.0
1707,30,663,100,salt on pink plate,salt on pink plate,0.7304,0.282,0.2155,14.5469,20.2331,98.4893,18.45,True,False,0.0
1707,30,649,90,salt on pink plate,salt on pink plate,0.3135,0.0846,-0.9521,22.9371,20.2331,-176.8769,1.4413,True,True,0.0265
1707,40,642,40,salt on pink plate,salt on pink plate,0.5158,0.9786,-0.8014,15.1838,158.3475,179.3079,170.4679,True,True,0.5048
1707,40,669,80,salt on pink plate,salt on pink plate,0.4376,0.8679,-0.9973,7.6006,158.3475,164.4057,-151.636,True,True,0.2405
1707,40,674,120,salt on pink plate,salt on pink plate,0.3734,0.0161,-0.9976,9.6291,158.3475,-155.8886,152.3009,True,True,0.0048
1707,140,642,40,salt on pink plate,salt on pink plate,0.5675,0.2306,-0.2914,8.2228,167.2364,-160.6661,170.4679,True,True,0.0897
1707,140,669,80,salt on pink plate,salt on pink plate,0.4678,0.4664,-0.9226,8.9864,167.2364,160.7563,-151.636,True,True,0.1634
1707,140,674,120,salt on pink plate,salt on pink plate,0.5097,0.5874,-0.4189,7.5957,167.2364,140.8457,152.3009,True,False,0.0
1708,40,642,40,salt on pink plate,salt on pink plate,0.6576,0.6762,0.0203,9.4854,-179.8068,138.407,170.4679,True,False,0.0
1708,40,669,80,salt on pink plate,salt on pink plate,0.8589,0.829,0.7825,6.6423,-179.8068,-172.6618,-151.636,True,True,0.3941
1708,40,674,120,salt on pink plate,salt on pink plate,0.6357,0.178,0.1357,4.3952,-179.8068,124.7029,152.3009,True,False,0.0
1708,140,642,40,salt on pink plate,salt on pink plate,0.9411,0.1937,0.8374,6.4222,-168.0547,165.8869,170.4679,True,True,0.0975
1708,140,669,80,salt on pink plate,salt on pink plate,0.8581,0.1625,0.7214,5.7255,-168.0547,161.1836,-151.636,True,True,0.0665
1708,140,641,50,salt on pink plate,salt on pink plate,0.9333,0.6874,0.9067,17.9134,-168.0547,174.8649,165.9415,True,True,0.6416
1709,50,663,100,salt on pink plate,salt on pink plate,-0.1267,-0.2778,-0.9809,12.8365,-24.4472,171.0811,18.45,True,True,0.0
1709,50,647,100,salt on pink plate,salt on pink plate,-0.0149,0.5716,-0.928,8.2554,-24.4472,127.5216,29.2517,True,False,0.0
1709,50,642,80,salt on pink plate,salt on pink plate,-0.0355,-0.5933,-0.9441,15.7477,-24.4472,130.1548,0.0345,True,False,0.0
1709,160,642,40,salt on pink plate,salt on pink plate,0.5913,0.4163,-0.1481,10.1523,150.5327,-119.4923,170.4679,True,False,0.0
1709,160,669,80,salt on pink plate,salt on pink plate,0.5661,0.791,0.1993,7.8808,150.5327,-176.9045,-151.636,True,True,0.2941
1709,160,674,120,salt on pink plate,salt on pink plate,0.4129,0.1437,-0.0281,12.3901,150.5327,100.7296,152.3009,True,False,0.0
1710,70,669,80,salt on pink plate,salt on pink plate,0.8354,0.8178,0.7154,8.7782,174.383,169.762,-151.636,True,True,0.4998
1710,70,642,40,salt on pink plate,salt on pink plate,0.8141,0.8088,0.6714,15.5458,174.383,128.8892,170.4679,True,False,0.0
1710,70,674,120,salt on pink plate,salt on pink plate,0.8128,-0.0306,0.6248,13.1248,174.383,-167.9236,152.3009,True,True,0.0
1711,50,647,100,salt on pink plate,salt on pink plate,0.2112,-0.4401,-0.4447,3.2696,20.5644,-52.4533,29.2517,True,False,0.0
1711,50,663,100,salt on pink plate,salt on pink plate,0.7137,0.0362,0.4931,9.3786,20.5644,15.5945,18.45,True,True,0.0202
1711,50,649,90,salt on pink plate,salt on pink plate,0.3703,0.1612,-0.119,11.0105,20.5644,-26.9988,1.4413,True,True,0.0548
1712,20,642,40,salt on pink plate,salt on pink plate,-0.2767,-0.4125,-1.0,9.4455,151.6123,21.1971,170.4679,True,True,0.0
1712,20,669,80,salt on pink plate,salt on pink plate,0.8442,0.0193,0.6887,18.0579,151.6123,124.6186,-151.636,True,False,0.0
1712,20,674,120,salt on pink plate,salt on pink plate,0.9128,0.3532,0.7622,11.0969,151.6123,109.6596,152.3009,True,False,0.0
1712,60,642,40,salt on pink plate,salt on pink plate,-0.9483,-0.8477,-0.9906,8.4027,-170.353,39.0426,170.4679,True,False,0.0
1712,60,669,80,salt on pink plate,salt on pink plate,0.9522,0.8307,0.8673,11.0149,-170.353,-147.7198,-151.636,True,False,0.0
1712,60,674,120,salt on pink plate,salt on pink plate,0.197,-0.0309,-0.4077,6.339,-170.353,149.8929,152.3009,True,False,0.0
1712,150,642,40,salt on pink plate,salt on pink plate,0.872,0.1851,0.7582,6.0314,-155.6982,-124.2391,170.4679,True,False,0.0
1712,150,669,80,salt on pink plate,salt on pink plate,0.8521,0.2887,0.7217,3.2646,-155.6982,-139.8234,-151.636,True,False,0.0
1712,150,674,120,salt on pink plate,salt on pink plate,0.9524,-0.0871,0.8821,4.6062,-155.6982,-139.7532,152.3009,True,False,0.0
1713,50,642,40,salt on pink plate,salt on pink plate,-0.0891,-0.9302,-0.9614,7.48,-169.6241,7.0663,170.4679,True,True,0.0
1713,50,669,80,salt on pink plate,salt on pink plate,0.1796,0.318,-0.092,14.3272,-169.6241,66.8182,-151.636,True,False,0.0
1713,50,674,120,salt on pink plate,salt on pink plate,-0.1044,-0.1644,-0.9999,2.8383,-169.6241,155.4158,152.3009,True,True,0.0
1714,40,647,100,salt on pink plate,salt on pink plate,-0.436,-0.4308,-0.9631,5.3204,5.4138,-147.9767,29.2517,True,False,0.0
1714,40,663,100,salt on pink plate,salt on pink plate,-0.4081,-0.4792,-0.9348,17.6603,5.4138,-130.4713,18.45,True,False,0.0
1714,40,642,80,salt on pink plate,salt on pink plate,-0.3913,-0.7483,-0.9263,19.3451,5.4138,-124.2899,0.0345,True,False,0.0
1716,70,663,100,salt on pink plate,salt on pink plate,0.7828,0.2768,0.2962,6.2521,3.3055,25.3049,18.45,True,True,0.1129
1716,70,647,100,salt on pink plate,salt on pink plate,0.3939,0.0667,-0.3793,3.3568,3.3055,111.303,29.2517,True,False,0.0
1716,70,677,130,salt on pink plate,salt on pink plate,0.5878,-0.2578,0.0572,13.9528,3.3055,69.0305,0.2094,True,False,0.0
1717,50,669,80,salt on pink plate,salt on pink plate,0.6608,0.8919,-0.0929,10.4751,-176.9452,-153.3644,-151.636,True,True,0.5145
1717,50,642,40,salt on pink plate,salt on pink plate,-0.5024,-0.872,-0.8086,5.4865,-176.9452,-38.8054,170.4679,True,False,0.0
1717,50,674,120,salt on pink plate,salt on pink plate,0.5341,-0.1379,-0.3963,5.2509,-176.9452,174.8649,152.3009,True,True,0.0
1718,50,647,100,salt on pink plate,salt on pink plate,-0.0089,-0.5533,-0.674,8.2135,-20.6561,-153.8961,29.2517,True,True,0.0
1718,50,663,100,salt on pink plate,salt on pink plate,-0.2303,-0.4071,-0.9323,15.5374,-20.6561,179.6785,18.45,True,True,0.0
1718,50,649,90,salt on pink plate,salt on pink plate,-0.1356,-0.3824,-0.7531,19.4067,-20.6561,-160.3829,1.4413,True,True,0.0
1718,70,642,40,salt on pink plate,salt on pink plate,0.4257,-0.1885,-0.9887,9.3676,-159.188,-14.2468,170.4679,True,True,0.0
1718,70,669,80,salt on pink plate,salt on pink plate,0.4592,0.0669,-0.9812,6.1975,-159.188,-16.7325,-151.636,True,True,0.0159
1718,70,674,120,salt on pink plate,salt on pink plate,0.5156,-0.2959,-0.7812,5.1416,-159.188,144.187,152.3009,True,False,0.0
1718,120,642,40,salt on pink plate,salt on pink plate,0.8246,0.921,0.3696,9.3345,172.5326,173.3851,170.4679,True,True,0.5907
1718,120,669,80,salt on pink plate,salt on pink plate,0.6787,0.8973,0.413,7.5167,172.5326,-130.943,-151.636,True,False,0.0
1718,120,674,120,salt on pink plate,salt on pink plate,0.2087,-0.6433,-0.4823,8.7354,172.5326,85.4314,152.3009,True,False,0.0
1718,140,642,40,salt on pink plate,salt on pink plate,0.691,0.1777,0.3813,5.145,179.8827,-120.2216,170.4679,True,False,0.0
1718,140,669,80,salt on pink plate,salt on pink plate,0.891,0.3977,0.6977,1.8043,179.8827,-137.5905,-151.636,True,False,0.0
1718,140,674,120,salt on pink plate,salt on pink plate,0.899,0.0111,0.6048,3.0829,179.8827,-130.5619,152.3009,True,False,0.0
1719,40,647,100,salt on pink plate,salt on pink plate,0.0121,0.1221,-0.9615,6.8336,11.6795,167.0832,29.2517,True,True,0.0008
1719,40,663,100,salt on pink plate,salt on pink plate,-0.0079,-0.4097,-0.9875,13.1413,11.6795,-156.5595,18.45,True,True,0.0
1719,40,649,90,salt on pink plate,salt on pink plate,0.001,-0.3155,-0.9977,13.731,11.6795,-161.7787,1.4413,True,True,0.0
1719,60,642,40,salt on pink plate,salt on pink plate,-0.1702,0.2991,-0.9857,10.3514,165.9454,-21.099,170.4679,True,True,0.0
1719,60,669,80,salt on pink plate,salt on pink plate,0.621,0.122,0.1264,11.305,165.9454,85.8772,-151.636,True,False,0.0
1719,60,674,120,salt on pink plate,salt on pink plate,0.8924,-0.4757,0.6403,5.7721,165.9454,118.4302,152.3009,True,False,0.0
1720,40,642,40,salt on pink plate,salt on pink plate,-0.4104,-0.404,-0.8989,13.0294,-165.9422,99.4509,170.4679,True,False,0.0
1720,40,669,80,salt on pink plate,salt on pink plate,-0.0761,-0.1137,-0.6943,22.9933,-165.9422,105.124,-151.636,True,False,0.0
1720,40,674,120,salt on pink plate,salt on pink plate,-0.1774,0.2594,-0.902,11.5387,-165.9422,85.2959,152.3009,True,False,0.0
1720,50,647,100,salt on pink plate,salt on pink plate,0.5088,0.3565,-0.7995,7.4155,22.6527,159.6954,29.2517,True,True,0.1121
1720,50,663,100,salt on pink plate,salt on pink plate,0.5969,-0.1276,-0.5781,11.3775,22.6527,141.9299,18.45,True,False,0.0
1720,50,649,90,salt on pink plate,salt on pink plate,0.4228,0.0099,-0.9428,20.658,22.6527,177.1359,1.4413,True,True,0.0042
1720,60,647,100,salt on pink plate,salt on pink plate,0.349,-0.3771,-0.9226,6.7207,21.855,-137.2872,29.2517,True,False,0.0
1720,60,663,100,salt on pink plate,salt on pink plate,0.4028,-0.4176,-0.8248,12.5304,21.855,165.5826,18.45,True,True,0.0
1720,60,642,80,salt on pink plate,salt on pink plate,0.3389,-0.9373,-0.9808,15.417,21.855,-148.7291,0.0345,True,False,0.0
1720,70,642,40,salt on pink plate,salt on pink plate,0.3918,0.8796,-0.0704,7.8795,152.5153,-163.3049,170.4679,True,True,0.2263
1720,70,669,80,salt on pink plate,salt on pink plate,0.3686,0.9762,0.2299,8.5566,152.5153,-145.8226,-151.636,True,False,0.0
1720,70,674,120,salt on pink plate,salt on pink plate,0.4185,-0.4371,-0.1256,8.947,152.5153,124.124,152.3009,True,False,0.0
1720,100,663,100,salt on pink plate,salt on pink plate,0.7901,0.558,0.5588,14.0959,19.8429,74.4086,18.45,True,False,0.0
1720,100,647,100,salt on pink plate,salt on pink plate,0.7168,0.5806,0.3008,12.1018,19.8429,90.8753,29.2517,True,False,0.0
1720,100,642,80,salt on pink plate,salt on pink plate,0.8742,0.1727,0.7553,16.2132,19.8429,57.2925,0.0345,True,False,0.0
