split,task,hg,ht,rg,rt,cos,mag_h,mag_r,hx,hy,rx,ry,ang_h,score
train,yellow brick on blue plate,1495,134,386,143,0.9801,15.9922,16.9737,202.4016,157.9334,215.4311,76.2003,-109.3004,0.9514
train,yellow brick on blue plate,1495,134,389,147,0.9783,15.9922,11.4997,202.4016,157.9334,237.4255,135.2883,-109.3004,0.8296
train,yellow brick on blue plate,1495,134,373,153,0.9847,15.9922,18.0296,202.4016,157.9334,239.274,66.6192,-109.3004,0.9274
train,yellow brick on blue plate,1495,134,400,115,0.9642,15.9922,15.2532,202.4016,157.9334,233.1607,137.4708,-109.3004,0.9417
train,red brick in green bowl and yellow brick in green bowl,1290,180,285,280,-0.2939,16.819,3.9494,240.1098,204.4509,197.5811,57.5414,137.7037,0.0
train,red brick in green bowl and yellow brick in green bowl,1290,180,288,673,-0.4686,16.819,2.9771,240.1098,204.4509,219.0214,88.8749,137.7037,0.0
train,red brick in green bowl and yellow brick in green bowl,1290,180,286,300,-0.9448,16.819,3.863,240.1098,204.4509,240.0458,130.1261,137.7037,0.0
train,red brick in green bowl and yellow brick in green bowl,1290,180,290,295,-0.3565,16.819,7.456,240.1098,204.4509,198.8297,32.453,137.7037,0.0
train,point to top drawer,1246,8,268,10,0.0593,17.6422,2.4867,224.184,231.911,129.6568,22.423,77.5544,0.0055
train,point to top drawer,1246,8,262,5,0.3877,17.6422,12.7139,224.184,231.911,23.214,20.365,77.5544,0.3291
train,point to top drawer,1246,8,269,5,0.5134,17.6422,7.4138,224.184,231.911,32.9822,19.6172,77.5544,0.2467
train,point to top drawer,1246,8,266,7,-0.1746,17.6422,2.4422,224.184,231.911,136.575,44.8292,77.5544,0.0
train,grey cup on pan,1136,88,211,88,0.9187,20.7618,20.4879,100.9349,215.4596,215.3325,88.5135,98.9128,0.9126
train,grey cup on pan,1136,88,220,93,0.8562,20.7618,13.6714,100.9349,215.4596,242.2461,179.0951,98.9128,0.6948
train,grey cup on pan,1136,88,218,92,0.9995,20.7618,9.4164,100.9349,215.4596,232.9761,168.6019,98.9128,0.6339
train,grey cup on pan,1136,88,212,99,0.6815,20.7618,12.3568,100.9349,215.4596,178.2267,64.4936,98.9128,0.5258
train,open drawer,1168,126,226,179,0.9777,33.8056,25.5945,220.9883,223.5852,222.396,152.3706,-83.6264,0.8508
train,open drawer,1168,126,224,214,0.9984,33.8056,21.2196,220.9883,223.5852,210.3696,157.2181,-83.6264,0.791
train,open drawer,1168,126,228,163,0.9967,33.8056,31.302,220.9883,223.5852,236.2313,142.4764,-83.6264,0.9591
train,open drawer,1168,126,227,198,0.9966,33.8056,27.9923,220.9883,223.5852,235.5465,162.2252,-83.6264,0.9069
train,banana in orange bowl,894,65,64,116,0.5614,17.0542,44.3914,210.422,215.2278,219.7224,25.0061,-152.2277,0.348
train,banana in orange bowl,894,65,65,104,0.242,17.0542,13.8886,210.422,215.2278,222.7855,116.8846,-152.2277,0.2184
train,banana in orange bowl,894,65,63,108,0.6446,17.0542,46.0684,210.422,215.2278,155.8099,48.0463,-152.2277,0.3922
train,banana in orange bowl,894,65,66,98,0.3447,17.0542,7.9116,210.422,215.2278,218.4311,126.2694,-152.2277,0.1858
train,wipe sponge on table,1346,93,312,154,0.9556,33.0019,23.5461,230.366,166.8099,229.241,85.8088,168.0435,0.8071
train,wipe sponge on table,1346,93,316,152,0.9323,33.0019,26.8335,230.366,166.8099,232.5684,104.0275,168.0435,0.8407
train,wipe sponge on table,1346,93,313,166,0.9565,33.0019,26.9327,230.366,166.8099,234.7458,97.2344,168.0435,0.8641
train,wipe sponge on table,1346,93,317,145,0.9039,33.0019,28.0357,230.366,166.8099,233.9944,114.363,168.0435,0.8331
train,blue brick in blue bowl,971,77,104,81,-0.1262,17.6659,19.4261,217.4372,228.3106,170.5125,36.3859,-34.8492,0.0
train,blue brick in blue bowl,971,77,108,76,0.4855,17.6659,18.1434,217.4372,228.3106,232.97,191.7209,-34.8492,0.479
train,blue brick in blue bowl,971,77,100,127,-0.996,17.6659,2.8642,217.4372,228.3106,236.4006,120.3767,-34.8492,0.0
train,blue brick in blue bowl,971,77,103,101,0.5358,17.6659,9.8598,217.4372,228.3106,216.9283,93.5948,-34.8492,0.3946
train,wipe sponge on table,1344,65,315,96,0.8255,35.6247,36.9132,232.4423,212.5099,224.1185,37.183,166.9436,0.811
train,wipe sponge on table,1344,65,312,105,0.9054,35.6247,32.2718,232.4423,212.5099,235.2334,79.5064,166.9436,0.8617
train,wipe sponge on table,1344,65,318,70,0.9033,35.6247,34.5924,232.4423,212.5099,233.2303,57.5003,166.9436,0.8901
train,wipe sponge on table,1344,65,320,78,0.8846,35.6247,40.0431,232.4423,212.5099,239.5196,56.79,166.9436,0.8344
train,grey cup on grey plate,1120,211,208,235,-0.0103,12.3697,5.4473,231.4347,213.9283,242.7148,139.0402,-88.9285,0.0
train,grey cup on grey plate,1120,211,202,225,-0.8996,12.3697,2.1226,231.4347,213.9283,245.4215,175.7926,-88.9285,0.0
train,grey cup on grey plate,1120,211,207,268,0.0964,12.3697,1.8258,231.4347,213.9283,239.0666,144.4209,-88.9285,0.0068
train,grey cup on grey plate,1120,211,201,212,0.7245,12.3697,1.2732,231.4347,213.9283,228.9802,114.001,-88.9285,0.0296
train,yellow brick next to stove,1417,111,351,162,-0.869,28.598,11.8442,232.8993,217.8216,204.0768,94.9253,-74.9237,0.0
train,yellow brick next to stove,1417,111,352,187,0.1664,28.598,13.6212,232.8993,217.8216,174.9644,112.4682,-74.9237,0.1149
train,yellow brick next to stove,1417,111,353,181,0.5084,28.598,7.7806,232.8993,217.8216,188.482,149.213,-74.9237,0.2063
train,yellow brick next to stove,1417,111,356,143,0.9838,28.598,13.4589,232.8993,217.8216,218.3218,99.1637,-74.9237,0.6749
train,yellow brick on top of drawer,1582,55,464,65,0.35,29.5746,1.2324,226.0442,209.2522,229.3294,145.3513,-15.0722,0.0088
train,yellow brick on top of drawer,1582,55,470,68,-0.9807,29.5746,4.0381,226.0442,209.2522,211.1556,108.4881,-15.0722,0.0
train,yellow brick on top of drawer,1582,55,461,48,0.4197,29.5746,6.213,226.0442,209.2522,238.1169,170.9324,-15.0722,0.1195
train,yellow brick on top of drawer,1582,55,469,52,0.8924,29.5746,3.9128,226.0442,209.2522,217.7194,142.2456,-15.0722,0.127
train,grey cup on grey plate,1123,104,209,119,0.9954,21.242,11.2382,197.7397,233.6457,222.1327,94.8114,-99.2695,0.724
train,grey cup on grey plate,1123,104,208,124,0.3187,21.242,2.7259,197.7397,233.6457,236.3127,131.1912,-99.2695,0.0311
train,grey cup on grey plate,1123,104,205,131,0.2777,21.242,14.7389,197.7397,233.6457,213.5613,97.3655,-99.2695,0.2313
train,grey cup on grey plate,1123,104,203,136,0.696,21.242,25.2006,197.7397,233.6457,229.9075,44.5582,-99.2695,0.639
train,yellow brick on pink plate,1563,23,434,47,0.9944,19.7606,18.0839,229.0142,215.9908,226.8246,80.4184,-129.8935,0.9513
train,yellow brick on pink plate,1563,23,458,14,-0.0811,19.7606,8.9275,229.0142,215.9908,224.6934,176.2618,-129.8935,0.0
train,yellow brick on pink plate,1563,23,452,17,-0.5721,19.7606,5.3989,229.0142,215.9908,236.0437,201.029,-129.8935,0.0
train,yellow brick on pink plate,1563,23,460,45,0.9082,19.7606,8.5857,229.0142,215.9908,213.1988,104.3838,-129.8935,0.514
train,yellow brick on blue plate,1475,215,429,179,-0.9303,23.5292,21.6483,217.2542,225.2217,241.8653,171.3996,88.5377,0.0
train,yellow brick on blue plate,1475,215,391,201,0.6444,23.5292,1.7495,217.2542,225.2217,239.15,129.0534,88.5377,0.0307
train,yellow brick on blue plate,1475,215,401,225,-0.9497,23.5292,3.0769,217.2542,225.2217,236.876,125.4057,88.5377,0.0
train,yellow brick on blue plate,1475,215,379,210,0.8008,23.5292,8.788,217.2542,225.2217,242.2395,49.0539,88.5377,0.4301
train,blue brick in blue bowl,976,63,105,88,-0.3245,15.5011,10.878,175.5765,219.395,218.6868,75.7799,-51.4242,0.0
train,blue brick in blue bowl,976,63,108,93,0.9581,15.5011,19.0241,175.5765,219.395,196.547,39.3142,-51.4242,0.8648
train,blue brick in blue bowl,976,63,109,95,0.9965,15.5011,17.0898,175.5765,219.395,213.881,34.2867,-51.4242,0.949
train,blue brick in blue bowl,976,63,101,169,0.563,15.5011,19.8334,175.5765,219.395,234.4606,34.7524,-51.4242,0.4977
train,yellow brick on blue plate,1465,146,406,144,-0.6038,21.3218,22.6852,235.7382,214.001,231.0427,74.0203,116.5958,0.0
train,yellow brick on blue plate,1465,146,381,160,-0.9663,21.3218,11.6752,235.7382,214.001,235.7605,121.2389,116.5958,0.0
train,yellow brick on blue plate,1465,146,400,139,-0.6082,21.3218,6.7542,235.7382,214.001,239.5572,183.912,116.5958,0.0
train,yellow brick on blue plate,1465,146,372,149,-0.5784,21.3218,22.4637,235.7382,214.001,211.3355,70.726,116.5958,0.0
train,pink cup on pink plate,1211,159,251,206,0.9253,31.135,13.0485,216.8551,225.4809,172.2623,50.4347,-70.0776,0.599
train,pink cup on pink plate,1211,159,257,198,0.989,31.135,9.8155,216.8551,225.4809,237.6497,79.7544,-70.0776,0.5451
train,pink cup on pink plate,1211,159,253,206,0.831,31.135,9.1736,216.8551,225.4809,195.3264,77.7321,-70.0776,0.4138
train,pink cup on pink plate,1211,159,255,229,0.9744,31.135,10.4124,216.8551,225.4809,208.515,79.6116,-70.0776,0.5635
train,banana in orange bowl,899,61,62,86,0.9091,12.3934,4.8189,179.214,156.9542,223.4159,128.7346,-21.9634,0.2732
train,banana in orange bowl,899,61,69,71,0.8886,12.3934,26.0171,179.214,156.9542,109.4596,114.3543,-21.9634,0.6133
train,banana in orange bowl,899,61,68,54,0.0766,12.3934,15.5734,179.214,156.9542,217.5862,222.0056,-21.9634,0.0683
train,banana in orange bowl,899,61,65,98,0.9295,12.3934,13.189,179.214,156.9542,213.7056,101.6207,-21.9634,0.9011
train,red brick on pink plate and blue brick on pink plate,1023,301,138,316,-0.8116,17.1062,9.0777,194.939,162.7651,220.5145,124.455,141.3714,0.0
train,red brick on pink plate and blue brick on pink plate,1023,301,136,273,0.3033,17.1062,18.5097,194.939,162.7651,197.5419,55.7356,141.3714,0.2916
train,red brick on pink plate and blue brick on pink plate,1023,301,134,318,-0.1055,17.1062,22.2955,194.939,162.7651,240.4306,156.3142,141.3714,0.0
train,red brick on pink plate and blue brick on pink plate,1023,301,137,271,0.0081,17.1062,16.7572,194.939,162.7651,236.0015,59.0666,141.3714,0.008
train,pink cup next to drawer,1194,183,250,170,0.5865,12.7942,0.9248,215.0646,202.3386,196.4453,109.0874,-64.3333,0.0146
train,pink cup next to drawer,1194,183,246,161,0.5747,12.7942,1.0717,215.0646,202.3386,196.3137,93.0768,-64.3333,0.0178
train,pink cup next to drawer,1194,183,248,191,0.4533,12.7942,1.0687,215.0646,202.3386,191.3732,103.7605,-64.3333,0.014
train,pink cup next to drawer,1194,183,247,178,0.4907,12.7942,0.9216,215.0646,202.3386,197.27,104.8678,-64.3333,0.0121
train,yellow brick on blue plate,1493,204,418,252,-0.3627,19.6284,9.4008,235.4479,224.5058,237.9898,63.3035,124.9387,0.0
train,yellow brick on blue plate,1493,204,379,222,0.9912,19.6284,4.3099,235.4479,224.5058,242.0381,130.7072,124.9387,0.2002
train,yellow brick on blue plate,1493,204,394,203,0.0071,19.6284,15.6104,235.4479,224.5058,240.9349,165.7214,124.9387,0.0063
train,yellow brick on blue plate,1493,204,373,205,-0.1198,19.6284,21.6361,235.4479,224.5058,235.3376,53.1281,124.9387,0.0
train,banana in basket,766,42,39,102,0.9857,17.0329,18.6367,173.0254,218.7173,238.6248,181.6335,75.5269,0.9424
train,banana in basket,766,42,4,80,0.9562,17.0329,14.78,173.0254,218.7173,235.636,152.2974,75.5269,0.8907
train,banana in basket,766,42,6,85,0.9103,17.0329,18.4072,173.0254,218.7173,168.0122,118.2511,75.5269,0.8757
train,banana in basket,766,42,15,93,0.9137,17.0329,25.1385,173.0254,218.7173,237.5613,72.1068,75.5269,0.7521
train,yellow brick on blue plate,1507,64,396,95,0.8997,13.6329,17.9566,205.093,193.2511,226.9451,140.9141,22.4069,0.7839
train,yellow brick on blue plate,1507,64,393,109,0.7862,13.6329,18.2813,205.093,193.2511,223.4331,184.0681,22.4069,0.6789
train,yellow brick on blue plate,1507,64,374,88,0.8272,13.6329,21.8007,205.093,193.2511,235.3493,173.245,22.4069,0.6541
train,yellow brick on blue plate,1507,64,398,107,0.7916,13.6329,20.8665,205.093,193.2511,230.4016,161.5394,22.4069,0.6398
train,banana in basket,687,82,15,79,0.9002,16.2533,29.4638,168.2293,203.4728,236.1337,59.1988,-139.3094,0.6686
train,banana in basket,687,82,56,48,0.9808,16.2533,28.072,168.2293,203.4728,225.1957,88.3223,-139.3094,0.7463
train,banana in basket,687,82,51,72,0.9116,16.2533,15.3023,168.2293,203.4728,183.211,162.7778,-139.3094,0.8845
train,banana in basket,687,82,30,64,0.9916,16.2533,15.4936,168.2293,203.4728,243.0005,177.3142,-139.3094,0.9681
train,yellow cup next to stove,1616,64,472,124,0.684,15.6222,19.4492,203.0895,192.4077,235.9924,35.1617,171.4421,0.613
train,yellow cup next to stove,1616,64,471,121,0.6864,15.6222,23.1783,203.0895,192.4077,227.3116,31.6416,171.4421,0.5635
train,yellow cup next to stove,1616,64,473,155,0.6571,15.6222,22.2334,203.0895,192.4077,235.2181,38.425,171.4421,0.5508
train,yellow cup next to stove,1616,64,480,138,0.6267,15.6222,21.7087,203.0895,192.4077,228.4245,28.8948,171.4421,0.5316
train,banana in basket,720,166,46,185,0.993,14.4054,10.0566,201.0224,147.5577,241.6192,109.4235,-131.4231,0.8297
train,banana in basket,720,166,9,178,0.9868,14.4054,12.7373,201.0224,147.5577,239.6146,97.4408,-131.4231,0.9279
train,banana in basket,720,166,40,136,0.9931,14.4054,9.5599,201.0224,147.5577,197.8185,77.8368,-131.4231,0.7734
train,banana in basket,720,166,23,188,0.9854,14.4054,11.5344,201.0224,147.5577,240.0488,97.061,-131.4231,0.8817
train,pink cup on pink plate,1220,67,260,62,0.8141,27.3513,21.8717,190.1856,203.0478,206.7773,99.9863,85.0507,0.728
train,pink cup on pink plate,1220,67,251,81,0.9661,27.3513,15.0352,190.1856,203.0478,235.2435,107.6146,85.0507,0.7163
train,pink cup on pink plate,1220,67,255,91,0.6293,27.3513,7.4778,190.1856,203.0478,239.1596,115.2867,85.0507,0.2461
train,pink cup on pink plate,1220,67,259,84,0.655,27.3513,7.344,190.1856,203.0478,238.9263,135.3813,85.0507,0.2493
train,pink cup on pink plate,1225,140,257,130,0.6272,20.21,23.1637,233.2989,200.0859,233.8205,83.9583,86.7083,0.5858
train,pink cup on pink plate,1225,140,252,146,0.484,20.21,23.8177,233.2989,200.0859,239.7051,50.2181,86.7083,0.4459
train,pink cup on pink plate,1225,140,258,128,0.5238,20.21,24.6294,233.2989,200.0859,235.8327,52.1057,86.7083,0.4744
train,pink cup on pink plate,1225,140,253,160,0.6127,20.21,23.2977,233.2989,200.0859,231.6634,58.546,86.7083,0.5706
train,pink cup next to drawer,1200,123,247,138,0.9989,18.3126,18.9817,240.3574,125.1464,232.577,94.4453,178.4418,0.9811
train,pink cup next to drawer,1200,123,246,123,0.9972,18.3126,13.5753,240.3574,125.1464,239.4011,145.3401,178.4418,0.8586
train,pink cup next to drawer,1200,123,242,103,0.7996,18.3126,11.0225,240.3574,125.1464,242.9873,153.8724,178.4418,0.6203
train,pink cup next to drawer,1200,123,243,107,0.9955,18.3126,18.7952,240.3574,125.1464,235.942,115.8683,178.4418,0.9826
train,blue brick in blue bowl,975,61,107,47,-0.7094,19.2872,17.099,213.9126,228.2679,174.5506,125.8653,-65.7727,0.0
train,blue brick in blue bowl,975,61,104,64,-0.4094,19.2872,17.1935,213.9126,228.2679,149.698,125.8322,-65.7727,0.0
train,blue brick in blue bowl,975,61,101,83,-0.8321,19.2872,14.2917,213.9126,228.2679,149.1581,107.6502,-65.7727,0.0
train,blue brick in blue bowl,975,61,109,55,0.8262,19.2872,9.8408,213.9126,228.2679,225.0086,176.4926,-65.7727,0.5808
train,yellow brick on blue plate,1510,78,400,108,-0.9507,14.6582,12.6557,227.7992,217.6777,226.8353,127.9639,-113.8576,0.0
train,yellow brick on blue plate,1510,78,428,110,-0.9698,14.6582,17.9997,227.7992,217.6777,224.7422,54.427,-113.8576,0.0
train,yellow brick on blue plate,1510,78,373,124,-0.9981,14.6582,35.4743,227.7992,217.6777,155.8607,138.7829,-113.8576,0.0
train,yellow brick on blue plate,1510,78,407,142,-0.7588,14.6582,17.1384,227.7992,217.6777,240.1927,163.7865,-113.8576,0.0
train,banana in basket,701,122,29,108,0.9947,22.9334,7.6781,148.3152,103.6421,240.0991,167.121,9.2444,0.4419
train,banana in basket,701,122,40,81,0.6301,22.9334,1.7829,148.3152,103.6421,227.3681,181.8383,9.2444,0.0313
train,banana in basket,701,122,47,104,0.7738,22.9334,19.2886,148.3152,103.6421,137.6624,138.1779,9.2444,0.7096
train,banana in basket,701,122,42,123,-0.4121,22.9334,4.4759,148.3152,103.6421,222.5216,41.6528,9.2444,0.0
train,yellow brick on blue plate,1459,192,429,159,0.9929,28.732,9.2855,216.8068,213.2044,231.0208,198.486,-64.8483,0.5241
train,yellow brick on blue plate,1459,192,401,232,0.7824,28.732,17.8437,216.8068,213.2044,237.0854,136.1632,-64.8483,0.6166
train,yellow brick on blue plate,1459,192,430,147,0.9719,28.732,6.1434,216.8068,213.2044,242.3574,170.0641,-64.8483,0.2761
train,yellow brick on blue plate,1459,192,398,230,0.8721,28.732,24.6516,216.8068,213.2044,197.033,70.454,-64.8483,0.8078
train,yellow brick on blue plate,1481,171,396,179,0.8544,32.981,30.9055,221.939,207.1698,236.124,157.335,-36.3606,0.827
train,yellow brick on blue plate,1481,171,410,194,0.5942,32.981,25.1307,221.939,207.1698,199.4265,128.2735,-36.3606,0.5187
train,yellow brick on blue plate,1481,171,416,204,0.5462,32.981,22.2878,221.939,207.1698,204.7377,174.0849,-36.3606,0.449
train,yellow brick on blue plate,1481,171,405,206,0.9145,32.981,22.6024,221.939,207.1698,156.1469,118.1281,-36.3606,0.7571
train,can on grey plate,1054,39,141,81,0.9758,22.4623,27.9111,193.0595,221.1342,194.9771,213.846,31.0181,0.8754
train,can on grey plate,1054,39,149,101,0.9138,22.4623,31.7389,193.0595,221.1342,172.4453,55.2293,31.0181,0.7687
train,can on grey plate,1054,39,147,100,0.6896,22.4623,39.6271,193.0595,221.1342,187.8195,24.455,31.0181,0.5192
train,can on grey plate,1054,39,143,88,0.6947,22.4623,25.1751,193.0595,221.1342,232.4555,73.1673,31.0181,0.6562
train,yellow brick on blue plate,1468,148,418,195,0.1297,22.8954,8.3891,206.2527,176.0239,232.5516,97.8073,-133.0745,0.0659
train,yellow brick on blue plate,1468,148,416,176,0.9767,22.8954,27.0634,206.2527,176.0239,227.2532,104.2776,-133.0745,0.8984
train,yellow brick on blue plate,1468,148,388,149,0.9835,22.8954,13.5592,206.2527,176.0239,234.002,113.8302,-133.0745,0.7568
train,yellow brick on blue plate,1468,148,427,119,0.9072,22.8954,10.7363,206.2527,176.0239,228.8775,86.1317,-133.0745,0.6213
train,grey cup on grey plate,1122,38,204,42,0.5876,25.2249,22.1924,221.729,224.1566,241.785,73.0442,88.1322,0.5512
train,grey cup on grey plate,1122,38,207,56,0.9865,25.2249,28.0245,221.729,224.1566,204.1871,37.5796,88.1322,0.9359
train,grey cup on grey plate,1122,38,201,37,0.9977,25.2249,16.9607,221.729,224.1566,231.6665,144.2262,88.1322,0.8181
train,grey cup on grey plate,1122,38,203,57,0.9607,25.2249,20.2475,221.729,224.1566,225.576,44.2877,88.1322,0.8607
train,banana in basket,683,124,17,109,0.9663,25.6134,25.8814,202.4082,219.7529,199.211,117.4987,-157.5831,0.9613
train,banana in basket,683,124,38,109,0.8333,25.6134,19.9179,202.4082,219.7529,152.7585,140.9664,-157.5831,0.7349
train,banana in basket,683,124,58,75,-0.0896,25.6134,31.8336,202.4082,219.7529,219.2105,67.1551,-157.5831,0.0
train,banana in basket,683,124,56,50,-0.6999,25.6134,15.4366,202.4082,219.7529,205.605,107.5053,-157.5831,0.0
train,red brick on pink plate and blue brick on pink plate,1027,102,134,127,-0.1855,15.2992,14.8359,190.821,209.5119,224.2827,127.8516,-96.8097,0.0
train,red brick on pink plate and blue brick on pink plate,1027,102,138,100,-0.5751,15.2992,16.1423,190.821,209.5119,236.8739,71.5353,-96.8097,0.0
train,red brick on pink plate and blue brick on pink plate,1027,102,139,96,-0.9694,15.2992,6.652,190.821,209.5119,226.4947,200.1342,-96.8097,0.0
train,red brick on pink plate and blue brick on pink plate,1027,102,135,100,-0.0857,15.2992,28.0087,190.821,209.5119,216.4835,173.1698,-96.8097,0.0
train,banana in basket,693,97,24,119,0.9649,29.1871,24.1145,179.3655,148.3798,145.9171,127.0569,11.1848,0.877
train,banana in basket,693,97,18,87,0.9932,29.1871,28.8516,179.3655,148.3798,229.0025,94.9431,11.1848,0.9875
train,banana in basket,693,97,36,108,0.52,29.1871,5.8389,179.3655,148.3798,241.9319,154.609,11.1848,0.1358
train,banana in basket,693,97,35,101,0.9928,29.1871,2.0146,179.3655,148.3798,219.9634,200.7326,11.1848,0.0525
train,yellow brick on blue plate,1472,129,405,164,0.3475,32.4479,11.337,219.7544,186.7865,240.3899,117.7077,108.3735,0.2054
train,yellow brick on blue plate,1472,129,407,131,0.3947,32.4479,8.4877,219.7544,186.7865,239.5069,169.6401,108.3735,0.1713
train,yellow brick on blue plate,1472,129,400,95,0.4465,32.4479,6.603,219.7544,186.7865,214.4621,135.8012,108.3735,0.133
train,yellow brick on blue plate,1472,129,422,144,0.6476,32.4479,10.2138,219.7544,186.7865,241.4596,151.3706,108.3735,0.3634
train,yellow brick on blue brick,1449,134,362,123,-0.8279,17.6068,11.976,221.1057,224.393,235.9009,178.2318,-138.6089,0.0
train,yellow brick on blue brick,1449,134,365,126,0.5018,17.6068,2.861,221.1057,224.393,229.5724,111.73,-138.6089,0.0579
train,yellow brick on blue brick,1449,134,370,141,-0.6506,17.6068,8.8879,221.1057,224.393,190.3691,184.0412,-138.6089,0.0
train,yellow brick on blue brick,1449,134,367,184,-0.782,17.6068,26.0913,221.1057,224.393,200.967,74.2227,-138.6089,0.0
train,red brick in green bowl and yellow brick in green bowl,1275,462,290,264,0.9998,18.5658,27.4075,158.1296,231.392,206.7921,49.9812,73.906,0.8229
train,red brick in green bowl and yellow brick in green bowl,1275,462,281,283,0.9922,18.5658,30.5501,158.1296,231.392,232.0605,62.5221,73.906,0.7735
train,red brick in green bowl and yellow brick in green bowl,1275,462,287,255,0.9948,18.5658,21.3139,158.1296,231.392,147.151,131.667,73.906,0.9285
train,red brick in green bowl and yellow brick in green bowl,1275,462,283,240,0.3982,18.5658,12.7901,158.1296,231.392,230.7199,108.8521,73.906,0.3305
train,can on grey plate,1052,35,148,61,0.2793,16.372,27.4154,211.7336,232.1113,147.3432,86.0061,106.0133,0.2158
train,can on grey plate,1052,35,140,62,0.5382,16.372,20.2388,211.7336,232.1113,194.7417,161.0086,106.0133,0.484
train,can on grey plate,1052,35,149,59,0.4119,16.372,25.5511,211.7336,232.1113,140.0229,79.9954,106.0133,0.3297
train,can on grey plate,1052,35,144,78,0.4699,16.372,17.1367,211.7336,232.1113,185.5384,66.4062,106.0133,0.4593
train,wipe sponge on table,1347,34,319,52,0.8469,28.075,34.0296,230.9263,193.2384,225.8002,124.9115,-43.7895,0.7693
train,wipe sponge on table,1347,34,313,65,0.0744,28.075,0.8046,230.9263,193.2384,231.7868,87.2766,-43.7895,0.001
train,wipe sponge on table,1347,34,316,69,0.7164,28.075,20.1302,230.9263,193.2384,232.0656,148.6828,-43.7895,0.6066
train,wipe sponge on table,1347,34,317,50,0.9689,28.075,2.6898,230.9263,193.2384,215.0778,165.5486,-43.7895,0.0807
train,white cup on pan,1321,37,310,31,-0.0493,31.4872,7.1062,196.9497,230.4108,230.8887,168.8627,91.9671,0.0
train,white cup on pan,1321,37,302,49,0.8964,31.4872,13.037,196.9497,230.4108,223.6223,153.9776,91.9671,0.5768
train,white cup on pan,1321,37,308,38,-0.937,31.4872,23.4477,196.9497,230.4108,222.1002,219.6385,91.9671,0.0
train,white cup on pan,1321,37,305,37,-0.9989,31.4872,16.6168,196.9497,230.4108,234.0229,148.4901,91.9671,0.0
train,open drawer and blue brick in drawer and close drawer,987,53,114,54,-0.888,19.439,13.3299,243.3249,208.7448,228.9197,149.1886,112.364,0.0
train,open drawer and blue brick in drawer and close drawer,987,53,117,54,-0.7245,19.439,25.0081,243.3249,208.7448,218.4662,95.3599,112.364,0.0
train,open drawer and blue brick in drawer and close drawer,987,53,113,64,-0.67,19.439,15.9115,243.3249,208.7448,235.9059,151.7153,112.364,0.0
train,open drawer and blue brick in drawer and close drawer,987,53,116,68,-0.6711,19.439,23.7675,243.3249,208.7448,225.8592,94.8632,112.364,0.0
train,blue brick in blue bowl and yellow brick in blue bowl,1365,270,322,312,-0.8211,42.4172,5.9389,235.5287,221.7168,238.2857,179.8449,108.8639,0.0
train,blue brick in blue bowl and yellow brick in blue bowl,1365,270,324,250,0.9891,42.4172,26.0246,235.5287,221.7168,152.8343,130.4179,108.8639,0.7747
train,blue brick in blue bowl and yellow brick in blue bowl,1365,270,329,263,0.0625,42.4172,14.0742,235.5287,221.7168,236.4677,122.2506,108.8639,0.036
train,blue brick in blue bowl and yellow brick in blue bowl,1365,270,327,303,0.9124,42.4172,39.2384,235.5287,221.7168,215.8327,114.7443,108.8639,0.8775
train,yellow brick on blue plate,1471,58,425,59,0.9614,18.9232,26.7502,188.4682,206.9822,228.3726,73.306,-138.414,0.8086
train,yellow brick on blue plate,1471,58,399,62,-0.6919,18.9232,6.3146,188.4682,206.9822,233.1144,93.8088,-138.414,0.0
train,yellow brick on blue plate,1471,58,404,56,0.9398,18.9232,28.401,188.4682,206.9822,240.7631,91.8119,-138.414,0.7671
train,yellow brick on blue plate,1471,58,421,66,0.9413,18.9232,27.9128,188.4682,206.9822,235.4403,83.5831,-138.414,0.7751
train,open drawer,1151,44,229,30,0.8807,15.5236,15.4032,210.0203,141.9365,218.7422,98.5979,161.492,0.8773
train,open drawer,1151,44,224,56,0.7071,15.5236,16.9181,210.0203,141.9365,230.7819,68.2486,161.492,0.6773
train,open drawer,1151,44,228,29,0.8616,15.5236,12.1257,210.0203,141.9365,237.9614,144.998,161.492,0.7615
train,open drawer,1151,44,222,52,0.7746,15.5236,13.2514,210.0203,141.9365,215.484,74.3691,161.492,0.7156
train,white cup on pan,1321,28,306,42,-0.9195,16.9192,5.8023,232.9629,183.907,226.1276,123.088,132.281,0.0
train,white cup on pan,1321,28,301,28,-0.9938,16.9192,8.0487,232.9629,183.907,229.3711,135.8719,132.281,0.0
train,white cup on pan,1321,28,310,42,0.9701,16.9192,16.3363,232.9629,183.907,224.5653,71.7783,132.281,0.9532
train,white cup on pan,1321,28,303,17,-0.9759,16.9192,14.2659,232.9629,183.907,230.1266,151.2135,132.281,0.0
train,can on grey plate,1054,14,150,43,-0.7705,12.5304,13.6782,223.1983,233.4138,213.0752,60.1866,2.2848,0.0
train,can on grey plate,1054,14,143,45,-0.1987,12.5304,15.7046,223.1983,233.4138,232.2674,67.3676,2.2848,0.0
train,can on grey plate,1054,14,141,31,-0.8955,12.5304,8.0871,223.1983,233.4138,217.4662,206.1444,2.2848,0.0
train,can on grey plate,1054,14,148,16,-0.7513,12.5304,1.0962,223.1983,233.4138,218.9603,188.2679,2.2848,0.0
train,yellow brick on blue plate,1473,34,409,37,0.0054,37.2595,9.88,221.0214,227.4326,217.6274,193.0996,80.7091,0.0028
train,yellow brick on blue plate,1473,34,403,51,-0.9905,37.2595,9.5608,221.0214,227.4326,238.2593,102.7245,80.7091,0.0
train,yellow brick on blue plate,1473,34,420,44,-0.8429,37.2595,13.1681,221.0214,227.4326,242.033,71.6985,80.7091,0.0
train,yellow brick on blue plate,1473,34,413,58,-0.8862,37.2595,8.0396,221.0214,227.4326,243.6126,65.7275,80.7091,0.0
train,banana in basket,767,24,31,42,-0.4692,24.46,15.1416,217.1307,225.3782,242.0412,160.9212,17.4163,0.0
train,banana in basket,767,24,56,39,-0.8567,24.46,18.8415,217.1307,225.3782,208.7133,80.4408,17.4163,0.0
train,banana in basket,767,24,43,30,-0.9926,24.46,13.7944,217.1307,225.3782,236.7961,222.3325,17.4163,0.0
train,banana in basket,767,24,5,38,-0.8592,24.46,1.4347,217.1307,225.3782,237.2374,164.1739,17.4163,0.0
train,yellow brick on pink plate,1568,79,433,176,-0.0547,14.7139,23.2324,195.3106,208.5867,236.6385,88.0905,155.879,0.0
train,yellow brick on pink plate,1568,79,431,143,-0.8432,14.7139,6.3354,195.3106,208.5867,223.1307,96.3116,155.879,0.0
train,yellow brick on pink plate,1568,79,459,130,-0.3632,14.7139,13.5788,195.3106,208.5867,209.5348,87.1668,155.879,0.0
train,yellow brick on pink plate,1568,79,435,141,-0.9745,14.7139,17.2572,195.3106,208.5867,175.063,93.5796,155.879,0.0
train,yellow brick on pink plate,1571,77,451,78,0.85,19.6771,23.8944,234.1937,223.4637,200.5003,84.8739,27.0505,0.7714
train,yellow brick on pink plate,1571,77,457,105,0.8581,19.6771,18.9818,234.1937,223.4637,197.7783,118.8495,27.0505,0.8428
train,yellow brick on pink plate,1571,77,448,90,0.8536,19.6771,18.0356,234.1937,223.4637,194.2517,69.8993,27.0505,0.8172
train,yellow brick on pink plate,1571,77,452,84,0.6737,19.6771,18.4978,234.1937,223.4637,235.456,159.0996,27.0505,0.6532
train,yellow brick on blue plate,1484,52,377,56,0.8425,26.7924,2.931,215.5135,212.1495,222.0244,159.2583,156.8076,0.0817
train,yellow brick on blue plate,1484,52,391,63,0.7705,26.7924,20.84,215.5135,212.1495,221.3813,111.9542,156.8076,0.6796
train,yellow brick on blue plate,1484,52,415,87,-0.9909,26.7924,20.8251,215.5135,212.1495,210.4209,146.4708,156.8076,0.0
train,yellow brick on blue plate,1484,52,423,45,0.4444,26.7924,17.9323,215.5135,212.1495,234.8378,189.0773,156.8076,0.3636
train,blue brick in blue bowl,962,48,103,57,-0.5162,21.4551,36.5242,237.5486,215.7758,199.6629,72.273,130.7893,0.0
train,blue brick in blue bowl,962,48,106,66,0.7616,21.4551,2.2471,237.5486,215.7758,237.8134,142.6101,130.7893,0.0554
train,blue brick in blue bowl,962,48,100,96,0.2687,21.4551,31.1648,237.5486,215.7758,193.3294,215.3894,130.7893,0.2229
train,blue brick in blue bowl,962,48,104,58,-0.6071,21.4551,21.3358,237.5486,215.7758,197.482,80.7829,130.7893,0.0
train,grey cup on grey plate,1128,66,205,97,-0.3515,14.7742,18.3924,222.7148,196.2898,209.7026,52.7046,128.8314,0.0
train,grey cup on grey plate,1128,66,206,87,0.5238,14.7742,7.1835,222.7148,196.2898,231.9441,173.7072,128.8314,0.2624
train,grey cup on grey plate,1128,66,204,86,-0.4481,14.7742,9.7264,222.7148,196.2898,206.4067,66.5547,128.8314,0.0
train,grey cup on grey plate,1128,66,207,92,-0.6265,14.7742,11.9966,222.7148,196.2898,164.9741,50.8546,128.8314,0.0
train,open drawer,1167,35,226,59,0.9968,27.8539,19.2201,222.609,219.3345,219.5602,131.3869,86.0485,0.8281
train,open drawer,1167,35,228,27,0.9981,27.8539,29.6731,222.609,219.3345,236.304,203.1317,86.0485,0.967
train,open drawer,1167,35,227,52,0.9971,27.8539,21.7894,222.609,219.3345,230.9761,175.5907,86.0485,0.8819
train,open drawer,1167,35,224,47,0.9991,27.8539,30.2105,222.609,219.3345,233.6736,151.7519,86.0485,0.9594
train,pink cup on pink plate,1227,21,258,16,-0.4182,15.1609,31.4831,228.6085,223.8699,213.9675,199.3894,-40.1996,0.0
train,pink cup on pink plate,1227,21,256,11,0.9987,15.1609,13.1528,228.6085,223.8699,224.5343,207.2008,-40.1996,0.9302
train,pink cup on pink plate,1227,21,255,27,0.9568,15.1609,11.599,228.6085,223.8699,222.306,213.1784,-40.1996,0.8369
train,pink cup on pink plate,1227,21,257,32,-0.983,15.1609,13.0742,228.6085,223.8699,238.7539,76.5496,-40.1996,0.0
train,yellow brick on blue brick,1437,222,362,212,0.7112,15.6507,8.36,197.9883,160.727,199.5221,123.3752,-25.1884,0.4345
train,yellow brick on blue brick,1437,222,363,234,0.5992,15.6507,2.8778,197.9883,160.727,233.7117,162.9286,-25.1884,0.0739
train,yellow brick on blue brick,1437,222,364,282,0.9993,15.6507,4.4098,197.9883,160.727,239.1962,130.9634,-25.1884,0.2339
train,yellow brick on blue brick,1437,222,366,257,0.7275,15.6507,9.1921,197.9883,160.727,181.2389,80.9197,-25.1884,0.5125
train,can on stove,1106,145,181,129,0.9343,15.3781,19.1389,213.4677,194.7524,231.8353,62.5257,72.4672,0.8374
train,can on stove,1106,145,193,117,0.9369,15.3781,26.0357,213.4677,194.7524,228.5765,31.3228,72.4672,0.7201
train,can on stove,1106,145,158,111,0.9947,15.3781,19.7569,213.4677,194.7524,156.063,179.2644,72.4672,0.8776
train,can on stove,1106,145,197,144,0.3957,15.3781,11.6283,213.4677,194.7524,146.0437,126.241,72.4672,0.3441
train,white cup on grey plate,1310,38,296,32,0.2218,25.3504,9.4821,231.8373,227.9126,232.5831,151.7372,-48.7938,0.1286
train,white cup on grey plate,1310,38,291,38,-0.6504,25.3504,5.555,231.8373,227.9126,241.729,86.6019,-48.7938,0.0
train,white cup on grey plate,1310,38,299,34,1.0,25.3504,11.5037,231.8373,227.9126,235.4194,152.1571,-48.7938,0.6736
train,white cup on grey plate,1310,38,293,44,0.8506,25.3504,27.9105,231.8373,227.9126,235.8627,51.0351,-48.7938,0.8106
train,banana in basket,737,91,48,128,0.9957,12.3724,21.2403,235.4464,220.3767,229.9878,55.9649,-10.9674,0.7599
train,banana in basket,737,91,44,184,0.9989,12.3724,19.8032,235.4464,220.3767,190.9583,43.6446,-10.9674,0.7895
train,banana in basket,737,91,59,98,0.7308,12.3724,1.6082,235.4464,220.3767,221.2177,128.851,-10.9674,0.0424
train,banana in basket,737,91,41,143,0.8249,12.3724,2.4913,235.4464,220.3767,241.3579,108.1286,-10.9674,0.0922
train,yellow cup next to stove,1618,54,475,102,-0.5365,22.1432,2.1572,217.3025,210.0778,208.4667,145.4586,-32.5613,0.0
train,yellow cup next to stove,1618,54,474,122,0.293,22.1432,3.376,217.3025,210.0778,224.2598,191.457,-32.5613,0.0386
train,yellow cup next to stove,1618,54,478,88,0.9989,22.1432,3.4195,217.3025,210.0778,232.0707,165.4855,-32.5613,0.1342
train,yellow cup next to stove,1618,54,479,67,0.1536,22.1432,2.8594,217.3025,210.0778,221.2313,113.9222,-32.5613,0.0158
train,can on stove,1106,81,199,63,-0.0561,16.1888,0.2648,172.8917,227.5226,222.5226,124.5577,-143.1918,0.0
train,can on stove,1106,81,180,68,0.9055,16.1888,30.1964,172.8917,227.5226,182.1403,183.5374,-143.1918,0.663
train,can on stove,1106,81,175,84,0.8109,16.1888,19.9628,172.8917,227.5226,229.5928,144.2923,-143.1918,0.7302
train,can on stove,1106,81,166,78,0.8964,16.1888,31.4942,172.8917,227.5226,152.545,70.2105,-143.1918,0.6427
train,yellow brick on pink plate,1521,47,447,63,0.8463,19.0266,7.5077,193.7087,185.5064,175.3406,155.0391,-95.1356,0.3991
train,yellow brick on pink plate,1521,47,460,68,0.8845,19.0266,9.5947,193.7087,185.5064,207.7621,116.1393,-95.1356,0.6027
train,yellow brick on pink plate,1521,47,446,35,0.7318,19.0266,14.1894,193.7087,185.5064,236.2145,181.9746,-95.1356,0.6319
train,yellow brick on pink plate,1521,47,442,52,0.8736,19.0266,25.3645,193.7087,185.5064,232.817,78.6385,-95.1356,0.7566
train,open drawer and blue brick in drawer and close drawer,1000,188,112,281,0.8455,21.1817,26.1975,223.1017,222.578,233.3523,64.058,16.8069,0.7603
train,open drawer and blue brick in drawer and close drawer,1000,188,113,299,0.6446,21.1817,20.2137,223.1017,222.578,225.7585,149.3681,16.8069,0.6297
train,open drawer and blue brick in drawer and close drawer,1000,188,114,284,0.9453,21.1817,15.9393,223.1017,222.578,232.9731,118.6512,16.8069,0.82
train,open drawer and blue brick in drawer and close drawer,1000,188,110,312,0.7941,21.1817,33.9481,223.1017,222.578,209.6136,49.3152,16.8069,0.6272
train,banana in basket,717,136,52,88,-0.0271,23.1724,39.225,226.2735,207.2623,236.5541,55.4169,115.2634,0.0
train,banana in basket,717,136,49,146,0.0372,23.1724,29.7824,226.2735,207.2623,228.0488,75.0122,115.2634,0.0328
train,banana in basket,717,136,29,149,0.1589,23.1724,35.3384,226.2735,207.2623,239.0371,53.1845,115.2634,0.1287
train,banana in basket,717,136,2,145,-0.1446,23.1724,33.0335,226.2735,207.2623,216.1261,67.3071,115.2634,0.0
train,grey cup on pan,1150,42,215,45,0.8527,15.9876,8.184,234.8048,201.1169,220.85,149.6751,-72.5543,0.4993
train,grey cup on pan,1150,42,217,52,-0.6424,15.9876,18.2008,234.8048,201.1169,216.8673,109.4164,-72.5543,0.0
train,grey cup on pan,1150,42,219,43,-0.4801,15.9876,10.0884,234.8048,201.1169,230.9624,166.6268,-72.5543,0.0
train,grey cup on pan,1150,42,216,33,-0.9884,15.9876,8.4229,234.8048,201.1169,236.18,192.4453,-72.5543,0.0
train,red brick in green bowl and yellow brick in green bowl,1288,74,283,130,0.9754,12.9618,21.4228,208.8368,222.4326,235.0925,96.6375,48.1075,0.7587
train,red brick in green bowl and yellow brick in green bowl,1288,74,287,142,0.9659,12.9618,1.096,208.8368,222.4326,231.6226,154.7851,48.1075,0.0308
train,red brick in green bowl and yellow brick in green bowl,1288,74,290,129,0.9731,12.9618,14.2679,208.8368,222.4326,173.548,97.427,48.1075,0.9275
train,red brick in green bowl and yellow brick in green bowl,1288,74,282,116,0.9931,12.9618,14.4826,208.8368,222.4326,169.0808,96.0407,48.1075,0.9395
train,yellow cup next to stove,1620,106,480,165,0.4918,25.1093,4.9429,224.5236,238.2003,202.5338,69.396,68.186,0.1079
train,yellow cup next to stove,1620,106,476,133,0.186,25.1093,23.8566,224.5236,238.2003,216.967,78.1825,68.186,0.1813
train,yellow cup next to stove,1620,106,478,125,0.1374,25.1093,34.2275,224.5236,238.2003,209.3828,64.4276,68.186,0.1176
train,yellow cup next to stove,1620,106,473,200,-0.6997,25.1093,3.5388,224.5236,238.2003,207.2593,89.1627,68.186,0.0
train,banana in basket,750,87,12,167,0.3554,25.4998,31.9283,206.5267,215.7016,219.4667,33.6446,-71.8147,0.3176
train,banana in basket,750,87,2,158,0.5603,25.4998,2.3111,206.5267,215.7016,223.1347,82.0605,-71.8147,0.039
train,banana in basket,750,87,18,158,0.8893,25.4998,10.2798,206.5267,215.7016,229.7748,138.7056,-71.8147,0.5646
train,banana in basket,750,87,50,168,-0.0202,25.4998,0.2053,206.5267,215.7016,169.7168,172.1632,-71.8147,0.0
train,push pink cup,1258,293,276,266,0.9009,13.1036,7.3697,223.634,197.4596,233.9151,134.545,-88.5619,0.4979
train,push pink cup,1258,293,275,255,0.9995,13.1036,8.9437,223.634,197.4596,240.5953,110.2044,-88.5619,0.7386
train,push pink cup,1258,293,277,270,0.9961,13.1036,5.1123,223.634,197.4596,238.5023,93.4921,-88.5619,0.3181
train,push pink cup,1258,293,278,244,0.8652,13.1036,8.5316,223.634,197.4596,239.2471,120.8963,-88.5619,0.5956
train,point to top drawer,1232,65,263,40,-0.6826,16.114,6.4841,237.2994,215.0666,49.5191,94.7412,78.4159,0.0
train,point to top drawer,1232,65,267,44,-0.4232,16.114,9.957,237.2994,215.0666,103.0458,194.7743,78.4159,0.0
train,point to top drawer,1232,65,270,47,-0.9688,16.114,1.1936,237.2994,215.0666,108.0788,105.3203,78.4159,0.0
train,point to top drawer,1232,65,261,48,-0.1913,16.114,3.7252,237.2994,215.0666,158.9258,171.1063,78.4159,0.0
train,yellow brick on pink plate,1533,72,458,114,0.7929,24.9994,4.0041,190.7133,217.3294,227.153,144.9329,-124.8354,0.1271
train,yellow brick on pink plate,1533,72,460,120,0.9729,24.9994,21.8548,190.7133,217.3294,207.1032,146.1332,-124.8354,0.9097
train,yellow brick on pink plate,1533,72,459,111,0.95,24.9994,24.5258,190.7133,217.3294,225.0691,167.8322,-124.8354,0.9409
train,yellow brick on pink plate,1533,72,435,97,0.9939,24.9994,23.728,190.7133,217.3294,228.0031,118.9705,-124.8354,0.9683
train,open drawer,1163,71,221,89,0.7686,26.4606,9.2623,203.3528,203.7504,193.6233,117.4809,132.1087,0.4212
train,open drawer,1163,71,224,95,0.8187,26.4606,9.5191,203.3528,203.7504,210.3503,147.5765,132.1087,0.4674
train,open drawer,1163,71,223,81,0.7851,26.4606,9.7066,203.3528,203.7504,213.6579,129.6101,132.1087,0.4616
train,open drawer,1163,71,228,66,0.7873,26.4606,10.8945,203.3528,203.7504,236.0295,137.061,132.1087,0.5052
train,can on stove,1105,80,181,73,0.7196,14.6448,7.3404,177.7463,208.1154,192.7102,116.7977,-168.2077,0.374
train,can on stove,1105,80,190,86,-0.9422,14.6448,11.0266,177.7463,208.1154,227.9741,125.2669,-168.2077,0.0
train,can on stove,1105,80,179,100,-0.313,14.6448,26.0375,177.7463,208.1154,231.576,201.1815,-168.2077,0.0
train,can on stove,1105,80,183,82,0.8926,14.6448,10.4701,177.7463,208.1154,201.664,117.8592,-168.2077,0.7548
train,wipe sponge on table,1331,139,311,211,0.873,23.4311,16.6752,211.0834,170.2847,207.0264,78.7199,166.3606,0.7365
train,wipe sponge on table,1331,139,312,180,0.8728,23.4311,15.6958,211.0834,170.2847,202.544,96.1286,166.3606,0.7144
train,wipe sponge on table,1331,139,316,168,0.8477,23.4311,21.3259,211.0834,170.2847,230.0061,126.2089,166.3606,0.8087
train,wipe sponge on table,1331,139,315,185,0.8542,23.4311,17.744,211.0834,170.2847,220.334,77.5511,166.3606,0.7434
train,open drawer,1167,44,228,43,0.6985,12.2483,10.1247,223.6243,196.9141,236.7489,89.6746,149.215,0.635
train,open drawer,1167,44,230,61,0.8929,12.2483,7.858,223.6243,196.9141,223.1464,142.3965,149.215,0.562
train,open drawer,1167,44,226,56,0.7846,12.2483,6.3989,223.6243,196.9141,234.5684,119.5394,149.215,0.3629
train,open drawer,1167,44,225,59,0.73,12.2483,8.0137,223.6243,196.9141,237.757,163.03,149.215,0.4732
train,can on stove,1088,142,183,150,0.4764,12.4257,4.6969,223.5963,178.0046,234.9842,145.9314,-158.7911,0.1376
train,can on stove,1088,142,196,155,0.4356,12.4257,5.9189,223.5963,178.0046,239.1774,101.8536,-158.7911,0.178
train,can on stove,1088,142,200,149,0.7966,12.4257,24.1663,223.5963,178.0046,229.5313,32.1373,-158.7911,0.5712
train,can on stove,1088,142,157,176,0.7772,12.4257,16.1769,223.5963,178.0046,236.3904,59.335,-158.7911,0.6812
train,wipe sponge on table,1343,146,312,244,-0.8792,27.2991,28.9181,210.6263,207.3523,176.2486,98.4713,141.5592,0.0
train,wipe sponge on table,1343,146,311,258,-0.9761,27.2991,17.0804,210.6263,207.3523,209.8216,84.3752,141.5592,0.0
train,wipe sponge on table,1343,146,320,169,-0.4815,27.2991,30.3591,210.6263,207.3523,199.5806,180.0036,141.5592,0.0
train,wipe sponge on table,1343,146,314,194,-0.6486,27.2991,16.2527,210.6263,207.3523,167.6268,144.5496,141.5592,0.0
train,red brick in green bowl and yellow brick in green bowl,1271,114,288,435,0.2724,12.5814,14.3532,188.9797,220.332,230.5216,157.3772,-113.372,0.255
train,red brick in green bowl and yellow brick in green bowl,1271,114,284,146,0.8971,12.5814,12.5551,188.9797,220.332,237.8861,106.0163,-113.372,0.8962
train,red brick in green bowl and yellow brick in green bowl,1271,114,287,204,0.6525,12.5814,9.9949,188.9797,220.332,186.9319,113.0615,-113.372,0.5812
train,red brick in green bowl and yellow brick in green bowl,1271,114,289,165,0.9014,12.5814,23.9197,188.9797,220.332,228.6157,39.3025,-113.372,0.6537
train,wipe sponge on table,1342,85,314,144,0.1295,27.0063,38.0412,207.8414,216.0417,237.5338,132.5994,101.8263,0.1091
train,wipe sponge on table,1342,85,320,109,0.2419,27.0063,5.6205,207.8414,216.0417,215.9786,161.1057,101.8263,0.062
train,wipe sponge on table,1342,85,318,123,0.0128,27.0063,36.8656,207.8414,216.0417,222.6029,80.4169,101.8263,0.011
train,wipe sponge on table,1342,85,312,160,0.0935,27.0063,34.7165,207.8414,216.0417,219.152,91.215,101.8263,0.0825
train,open drawer and blue brick in drawer and close drawer,994,152,118,212,0.8696,19.3966,12.2437,185.9776,204.7529,239.5633,142.912,32.5496,0.6909
train,open drawer and blue brick in drawer and close drawer,994,152,117,176,0.9562,19.3966,28.2487,185.9776,204.7529,221.6767,157.6985,32.5496,0.7924
train,open drawer and blue brick in drawer and close drawer,994,152,119,180,0.6799,19.3966,13.1179,185.9776,204.7529,233.1551,192.2242,32.5496,0.5591
train,open drawer and blue brick in drawer and close drawer,994,152,116,188,0.9177,19.3966,18.5516,185.9776,204.7529,228.8627,194.7163,32.5496,0.8975
train,blue brick between pink cup and basket,936,221,87,239,-0.9834,34.0597,16.419,224.6889,219.6131,230.8729,72.1484,95.8599,0.0
train,blue brick between pink cup and basket,936,221,81,232,-0.8013,34.0597,10.1301,224.6889,219.6131,204.9802,83.7321,95.8599,0.0
train,blue brick between pink cup and basket,936,221,82,279,-0.9583,34.0597,9.5558,224.6889,219.6131,223.425,72.2883,95.8599,0.0
train,blue brick between pink cup and basket,936,221,86,262,-0.9654,34.0597,9.8711,224.6889,219.6131,219.1068,78.8144,95.8599,0.0
train,red brick in green bowl and yellow brick in green bowl,1277,44,285,78,0.9984,20.386,26.7128,215.5567,215.9797,214.2517,183.7997,62.5881,0.8722
train,red brick in green bowl and yellow brick in green bowl,1277,44,287,80,0.9325,20.386,24.6902,215.5567,215.9797,232.4108,83.0442,62.5881,0.8473
train,red brick in green bowl and yellow brick in green bowl,1277,44,288,197,0.9732,20.386,23.7597,215.5567,215.9797,143.5119,174.3045,62.5881,0.9015
train,red brick in green bowl and yellow brick in green bowl,1277,44,283,71,0.7831,20.386,8.0933,215.5567,215.9797,239.4845,145.9004,62.5881,0.3993
train,can on grey plate,1046,54,143,112,0.5732,13.5863,18.7634,179.335,194.7056,175.1164,36.851,37.7337,0.4878
train,can on grey plate,1046,54,146,79,0.9448,13.5863,11.0146,179.335,194.7056,184.3254,202.1561,37.7337,0.8507
train,can on grey plate,1046,54,144,84,0.1964,13.5863,19.7995,179.335,194.7056,228.7051,50.3427,37.7337,0.1627
train,can on grey plate,1046,54,148,104,0.7019,13.5863,20.4343,179.335,194.7056,178.5313,36.1764,37.7337,0.5723
train,yellow brick on top of drawer,1587,17,470,39,0.9189,14.1777,17.7614,221.5541,215.4987,226.9085,120.7946,-24.761,0.821
train,yellow brick on top of drawer,1587,17,463,38,0.9157,14.1777,11.0239,221.5541,215.4987,232.5638,165.9786,-24.761,0.8074
train,yellow brick on top of drawer,1587,17,461,16,0.9988,14.1777,2.2287,221.5541,215.4987,230.3686,175.9624,-24.761,0.0883
train,yellow brick on top of drawer,1587,17,469,19,0.7553,14.1777,11.7721,221.5541,215.4987,232.365,151.0219,-24.761,0.6882
train,pink cup in basket,1180,129,235,113,0.7732,30.3325,28.2226,232.4316,219.5531,226.5038,127.1413,148.1015,0.7459
train,pink cup in basket,1180,129,239,99,0.7177,30.3325,23.3551,232.4316,219.5531,225.3167,153.6975,148.1015,0.6298
train,pink cup in basket,1180,129,231,133,0.9962,30.3325,37.6217,232.4316,219.5531,235.7178,33.7082,148.1015,0.8945
train,pink cup in basket,1180,129,234,106,0.9503,30.3325,22.3711,232.4316,219.5531,226.1561,154.2872,148.1015,0.8161
train,can on stove,1085,179,190,200,0.171,17.2036,6.9853,226.8495,224.5104,228.5663,48.366,136.9596,0.0761
train,can on stove,1085,179,173,191,0.6959,17.2036,9.2039,226.8495,224.5104,226.7163,117.2862,136.9596,0.4685
train,can on stove,1085,179,160,199,-0.1039,17.2036,10.9827,226.8495,224.5104,223.4377,51.9908,136.9596,0.0
train,can on stove,1085,179,198,168,-0.7474,17.2036,28.0639,226.8495,224.5104,225.21,44.2974,136.9596,0.0
train,wipe sponge on table,1340,204,314,206,0.9167,15.4487,6.0486,207.1703,210.9309,191.3564,123.1383,-44.7885,0.3469
train,wipe sponge on table,1340,204,312,233,0.9455,15.4487,6.7878,207.1703,210.9309,234.7941,87.9573,-44.7885,0.4254
train,wipe sponge on table,1340,204,316,226,0.9828,15.4487,6.0779,207.1703,210.9309,197.2898,119.4494,-44.7885,0.3747
train,wipe sponge on table,1340,204,318,217,0.9374,15.4487,10.6493,207.1703,210.9309,185.1627,68.4265,-44.7885,0.7783
train,pink cup on pink plate,1212,28,256,47,0.0291,24.5632,28.9314,226.181,209.3132,216.4413,36.8948,117.368,0.0268
train,pink cup on pink plate,1212,28,258,26,0.3011,24.5632,24.715,226.181,209.3132,231.7555,145.425,117.368,0.3002
train,pink cup on pink plate,1212,28,259,36,0.4851,24.5632,32.3161,226.181,209.3132,233.5674,125.0905,117.368,0.4229
train,pink cup on pink plate,1212,28,251,52,0.2079,24.5632,23.0588,226.181,209.3132,236.6075,83.7214,117.368,0.2014
train,blue bowl on pink plate and yellow brick in blue bowl,909,341,71,360,0.996,14.3226,17.4901,194.6116,192.4154,234.9436,111.8027,-123.5225,0.9013
train,blue bowl on pink plate and yellow brick in blue bowl,909,341,72,353,0.9963,14.3226,19.1784,194.6116,192.4154,224.7789,91.7524,-123.5225,0.861
train,blue bowl on pink plate and yellow brick in blue bowl,909,341,74,435,0.6493,14.3226,4.8098,194.6116,192.4154,236.7621,94.4723,-123.5225,0.181
train,blue bowl on pink plate and yellow brick in blue bowl,909,341,79,390,0.9994,14.3226,19.5782,194.6116,192.4154,230.4474,131.7021,-123.5225,0.8548
train,can on stove,1088,87,198,66,0.8078,19.4665,4.4777,243.5511,204.4992,241.2262,156.9492,31.8545,0.1735
train,can on stove,1088,87,164,104,0.9893,19.4665,14.3829,243.5511,204.4992,167.6512,184.8261,31.8545,0.8504
train,can on stove,1088,87,170,101,0.7511,19.4665,17.4992,243.5511,204.4992,153.7763,74.0132,31.8545,0.7122
train,can on stove,1088,87,172,105,0.8494,19.4665,14.9941,243.5511,204.4992,143.1057,116.546,31.8545,0.7454
train,grey cup on grey plate,1115,40,202,62,0.683,16.953,3.7245,221.8856,213.001,241.5831,186.9583,144.3781,0.1192
train,grey cup on grey plate,1115,40,209,52,-0.0077,16.953,21.7837,221.8856,213.001,240.634,110.9817,144.3781,0.0
train,grey cup on grey plate,1115,40,204,58,-0.0102,16.953,33.8223,221.8856,213.001,222.5048,26.2532,144.3781,0.0
train,grey cup on grey plate,1115,40,208,55,0.596,16.953,8.71,221.8856,213.001,238.6665,75.5785,144.3781,0.3721
train,banana in basket,754,74,46,123,-0.5249,19.6253,28.0163,211.8963,230.9548,235.6065,81.0737,154.4701,0.0
train,banana in basket,754,74,31,105,-0.6573,19.6253,3.0425,211.8963,230.9548,225.9492,183.3142,154.4701,0.0
train,banana in basket,754,74,49,123,-1.0,19.6253,2.6315,211.8963,230.9548,241.3955,129.7682,154.4701,0.0
train,banana in basket,754,74,48,86,-0.8642,19.6253,5.3817,211.8963,230.9548,238.422,156.3965,154.4701,0.0
train,yellow brick on blue plate,1454,143,428,135,0.4092,17.36,12.1384,197.5119,183.059,227.9212,144.6187,-107.1272,0.3422
train,yellow brick on blue plate,1454,143,377,170,0.9995,17.36,21.1797,197.5119,183.059,228.4575,122.0295,-107.1272,0.9049
train,yellow brick on blue plate,1454,143,430,118,0.9994,17.36,11.1937,197.5119,183.059,233.5618,200.3315,-107.1272,0.8025
train,yellow brick on blue plate,1454,143,378,164,-0.4262,17.36,0.7982,197.5119,183.059,239.5643,157.1423,-107.1272,0.0
train,wipe sponge on table,1339,170,318,216,0.9453,16.5674,16.3203,194.2735,158.273,184.3965,50.816,-30.35,0.9382
train,wipe sponge on table,1339,170,317,220,0.9881,16.5674,6.3231,194.2735,158.273,167.5938,128.4591,-30.35,0.386
train,wipe sponge on table,1339,170,312,237,0.9703,16.5674,11.3535,194.2735,158.273,241.9126,93.3254,-30.35,0.8032
train,wipe sponge on table,1339,170,316,245,0.9511,16.5674,8.8534,194.2735,158.273,180.2852,99.2481,-30.35,0.6156
train,yellow brick in orange bowl,1394,10,344,18,-0.9675,15.1259,23.4758,203.2593,220.788,226.1978,149.1617,101.2891,0.0
train,yellow brick in orange bowl,1394,10,349,8,0.9286,15.1259,28.8122,203.2593,220.788,213.1779,171.4057,101.2891,0.6728
train,yellow brick in orange bowl,1394,10,346,17,-0.996,15.1259,22.3606,203.2593,220.788,220.6162,148.4794,101.2891,0.0
train,yellow brick in orange bowl,1394,10,341,5,-0.9978,15.1259,12.5758,203.2593,220.788,225.2334,196.5709,101.2891,0.0
train,pink cup next to drawer,1195,127,245,151,0.3325,41.9525,13.5068,209.9441,157.5358,237.1352,117.9161,70.8205,0.1887
train,pink cup next to drawer,1195,127,242,115,0.7457,41.9525,13.8024,209.9441,157.5358,236.5572,172.2364,70.8205,0.4277
train,pink cup next to drawer,1195,127,246,128,0.6257,41.9525,15.5868,209.9441,157.5358,241.2176,137.8846,70.8205,0.3814
train,pink cup next to drawer,1195,127,248,128,0.7734,41.9525,14.1829,209.9441,157.5358,238.6258,141.2466,70.8205,0.4497
train,yellow brick on blue plate,1493,138,429,132,0.9668,31.051,9.8857,227.7758,210.0961,239.7895,153.7539,-38.0358,0.5393
train,yellow brick on blue plate,1493,138,415,171,0.9276,31.051,1.7707,227.7758,210.0961,224.3889,170.6594,-38.0358,0.0392
train,yellow brick on blue plate,1493,138,385,152,0.5162,31.051,15.9607,227.7758,210.0961,211.9329,93.4942,-38.0358,0.3701
train,yellow brick on blue plate,1493,138,386,122,0.9225,31.051,32.2818,227.7758,210.0961,150.6507,127.1927,-38.0358,0.9047
train,pink cup on pink plate,1229,170,260,154,0.9991,16.4772,10.5172,186.7809,133.6319,195.7702,80.9873,-123.4408,0.7982
train,pink cup on pink plate,1229,170,257,190,0.9998,16.4772,11.9291,186.7809,133.6319,236.8221,76.2527,-123.4408,0.8507
train,pink cup on pink plate,1229,170,252,172,0.9993,16.4772,13.6202,186.7809,133.6319,235.3772,85.1601,-123.4408,0.9086
train,pink cup on pink plate,1229,170,254,184,0.9972,16.4772,10.6595,186.7809,133.6319,237.0646,148.5897,-123.4408,0.8021
train,blue bowl on pink plate and yellow brick in blue bowl,911,86,78,78,0.4383,16.1087,38.1305,217.9263,165.7082,218.27,29.5008,-175.2729,0.2849
train,blue bowl on pink plate and yellow brick in blue bowl,911,86,79,76,0.5755,16.1087,12.2346,217.9263,165.7082,235.2628,142.3045,-175.2729,0.5015
train,blue bowl on pink plate and yellow brick in blue bowl,911,86,76,98,0.5548,16.1087,29.3087,217.9263,165.7082,239.06,53.424,-175.2729,0.4113
train,blue bowl on pink plate and yellow brick in blue bowl,911,86,74,115,0.5067,16.1087,17.9015,217.9263,165.7082,204.9171,68.9324,-175.2729,0.4807
train,blue brick in blue bowl,979,71,102,112,0.3863,13.73,12.1961,224.0651,218.8358,220.335,22.7692,-48.1874,0.3641
train,blue brick in blue bowl,979,71,104,97,0.657,13.73,7.7292,224.0651,218.8358,234.456,36.6029,-48.1874,0.381
train,blue brick in blue bowl,979,71,101,151,0.3823,13.73,10.3578,224.0651,218.8358,179.0254,31.4972,-48.1874,0.332
train,blue brick in blue bowl,979,71,106,87,0.6754,13.73,14.9542,224.0651,218.8358,226.8668,24.9644,-48.1874,0.6472
train,white cup on grey plate,1293,215,299,221,0.9827,15.4096,0.3219,230.1362,209.5872,233.0816,155.7347,-70.4012,0.0046
train,white cup on grey plate,1293,215,294,167,0.9806,15.4096,12.4669,230.1362,209.5872,235.3803,124.2293,-70.4012,0.882
train,white cup on grey plate,1293,215,292,179,0.9696,15.4096,25.7439,230.1362,209.5872,235.5338,51.6289,-70.4012,0.7501
train,white cup on grey plate,1293,215,291,210,0.5745,15.4096,10.6334,230.1362,209.5872,233.4723,146.5343,-70.4012,0.4772
train,yellow brick on pink plate,1534,37,441,67,-0.0428,35.5951,5.9913,214.4138,181.7966,228.3996,118.9634,162.8878,0.0
train,yellow brick on pink plate,1534,37,434,62,0.4307,35.5951,25.8252,214.4138,181.7966,210.1546,84.4321,162.8878,0.3669
train,yellow brick on pink plate,1534,37,457,77,0.1231,35.5951,10.4162,214.4138,181.7966,238.2644,114.0717,162.8878,0.0666
train,yellow brick on pink plate,1534,37,453,49,0.4167,35.5951,19.7685,214.4138,181.7966,219.5348,84.2806,162.8878,0.3106
train,wipe sponge on table,1333,130,312,188,0.7901,24.1469,13.4146,222.968,172.8973,199.5907,96.6528,149.038,0.5889
train,wipe sponge on table,1333,130,320,136,0.8036,24.1469,15.7493,222.968,172.8973,230.6782,103.6528,149.038,0.649
train,wipe sponge on table,1333,130,314,143,0.6955,24.1469,16.4158,222.968,172.8973,237.3554,147.4098,149.038,0.5734
train,wipe sponge on table,1333,130,316,192,0.7847,24.1469,15.3904,222.968,172.8973,231.5521,106.5109,149.038,0.6265
train,yellow cup next to stove,1609,91,475,151,0.9919,16.1736,20.1644,193.4814,214.179,183.8434,90.5257,14.836,0.8883
train,yellow cup next to stove,1609,91,474,167,0.9992,16.1736,23.7245,193.4814,214.179,203.1937,55.3355,14.836,0.825
train,yellow cup next to stove,1609,91,472,145,0.9605,16.1736,20.1446,193.4814,214.179,187.1515,53.24,14.836,0.8606
train,yellow cup next to stove,1609,91,480,150,0.9993,16.1736,19.9785,193.4814,214.179,198.331,69.456,14.836,0.8991
train,can on grey plate,1055,25,146,46,0.9987,16.5099,14.5782,208.2028,223.8033,210.0839,152.3965,161.9921,0.9385
train,can on grey plate,1055,25,140,48,0.9995,16.5099,15.0671,208.2028,223.8033,222.8048,151.6985,161.9921,0.9548
train,can on grey plate,1055,25,143,31,0.9987,16.5099,17.4986,208.2028,223.8033,229.2481,182.1505,161.9921,0.9701
train,can on grey plate,1055,25,144,21,0.9753,16.5099,20.7967,208.2028,223.8033,224.7158,111.0981,161.9921,0.869
train,yellow brick on blue plate,1478,73,390,87,-0.8288,22.3263,15.2537,200.6284,208.3655,233.5572,42.363,107.788,0.0
train,yellow brick on blue plate,1478,73,395,73,-0.5363,22.3263,33.2116,200.6284,208.3655,223.0081,110.2201,107.788,0.0
train,yellow brick on blue plate,1478,73,418,111,-0.3694,22.3263,25.8356,200.6284,208.3655,205.6579,120.0112,107.788,0.0
train,yellow brick on blue plate,1478,73,422,81,-0.8929,22.3263,20.3679,200.6284,208.3655,231.8983,185.3665,107.788,0.0
train,open drawer and blue brick in drawer and close drawer,992,56,118,79,0.7182,27.3046,16.7046,211.0712,204.5785,228.3406,70.9827,136.2005,0.5618
train,open drawer and blue brick in drawer and close drawer,992,56,119,67,0.9369,27.3046,13.7187,211.0712,204.5785,234.3299,145.6904,136.2005,0.6641
train,open drawer and blue brick in drawer and close drawer,992,56,117,63,0.67,27.3046,17.8919,211.0712,204.5785,237.3289,79.1769,136.2005,0.5423
train,open drawer and blue brick in drawer and close drawer,992,56,115,88,0.934,27.3046,14.5805,211.0712,204.5785,236.8373,153.6995,136.2005,0.6825
train,pink cup in basket,1185,191,238,172,0.8777,18.8994,18.6922,210.6177,215.0168,203.789,55.1947,-49.4145,0.8729
train,pink cup in basket,1185,191,239,172,0.8112,18.8994,11.2749,210.6177,215.0168,178.1235,90.3472,-49.4145,0.6266
train,pink cup in basket,1185,191,231,183,0.8629,18.8994,12.0837,210.6177,215.0168,177.7194,86.5135,-49.4145,0.69
train,pink cup in basket,1185,191,232,188,0.8815,18.8994,15.4834,210.6177,215.0168,194.3559,51.2583,-49.4145,0.7978
train,yellow brick next to stove,1424,63,355,96,-0.1955,35.8437,23.8068,230.5679,213.8373,220.3513,133.9746,-66.3524,0.0
train,yellow brick next to stove,1424,63,354,85,-0.1224,35.8437,29.7497,230.5679,213.8373,221.1246,147.5811,-66.3524,0.0
train,yellow brick next to stove,1424,63,358,90,-0.526,35.8437,19.8481,230.5679,213.8373,227.6411,132.5968,-66.3524,0.0
train,yellow brick next to stove,1424,63,352,140,-0.9405,35.8437,1.2208,230.5679,213.8373,223.0097,119.604,-66.3524,0.0
train,banana in basket,727,262,34,221,-0.0984,22.9435,19.6729,231.5892,216.0473,237.6157,68.5119,115.7895,0.0
train,banana in basket,727,262,43,191,-0.3872,22.9435,29.4715,231.5892,216.0473,239.7097,32.0829,115.7895,0.0
train,banana in basket,727,262,29,212,-0.0017,22.9435,31.0303,231.5892,216.0473,236.0402,66.8561,115.7895,0.0
train,banana in basket,727,262,19,207,-0.4958,22.9435,17.1575,231.5892,216.0473,216.0483,25.7311,115.7895,0.0
train,can on grey plate,1055,29,142,49,0.9922,14.1688,12.3014,204.0117,224.2089,222.4093,196.5277,175.252,0.9245
train,can on grey plate,1055,29,146,46,0.924,14.1688,14.2364,204.0117,224.2089,223.5338,147.0819,175.252,0.9218
train,can on grey plate,1055,29,148,38,0.9846,14.1688,23.7791,204.0117,224.2089,212.1174,61.1332,175.252,0.76
train,can on grey plate,1055,29,140,31,0.9801,14.1688,18.3385,204.0117,224.2089,236.392,136.1657,175.252,0.8615
train,can on stove,1102,39,189,57,0.8633,18.4165,8.6448,229.7407,196.9771,242.4433,158.1922,124.4512,0.5113
train,can on stove,1102,39,175,52,0.3649,18.4165,15.5235,229.7407,196.9771,233.785,69.6512,124.4512,0.335
train,can on stove,1102,39,168,61,0.9092,18.4165,0.6136,229.7407,196.9771,191.3979,135.3789,124.4512,0.0102
train,can on stove,1102,39,181,47,0.1578,18.4165,14.194,229.7407,196.9771,200.6472,24.574,124.4512,0.1386
train,point to top drawer,1242,22,265,9,0.3629,16.8905,1.2063,224.0275,229.907,62.7875,58.1596,62.607,0.0117
train,point to top drawer,1242,22,269,25,-0.4952,16.8905,2.3364,224.0275,229.907,44.669,116.7021,62.607,0.0
train,point to top drawer,1242,22,268,28,-0.7671,16.8905,0.5621,224.0275,229.907,95.7011,51.1317,62.607,0.0
train,point to top drawer,1242,22,266,8,-0.2,16.8905,1.9987,224.0275,229.907,121.9146,70.4326,62.607,0.0
train,yellow brick next to stove,1413,82,351,108,0.115,14.162,18.8561,210.7819,215.5648,231.6568,104.6146,-53.9262,0.0996
train,yellow brick next to stove,1413,82,359,97,0.7957,14.162,8.8943,210.7819,215.5648,238.6223,158.7143,-53.9262,0.5609
train,yellow brick next to stove,1413,82,358,87,0.0831,14.162,11.9713,210.7819,215.5648,238.607,149.7834,-53.9262,0.0764
train,yellow brick next to stove,1413,82,354,109,-0.0405,14.162,27.1412,210.7819,215.5648,221.5577,85.7194,-53.9262,0.0
train,yellow brick in basket,1379,117,335,113,-0.8189,13.5935,21.522,181.1973,150.7844,213.2089,139.3442,-153.032,0.0
train,yellow brick in basket,1379,117,336,121,-0.1589,13.5935,7.9933,181.1973,150.7844,228.4108,92.6701,-153.032,0.0
train,yellow brick in basket,1379,117,337,121,-0.8457,13.5935,27.5405,181.1973,150.7844,207.94,75.215,-153.032,0.0
train,yellow brick in basket,1379,117,338,158,0.9039,13.5935,3.2438,181.1973,150.7844,198.1729,82.1332,-153.032,0.1432
train,grey cup on pan,1144,109,220,112,0.9561,24.3203,17.2368,190.8922,209.4667,241.546,185.6762,103.1068,0.8049
train,grey cup on pan,1144,109,211,104,0.4089,24.3203,12.9789,190.8922,209.4667,225.636,132.972,103.1068,0.2987
train,grey cup on pan,1144,109,215,120,0.4754,24.3203,18.1677,190.8922,209.4667,184.7026,68.7946,103.1068,0.4109
train,grey cup on pan,1144,109,219,125,-0.0055,24.3203,10.4015,190.8922,209.4667,227.6884,189.2578,103.1068,0.0
train,push pink cup,1270,136,276,177,0.9802,29.6245,20.8124,193.3162,202.8932,157.8053,119.3223,22.2145,0.8216
train,push pink cup,1270,136,280,157,0.9501,29.6245,29.7299,193.3162,202.8932,177.3137,114.9944,22.2145,0.9484
train,push pink cup,1270,136,272,188,0.9677,29.6245,28.0261,193.3162,202.8932,183.7748,111.9532,22.2145,0.9412
train,push pink cup,1270,136,279,173,0.9539,29.6245,27.4981,193.3162,202.8932,212.9888,152.302,22.2145,0.919
train,can on stove,1104,123,172,131,0.2571,38.3193,27.4286,235.3264,208.9283,226.7982,24.7519,-102.0564,0.2175
train,can on stove,1104,123,159,100,-0.107,38.3193,26.6959,235.3264,208.9283,230.514,122.0519,-102.0564,0.0
train,can on stove,1104,123,167,116,0.3636,38.3193,35.9977,235.3264,208.9283,238.3482,51.6421,-102.0564,0.3524
train,can on stove,1104,123,170,127,0.0292,38.3193,29.571,235.3264,208.9283,232.4962,34.3025,-102.0564,0.0257
train,red brick on pink plate and blue brick on pink plate,1029,181,136,212,0.985,16.3934,27.493,241.2084,214.3721,161.4164,94.9715,-94.9617,0.7606
train,red brick on pink plate and blue brick on pink plate,1029,181,135,203,-0.3857,16.3934,4.2262,241.2084,214.3721,241.5562,161.7697,-94.9617,0.0
train,red brick on pink plate and blue brick on pink plate,1029,181,133,195,-0.3151,16.3934,1.7947,241.2084,214.3721,234.6329,179.1139,-94.9617,0.0
train,red brick on pink plate and blue brick on pink plate,1029,181,134,210,0.3581,16.3934,10.1628,241.2084,214.3721,230.1139,142.5811,-94.9617,0.282
train,banana in basket,764,46,0,65,0.6714,16.1835,10.6711,223.6538,216.8353,238.2379,83.6782,161.7673,0.5452
train,banana in basket,764,46,34,92,0.9054,16.1835,9.1291,223.6538,216.8353,200.3945,167.0107,161.7673,0.6208
train,banana in basket,764,46,28,65,0.7741,16.1835,6.6233,223.6538,216.8353,175.3518,114.938,161.7673,0.328
train,banana in basket,764,46,57,52,0.8832,16.1835,8.6212,223.6538,216.8353,209.9232,191.0153,161.7673,0.5558
train,yellow brick on blue plate,1456,203,409,221,-0.1817,36.194,2.0262,223.4657,228.9105,228.1042,134.8876,-80.8666,0.0
train,yellow brick on blue plate,1456,203,393,237,0.8891,36.194,0.3623,223.4657,228.9105,176.9697,148.4242,-80.8666,0.0032
train,yellow brick on blue plate,1456,203,418,270,0.9077,36.194,0.2616,223.4657,228.9105,188.8216,171.7799,-80.8666,0.002
train,yellow brick on blue plate,1456,203,389,219,0.9999,36.194,20.3234,223.4657,228.9105,231.9954,135.5831,-80.8666,0.7493
train,yellow brick on pink plate,1525,54,449,56,-0.9987,32.1479,7.0972,198.4179,207.725,142.5724,189.7499,-17.409,0.0
train,yellow brick on pink plate,1525,54,459,80,-0.4372,32.1479,9.8083,198.4179,207.725,218.2913,174.2816,-17.409,0.0
train,yellow brick on pink plate,1525,54,454,73,0.7414,32.1479,34.5509,198.4179,207.725,171.0874,152.0259,-17.409,0.7151
train,yellow brick on pink plate,1525,54,431,67,0.9257,32.1479,11.6771,198.4179,207.725,235.1408,161.7168,-17.409,0.5579
train,yellow brick next to stove,1425,94,356,137,0.4364,31.289,4.282,219.427,234.4743,194.2395,85.3579,-89.3048,0.0691
train,yellow brick next to stove,1425,94,351,140,0.6163,31.289,1.0743,219.427,234.4743,195.0224,108.362,-89.3048,0.0123
train,yellow brick next to stove,1425,94,359,127,0.8833,31.289,7.0505,219.427,234.4743,224.4113,78.2979,-89.3048,0.2956
train,yellow brick next to stove,1425,94,360,145,0.8224,31.289,1.8752,219.427,234.4743,205.3889,52.5557,-89.3048,0.0378
train,pink cup on pink plate,1219,142,258,139,0.0675,13.7197,12.6123,203.9065,112.3559,204.8048,55.0702,6.3906,0.0647
train,pink cup on pink plate,1219,142,251,137,-0.0774,13.7197,13.8109,203.9065,112.3559,207.9334,29.3854,6.3906,0.0
train,pink cup on pink plate,1219,142,252,146,0.1553,13.7197,15.7297,203.9065,112.3559,238.9542,39.9451,6.3906,0.145
train,pink cup on pink plate,1219,142,259,152,0.0993,13.7197,16.4066,203.9065,112.3559,215.4321,24.093,6.3906,0.0908
train,pink cup next to drawer,1194,6,244,5,0.9944,30.4878,34.5952,218.1871,223.2272,222.2069,188.9344,65.3131,0.9335
train,pink cup next to drawer,1194,6,248,7,0.9676,30.4878,13.186,218.1871,223.2272,223.9969,178.3808,65.3131,0.6363
train,pink cup next to drawer,1194,6,249,5,0.9932,30.4878,39.4743,218.1871,223.2272,217.2283,185.8094,65.3131,0.8729
train,pink cup next to drawer,1194,6,245,14,0.9985,30.4878,33.4897,218.1871,223.2272,227.8643,188.2156,65.3131,0.9527
train,yellow brick on pink plate,1559,86,457,122,0.997,25.1118,22.3325,204.8861,229.3188,199.2527,132.9258,-134.6052,0.9403
train,yellow brick on pink plate,1559,86,431,123,0.9935,25.1118,18.6332,204.8861,229.3188,233.3091,150.9105,-134.6052,0.8558
train,yellow brick on pink plate,1559,86,434,146,0.9749,25.1118,21.2408,204.8861,229.3188,218.4321,153.8236,-134.6052,0.8966
train,yellow brick on pink plate,1559,86,446,99,0.9778,25.1118,17.5645,204.8861,229.3188,238.3213,180.3254,-134.6052,0.8178
train,blue brick in blue bowl and yellow brick in blue bowl,1353,109,329,125,0.9975,23.6753,20.5114,239.5928,209.5541,212.6848,118.5338,107.3188,0.9285
train,blue brick in blue bowl and yellow brick in blue bowl,1353,109,325,129,1.0,23.6753,24.8875,239.5928,209.5541,179.3472,181.7616,107.3188,0.9753
train,blue brick in blue bowl and yellow brick in blue bowl,1353,109,326,121,0.9595,23.6753,16.9442,239.5928,209.5541,214.0193,83.1093,107.3188,0.8118
train,blue brick in blue bowl and yellow brick in blue bowl,1353,109,327,152,0.9955,23.6753,23.8331,239.5928,209.5541,230.4926,78.8399,107.3188,0.9922
train,open drawer and blue brick in drawer and close drawer,989,364,115,490,0.9999,35.0661,40.1005,195.7743,201.5877,159.3101,121.0839,-1.4186,0.935
train,open drawer and blue brick in drawer and close drawer,989,364,110,506,0.9948,35.0661,36.3847,195.7743,201.5877,149.5658,120.0391,-1.4186,0.9766
train,open drawer and blue brick in drawer and close drawer,989,364,113,501,0.9845,35.0661,20.2152,195.7743,201.5877,231.6197,160.0941,-1.4186,0.7475
train,open drawer and blue brick in drawer and close drawer,989,364,114,494,0.9992,35.0661,39.0432,195.7743,201.5877,150.3477,123.0539,-1.4186,0.9469
train,yellow brick on blue brick,1444,172,362,137,0.9935,17.108,8.0513,231.3452,197.3076,243.9456,187.1388,114.1329,0.5488
train,yellow brick on blue brick,1444,172,366,160,0.9932,17.108,15.9589,231.3452,197.3076,233.4464,165.8734,114.1329,0.9593
train,yellow brick on blue brick,1444,172,370,135,0.9672,17.108,8.1115,231.3452,197.3076,218.2862,147.0656,114.1329,0.5402
train,yellow brick on blue brick,1444,172,361,161,1.0,17.108,10.8107,231.3452,197.3076,231.8846,123.9807,114.1329,0.7949
train,wipe sponge on table,1350,8,315,10,1.0,29.4463,17.5749,214.7575,220.1729,230.9395,207.0412,68.3456,0.7725
train,wipe sponge on table,1350,8,319,5,0.988,29.4463,21.1619,214.7575,220.1729,231.7687,219.1378,68.3456,0.8376
train,wipe sponge on table,1350,8,312,5,0.9987,29.4463,20.4597,214.7575,220.1729,231.6502,221.2379,68.3456,0.8325
train,wipe sponge on table,1350,8,316,6,0.9914,29.4463,33.3402,214.7575,220.1729,231.5414,225.6075,68.3456,0.9317
train,banana in basket,691,127,47,139,-0.9877,25.0493,11.5949,221.9807,164.3645,220.9766,40.2857,-147.071,0.0
train,banana in basket,691,127,29,129,-0.1814,25.0493,0.5529,221.9807,164.3645,196.0627,151.2181,-147.071,0.0
train,banana in basket,691,127,19,129,-0.9952,25.0493,1.5459,221.9807,164.3645,220.2369,118.3772,-147.071,0.0
train,banana in basket,691,127,44,142,-0.9634,25.0493,1.7866,221.9807,164.3645,238.5714,93.4906,-147.071,0.0
train,red brick in green bowl and yellow brick in green bowl,1289,43,281,75,0.9999,12.8434,17.5105,241.2913,205.3147,159.79,87.3864,100.1588,0.8564
train,red brick in green bowl and yellow brick in green bowl,1289,43,290,72,0.9712,12.8434,19.6155,241.2913,205.3147,209.8821,112.4596,100.1588,0.7859
train,red brick in green bowl and yellow brick in green bowl,1289,43,284,74,1.0,12.8434,21.1817,241.2913,205.3147,168.2999,108.0061,100.1588,0.7786
train,red brick in green bowl and yellow brick in green bowl,1289,43,283,71,-0.8205,12.8434,1.8202,241.2913,205.3147,238.9878,141.6441,100.1588,0.0
train,blue brick between pink cup and basket,935,154,81,199,0.5408,12.6992,13.5279,216.7992,171.4016,206.243,76.1032,-168.5999,0.524
train,blue brick between pink cup and basket,935,154,89,176,0.5745,12.6992,9.9173,216.7992,171.4016,237.7433,111.5602,-168.5999,0.5035
train,blue brick between pink cup and basket,935,154,88,178,0.5654,12.6992,16.0843,216.7992,171.4016,208.7585,77.7458,-168.5999,0.5024
train,blue brick between pink cup and basket,935,154,80,183,0.4965,12.6992,13.9197,216.7992,171.4016,187.9568,71.2847,-168.5999,0.4742
train,banana in basket,701,148,48,114,-0.2614,28.7744,2.1716,170.2989,216.1098,231.6706,98.3854,6.5879,0.0
train,banana in basket,701,148,6,128,0.943,28.7744,25.6511,170.2989,216.1098,231.8332,70.1571,6.5879,0.8903
train,banana in basket,701,148,4,115,0.7731,28.7744,21.6545,170.2989,216.1098,238.5358,151.698,6.5879,0.6707
train,banana in basket,701,148,50,137,0.2488,28.7744,9.404,170.2989,216.1098,230.4474,109.6568,6.5879,0.1337
train,banana in basket,776,44,59,42,0.9785,19.3117,12.2588,178.3269,211.6873,186.3813,126.8287,-140.8892,0.7796
train,banana in basket,776,44,0,86,0.9683,19.3117,16.6556,178.3269,211.6873,228.7031,140.972,-140.8892,0.8992
train,banana in basket,776,44,29,71,-0.9952,19.3117,3.0631,178.3269,211.6873,244.9166,176.82,-140.8892,0.0
train,banana in basket,776,44,33,73,-0.8022,19.3117,6.6255,178.3269,211.6873,240.1022,188.9481,-140.8892,0.0
train,can on stove,1092,84,166,98,0.9334,24.4874,17.8165,130.0066,188.634,140.7672,97.1174,92.2628,0.7962
train,can on stove,1092,84,180,69,0.982,24.4874,23.1821,130.0066,188.634,163.6207,188.3391,92.2628,0.9554
train,can on stove,1092,84,163,82,0.876,24.4874,9.1617,130.0066,188.634,238.574,125.8739,92.2628,0.4909
train,can on stove,1092,84,162,97,0.8702,24.4874,0.7729,130.0066,188.634,241.0742,148.6187,92.2628,0.0119
train,banana in basket,715,40,10,61,-0.9414,12.59,21.0564,221.394,225.609,217.0244,49.0153,122.0388,0.0
train,banana in basket,715,40,5,44,0.2183,12.59,6.829,221.394,225.609,200.6645,110.8226,122.0388,0.1098
train,banana in basket,715,40,35,50,-0.5263,12.59,5.8364,221.394,225.609,203.515,129.5211,122.0388,0.0
train,banana in basket,715,40,50,45,-0.6365,12.59,18.8116,221.394,225.609,212.9115,162.0488,122.0388,0.0
train,pink cup on pink plate,1214,119,255,135,0.7137,18.1809,5.4868,240.604,197.9268,237.6523,125.7773,120.8611,0.2151
train,pink cup on pink plate,1214,119,254,127,0.3317,18.1809,11.6498,240.604,197.9268,219.7072,38.2079,120.8611,0.2655
train,pink cup on pink plate,1214,119,260,110,0.5958,18.1809,9.2298,240.604,197.9268,225.3299,119.9181,120.8611,0.3918
train,pink cup on pink plate,1214,119,253,130,0.7235,18.1809,7.9441,240.604,197.9268,238.153,163.9659,120.8611,0.3799
train,can on stove,1075,173,152,206,0.9566,12.9141,11.637,215.1967,210.1784,171.3894,62.7921,-31.5806,0.9081
train,can on stove,1075,173,196,202,-0.4272,12.9141,1.6358,215.1967,210.1784,227.5867,68.3264,-31.5806,0.0
train,can on stove,1075,173,194,205,0.7831,12.9141,1.2396,215.1967,210.1784,214.3522,108.5692,-31.5806,0.0301
train,can on stove,1075,173,163,185,0.9736,12.9141,16.1305,215.1967,210.1784,220.3462,56.244,-31.5806,0.8712
train,yellow brick on top of drawer,1587,138,465,227,0.9879,22.2952,36.0659,197.8943,161.8017,150.303,52.305,7.422,0.7767
train,yellow brick on top of drawer,1587,138,462,229,0.875,22.2952,15.8937,197.8943,161.8017,232.6314,37.1266,7.422,0.7388
train,yellow brick on top of drawer,1587,138,468,196,-0.6391,22.2952,3.6192,197.8943,161.8017,239.3218,90.9044,7.422,0.0
train,yellow brick on top of drawer,1587,138,469,201,0.9996,22.2952,33.7494,197.8943,161.8017,187.8175,90.5658,7.422,0.8125
train,blue brick in blue bowl,961,75,102,117,0.7935,17.15,23.1708,176.9786,207.8699,205.8577,28.9517,-26.8734,0.6827
train,blue brick in blue bowl,961,75,108,104,0.9479,17.15,12.2116,176.9786,207.8699,204.0869,137.1571,-26.8734,0.7999
train,blue brick in blue bowl,961,75,109,110,0.8552,17.15,17.886,176.9786,207.8699,163.2476,52.8221,-26.8734,0.8374
train,blue brick in blue bowl,961,75,105,80,0.864,17.15,23.3851,176.9786,207.8699,227.0122,54.4464,-26.8734,0.7399
train,blue brick in blue bowl,964,37,103,59,0.8141,13.6164,37.222,162.6106,227.1566,231.1561,105.4931,-120.7979,0.4924
train,blue brick in blue bowl,964,37,100,72,0.9388,13.6164,25.3992,162.6106,227.1566,227.4814,200.7738,-120.7979,0.6873
train,blue brick in blue bowl,964,37,102,50,0.9972,13.6164,19.6441,162.6106,227.1566,207.1754,153.8668,-120.7979,0.8302
train,blue brick in blue bowl,964,37,108,53,-0.6511,13.6164,3.2091,162.6106,227.1566,222.0798,193.7768,-120.7979,0.0
train,blue brick on red brick,1020,23,123,29,0.734,12.2593,6.3725,231.2979,214.3884,238.2862,190.2232,-31.2604,0.3372
train,blue brick on red brick,1020,23,121,41,0.9263,12.2593,2.6657,231.2979,214.3884,231.5099,168.9659,-31.2604,0.1151
train,blue brick on red brick,1020,23,120,30,-0.3539,12.2593,19.9966,231.2979,214.3884,230.7636,200.7326,-31.2604,0.0
train,blue brick on red brick,1020,23,125,20,0.1978,12.2593,4.1267,231.2979,214.3884,241.5318,195.8053,-31.2604,0.0474
train,yellow brick on blue plate,1459,25,403,36,-0.8591,37.2168,0.6233,224.5323,231.6624,197.969,132.7921,-78.77,0.0
train,yellow brick on blue plate,1459,25,423,25,-0.9753,37.2168,4.7176,224.5323,231.6624,237.6263,184.5933,-78.77,0.0
train,yellow brick on blue plate,1459,25,417,20,0.162,37.2168,8.4279,224.5323,231.6624,230.5994,154.9309,-78.77,0.065
train,yellow brick on blue plate,1459,25,376,39,0.7504,37.2168,3.6865,224.5323,231.6624,240.8104,92.8973,-78.77,0.0871
train,blue bowl on pink plate and yellow brick in blue bowl,904,59,78,78,-0.0618,14.9414,35.2784,230.7824,199.1139,218.5704,29.8907,151.026,0.0
train,blue bowl on pink plate and yellow brick in blue bowl,904,59,75,80,0.0699,14.9414,23.0231,230.7824,199.1139,231.8876,73.9395,151.026,0.0563
train,blue bowl on pink plate and yellow brick in blue bowl,904,59,70,72,0.0398,14.9414,21.2174,230.7824,199.1139,235.7377,65.1098,151.026,0.0334
train,blue bowl on pink plate and yellow brick in blue bowl,904,59,77,68,-0.1383,14.9414,20.274,230.7824,199.1139,231.3254,81.8953,151.026,0.0
train,can on stove,1078,141,170,157,-0.1996,18.678,25.6233,211.4865,212.089,234.2644,58.8322,73.2996,0.0
train,can on stove,1078,141,188,151,-0.365,18.678,21.9908,211.4865,212.089,216.5409,59.0544,73.2996,0.0
train,can on stove,1078,141,196,146,-0.1462,18.678,10.1534,211.4865,212.089,226.7702,63.4357,73.2996,0.0
train,can on stove,1078,141,191,167,-0.2769,18.678,24.7206,211.4865,212.089,236.121,66.4606,73.2996,0.0
train,blue brick in blue bowl and yellow brick in blue bowl,1370,428,325,371,0.9996,19.3917,7.0943,224.786,203.3676,235.3147,96.8973,-100.7477,0.4289
train,blue brick in blue bowl and yellow brick in blue bowl,1370,428,330,399,0.9983,19.3917,6.0813,224.786,203.3676,241.7712,101.7295,-100.7477,0.34
train,blue brick in blue bowl and yellow brick in blue bowl,1370,428,327,423,0.9728,19.3917,14.5436,224.786,203.3676,211.3594,18.1581,-100.7477,0.8425
train,blue brick in blue bowl and yellow brick in blue bowl,1370,428,321,398,0.9699,19.3917,11.9885,224.786,203.3676,235.8932,158.1108,-100.7477,0.7626
train,wipe sponge on table,1331,35,320,41,-0.8777,29.5555,10.8443,231.12,231.0117,244.1657,75.3671,85.2674,0.0
train,wipe sponge on table,1331,35,313,47,-0.3032,29.5555,4.1308,231.12,231.0117,243.0493,118.4708,85.2674,0.0
train,wipe sponge on table,1331,35,319,40,0.992,29.5555,37.8434,231.12,231.0117,230.3777,194.7158,85.2674,0.8767
train,wipe sponge on table,1331,35,317,34,0.9972,29.5555,20.5019,231.12,231.0117,226.0188,170.5755,85.2674,0.8306
train,can on stove,1103,168,156,155,0.9991,27.1709,13.1143,217.8765,224.0107,239.5719,86.7799,-77.078,0.6941
train,can on stove,1103,168,177,155,0.9786,27.1709,8.4322,217.8765,224.0107,240.3711,153.5572,-77.078,0.4597
train,can on stove,1103,168,176,194,-0.2945,27.1709,4.5979,217.8765,224.0107,243.2272,104.5058,-77.078,0.0
train,can on stove,1103,168,194,189,0.9113,27.1709,13.7516,217.8765,224.0107,235.4855,142.3782,-77.078,0.6483
train,yellow brick on pink plate,1570,45,438,84,0.9402,33.2644,38.6406,180.8541,210.8795,229.0513,152.755,-168.8341,0.8724
train,yellow brick on pink plate,1570,45,441,93,0.9672,33.2644,7.5757,180.8541,210.8795,223.786,147.0981,-168.8341,0.3497
train,yellow brick on pink plate,1570,45,448,56,0.9984,33.2644,12.1481,180.8541,210.8795,192.578,133.1693,-168.8341,0.6033
train,yellow brick on pink plate,1570,45,433,100,-0.3023,33.2644,22.8889,180.8541,210.8795,220.8439,156.5226,-168.8341,0.0
train,yellow brick in basket,1371,112,332,156,0.9324,35.2727,5.7546,228.4311,207.6573,231.6279,111.3264,-74.9618,0.2167
train,yellow brick in basket,1371,112,339,118,0.9733,35.2727,3.5246,228.4311,207.6573,242.9156,129.7148,-74.9618,0.1084
train,yellow brick in basket,1371,112,336,102,0.6267,35.2727,24.5128,228.4311,207.6573,220.7036,55.6523,-74.9618,0.5224
train,yellow brick in basket,1371,112,338,157,0.3932,35.2727,10.8166,228.4311,207.6573,213.604,59.937,-74.9618,0.2178
train,pink cup in basket,1189,165,234,168,0.9944,14.6889,19.9654,201.1601,204.6512,205.2883,73.1744,13.8396,0.8529
train,pink cup in basket,1189,165,237,158,0.9589,14.6889,22.3523,201.1601,204.6512,168.2156,90.1525,13.8396,0.7773
train,pink cup in basket,1189,165,239,167,0.9818,14.6889,22.4636,201.1601,204.6512,178.4392,89.03,13.8396,0.7939
train,pink cup in basket,1189,165,236,161,0.9897,14.6889,20.8594,201.1601,204.6512,174.3991,93.5989,13.8396,0.8305
train,yellow brick in orange bowl,1409,17,341,35,-0.5888,19.239,14.4877,234.5928,208.8419,239.4753,153.8205,-39.9947,0.0
train,yellow brick in orange bowl,1409,17,349,6,-0.4925,19.239,13.4566,234.5928,208.8419,236.3543,174.2745,-39.9947,0.0
train,yellow brick in orange bowl,1409,17,343,16,-0.5681,19.239,25.5017,234.5928,208.8419,226.9024,198.2679,-39.9947,0.0
train,yellow brick in orange bowl,1409,17,348,36,-0.5004,19.239,23.6848,234.5928,208.8419,215.4098,210.9812,-39.9947,0.0
train,yellow brick on pink plate,1540,64,431,94,0.9852,25.9275,9.4912,211.2862,167.7758,222.1256,171.6629,-9.0721,0.5658
train,yellow brick on pink plate,1540,64,454,77,-0.9998,25.9275,19.9191,211.2862,167.7758,207.8876,134.0244,-9.0721,0.0
train,yellow brick on pink plate,1540,64,457,107,-0.9998,25.9275,17.4366,211.2862,167.7758,214.7422,142.0086,-9.0721,0.0
train,yellow brick on pink plate,1540,64,432,79,-0.9506,25.9275,31.791,211.2862,167.7758,207.4509,127.2796,-9.0721,0.0
train,yellow brick on blue plate,1467,82,406,72,-0.6906,27.1861,22.076,215.6889,195.0224,223.6797,88.7306,106.2983,0.0
train,yellow brick on blue plate,1467,82,419,65,-0.1305,27.1861,6.8283,215.6889,195.0224,242.0493,154.9858,106.2983,0.0
train,yellow brick on blue plate,1467,82,421,65,-0.8474,27.1861,17.471,215.6889,195.0224,225.6609,91.8404,106.2983,0.0
train,yellow brick on blue plate,1467,82,385,64,-0.6922,27.1861,26.3812,215.6889,195.0224,214.3132,34.2344,106.2983,0.0
train,open drawer and blue brick in drawer and close drawer,988,165,110,213,-0.999,51.8388,1.1272,199.5841,233.1266,227.6365,100.0783,61.9415,0.0
train,open drawer and blue brick in drawer and close drawer,988,165,113,205,-0.4341,51.8388,0.9332,199.5841,233.1266,235.9344,169.7255,61.9415,0.0
train,open drawer and blue brick in drawer and close drawer,988,165,115,205,-0.3864,51.8388,13.9868,199.5841,233.1266,227.91,189.635,61.9415,0.0
train,open drawer and blue brick in drawer and close drawer,988,165,116,194,0.9455,51.8388,25.1924,199.5841,233.1266,238.729,175.8271,61.9415,0.6592
train,banana in basket,728,191,13,151,0.9297,41.7806,11.5587,220.816,177.2588,240.4647,135.6406,111.5263,0.489
train,banana in basket,728,191,32,152,0.9693,41.7806,7.1588,220.816,177.2588,238.7524,136.7173,111.5263,0.2872
train,banana in basket,728,191,9,156,0.8522,41.7806,13.213,220.816,177.2588,235.8978,47.4916,111.5263,0.4792
train,banana in basket,728,191,59,71,0.7335,41.7806,19.3163,220.816,177.2588,224.0147,49.9044,111.5263,0.4987
train,point to top drawer,1246,41,268,45,-0.9431,14.9711,5.0561,236.6817,162.575,63.9507,188.4103,173.3812,0.0
train,point to top drawer,1246,41,263,39,0.9915,14.9711,6.6661,236.6817,162.575,68.2227,135.999,173.3812,0.441
train,point to top drawer,1246,41,265,41,-0.7548,14.9711,2.7122,236.6817,162.575,55.0722,159.1174,173.3812,0.0
train,point to top drawer,1246,41,262,41,0.6374,14.9711,2.2438,236.6817,162.575,142.18,193.8704,173.3812,0.0554
train,blue brick on red brick,1007,80,124,82,0.9674,12.0282,8.6734,220.7453,160.6538,231.577,108.4972,69.6715,0.7125
train,blue brick on red brick,1007,80,126,85,0.9269,12.0282,9.3202,220.7453,160.6538,238.9126,108.3615,69.6715,0.7605
train,blue brick on red brick,1007,80,129,73,0.9788,12.0282,8.5754,220.7453,160.6538,236.9187,121.5379,69.6715,0.7087
train,blue brick on red brick,1007,80,123,94,0.9989,12.0282,9.3078,220.7453,160.6538,228.7209,120.3055,69.6715,0.8179
train,red brick in green bowl and yellow brick in green bowl,1281,87,285,168,-0.7752,23.244,12.1301,174.1454,203.2867,234.1845,157.7524,-170.4254,0.0
train,red brick in green bowl and yellow brick in green bowl,1281,87,284,146,0.9217,23.244,23.4959,174.1454,203.2867,228.7702,93.8978,-170.4254,0.9168
train,red brick in green bowl and yellow brick in green bowl,1281,87,281,182,0.9788,23.244,20.5542,174.1454,203.2867,231.7946,63.4494,-170.4254,0.9205
train,red brick in green bowl and yellow brick in green bowl,1281,87,282,160,0.919,23.244,19.2882,174.1454,203.2867,242.6995,90.788,-170.4254,0.8371
train,blue brick in basket,946,64,99,80,0.9646,22.504,21.4133,227.8958,217.1876,190.2791,95.4901,179.1241,0.9409
train,blue brick in basket,946,64,91,75,0.8783,22.504,9.4404,227.8958,217.1876,218.0554,59.7921,179.1241,0.537
train,blue brick in basket,946,64,95,84,-0.8637,22.504,2.6856,227.8958,217.1876,236.271,196.8007,179.1241,0.0
train,blue brick in basket,946,64,90,88,-0.1424,22.504,21.1935,227.8958,217.1876,229.2074,161.9349,179.1241,0.0
train,banana in basket,690,93,2,84,0.7581,13.3841,10.6883,219.2496,184.4479,217.6645,125.6746,11.3342,0.6774
train,banana in basket,690,93,20,98,0.9812,13.3841,10.3507,219.2496,184.4479,240.6416,176.0468,11.3342,0.8628
train,banana in basket,690,93,17,82,0.8131,13.3841,32.3516,219.2496,184.4479,222.7885,101.2247,11.3342,0.523
train,banana in basket,690,93,44,121,0.7153,13.3841,26.1349,219.2496,184.4479,232.7311,213.0874,11.3342,0.5119
train,banana in orange bowl,895,30,69,52,0.9968,14.6218,9.2755,223.4667,218.9136,143.8932,106.6274,132.7012,0.7364
train,banana in orange bowl,895,30,61,78,0.99,14.6218,7.1593,223.4667,218.9136,164.3294,123.8577,132.7012,0.496
train,banana in orange bowl,895,30,65,46,0.9762,14.6218,11.9853,223.4667,218.9136,229.5267,94.1998,132.7012,0.8839
train,banana in orange bowl,895,30,67,50,0.9947,14.6218,12.5182,223.4667,218.9136,237.4662,124.9817,132.7012,0.9204
train,pink cup in basket,1171,204,237,187,-0.3179,24.0697,13.4721,222.5892,224.6365,236.5211,49.3101,-85.4545,0.0
train,pink cup in basket,1171,204,236,175,0.9985,24.0697,17.1598,222.5892,224.6365,184.8353,83.8012,-85.4545,0.8431
train,pink cup in basket,1171,204,238,179,0.8966,24.0697,24.0636,222.5892,224.6365,229.274,46.5404,-85.4545,0.8965
train,pink cup in basket,1171,204,233,209,0.9495,24.0697,10.8292,222.5892,224.6365,230.3991,91.8673,-85.4545,0.6369
train,yellow brick on blue plate,1476,137,391,172,0.9454,32.2856,16.8633,202.4128,190.1088,221.4738,176.817,-130.9751,0.6833
train,yellow brick on blue plate,1476,137,402,189,1.0,32.2856,18.7294,202.4128,190.1088,221.4225,146.1525,-130.9751,0.7617
train,yellow brick on blue plate,1476,137,409,171,0.8458,32.2856,22.2101,202.4128,190.1088,234.2069,170.9034,-130.9751,0.7015
train,yellow brick on blue plate,1476,137,379,148,0.9531,32.2856,18.6818,202.4128,190.1088,206.7062,123.7504,-130.9751,0.725
train,banana in basket,726,6,59,6,0.8215,14.1942,17.6817,229.1007,228.6741,221.9634,174.3045,39.5127,0.7361
train,banana in basket,726,6,35,5,0.8783,14.1942,15.4607,229.1007,228.6741,236.15,193.3462,39.5127,0.8415
train,banana in basket,726,6,14,13,0.9487,14.1942,16.8571,229.1007,228.6741,226.214,158.124,39.5127,0.8705
train,banana in basket,726,6,19,5,0.9272,14.1942,16.5959,229.1007,228.6741,224.0498,178.8017,39.5127,0.8575
train,point to top drawer,1231,145,268,143,-0.9972,13.1955,6.6899,222.3188,215.8165,109.3198,40.546,-93.3697,0.0
train,point to top drawer,1231,145,266,106,-0.4221,13.1955,4.4265,222.3188,215.8165,63.0824,40.7824,-93.3697,0.0
train,point to top drawer,1231,145,267,100,-0.3126,13.1955,4.4633,222.3188,215.8165,87.6629,116.2257,-93.3697,0.0
train,point to top drawer,1231,145,265,100,-0.821,13.1955,13.8359,222.3188,215.8165,36.8002,45.6279,-93.3697,0.0
train,yellow brick on blue plate,1468,25,413,35,0.3768,15.8844,15.5324,225.911,219.9298,233.2496,164.6995,-55.4542,0.3726
train,yellow brick on blue plate,1468,25,410,15,-0.1323,15.8844,19.3205,225.911,219.9298,213.9685,187.8134,-55.4542,0.0
train,yellow brick on blue plate,1468,25,428,7,0.8547,15.8844,13.6173,225.911,219.9298,219.4265,160.3955,-55.4542,0.7914
train,yellow brick on blue plate,1468,25,380,26,-0.9113,15.8844,24.4544,225.911,219.9298,219.1301,190.5587,-55.4542,0.0
train,yellow brick next to stove,1419,34,356,53,-0.9279,13.676,6.9347,52.4093,224.275,231.8632,146.8404,40.7433,0.0
train,yellow brick next to stove,1419,34,353,38,-0.9778,13.676,13.5394,52.4093,224.275,228.0737,163.4621,40.7433,0.0
train,yellow brick next to stove,1419,34,358,38,-0.9923,13.676,2.6809,52.4093,224.275,238.1716,175.1425,40.7433,0.0
train,yellow brick next to stove,1419,34,354,39,-0.9663,13.676,9.0695,52.4093,224.275,231.3625,159.1734,40.7433,0.0
train,yellow brick on top of drawer,1596,137,469,138,0.9908,15.6802,8.4203,237.0737,132.7519,240.3665,158.5526,178.208,0.6114
train,yellow brick on top of drawer,1596,137,467,144,0.9758,15.6802,7.3879,237.0737,132.7519,235.0066,146.3025,178.208,0.4948
train,yellow brick on top of drawer,1596,137,470,137,0.9994,15.6802,11.1941,237.0737,132.7519,233.0625,124.5577,178.208,0.8444
train,yellow brick on top of drawer,1596,137,463,118,0.9999,15.6802,11.0897,237.0737,132.7519,221.6914,116.6304,178.208,0.8409
train,pink cup in basket,1173,145,236,111,0.7743,16.7314,15.8789,189.1861,164.6162,234.4703,151.2862,-178.185,0.7543
train,pink cup in basket,1173,145,234,119,0.7112,16.7314,24.3024,189.1861,164.6162,234.5826,67.606,-178.185,0.5901
train,pink cup in basket,1173,145,239,131,0.6851,16.7314,21.7173,189.1861,164.6162,231.1535,75.4392,-178.185,0.6014
train,pink cup in basket,1173,145,233,120,0.7452,16.7314,16.2126,189.1861,164.6162,232.6558,125.9802,-178.185,0.7336
train,yellow brick on blue plate,1458,25,392,16,0.752,14.2474,15.3957,233.2618,207.79,236.2842,168.1378,175.7272,0.7234
train,yellow brick on blue plate,1458,25,385,23,0.7883,14.2474,19.6069,233.2618,207.79,227.2069,161.3462,175.7272,0.6719
train,yellow brick on blue plate,1458,25,384,46,0.3153,14.2474,26.4845,233.2618,207.79,236.123,83.9044,175.7272,0.2312
train,yellow brick on blue plate,1458,25,420,38,0.4328,14.2474,24.7143,233.2618,207.79,234.1479,135.2517,175.7272,0.3286
train,open drawer and blue brick in drawer and close drawer,986,317,111,425,0.8683,17.554,13.1616,232.0407,218.033,224.5135,153.1195,-78.2502,0.7519
train,open drawer and blue brick in drawer and close drawer,986,317,116,389,0.9926,17.554,15.4421,232.0407,218.033,223.3737,167.3015,-78.2502,0.931
train,open drawer and blue brick in drawer and close drawer,986,317,110,402,0.92,17.554,17.3019,232.0407,218.033,228.7041,165.9959,-78.2502,0.9134
train,open drawer and blue brick in drawer and close drawer,986,317,115,405,0.9059,17.554,13.6563,232.0407,218.033,230.7082,138.7702,-78.2502,0.799
eval,banana in cardboard box,828,99,481,85,-0.9997,20.345,12.206,169.5597,120.2196,166.4367,86.1739,176.2035,0.0
eval,banana in cardboard box,828,99,492,100,-0.9754,20.345,20.2669,169.5597,120.2196,170.872,108.3303,176.2035,0.0
eval,banana in cardboard box,828,99,496,103,-0.9773,20.345,18.7844,169.5597,120.2196,156.9908,98.275,176.2035,0.0
eval,banana in cardboard box,828,99,505,89,0.9999,20.345,8.6292,169.5597,120.2196,166.759,57.8292,176.2035,0.5619
eval,banana in cardboard box,808,55,507,77,0.1072,16.2549,7.3725,210.7367,219.6477,218.3183,68.8785,-114.7586,0.0532
eval,banana in cardboard box,808,55,522,66,-0.4023,16.2549,16.4855,210.7367,219.6477,225.1723,67.7321,-114.7586,0.0
eval,banana in cardboard box,808,55,485,64,0.9051,16.2549,41.4808,210.7367,219.6477,177.6568,32.3045,-114.7586,0.5666
eval,banana in cardboard box,808,55,483,65,-0.9947,16.2549,20.8456,210.7367,219.6477,215.7473,44.1261,-114.7586,0.0
eval,banana in cardboard box,786,105,512,117,0.8365,19.0923,15.4579,200.8424,222.7341,195.5338,114.9832,55.4056,0.7526
eval,banana in cardboard box,786,105,487,133,0.6156,19.0923,16.2973,200.8424,222.7341,201.6207,97.3752,55.4056,0.5687
eval,banana in cardboard box,786,105,516,132,0.932,19.0923,34.239,200.8424,222.7341,201.1505,85.4535,55.4056,0.696
eval,banana in cardboard box,786,105,518,134,0.8896,19.0923,42.7839,200.8424,222.7341,202.4148,44.9807,55.4056,0.5943
eval,banana in cardboard box,794,205,487,251,-0.1572,13.0485,16.8459,226.518,197.5369,233.8485,37.4403,125.3429,0.0
eval,banana in cardboard box,794,205,528,232,-0.1813,13.0485,18.0302,226.518,197.5369,240.4962,54.9019,125.3429,0.0
eval,banana in cardboard box,794,205,509,227,-0.688,13.0485,12.7954,226.518,197.5369,235.0666,93.3843,125.3429,0.0
eval,banana in cardboard box,794,205,510,198,0.1477,13.0485,8.6451,226.518,197.5369,237.6823,145.517,125.3429,0.104
eval,banana in cardboard box,803,138,493,146,-0.0805,14.0568,17.505,237.1357,200.8409,204.5684,43.0595,146.5575,0.0
eval,banana in cardboard box,803,138,524,139,0.0866,14.0568,23.8272,237.1357,200.8409,216.06,36.0646,146.5575,0.0665
eval,banana in cardboard box,803,138,514,146,0.0481,14.0568,24.1128,237.1357,200.8409,216.5353,22.3904,146.5575,0.0368
eval,banana in cardboard box,803,138,510,143,-0.0174,14.0568,29.8611,237.1357,200.8409,225.9354,21.2018,146.5575,0.0
eval,banana in cardboard box,823,87,502,125,-0.5644,12.0118,27.3722,217.2176,227.6721,140.0819,164.9644,177.5123,0.0
eval,banana in cardboard box,823,87,508,137,-0.5059,12.0118,21.1207,217.2176,227.6721,136.4128,149.4825,177.5123,0.0
eval,banana in cardboard box,823,87,526,138,-0.5478,12.0118,28.2466,217.2176,227.6721,152.8302,162.364,177.5123,0.0
eval,banana in cardboard box,823,87,487,140,-0.7954,12.0118,19.6512,217.2176,227.6721,153.5674,104.9232,177.5123,0.0
eval,banana in cardboard box,788,116,501,170,0.7818,12.416,6.3039,230.2496,200.1891,240.5119,150.7173,149.6718,0.3512
eval,banana in cardboard box,788,116,524,143,0.1197,12.416,23.2837,230.2496,200.1891,231.0442,55.4637,149.6718,0.0874
eval,banana in cardboard box,788,116,528,141,0.6138,12.416,18.7339,230.2496,200.1891,236.3838,72.4621,149.6718,0.4997
eval,banana in cardboard box,788,116,512,161,0.1682,12.416,11.8158,230.2496,200.1891,239.5247,76.5852,149.6718,0.1641
eval,banana in cardboard box,816,214,516,255,0.932,22.882,14.8367,234.092,214.1495,221.7026,79.4703,-52.0201,0.7504
eval,banana in cardboard box,816,214,523,239,0.9839,22.882,1.4346,234.092,214.1495,241.8667,70.4029,-52.0201,0.0353
eval,banana in cardboard box,816,214,524,215,-0.9683,22.882,9.2675,234.092,214.1495,241.7072,107.5374,-52.0201,0.0
eval,banana in cardboard box,816,214,507,272,0.8166,22.882,7.2715,234.092,214.1495,235.0773,67.0874,-52.0201,0.3347
eval,banana in cardboard box,823,177,490,234,0.958,19.5613,10.0673,227.7855,221.1052,231.2354,78.4032,157.4649,0.6873
eval,banana in cardboard box,823,177,493,223,0.5843,19.5613,27.6964,227.7855,221.1052,229.3864,56.6146,157.4649,0.4911
eval,banana in cardboard box,823,177,514,235,-0.873,19.5613,6.0064,227.7855,221.1052,221.0778,72.9792,157.4649,0.0
eval,banana in cardboard box,823,177,529,257,0.8161,19.5613,10.3436,227.7855,221.1052,217.9441,80.4672,157.4649,0.5934
eval,banana in cardboard box,828,47,521,50,0.8967,17.1048,34.7866,224.878,179.8851,185.5562,35.3025,155.7018,0.6288
eval,banana in cardboard box,828,47,494,51,0.9095,17.1048,32.9269,224.878,179.8851,222.4321,56.9243,155.7018,0.6555
eval,banana in cardboard box,828,47,489,47,0.5298,17.1048,9.3601,224.878,179.8851,232.5602,116.3381,155.7018,0.3668
eval,banana in cardboard box,828,47,506,48,0.5675,17.1048,4.9066,224.878,179.8851,231.4133,101.1668,155.7018,0.1491
eval,banana in cardboard box,802,117,516,148,0.594,20.5833,33.2518,225.1347,216.4962,230.7595,57.0961,41.6311,0.4674
eval,banana in cardboard box,802,117,488,159,0.7295,20.5833,32.4528,225.1347,216.4962,160.972,34.577,41.6311,0.5809
eval,banana in cardboard box,802,117,530,179,0.1044,20.5833,29.8071,225.1347,216.4962,201.9151,31.2557,41.6311,0.0868
eval,banana in cardboard box,802,117,522,147,0.8237,20.5833,33.4747,225.1347,216.4962,223.8729,32.9436,41.6311,0.6459
eval,banana in cardboard box,827,48,517,64,0.8814,14.0983,12.1616,225.1764,235.6538,220.0402,39.8856,107.7051,0.8187
eval,banana in cardboard box,827,48,529,48,0.0056,14.0983,13.2995,225.1764,235.6538,238.6146,42.5801,107.7051,0.0055
eval,banana in cardboard box,827,48,515,53,-0.7638,14.0983,30.2352,225.1764,235.6538,221.8094,53.4469,107.7051,0.0
eval,banana in cardboard box,827,48,496,39,-0.8018,14.0983,13.842,225.1764,235.6538,228.6807,158.1185,107.7051,0.0
eval,banana in cardboard box,806,191,522,270,0.1553,18.5196,0.5592,235.9725,226.1795,206.6186,57.6327,151.3189,0.0015
eval,banana in cardboard box,806,191,484,242,-0.998,18.5196,9.0853,235.9725,226.1795,234.8556,141.788,151.3189,0.0
eval,banana in cardboard box,806,191,518,234,0.1158,18.5196,30.8099,235.9725,226.1795,236.3111,39.8129,151.3189,0.0898
eval,banana in cardboard box,806,191,519,227,0.0473,18.5196,37.0381,235.9725,226.1795,230.4428,26.457,151.3189,0.0334
eval,banana in cardboard box,781,187,500,252,0.3021,12.0255,32.0381,230.5277,218.7555,233.6721,40.5846,173.6987,0.1851
eval,banana in cardboard box,781,187,505,236,0.3902,12.0255,8.4877,230.5277,218.7555,229.119,99.0086,173.6987,0.2783
eval,banana in cardboard box,781,187,528,241,0.3524,12.0255,23.1708,230.5277,218.7555,229.8582,49.1378,173.6987,0.2538
eval,banana in cardboard box,781,187,502,232,0.5404,12.0255,11.1909,230.5277,218.7555,238.8027,147.5221,173.6987,0.5214
eval,banana in cardboard box,785,17,528,11,0.9878,14.0679,8.9936,224.3589,235.271,240.5353,198.7011,70.2211,0.7103
eval,banana in cardboard box,785,17,497,20,1.0,14.0679,10.5509,224.3589,235.271,228.0768,187.5236,70.2211,0.866
eval,banana in cardboard box,785,17,516,7,0.9859,14.0679,8.8762,224.3589,235.271,238.6248,215.7306,70.2211,0.6951
eval,banana in cardboard box,785,17,502,14,0.8403,14.0679,5.24,224.3589,235.271,235.3193,181.9415,70.2211,0.2687
eval,banana in cardboard box,790,38,500,28,0.9325,15.4908,9.0618,232.1327,201.4306,232.3625,161.2389,137.0966,0.6463
eval,banana in cardboard box,790,38,514,28,0.9879,15.4908,7.4321,232.1327,201.4306,225.3193,171.2145,137.0966,0.5086
eval,banana in cardboard box,790,38,481,35,0.186,15.4908,15.5996,232.1327,201.4306,223.5043,71.8948,137.0966,0.1853
eval,banana in cardboard box,790,38,513,54,0.9966,15.4908,28.2739,232.1327,201.4306,230.2994,124.1901,137.0966,0.7377
eval,banana in cardboard box,829,78,507,96,0.8542,14.6695,25.0327,196.7728,184.3823,203.1413,61.9802,-152.153,0.6539
eval,banana in cardboard box,829,78,501,95,0.9997,14.6695,14.3199,196.7728,184.3823,194.3803,123.4703,-152.153,0.9877
eval,banana in cardboard box,829,78,496,90,0.8511,14.6695,21.3676,196.7728,184.3823,164.2654,62.6695,-152.153,0.7052
eval,banana in cardboard box,829,78,495,113,0.8572,14.6695,11.9431,196.7728,184.3823,175.1108,149.6207,-152.153,0.7735
eval,banana in cardboard box,813,148,508,224,0.9839,21.0556,11.9951,231.2517,211.0615,232.9019,131.245,141.6575,0.7426
eval,banana in cardboard box,813,148,482,206,0.8933,21.0556,13.2937,231.2517,211.0615,231.4952,85.7163,141.6575,0.7098
eval,banana in cardboard box,813,148,520,201,0.9353,21.0556,11.602,231.2517,211.0615,195.7555,71.3879,141.6575,0.6943
eval,banana in cardboard box,813,148,523,193,0.589,21.0556,1.0592,231.2517,211.0615,242.7097,134.7911,141.6575,0.014
eval,banana in cardboard box,823,103,502,152,-0.9386,26.5175,24.937,231.9619,227.8729,221.5145,38.5831,-21.5988,0.0
eval,banana in cardboard box,823,103,494,132,0.9129,26.5175,31.1042,231.9619,227.8729,166.816,94.4743,-21.5988,0.8429
eval,banana in cardboard box,823,103,524,130,0.9529,26.5175,37.1309,231.9619,227.8729,178.0447,102.3355,-21.5988,0.8053
eval,banana in cardboard box,823,103,483,154,0.9579,26.5175,26.3983,231.9619,227.8729,186.8892,125.4835,-21.5988,0.9558
eval,banana in cardboard box,829,35,494,44,-0.2939,13.943,3.1989,226.1683,216.9024,229.3584,95.1576,-22.5934,0.0
eval,banana in cardboard box,829,35,489,54,-0.583,13.943,25.8983,226.1683,216.9024,233.0092,88.4225,-22.5934,0.0
eval,banana in cardboard box,829,35,522,33,-0.2723,13.943,27.118,226.1683,216.9024,222.1439,186.1495,-22.5934,0.0
eval,banana in cardboard box,829,35,516,41,-0.5716,13.943,14.3736,226.1683,216.9024,238.8805,91.0361,-22.5934,0.0
eval,banana in cardboard box,829,120,518,146,0.2796,19.5532,19.4807,226.1749,227.0819,224.848,31.7575,59.4044,0.2791
eval,banana in cardboard box,829,120,484,140,0.3328,19.5532,20.086,226.1749,227.0819,147.2954,84.6838,59.4044,0.3284
eval,banana in cardboard box,829,120,490,161,-0.1732,19.5532,6.9595,226.1749,227.0819,236.4479,108.5094,59.4044,0.0
eval,banana in cardboard box,829,120,510,124,0.526,19.5532,25.714,226.1749,227.0819,197.2227,93.2689,59.4044,0.4587
eval,banana in cardboard box,801,103,511,127,0.5169,16.0898,5.6253,207.088,227.0641,214.9502,92.4652,147.9158,0.1719
eval,banana in cardboard box,801,103,518,130,-0.8293,16.0898,30.7695,207.088,227.0641,151.3976,99.7753,147.9158,0.0
eval,banana in cardboard box,801,103,524,113,0.9457,16.0898,12.5801,207.088,227.0641,235.3508,116.9731,147.9158,0.8362
eval,banana in cardboard box,801,103,514,116,0.5757,16.0898,8.7258,207.088,227.0641,186.4997,109.7473,147.9158,0.37
eval,banana in cardboard box,813,5,489,12,0.9785,15.8615,7.8244,223.6919,229.0707,242.5363,201.7295,102.0608,0.5378
eval,banana in cardboard box,813,5,484,11,0.9923,15.8615,7.4845,223.6919,229.0707,240.7524,214.6309,102.0608,0.5102
eval,banana in cardboard box,813,5,504,5,0.9833,15.8615,8.02,223.6919,229.0707,239.3071,199.4718,102.0608,0.5607
eval,banana in cardboard box,813,5,514,19,0.9968,15.8615,8.4393,223.6919,229.0707,239.3279,207.2491,102.0608,0.6136
eval,banana in cardboard box,800,112,520,134,-0.6898,14.884,21.4682,225.5247,227.8348,222.306,83.6096,-163.0406,0.0
eval,banana in cardboard box,800,112,496,144,0.9377,14.884,30.3228,225.5247,227.8348,210.6472,41.5018,-163.0406,0.6569
eval,banana in cardboard box,800,112,493,110,-0.9795,14.884,16.1059,225.5247,227.8348,140.2288,117.3706,-163.0406,0.0
eval,banana in cardboard box,800,112,530,138,-0.9959,14.884,7.9929,225.5247,227.8348,180.513,132.6889,-163.0406,0.0
eval,banana in cardboard box,804,155,488,229,0.9992,13.8835,13.4972,238.7585,220.2883,232.6411,96.639,178.3246,0.9852
eval,banana in cardboard box,804,155,495,218,0.9982,13.8835,6.4458,238.7585,220.2883,223.5089,131.8912,178.3246,0.4384
eval,banana in cardboard box,804,155,484,245,-0.2932,13.8835,5.3745,238.7585,220.2883,238.3706,99.1474,178.3246,0.0
eval,banana in cardboard box,804,155,481,202,0.9653,13.8835,7.9475,238.7585,220.2883,242.4459,165.2379,178.3246,0.5804
eval,banana in cardboard box,828,122,486,127,0.9841,19.0566,18.3509,220.6304,211.9207,227.3477,85.3315,25.0427,0.9657
eval,banana in cardboard box,828,122,505,121,0.9456,19.0566,26.9463,220.6304,211.9207,128.1179,100.8419,25.0427,0.7952
eval,banana in cardboard box,828,122,525,131,0.9832,19.0566,26.0984,220.6304,211.9207,148.694,115.8699,25.0427,0.8401
eval,banana in cardboard box,828,122,499,118,0.9833,19.0566,16.9506,220.6304,211.9207,150.547,131.9837,25.0427,0.9274
eval,banana in cardboard box,829,35,517,40,0.1798,13.943,12.4533,226.1683,216.9024,233.3274,106.7992,-22.5934,0.17
eval,banana in cardboard box,829,35,492,48,-0.5412,13.943,21.1768,226.1683,216.9024,233.8902,76.8922,-22.5934,0.0
eval,banana in cardboard box,829,35,526,33,-0.7376,13.943,5.6398,226.1683,216.9024,238.3528,120.1042,-22.5934,0.0
eval,banana in cardboard box,829,35,525,61,-0.5282,13.943,34.1567,226.1683,216.9024,220.5119,95.5562,-22.5934,0.0
eval,banana in cardboard box,792,90,524,112,0.9948,20.3769,16.7954,204.9619,214.7753,153.8648,125.635,38.1415,0.9032
eval,banana in cardboard box,792,90,488,134,0.9784,20.3769,16.9486,204.9619,214.7753,169.0524,102.5796,38.1415,0.8923
eval,banana in cardboard box,792,90,490,116,0.9996,20.3769,24.5324,204.9619,214.7753,207.5557,91.0234,38.1415,0.9111
eval,banana in cardboard box,792,90,526,121,0.9469,20.3769,27.175,204.9619,214.7753,148.0269,157.2857,38.1415,0.82
eval,banana in cardboard box,800,97,481,98,0.8301,19.4813,7.4275,185.0346,229.3945,169.0041,119.3432,71.6704,0.3807
eval,banana in cardboard box,800,97,483,111,0.9897,19.4813,24.7145,185.0346,229.3945,148.7356,122.1129,71.6704,0.8787
eval,banana in cardboard box,800,97,494,105,0.9945,19.4813,27.863,185.0346,229.3945,176.154,109.6558,71.6704,0.8315
eval,banana in cardboard box,800,97,496,121,0.978,19.4813,24.9818,185.0346,229.3945,149.2649,113.9837,71.6704,0.8636
eval,banana in cardboard box,809,133,496,131,0.954,25.8616,20.2389,200.1052,219.6741,147.0707,130.06,-22.3182,0.8439
eval,banana in cardboard box,809,133,499,134,0.9477,25.8616,25.5467,200.1052,219.6741,138.5048,101.5419,-22.3182,0.942
eval,banana in cardboard box,809,133,522,164,0.9385,25.8616,25.3489,200.1052,219.6741,230.2298,46.3127,-22.3182,0.9292
eval,banana in cardboard box,809,133,528,132,0.9583,25.8616,19.8382,200.1052,219.6741,162.1881,91.9639,-22.3182,0.8393
eval,salt on pink plate,1676,44,672,71,0.3397,27.2453,35.8109,214.8699,215.1993,201.9919,37.8566,145.668,0.2963
eval,salt on pink plate,1676,44,669,60,0.289,27.2453,41.7907,214.8699,215.1993,200.2023,62.9847,145.668,0.2333
eval,salt on pink plate,1676,44,667,71,0.1717,27.2453,29.7221,214.8699,215.1993,186.6345,64.3091,145.668,0.1644
eval,salt on pink plate,1676,44,664,54,0.1617,27.2453,35.4693,214.8699,215.1993,215.9481,56.4957,145.668,0.1417
eval,push milk to the right,11011,43,10001,51,-0.947,26.0854,33.4971,227.8876,233.1754,206.6457,62.4118,1.2913,0.0
eval,push milk to the right,11011,43,10005,42,-0.8686,26.0854,26.4182,227.8876,233.1754,168.4382,95.9598,1.2913,0.0
eval,push milk to the right,11011,43,10003,34,-0.3463,26.0854,24.7816,227.8876,233.1754,221.5852,116.0285,1.2913,0.0
eval,push milk to the right,11011,43,10007,49,-0.2167,26.0854,14.0632,227.8876,233.1754,179.6533,118.2344,1.2913,0.0
eval,banana in black bowl (new background),13043,55,12005,85,0.4635,23.914,6.8915,188.1017,231.9919,202.0463,146.5816,-88.4413,0.1715
eval,banana in black bowl (new background),13043,55,12002,80,0.3682,23.914,7.1141,188.1017,231.9919,192.9527,143.7916,-88.4413,0.1429
eval,banana in black bowl (new background),13043,55,12000,84,0.6051,23.914,6.4128,188.1017,231.9919,165.7397,158.061,-88.4413,0.201
eval,banana in black bowl (new background),13043,55,12004,84,0.6195,23.914,6.5728,188.1017,231.9919,155.3625,142.8038,-88.4413,0.2135
eval,push milk to the right,11045,92,10008,101,0.8911,14.9645,10.3197,171.3767,169.7102,160.4509,162.3986,2.3949,0.74
eval,push milk to the right,11045,92,10003,82,0.7958,14.9645,10.9085,171.3767,169.7102,181.455,151.1957,2.3949,0.6794
eval,push milk to the right,11045,92,10006,82,0.9278,14.9645,9.8342,171.3767,169.7102,162.0183,126.8317,2.3949,0.7397
eval,push milk to the right,11045,92,10005,81,0.9323,14.9645,4.7597,171.3767,169.7102,146.0432,133.6878,2.3949,0.2503
eval,banana in black bowl,879,84,532,102,0.9862,27.2304,12.7973,185.3335,221.5313,208.455,97.1591,39.3944,0.676
eval,banana in black bowl,879,84,560,104,0.9244,27.2304,16.6348,185.3335,221.5313,146.8922,119.7306,39.3944,0.7225
eval,banana in black bowl,879,84,536,103,0.9348,27.2304,11.1494,185.3335,221.5313,195.182,154.3915,39.3944,0.5981
eval,banana in black bowl,879,84,571,107,0.8067,27.2304,12.0105,185.3335,221.5313,184.3086,73.8643,39.3944,0.5358
eval,banana in black bowl,869,113,537,130,-0.0051,13.2898,22.4042,236.2745,203.3482,199.0336,25.2374,138.1911,0.0
eval,banana in black bowl,869,113,544,146,0.1167,13.2898,19.4473,236.2745,203.3482,208.0336,25.1708,138.1911,0.0964
eval,banana in black bowl,869,113,551,117,0.1033,13.2898,10.112,236.2745,203.3482,198.6655,119.0224,138.1911,0.0901
eval,banana in black bowl,869,113,548,123,0.4605,13.2898,7.5002,236.2745,203.3482,197.666,153.2095,138.1911,0.2595
eval,milk on pink plate,1633,38,610,62,-0.7093,18.6456,32.6995,233.3676,218.1769,183.7911,43.9675,4.8931,0.0
eval,milk on pink plate,1633,38,611,58,0.3629,18.6456,21.1094,233.3676,218.1769,187.3991,29.5114,4.8931,0.3411
eval,milk on pink plate,1633,38,586,38,-0.414,18.6456,5.2253,233.3676,218.1769,238.8104,190.4977,4.8931,0.0
eval,milk on pink plate,1633,38,585,40,-0.9995,18.6456,18.594,233.3676,218.1769,235.5292,147.9939,4.8931,0.0
eval,push milk to the right,11034,74,10003,72,0.3914,36.5383,11.9556,197.694,202.4001,167.911,155.5689,100.0735,0.2239
eval,push milk to the right,11034,74,10008,80,0.2985,36.5383,12.4423,197.694,202.4001,141.3838,174.5404,100.0735,0.1742
eval,push milk to the right,11034,74,10009,78,0.0021,36.5383,11.0714,197.694,202.4001,173.4718,107.5475,100.0735,0.0012
eval,push milk to the right,11034,74,10002,85,0.0495,36.5383,8.3167,197.694,202.4001,170.6512,127.1967,100.0735,0.0196
eval,banana in black bowl (new background),13036,24,12009,44,-0.9571,21.5834,28.5068,231.3655,222.6131,217.7783,74.5435,13.4757,0.0
eval,banana in black bowl (new background),13036,24,12000,48,-0.9738,21.5834,11.7392,231.3655,222.6131,165.8704,135.8541,13.4757,0.0
eval,banana in black bowl (new background),13036,24,12008,25,-0.9459,21.5834,20.7516,231.3655,222.6131,218.2832,166.5369,13.4757,0.0
eval,banana in black bowl (new background),13036,24,12007,28,-0.704,21.5834,12.981,231.3655,222.6131,236.7082,193.1845,13.4757,0.0
eval,banana in black bowl (new background),13022,58,12000,81,-0.8394,12.6293,37.3703,227.3279,190.6055,221.3686,176.5516,-106.0897,0.0
eval,banana in black bowl (new background),13022,58,12004,98,-0.7836,12.6293,37.5924,227.3279,190.6055,198.9776,75.3086,-106.0897,0.0
eval,banana in black bowl (new background),13022,58,12007,87,-0.7759,12.6293,30.8268,227.3279,190.6055,220.365,198.6675,-106.0897,0.0
eval,banana in black bowl (new background),13022,58,12003,91,-0.9393,12.6293,15.751,227.3279,190.6055,198.7611,105.5704,-106.0897,0.0
eval,salt on pink plate,1703,60,680,65,0.7861,17.9195,15.4091,225.5953,222.1586,204.8993,73.0849,-82.7733,0.729
eval,salt on pink plate,1703,60,667,80,0.7757,17.9195,13.3251,225.5953,222.1586,191.5846,97.1668,-82.7733,0.6689
eval,salt on pink plate,1703,60,644,81,0.8611,17.9195,12.1925,225.5953,222.1586,171.1637,76.1012,-82.7733,0.7103
eval,salt on pink plate,1703,60,633,91,0.9201,17.9195,10.361,225.5953,222.1586,156.364,128.3721,-82.7733,0.6997
eval,milk on pink plate,1661,36,591,51,0.7479,21.7236,30.3599,234.9756,212.5099,221.9166,26.9156,125.2625,0.6326
eval,milk on pink plate,1661,36,611,39,0.9255,21.7236,31.3165,234.9756,212.5099,229.4128,95.2044,125.2625,0.7709
eval,milk on pink plate,1661,36,606,25,-0.9956,21.7236,10.0608,234.9756,212.5099,231.6065,109.9359,125.2625,0.0
eval,milk on pink plate,1661,36,598,25,0.2223,21.7236,14.5462,234.9756,212.5099,223.4987,141.7402,125.2625,0.1819
eval,push milk to the right,11026,74,10009,66,0.9834,26.0505,11.5899,180.5633,205.727,149.393,131.0051,16.1107,0.6559
eval,push milk to the right,11026,74,10005,87,0.9902,26.0505,14.4374,180.5633,205.727,152.1662,123.7285,16.1107,0.7372
eval,push milk to the right,11026,74,10004,75,0.9982,26.0505,28.4656,180.5633,205.727,154.2206,126.8149,16.1107,0.9549
eval,push milk to the right,11026,74,10003,105,0.9626,26.0505,24.0881,180.5633,205.727,223.3386,134.9863,16.1107,0.9256
eval,push milk to the right,11030,55,10004,44,0.969,13.9226,14.7057,198.7123,225.5552,179.755,107.9619,-174.829,0.9428
eval,push milk to the right,11030,55,10008,62,0.9635,13.9226,9.6267,198.7123,225.5552,200.1235,153.9944,-174.829,0.7713
eval,push milk to the right,11030,55,10000,75,0.8405,13.9226,9.5873,198.7123,225.5552,186.8724,91.1917,-174.829,0.6687
eval,push milk to the right,11030,55,10003,57,0.9856,13.9226,11.4808,198.7123,225.5552,181.7646,163.0981,-174.829,0.895
eval,milk on pink plate,1649,99,600,134,0.9764,26.2179,17.8471,216.3849,198.8083,164.1235,125.2506,-34.517,0.8056
eval,milk on pink plate,1649,99,609,127,0.9288,26.2179,14.8437,216.3849,198.8083,147.7555,143.1154,-34.517,0.6989
eval,milk on pink plate,1649,99,617,109,0.9339,26.2179,22.4053,216.3849,198.8083,227.9919,80.0036,-34.517,0.8634
eval,milk on pink plate,1649,99,619,103,0.9928,26.2179,17.0445,216.3849,198.8083,147.4728,107.9146,-34.517,0.8005
eval,banana in black bowl (new background),13048,92,12003,92,0.9112,27.9729,37.8454,228.3111,159.2659,210.0473,49.1495,29.757,0.7834
eval,banana in black bowl (new background),13048,92,12004,111,0.9201,27.9729,17.8958,228.3111,159.2659,223.0778,103.5887,29.757,0.7359
eval,banana in black bowl (new background),13048,92,12009,102,0.8385,27.9729,35.5916,228.3111,159.2659,196.9481,50.5791,29.757,0.7434
eval,banana in black bowl (new background),13048,92,12007,114,0.8999,27.9729,35.834,228.3111,159.2659,206.8038,94.4026,29.757,0.7951
eval,banana in black bowl,876,30,559,38,-0.1612,17.4025,25.8901,201.6451,221.9232,229.6995,63.9949,-3.9997,0.0
eval,banana in black bowl,876,30,567,45,-0.6793,17.4025,7.0273,201.6451,221.9232,239.575,144.2852,-3.9997,0.0
eval,banana in black bowl,876,30,561,46,0.9972,17.4025,29.9518,201.6451,221.9232,222.4093,41.6197,-3.9997,0.7601
eval,banana in black bowl,876,30,569,41,-0.5689,17.4025,12.65,201.6451,221.9232,228.8851,160.6914,-3.9997,0.0
eval,milk on pink plate,1650,89,624,147,-0.9714,18.1891,2.8765,214.85,183.2201,238.3305,108.153,-129.052,0.0
eval,milk on pink plate,1650,89,582,150,0.9901,18.1891,23.28,214.85,183.2201,228.3889,80.517,-129.052,0.8752
eval,milk on pink plate,1650,89,607,134,0.9941,18.1891,15.8235,214.85,183.2201,188.2176,156.4606,-129.052,0.9272
eval,milk on pink plate,1650,89,596,117,0.9974,18.1891,16.5987,214.85,183.2201,194.7936,142.8871,-129.052,0.9528
eval,banana in black bowl,854,30,533,42,-0.4521,17.7749,22.2152,227.2816,211.9156,227.4408,99.0122,-40.6787,0.0
eval,banana in black bowl,854,30,548,38,0.6304,17.7749,6.9258,227.2816,211.9156,237.9639,197.9725,-40.6787,0.2725
eval,banana in black bowl,854,30,575,25,0.9676,17.7749,16.0622,227.2816,211.9156,236.4433,137.1942,-40.6787,0.9198
eval,banana in black bowl,854,30,563,40,-0.9443,17.7749,2.5219,227.2816,211.9156,241.8475,104.7895,-40.6787,0.0
eval,push milk to the right,11044,44,10002,55,0.7445,32.999,18.642,204.6375,206.1444,156.4403,90.1088,169.8944,0.5596
eval,push milk to the right,11044,44,10004,47,0.8635,32.999,14.3903,204.6375,206.1444,169.8083,119.9314,169.8944,0.5702
eval,push milk to the right,11044,44,10003,64,0.9962,32.999,19.0341,204.6375,206.1444,189.4113,224.9451,169.8944,0.7566
eval,push milk to the right,11044,44,10000,45,0.6507,32.999,30.448,204.6375,206.1444,169.9085,61.6904,169.8944,0.6251
eval,banana in black bowl (new background),13003,43,12005,40,-0.9765,19.0566,19.6976,224.2161,208.5902,223.1078,176.7092,14.4268,0.0
eval,banana in black bowl (new background),13003,43,12003,28,-0.9942,19.0566,33.3492,224.2161,208.5902,204.8271,107.5287,14.4268,0.0
eval,banana in black bowl (new background),13003,43,12001,63,-0.9828,19.0566,16.0419,224.2161,208.5902,207.2999,130.0427,14.4268,0.0
eval,banana in black bowl (new background),13003,43,12006,55,-0.9996,19.0566,24.1462,224.2161,208.5902,207.2857,176.573,14.4268,0.0
eval,salt on pink plate,1717,77,666,127,0.943,29.4131,21.9241,207.1815,230.9888,122.0534,142.2247,86.3457,0.8142
eval,salt on pink plate,1717,77,644,102,0.7309,29.4131,16.7136,207.1815,230.9888,188.3447,110.9334,86.3457,0.5509
eval,salt on pink plate,1717,77,657,123,-0.6363,29.4131,17.9882,207.1815,230.9888,224.2201,65.4016,86.3457,0.0
eval,salt on pink plate,1717,77,671,113,0.6204,29.4131,32.6079,207.1815,230.9888,156.0315,127.5806,86.3457,0.5892
eval,milk on pink plate,1660,85,613,88,0.77,30.2264,24.909,143.2501,233.5084,228.0351,96.3762,80.925,0.699
eval,milk on pink plate,1660,85,582,98,0.2102,30.2264,18.8181,143.2501,233.5084,126.9497,66.0935,80.925,0.1659
eval,milk on pink plate,1660,85,626,86,0.6484,30.2264,21.3829,143.2501,233.5084,224.5638,53.7316,80.925,0.5453
eval,milk on pink plate,1660,85,610,87,0.3368,30.2264,21.8425,143.2501,233.5084,204.8856,65.5694,80.925,0.2863
eval,milk on pink plate,1664,84,582,122,-0.7606,14.1578,22.7952,231.1057,208.0564,194.2461,96.4881,149.2126,0.0
eval,milk on pink plate,1664,84,601,96,-0.8805,14.1578,33.0491,231.1057,208.0564,167.2496,112.5404,149.2126,0.0
eval,milk on pink plate,1664,84,588,110,-0.7994,14.1578,21.5847,231.1057,208.0564,167.0025,135.6584,149.2126,0.0
eval,milk on pink plate,1664,84,617,106,-0.8163,14.1578,25.5175,231.1057,208.0564,220.3889,84.5267,149.2126,0.0
eval,salt on pink plate,1675,108,651,129,0.1654,13.2389,11.3605,191.5465,183.5226,224.9761,90.2237,-95.2116,0.1532
eval,salt on pink plate,1675,108,648,134,-0.2176,13.2389,11.1574,191.5465,183.5226,203.7397,137.331,-95.2116,0.0
eval,salt on pink plate,1675,108,677,134,0.1862,13.2389,19.6774,191.5465,183.5226,205.9512,60.8943,-95.2116,0.1527
eval,salt on pink plate,1675,108,676,143,-0.0778,13.2389,34.3928,191.5465,183.5226,179.8821,93.303,-95.2116,0.0
eval,milk on pink plate,1640,98,620,130,0.222,13.1219,9.3366,239.3076,189.4764,242.2689,107.911,134.9158,0.1748
eval,milk on pink plate,1640,98,593,123,0.6067,13.1219,1.2301,239.3076,189.4764,190.0534,139.5079,134.9158,0.0229
eval,milk on pink plate,1640,98,604,120,0.2676,13.1219,14.1956,239.3076,189.4764,240.6884,93.2171,134.9158,0.2573
eval,milk on pink plate,1640,98,622,125,0.8893,13.1219,2.9105,239.3076,189.4764,213.1479,171.0996,134.9158,0.1219
eval,milk on pink plate,1637,43,621,71,0.7952,12.8532,24.1402,192.4992,207.1708,181.2415,50.1368,-164.1594,0.5803
eval,milk on pink plate,1637,43,581,75,0.7754,12.8532,37.6357,192.4992,207.1708,202.4743,29.0941,-164.1594,0.4532
eval,milk on pink plate,1637,43,597,46,0.5637,12.8532,32.1429,192.4992,207.1708,230.5247,62.9263,-164.1594,0.3564
eval,milk on pink plate,1637,43,592,59,0.8317,12.8532,27.1701,192.4992,207.1708,191.5013,28.4087,-164.1594,0.572
eval,banana in cardboard box,799,94,526,141,0.9998,18.0835,25.5343,184.7621,234.123,143.0122,172.4164,72.5035,0.8414
eval,banana in cardboard box,799,94,507,113,0.9634,18.0835,30.5917,184.7621,234.123,171.6502,107.3376,72.5035,0.7407
eval,banana in cardboard box,799,94,481,108,0.4803,18.0835,6.7813,184.7621,234.123,170.6797,107.5475,72.5035,0.1994
eval,banana in cardboard box,799,94,484,107,1.0,18.0835,20.9909,184.7621,234.123,144.7478,97.9065,72.5035,0.9282
eval,banana in cardboard box,787,131,527,136,0.0593,14.5645,8.2957,235.7463,195.7229,238.3462,137.5618,141.9544,0.0371
eval,banana in cardboard box,787,131,497,151,0.991,14.5645,3.4997,235.7463,195.7229,237.6919,101.517,141.9544,0.17
eval,banana in cardboard box,787,131,517,157,0.3445,14.5645,3.3623,235.7463,195.7229,240.1169,128.1896,141.9544,0.0556
eval,banana in cardboard box,787,131,481,145,0.8342,14.5645,0.7938,235.7463,195.7229,242.0951,120.7112,141.9544,0.0155
eval,banana in cardboard box,787,109,517,118,0.9661,16.0754,23.6866,231.2272,217.8312,234.1729,112.2283,-21.5995,0.7959
eval,banana in cardboard box,787,109,481,98,0.9983,16.0754,6.9219,231.2272,217.8312,187.453,102.5018,-21.5995,0.4535
eval,banana in cardboard box,787,109,510,118,0.9313,16.0754,28.3473,231.2272,217.8312,157.3203,110.8993,-21.5995,0.7013
eval,banana in cardboard box,787,109,494,131,0.9388,16.0754,32.9213,231.2272,217.8312,183.1098,79.5643,-21.5995,0.656
eval,milk on pink plate,1668,117,630,128,-0.8745,17.8203,25.8183,220.9024,228.8155,229.7178,77.03,-138.9933,0.0
eval,milk on pink plate,1668,117,629,125,-0.9225,17.8203,14.2828,220.9024,228.8155,222.7036,79.6762,-138.9933,0.0
eval,milk on pink plate,1668,117,611,130,-0.9992,17.8203,14.0976,220.9024,228.8155,192.94,117.181,-138.9933,0.0
eval,milk on pink plate,1668,117,584,133,-0.8288,17.8203,23.4423,220.9024,228.8155,139.6675,117.4703,-138.9933,0.0
eval,milk on pink plate,1668,186,614,211,0.7939,18.0741,9.5078,230.1118,223.3228,240.9019,89.3177,-113.6927,0.5474
eval,milk on pink plate,1668,186,621,190,0.9976,18.0741,6.7318,230.1118,223.3228,244.2125,101.0193,-113.6927,0.4099
eval,milk on pink plate,1668,186,597,176,0.999,18.0741,8.2068,230.1118,223.3228,238.425,127.0468,-113.6927,0.5524
eval,milk on pink plate,1668,186,593,179,0.9986,18.0741,9.6064,230.1118,223.3228,228.4926,142.9629,-113.6927,0.6994
eval,banana in black bowl,867,15,552,16,-0.5408,15.4717,12.6116,236.6792,209.151,233.6899,224.9614,-52.3063,0.0
eval,banana in black bowl,867,15,539,6,0.2508,15.4717,8.9097,236.6792,209.151,237.7372,177.0412,-52.3063,0.1696
eval,banana in black bowl,867,15,563,5,-0.7289,15.4717,18.4585,236.6792,209.151,235.6197,203.2969,-52.3063,0.0
eval,banana in black bowl,867,15,532,31,0.2228,15.4717,10.5397,236.6792,209.151,241.2522,211.486,-52.3063,0.1839
eval,banana in black bowl (new background),13002,88,12000,98,0.9137,17.0013,30.9623,171.7966,231.7209,165.5104,153.3716,38.0501,0.6771
eval,banana in black bowl (new background),13002,88,12008,72,0.8831,17.0013,27.3317,171.7966,231.7209,199.5226,158.5897,38.0501,0.6965
eval,banana in black bowl (new background),13002,88,12006,81,0.9945,17.0013,39.1569,171.7966,231.7209,218.362,149.7204,38.0501,0.6553
eval,banana in black bowl (new background),13002,88,12007,72,0.9792,17.0013,39.8264,171.7966,231.7209,167.2257,191.9568,38.0501,0.6398
eval,push milk to the right,11021,29,10001,33,0.8751,17.2602,39.6023,235.5379,203.9339,227.4021,49.3066,-128.5162,0.5777
eval,push milk to the right,11021,29,10003,47,0.6739,17.2602,16.2012,235.5379,203.9339,176.5663,111.0015,-128.5162,0.6529
eval,push milk to the right,11021,29,10006,33,0.9001,17.2602,39.9469,235.5379,203.9339,209.9659,58.76,-128.5162,0.5917
eval,push milk to the right,11021,29,10008,41,0.7575,17.2602,12.2817,235.5379,203.9339,180.7539,102.9898,-128.5162,0.639
eval,salt on pink plate,1679,18,677,19,-0.3224,13.2178,15.0994,217.5501,172.3721,232.6141,187.667,-22.3809,0.0
eval,salt on pink plate,1679,18,663,18,-0.8174,13.2178,17.8581,217.5501,172.3721,236.6512,173.5648,-22.3809,0.0
eval,salt on pink plate,1679,18,675,22,0.0651,13.2178,24.6321,217.5501,172.3721,228.694,181.091,-22.3809,0.0477
eval,salt on pink plate,1679,18,670,22,0.2344,13.2178,9.3621,217.5501,172.3721,238.3269,151.7687,-22.3809,0.1847
eval,banana in cardboard box,784,68,526,83,0.9842,12.0842,13.4268,201.12,178.7112,182.8058,98.5053,-130.4911,0.9337
eval,banana in cardboard box,784,68,502,90,0.999,12.0842,16.1439,201.12,178.7112,196.8821,52.6563,-130.4911,0.8643
eval,banana in cardboard box,784,68,489,100,0.9992,12.0842,13.8842,201.12,178.7112,215.0325,63.4448,-130.4911,0.9322
eval,banana in cardboard box,784,68,490,78,1.0,12.0842,13.1522,201.12,178.7112,203.9502,86.6558,-130.4911,0.9585
eval,salt on pink plate,1702,39,635,52,0.8587,16.6978,20.8678,218.8246,228.2593,232.3721,39.5663,-17.3659,0.7681
eval,salt on pink plate,1702,39,640,49,-0.9184,16.6978,7.8837,218.8246,228.2593,238.2323,123.6817,-17.3659,0.0
eval,salt on pink plate,1702,39,643,53,0.829,16.6978,17.4107,218.8246,228.2593,192.4001,52.3543,-17.3659,0.8118
eval,salt on pink plate,1702,39,671,66,0.9721,16.6978,19.9085,218.8246,228.2593,197.8368,44.1149,-17.3659,0.8903
eval,milk on pink plate,1639,58,582,76,0.5911,13.8057,28.8932,213.6202,220.5801,170.5999,49.968,-123.5383,0.4086
eval,milk on pink plate,1639,58,587,47,-0.8846,13.8057,10.4122,213.6202,220.5801,216.2456,80.2196,-123.5383,0.0
eval,milk on pink plate,1639,58,588,45,0.9941,13.8057,24.3706,213.6202,220.5801,230.9283,71.8388,-123.5383,0.7482
eval,milk on pink plate,1639,58,601,47,0.9207,13.8057,14.2782,213.6202,220.5801,228.3076,62.9888,-123.5383,0.9053
eval,milk on pink plate,1650,96,581,149,-0.1658,13.3558,5.6999,233.7178,222.3757,161.6055,131.0946,158.9832,0.0
eval,milk on pink plate,1650,96,588,134,0.1282,13.3558,22.6572,233.7178,222.3757,226.1535,122.5506,158.9832,0.0984
eval,milk on pink plate,1650,96,610,137,0.0348,13.3558,34.185,233.7178,222.3757,221.2501,61.485,158.9832,0.0217
eval,milk on pink plate,1650,96,602,161,-0.027,13.3558,23.6427,233.7178,222.3757,207.8165,127.5216,158.9832,0.0
eval,banana in black bowl (new background),13017,61,12009,76,0.3308,12.4432,35.3111,218.4352,228.4647,233.8922,146.454,-168.733,0.1964
eval,banana in black bowl (new background),13017,61,12002,104,-0.8175,12.4432,36.0219,218.4352,228.4647,177.7422,113.0275,-168.733,0.0
eval,banana in black bowl (new background),13017,61,12000,74,-0.8984,12.4432,35.6159,218.4352,228.4647,217.6223,183.6736,-168.733,0.0
eval,banana in black bowl (new background),13017,61,12008,78,-0.7078,12.4432,27.6978,218.4352,228.4647,189.6507,165.5277,-168.733,0.0
eval,banana in cardboard box,790,76,524,72,0.7515,15.68,26.2901,208.757,220.3838,194.757,67.0005,-131.1547,0.5804
eval,banana in cardboard box,790,76,509,73,-0.8016,15.68,12.4563,208.757,220.3838,207.9054,26.9654,-131.1547,0.0
eval,banana in cardboard box,790,76,490,92,0.9358,15.68,19.2083,208.757,220.3838,221.6772,109.4687,-131.1547,0.8455
eval,banana in cardboard box,790,76,487,76,0.5899,15.68,24.8379,208.757,220.3838,168.4428,42.5394,-131.1547,0.4687
eval,banana in black bowl,838,46,580,53,0.9942,14.2607,39.8494,202.6838,219.273,218.2054,30.2649,42.9391,0.5948
eval,banana in black bowl,838,46,554,39,-0.887,14.2607,21.2043,202.6838,219.273,225.8404,139.2491,42.9391,0.0
eval,banana in black bowl,838,46,572,52,0.57,14.2607,20.0326,202.6838,219.273,227.4779,59.6873,42.9391,0.4809
eval,banana in black bowl,838,46,543,36,-0.6812,14.2607,1.7364,202.6838,219.273,239.4301,176.6736,42.9391,0.0
eval,push milk to the right,11026,70,10004,67,0.9476,21.7754,25.8842,176.0432,205.2247,155.5882,117.0742,29.377,0.8691
eval,push milk to the right,11026,70,10000,100,0.922,21.7754,18.9702,176.0432,205.2247,140.0147,110.1296,29.377,0.8605
eval,push milk to the right,11026,70,10008,90,0.9951,21.7754,17.4021,176.0432,205.2247,131.5155,203.0463,29.377,0.8896
eval,push milk to the right,11026,70,10009,58,0.9334,21.7754,18.4858,176.0432,205.2247,155.695,105.4387,29.377,0.86
eval,push milk to the right,11046,35,10001,25,-0.821,15.2007,15.6238,210.3996,196.1352,223.0478,122.5094,14.2816,0.0
eval,push milk to the right,11046,35,10005,20,-0.594,15.2007,20.2604,210.3996,196.1352,224.8821,166.1103,14.2816,0.0
eval,push milk to the right,11046,35,10007,47,-0.7777,15.2007,13.1431,210.3996,196.1352,189.3564,122.1403,14.2816,0.0
eval,push milk to the right,11046,35,10006,20,-0.7015,15.2007,16.0178,210.3996,196.1352,190.7529,135.1098,14.2816,0.0
eval,banana in black bowl,869,28,567,38,-0.7161,15.6513,1.67,213.2908,230.333,237.3305,87.5775,-30.6821,0.0
eval,banana in black bowl,869,28,557,21,0.9908,15.6513,4.6293,213.2908,230.333,233.0341,193.606,-30.6821,0.2494
eval,banana in black bowl,869,28,552,33,0.767,15.6513,4.7536,213.2908,230.333,229.8638,181.0412,-30.6821,0.2009
eval,banana in black bowl,869,28,558,41,-0.856,15.6513,16.7318,213.2908,230.333,239.9293,81.062,-30.6821,0.0
eval,banana in black bowl (new background),13024,71,12009,81,-0.1418,16.3017,26.173,207.9293,216.4662,237.4032,139.0707,-141.9825,0.0
eval,banana in black bowl (new background),13024,71,12000,74,-0.9649,16.3017,32.1148,207.9293,216.4662,149.755,176.9792,-141.9825,0.0
eval,banana in black bowl (new background),13024,71,12001,78,-0.921,16.3017,29.3094,207.9293,216.4662,189.1642,209.1068,-141.9825,0.0
eval,banana in black bowl (new background),13024,71,12007,85,-0.9528,16.3017,30.9326,207.9293,216.4662,220.7056,118.5536,-141.9825,0.0
eval,push milk to the right,11007,48,10003,49,0.8606,30.9271,13.1571,201.3518,172.5735,173.4814,128.0874,176.0473,0.5613
eval,push milk to the right,11007,48,10008,60,0.8876,30.9271,10.3593,201.3518,172.5735,159.3055,113.1017,176.0473,0.5137
eval,push milk to the right,11007,48,10004,49,0.7006,30.9271,22.7169,201.3518,172.5735,164.2349,99.7011,176.0473,0.6004
eval,push milk to the right,11007,48,10002,56,0.8213,30.9271,20.0096,201.3518,172.5735,154.8083,97.7616,176.0473,0.6606
eval,banana in cardboard box,821,51,490,65,0.9358,12.4281,22.9605,230.8627,224.4743,218.4708,28.7097,165.0156,0.6885
eval,banana in cardboard box,821,51,511,51,-0.9956,12.4281,26.0183,230.8627,224.4743,219.7539,55.4337,165.0156,0.0
eval,banana in cardboard box,821,51,482,65,0.6949,12.4281,23.5719,230.8627,224.4743,168.2715,49.9797,165.0156,0.5046
eval,banana in cardboard box,821,51,515,46,-0.0089,12.4281,7.7113,230.8627,224.4743,236.9725,99.5262,165.0156,0.0
eval,banana in black bowl (new background),13024,17,12006,30,0.4572,21.1174,11.4517,226.0864,221.6274,238.4306,208.2206,-128.9862,0.3367
eval,banana in black bowl (new background),13024,17,12003,33,0.9464,21.1174,35.2764,226.0864,221.6274,216.0498,60.6792,-128.9862,0.7323
eval,banana in black bowl (new background),13024,17,12002,15,0.3341,21.1174,16.0076,226.0864,221.6274,241.6279,196.3025,-128.9862,0.2909
eval,banana in black bowl (new background),13024,17,12000,27,0.5798,21.1174,27.0377,226.0864,221.6274,226.2872,109.5363,-128.9862,0.5124
eval,banana in black bowl (new background),13031,41,12009,63,0.9895,14.7714,9.9314,212.1063,219.6055,188.6187,147.0015,-137.8396,0.8058
eval,banana in black bowl (new background),13031,41,12004,71,0.9803,14.7714,6.6049,212.1063,219.6055,196.272,123.8348,-137.8396,0.433
eval,banana in black bowl (new background),13031,41,12001,49,0.9117,14.7714,8.5292,212.1063,219.6055,187.4667,114.5069,-137.8396,0.5909
eval,banana in black bowl (new background),13031,41,12007,52,0.9846,14.7714,15.5233,212.1063,219.6055,220.0534,126.1322,-137.8396,0.9605
eval,salt on pink plate,1691,107,653,143,-0.4052,12.594,28.0581,235.1952,213.5425,188.6716,28.5348,133.376,0.0
eval,salt on pink plate,1691,107,660,154,-0.5181,12.594,12.3457,235.1952,213.5425,166.6945,126.575,133.376,0.0
eval,salt on pink plate,1691,107,657,155,-0.5739,12.594,28.9708,235.1952,213.5425,173.0178,26.6848,133.376,0.0
eval,salt on pink plate,1691,107,679,156,-0.2898,12.594,34.5726,235.1952,213.5425,192.6106,17.2801,133.376,0.0
eval,banana in black bowl,838,32,531,44,1.0,13.3288,28.9794,232.7133,202.0864,220.2074,84.7544,124.2604,0.6782
eval,banana in black bowl,838,32,578,27,-0.9828,13.3288,19.1034,232.7133,202.0864,232.5963,220.3579,124.2604,0.0
eval,banana in black bowl,838,32,577,23,0.9996,13.3288,22.9221,232.7133,202.0864,228.5831,148.4616,124.2604,0.7623
eval,banana in black bowl,838,32,566,28,0.4234,13.3288,4.9966,232.7133,202.0864,232.8022,187.694,124.2604,0.1295
eval,salt on pink plate,1689,76,646,110,-0.372,16.7561,7.333,224.851,223.091,183.7936,90.5486,-150.5212,0.0
eval,salt on pink plate,1689,76,634,116,-0.9513,16.7561,11.642,224.851,223.091,232.8454,74.7499,-150.5212,0.0
eval,salt on pink plate,1689,76,642,76,-0.9871,16.7561,8.3325,224.851,223.091,187.1479,183.0427,-150.5212,0.0
eval,salt on pink plate,1689,76,651,96,-0.2939,16.7561,6.1398,224.851,223.091,222.7814,135.6782,-150.5212,0.0
eval,salt on pink plate,1692,119,649,111,0.999,27.5585,19.7639,188.6024,127.5999,195.5689,122.3691,-13.699,0.846
eval,salt on pink plate,1692,119,642,113,0.9991,27.5585,9.6713,188.6024,127.5999,239.4077,154.7534,-13.699,0.5724
eval,salt on pink plate,1692,119,674,134,0.9996,27.5585,12.0399,188.6024,127.5999,151.0727,133.6406,-13.699,0.6607
eval,salt on pink plate,1692,119,667,152,0.9921,27.5585,18.9728,188.6024,127.5999,147.3244,103.9243,-13.699,0.8232
eval,banana in cardboard box,801,180,512,229,0.9596,13.6085,16.7068,228.9893,206.0005,229.5857,47.0666,172.1521,0.8661
eval,banana in cardboard box,801,180,522,248,0.9999,13.6085,22.5748,228.9893,206.0005,239.726,57.8088,172.1521,0.7763
eval,banana in cardboard box,801,180,497,216,0.9802,13.6085,6.5451,228.9893,206.0005,229.2862,183.0264,172.1521,0.4449
eval,banana in cardboard box,801,180,504,236,0.9617,13.6085,18.3016,228.9893,206.0005,233.4281,50.1073,172.1521,0.8293
eval,milk on pink plate,1650,98,617,131,-0.9334,13.4988,5.0431,235.1042,220.0773,240.3884,141.0046,173.4227,0.0
eval,milk on pink plate,1650,98,622,142,0.1687,13.4988,13.6422,235.1042,220.0773,169.5247,93.818,173.4227,0.1679
eval,milk on pink plate,1650,98,601,134,0.3431,13.4988,11.9197,235.1042,220.0773,177.9146,140.3615,173.4227,0.3224
eval,milk on pink plate,1650,98,593,133,0.1722,13.4988,25.2768,235.1042,220.0773,180.8058,79.6736,173.4227,0.1258
eval,salt on pink plate,1681,18,679,37,0.5655,24.1567,9.9608,220.608,230.9583,234.9192,66.0122,101.3825,0.3617
eval,salt on pink plate,1681,18,667,13,-0.7581,24.1567,20.3389,220.608,230.9583,234.3955,138.7829,101.3825,0.0
eval,salt on pink plate,1681,18,638,12,0.9603,24.1567,18.0286,220.608,230.9583,228.7361,156.696,101.3825,0.8296
eval,salt on pink plate,1681,18,646,23,-0.7777,24.1567,7.7082,220.608,230.9583,235.2481,171.4433,101.3825,0.0
eval,banana in black bowl,842,86,561,79,0.9768,16.7113,44.4691,206.9741,238.2354,190.2486,67.1134,68.6032,0.5988
eval,banana in black bowl,842,86,541,82,0.9194,16.7113,18.5147,206.9741,238.2354,208.5816,77.8083,68.6032,0.8735
eval,banana in black bowl,842,86,532,104,0.9999,16.7113,17.3313,206.9741,238.2354,132.7234,156.8327,68.6032,0.9818
eval,banana in black bowl,842,86,538,109,0.9839,16.7113,29.6371,206.9741,238.2354,163.0163,78.758,68.6032,0.7388
eval,banana in cardboard box,798,33,523,26,0.8369,14.3759,10.3765,234.4987,195.6909,226.0107,153.6599,153.3825,0.711
eval,banana in cardboard box,798,33,511,39,-0.863,14.3759,11.3475,234.4987,195.6909,235.1179,137.8058,153.3825,0.0
eval,banana in cardboard box,798,33,522,34,0.9397,14.3759,27.923,234.4987,195.6909,215.9141,185.8678,153.3825,0.6742
eval,banana in cardboard box,798,33,528,25,-0.8215,14.3759,10.1883,234.4987,195.6909,229.395,156.1398,153.3825,0.0
eval,banana in black bowl,859,101,562,102,0.439,16.4545,7.5561,228.5989,225.604,166.1993,156.6909,86.7122,0.2248
eval,banana in black bowl,859,101,548,125,0.4898,16.4545,12.9345,228.5989,225.604,182.5104,181.816,86.7122,0.4342
eval,banana in black bowl,859,101,545,100,0.4915,16.4545,20.996,228.5989,225.604,231.3981,115.0285,86.7122,0.4351
eval,banana in black bowl,859,101,547,114,0.0445,16.4545,15.0709,228.5989,225.604,158.0452,116.0259,86.7122,0.0426
eval,milk on pink plate,1658,76,608,78,0.9631,13.7377,30.7216,154.1551,202.1896,156.9314,28.5587,-150.904,0.644
eval,milk on pink plate,1658,76,627,77,0.9712,13.7377,24.6107,154.1551,202.1896,209.7855,109.6497,-150.904,0.7256
eval,milk on pink plate,1658,76,609,79,0.9515,13.7377,28.9387,154.1551,202.1896,194.1546,61.1795,-150.904,0.6556
eval,milk on pink plate,1658,76,588,88,0.9429,13.7377,17.9393,154.1551,202.1896,186.2506,154.3254,-150.904,0.8251
eval,banana in cardboard box,788,40,519,36,-0.9861,28.1009,2.437,221.817,213.9888,238.3569,165.4942,128.3778,0.0
eval,banana in cardboard box,788,40,512,59,0.4491,28.1009,30.632,221.817,213.9888,213.394,50.2623,128.3778,0.4302
eval,banana in cardboard box,788,40,516,67,0.7495,28.1009,29.6143,221.817,213.9888,202.6106,45.2125,128.3778,0.7301
eval,banana in cardboard box,788,40,503,55,0.819,28.1009,18.2598,221.817,213.9888,209.2725,63.7524,128.3778,0.6602
eval,salt on pink plate,1679,16,634,18,-0.217,16.8784,21.8765,214.8287,175.3635,222.1866,173.9512,9.5625,0.0
eval,salt on pink plate,1679,16,651,25,-0.8738,16.8784,9.3856,214.8287,175.3635,238.1291,165.1866,9.5625,0.0
eval,salt on pink plate,1679,16,643,29,0.8214,16.8784,11.1267,214.8287,175.3635,236.4565,143.7036,9.5625,0.6669
eval,salt on pink plate,1679,16,660,12,-0.0126,16.8784,15.725,214.8287,175.3635,227.2954,185.8907,9.5625,0.0
eval,salt on pink plate,1700,28,680,42,0.4801,17.5096,23.3012,226.3752,165.6787,236.7097,57.4077,141.6818,0.4162
eval,salt on pink plate,1700,28,663,23,0.6556,17.5096,18.1416,226.3752,165.6787,230.4103,119.4418,141.6818,0.6441
eval,salt on pink plate,1700,28,651,20,0.926,17.5096,12.9638,226.3752,165.6787,226.0015,157.2288,141.6818,0.7967
eval,salt on pink plate,1700,28,637,43,0.5123,17.5096,25.4292,226.3752,165.6787,238.274,56.1083,141.6818,0.4251
eval,banana in cardboard box,782,29,506,26,0.9983,18.3386,17.2259,210.1281,216.4581,226.1754,195.182,-150.8436,0.9675
eval,banana in cardboard box,782,29,502,41,0.9956,18.3386,9.194,210.1281,216.4581,221.7463,143.3645,-150.8436,0.6481
eval,banana in cardboard box,782,29,503,45,0.5054,18.3386,13.5613,210.1281,216.4581,213.851,105.5953,-150.8436,0.4347
eval,banana in cardboard box,782,29,499,46,-0.4583,18.3386,9.1056,210.1281,216.4581,226.2389,22.001,-150.8436,0.0
eval,push milk to the right,11044,87,10008,113,0.8314,28.1923,11.7075,198.635,213.819,147.518,163.0595,-5.3357,0.5358
eval,push milk to the right,11044,87,10005,83,0.9278,28.1923,10.8083,198.635,213.819,153.4581,136.305,-5.3357,0.5745
eval,push milk to the right,11044,87,10001,99,0.9836,28.1923,21.3036,198.635,213.819,167.6177,104.4215,-5.3357,0.855
eval,push milk to the right,11044,87,10007,84,0.8944,28.1923,18.6683,198.635,213.819,156.001,191.2801,-5.3357,0.7278
eval,banana in cardboard box,813,8,507,15,0.8667,12.2223,9.1231,232.6512,223.8582,238.8246,218.2328,75.4182,0.6832
eval,banana in cardboard box,813,8,511,11,0.7862,12.2223,15.6496,232.6512,223.8582,237.2374,189.2791,75.4182,0.6948
eval,banana in cardboard box,813,8,489,5,0.8776,12.2223,10.9017,232.6512,223.8582,241.6548,202.7722,75.4182,0.8288
eval,banana in cardboard box,813,8,508,5,0.8326,12.2223,12.7405,232.6512,223.8582,238.5196,185.9558,75.4182,0.8155
eval,push milk to the right,11047,93,10000,128,0.9742,28.0641,17.5061,190.5465,215.2918,169.8465,157.2786,14.2285,0.7694
eval,push milk to the right,11047,93,10006,104,0.9659,28.0641,26.339,190.5465,215.2918,205.0915,108.0208,14.2285,0.9357
eval,push milk to the right,11047,93,10003,114,0.9927,28.0641,18.3286,190.5465,215.2918,220.4062,186.5872,14.2285,0.8022
eval,push milk to the right,11047,93,10004,92,0.9967,28.0641,20.6408,190.5465,215.2918,176.2745,154.4942,14.2285,0.8548
eval,salt on pink plate,1688,19,641,36,0.6905,15.69,23.6795,227.7336,201.4509,237.6299,35.1551,-50.9133,0.5621
eval,salt on pink plate,1688,19,651,12,0.6778,15.69,11.122,227.7336,201.4509,231.9024,166.3538,-50.9133,0.5707
eval,salt on pink plate,1688,19,665,28,-0.5009,15.69,3.9226,227.7336,201.4509,243.6706,195.6599,-50.9133,0.0
eval,salt on pink plate,1688,19,680,41,-0.6799,15.69,18.9392,227.7336,201.4509,237.9797,48.9888,-50.9133,0.0
eval,banana in black bowl (new background),13000,85,12006,82,0.8646,12.7799,23.9281,225.1891,229.149,235.8241,170.7189,150.6206,0.6318
eval,banana in black bowl (new background),13000,85,12003,85,0.9417,12.7799,34.7239,225.1891,229.149,234.3427,60.3427,150.6206,0.5713
eval,banana in black bowl (new background),13000,85,12005,85,0.0384,12.7799,21.1287,225.1891,229.149,179.7626,177.2359,150.6206,0.0299
eval,banana in black bowl (new background),13000,85,12000,96,0.3331,12.7799,28.3808,225.1891,229.149,232.2293,145.119,150.6206,0.2235
eval,banana in black bowl (new background),13006,12,12000,5,-0.6781,19.7655,5.4526,230.7585,148.2044,238.0722,207.331,167.614,0.0
eval,banana in black bowl (new background),13006,12,12008,5,0.7565,19.7655,14.1996,230.7585,148.2044,234.9853,185.7463,167.614,0.6412
eval,banana in black bowl (new background),13006,12,12007,5,0.9943,19.7655,5.181,230.7585,148.2044,229.3345,167.5714,167.614,0.2638
eval,banana in black bowl (new background),13006,12,12002,20,0.28,19.7655,4.1806,230.7585,148.2044,233.4606,161.8053,167.614,0.0538
eval,milk on pink plate,1640,79,583,85,0.8698,29.9762,23.2849,226.6518,197.1418,191.4728,99.2486,-25.952,0.7666
eval,milk on pink plate,1640,79,582,109,0.9469,29.9762,26.8836,226.6518,197.1418,176.2318,74.0224,-25.952,0.8967
eval,milk on pink plate,1640,79,613,97,0.8841,29.9762,33.4304,226.6518,197.1418,173.8648,114.4387,-25.952,0.8372
eval,milk on pink plate,1640,79,604,100,0.7727,29.9762,21.031,226.6518,197.1418,209.5674,124.545,-25.952,0.6472
eval,milk on pink plate,1659,36,613,28,-0.9992,15.7682,8.8189,208.0656,221.7819,221.6538,161.4108,-76.3442,0.0
eval,milk on pink plate,1659,36,582,57,0.2204,15.7682,41.5421,208.0656,221.7819,189.9344,36.2028,-76.3442,0.1358
eval,milk on pink plate,1659,36,627,25,-0.7486,15.7682,17.1314,208.0656,221.7819,220.7936,158.6685,-76.3442,0.0
eval,milk on pink plate,1659,36,611,61,-0.2975,15.7682,22.0957,208.0656,221.7819,218.6797,88.1408,-76.3442,0.0
eval,milk on pink plate,1621,85,621,111,0.9296,26.6525,26.6348,203.6136,213.9573,134.5358,130.242,45.9025,0.9293
eval,milk on pink plate,1621,85,589,100,0.999,26.6525,10.3837,203.6136,213.9573,169.726,159.6721,45.9025,0.6235
eval,milk on pink plate,1621,85,604,92,0.6904,26.6525,24.6412,203.6136,213.9573,213.8821,113.1093,45.9025,0.6639
eval,milk on pink plate,1621,85,591,117,0.9416,26.6525,26.2099,203.6136,213.9573,153.6675,114.362,45.9025,0.9338
eval,banana in black bowl,832,182,559,192,0.9915,18.2715,35.7224,225.0834,237.5882,232.8627,33.2684,-90.97,0.7091
eval,banana in black bowl,832,182,554,209,0.9809,18.2715,10.6803,225.0834,237.5882,231.6914,76.5399,-90.97,0.7499
eval,banana in black bowl,832,182,551,199,0.8915,18.2715,1.5335,225.0834,237.5882,237.5623,95.8582,-90.97,0.0396
eval,banana in black bowl,832,182,534,230,0.9466,18.2715,16.6435,225.0834,237.5882,232.5003,44.5506,-90.97,0.9034
eval,banana in black bowl,852,160,577,210,0.8342,25.1942,0.3179,226.092,209.7936,226.3308,201.1195,124.5959,0.003
eval,banana in black bowl,852,160,564,218,0.2893,25.1942,5.8882,226.092,209.7936,240.6568,111.8668,124.5959,0.0824
eval,banana in black bowl,852,160,539,182,0.2866,25.1942,7.2577,226.092,209.7936,236.8043,97.0132,124.5959,0.1117
eval,banana in black bowl,852,160,545,195,0.4223,25.1942,10.497,226.092,209.7936,244.6889,80.0585,124.5959,0.2726
eval,milk on pink plate,1632,53,628,47,-0.0722,20.1775,31.715,195.5999,207.03,222.2308,51.8266,143.0671,0.0
eval,milk on pink plate,1632,53,630,85,0.1153,20.1775,12.0283,195.5999,207.03,197.9004,134.9136,143.0671,0.089
eval,milk on pink plate,1632,53,606,78,-0.1853,20.1775,13.1148,195.5999,207.03,169.7006,87.1174,143.0671,0.0
eval,milk on pink plate,1632,53,615,69,0.1648,20.1775,16.4476,195.5999,207.03,218.4118,109.9858,143.0671,0.1488
eval,banana in black bowl (new background),13007,104,12004,129,0.4742,13.4208,5.8298,206.546,125.9736,230.1124,163.4265,161.3307,0.1822
eval,banana in black bowl (new background),13007,104,12001,134,0.145,13.4208,11.8373,206.546,125.9736,240.0427,86.7285,161.3307,0.1362
eval,banana in black bowl (new background),13007,104,12000,120,0.0536,13.4208,6.2009,206.546,125.9736,235.2125,126.1378,161.3307,0.0226
eval,banana in black bowl (new background),13007,104,12002,132,-0.0069,13.4208,11.2114,206.546,125.9736,231.9822,76.6614,161.3307,0.0
eval,banana in black bowl,861,103,536,92,-0.5675,14.5444,27.294,220.7199,175.7443,196.9812,103.0051,-109.0203,0.0
eval,banana in black bowl,861,103,539,107,-0.3477,14.5444,25.1464,220.7199,175.7443,120.2816,106.4021,-109.0203,0.0
eval,banana in black bowl,861,103,578,114,-0.4816,14.5444,31.7112,220.7199,175.7443,194.7977,94.4586,-109.0203,0.0
eval,banana in black bowl,861,103,535,119,-0.3215,14.5444,26.1813,220.7199,175.7443,155.9949,116.3991,-109.0203,0.0
eval,push milk to the right,11012,74,10002,90,0.7392,29.2273,8.1876,188.4093,191.8516,173.1723,146.6543,-4.8085,0.3203
eval,push milk to the right,11012,74,10000,94,0.9756,29.2273,11.0693,188.4093,191.8516,155.8505,107.9822,-4.8085,0.6004
eval,push milk to the right,11012,74,10003,94,0.9355,29.2273,21.0992,188.4093,191.8516,194.0117,162.7438,-4.8085,0.7949
eval,push milk to the right,11012,74,10009,67,0.9293,29.2273,11.7908,188.4093,191.8516,162.0452,114.4026,-4.8085,0.5902
eval,milk on pink plate,1628,167,600,208,-0.2481,12.2039,7.0006,223.5836,223.8088,230.9365,104.0188,-113.7963,0.0
eval,milk on pink plate,1628,167,599,230,0.7786,12.2039,13.7293,223.5836,223.8088,238.6726,51.8144,-113.7963,0.7341
eval,milk on pink plate,1628,167,630,224,0.9858,12.2039,5.4807,223.5836,223.8088,242.877,100.3442,-113.7963,0.3621
eval,milk on pink plate,1628,167,610,198,0.9041,12.2039,9.5826,223.5836,223.8088,236.4901,89.7717,-113.7963,0.7677
eval,banana in cardboard box,829,50,509,48,-0.7689,28.6346,12.1987,227.9426,216.1103,228.6207,132.1546,135.9589,0.0
eval,banana in cardboard box,829,50,522,75,0.3497,28.6346,28.5041,227.9426,216.1103,234.6406,73.5257,135.9589,0.3489
eval,banana in cardboard box,829,50,518,62,0.459,28.6346,36.6591,227.9426,216.1103,224.3244,37.2471,135.9589,0.4057
eval,banana in cardboard box,829,50,517,60,0.8508,28.6346,17.5614,227.9426,216.1103,202.4209,32.9212,135.9589,0.6663
eval,milk on pink plate,1631,5,586,5,0.9926,18.4764,8.9136,228.2481,224.699,234.123,173.4677,56.4018,0.6145
eval,milk on pink plate,1631,5,616,5,0.9434,18.4764,23.1573,228.2481,224.699,224.5689,181.7514,56.4018,0.8427
eval,milk on pink plate,1631,5,629,5,0.98,18.4764,23.9778,228.2481,224.699,230.3386,189.4143,56.4018,0.8603
eval,milk on pink plate,1631,5,613,5,0.9651,18.4764,23.5197,228.2481,224.699,231.2527,179.2883,56.4018,0.8554
eval,milk on pink plate,1669,27,601,50,0.9744,17.6581,35.6885,231.2303,221.8277,224.0224,55.3457,110.1509,0.6854
eval,milk on pink plate,1669,27,621,29,0.9594,17.6581,18.6562,231.2303,221.8277,233.5709,197.453,110.1509,0.9334
eval,milk on pink plate,1669,27,614,38,-0.8134,17.6581,11.4191,231.2303,221.8277,228.8017,67.9248,110.1509,0.0
eval,milk on pink plate,1669,27,617,37,0.6368,17.6581,16.5908,231.2303,221.8277,232.2557,56.2506,110.1509,0.6173
eval,push milk to the right,11029,85,10009,88,0.959,14.146,13.1802,207.2766,210.6726,199.8221,118.1271,24.1739,0.9257
eval,push milk to the right,11029,85,10002,133,0.9918,14.146,10.2091,207.2766,210.6726,221.6075,145.1505,24.1739,0.8425
eval,push milk to the right,11029,85,10004,112,0.9924,14.146,8.4394,207.2766,210.6726,196.9614,142.7585,24.1739,0.6469
eval,push milk to the right,11029,85,10000,141,0.9993,14.146,9.1748,207.2766,210.6726,199.0336,150.27,24.1739,0.7383
eval,salt on pink plate,1690,43,656,50,-0.0472,15.3678,16.9544,205.4631,236.2262,203.4977,51.1286,26.9505,0.0
eval,salt on pink plate,1690,43,631,44,0.4579,15.3678,10.9812,205.4631,236.2262,238.6279,130.0153,26.9505,0.3871
eval,salt on pink plate,1690,43,635,55,0.9801,15.3678,8.5584,205.4631,236.2262,217.8765,65.3818,26.9505,0.626
eval,salt on pink plate,1690,43,675,64,-0.9741,15.3678,21.701,205.4631,236.2262,199.9944,51.9009,26.9505,0.0
eval,banana in black bowl (new background),13048,43,12004,55,0.9689,32.4141,12.8013,186.6762,233.4021,167.513,130.6538,-124.2264,0.6089
eval,banana in black bowl (new background),13048,43,12006,58,0.9395,32.4141,32.2012,186.6762,233.4021,215.5714,80.816,-124.2264,0.9364
eval,banana in black bowl (new background),13048,43,12003,59,0.9301,32.4141,10.0963,186.6762,233.4021,212.9715,151.94,-124.2264,0.5191
eval,banana in black bowl (new background),13048,43,12000,46,0.9933,32.4141,13.0913,186.6762,233.4021,173.8475,164.9888,-124.2264,0.6313
eval,milk on pink plate,1663,111,630,134,-0.685,18.9074,4.2781,223.2344,215.4321,207.5694,94.5608,-172.0985,0.0
eval,milk on pink plate,1663,111,619,121,0.4138,18.9074,5.4847,223.2344,215.4321,159.4123,99.7814,-172.0985,0.1222
eval,milk on pink plate,1663,111,586,127,0.803,18.9074,9.0533,223.2344,215.4321,220.4916,108.2984,-172.0985,0.5031
eval,milk on pink plate,1663,111,594,116,0.7752,18.9074,7.989,223.2344,215.4321,221.9649,176.9568,-172.0985,0.4025
eval,milk on pink plate,1629,163,581,222,0.9597,13.6852,5.9601,224.9339,228.4433,242.0036,100.1362,-105.2271,0.3775
eval,milk on pink plate,1629,163,621,197,0.972,13.6852,2.9217,224.9339,228.4433,239.7148,89.1566,-105.2271,0.1312
eval,milk on pink plate,1629,163,620,205,-0.1841,13.6852,10.3137,224.9339,228.4433,229.2374,39.6919,-105.2271,0.0
eval,milk on pink plate,1629,163,614,215,0.1982,13.6852,1.7939,224.9339,228.4433,234.1154,84.1749,-105.2271,0.0129
eval,milk on pink plate,1621,84,618,110,0.9205,25.5929,26.2986,202.8526,216.093,228.5241,104.3655,51.1664,0.908
eval,milk on pink plate,1621,84,584,116,0.9977,25.5929,17.8926,202.8526,216.093,152.5831,144.4006,51.1664,0.8342
eval,milk on pink plate,1621,84,619,85,0.9642,25.5929,27.09,202.8526,216.093,145.6512,95.9797,51.1664,0.9372
eval,milk on pink plate,1621,84,601,103,0.9986,25.5929,29.6859,202.8526,216.093,203.2369,115.2527,51.1664,0.9272
eval,banana in black bowl,871,49,563,53,0.9904,12.7273,19.0795,230.7661,200.9481,226.4057,44.2654,-14.1523,0.8089
eval,banana in black bowl,871,49,541,64,0.0538,12.7273,15.6933,230.7661,200.9481,226.6162,37.4545,-14.1523,0.0485
eval,banana in black bowl,871,49,565,69,-0.4881,12.7273,32.566,230.7661,200.9481,160.1734,21.9975,-14.1523,0.0
eval,banana in black bowl,871,49,552,55,-0.4625,12.7273,12.4698,230.7661,200.9481,221.7189,75.3116,-14.1523,0.0
eval,milk on pink plate,1635,38,608,42,0.8094,22.0728,19.3166,230.3721,198.1622,229.4291,45.846,-37.5772,0.7571
eval,milk on pink plate,1635,38,602,42,-0.8914,22.0728,17.3658,230.3721,198.1622,241.6426,173.5862,-37.5772,0.0
eval,milk on pink plate,1635,38,593,58,-0.2223,22.0728,5.6214,230.3721,198.1622,182.2196,65.7443,-37.5772,0.0
eval,milk on pink plate,1635,38,621,47,-0.9884,22.0728,5.6351,230.3721,198.1622,229.1815,124.6365,-37.5772,0.0
eval,banana in black bowl (new background),13004,99,12009,92,-0.0073,29.4754,15.208,201.5282,220.6289,170.0361,148.1749,159.6612,0.0
eval,banana in black bowl (new background),13004,99,12001,113,-0.7854,29.4754,32.4277,201.5282,220.6289,218.4901,63.2471,159.6612,0.0
eval,banana in black bowl (new background),13004,99,12004,106,-0.8639,29.4754,27.8791,201.5282,220.6289,234.3132,43.1317,159.6612,0.0
eval,banana in black bowl (new background),13004,99,12007,77,-0.6394,29.4754,38.9557,201.5282,220.6289,236.1418,211.5328,159.6612,0.0
eval,banana in cardboard box,803,110,525,147,0.9311,32.3333,21.2395,217.1296,214.727,150.6162,114.153,-12.174,0.7547
eval,banana in cardboard box,803,110,485,145,0.9796,32.3333,24.4083,217.1296,214.727,214.8927,102.6233,-12.174,0.8511
eval,banana in cardboard box,803,110,496,121,0.9207,32.3333,17.2118,217.1296,214.727,153.5486,130.4743,-12.174,0.6718
eval,banana in cardboard box,803,110,514,116,0.8482,32.3333,18.6788,217.1296,214.727,149.8744,121.9166,-12.174,0.6447
eval,banana in cardboard box,805,63,503,98,0.9847,13.6688,23.2021,185.7031,229.3884,161.9766,196.8521,55.4566,0.7558
eval,banana in cardboard box,805,63,487,100,0.9998,13.6688,27.8046,185.7031,229.3884,127.3691,92.365,55.4566,0.701
eval,banana in cardboard box,805,63,489,92,0.3804,13.6688,13.5746,185.7031,229.3884,149.3081,67.729,55.4566,0.3791
eval,banana in cardboard box,805,63,488,103,0.9977,13.6688,21.5583,185.7031,229.3884,134.879,136.4677,55.4566,0.7944
eval,banana in cardboard box,795,41,499,45,-0.717,15.4236,14.4146,221.6579,225.2954,240.2877,38.1495,178.8079,0.0
eval,banana in cardboard box,795,41,524,50,0.1016,15.4236,24.8455,221.6579,225.2954,239.7397,77.9568,178.8079,0.0801
eval,banana in cardboard box,795,41,485,69,0.9914,15.4236,25.462,221.6579,225.2954,154.7361,30.7229,178.8079,0.7716
eval,banana in cardboard box,795,41,514,60,0.616,15.4236,12.3205,221.6579,225.2954,221.1408,41.3233,178.8079,0.5505
eval,banana in black bowl (new background),13021,72,12003,103,-0.5649,22.5465,17.0006,225.3981,228.5003,239.4789,107.7697,-156.0699,0.0
eval,banana in black bowl (new background),13021,72,12009,100,-0.9889,22.5465,40.8703,225.3981,228.5003,166.2755,88.0895,-156.0699,0.0
eval,banana in black bowl (new background),13021,72,12008,79,-0.9651,22.5465,31.0204,225.3981,228.5003,208.8871,190.8256,-156.0699,0.0
eval,banana in black bowl (new background),13021,72,12000,105,-0.9617,22.5465,29.053,225.3981,228.5003,235.1795,108.1362,-156.0699,0.0
eval,push milk to the right,11033,7,10006,5,0.353,16.2653,32.799,225.0834,155.4128,218.7184,186.0574,-172.429,0.2486
eval,push milk to the right,11033,7,10009,19,0.4527,16.2653,28.326,225.0834,155.4128,224.4936,164.2593,-172.429,0.343
eval,push milk to the right,11033,7,10005,19,-0.54,16.2653,9.3486,225.0834,155.4128,231.3167,131.424,-172.429,0.0
eval,push milk to the right,11033,7,10003,5,0.3353,16.2653,28.5869,225.0834,155.4128,222.2206,183.0173,-172.429,0.2529
eval,banana in black bowl,865,120,580,155,0.1023,12.063,21.0373,236.4698,208.6858,222.4392,37.0473,143.5366,0.0774
eval,banana in black bowl,865,120,545,160,0.0836,12.063,20.13,236.4698,208.6858,236.5958,50.8261,143.5366,0.0648
eval,banana in black bowl,865,120,567,145,-0.01,12.063,22.1969,236.4698,208.6858,238.3513,51.0951,143.5366,0.0
eval,banana in black bowl,865,120,533,153,0.2266,12.063,15.281,236.4698,208.6858,238.6833,118.1815,143.5366,0.2013
eval,milk on pink plate,1622,126,584,156,0.982,22.4803,18.1954,209.6477,172.2867,155.8592,93.7194,-36.8184,0.8835
eval,milk on pink plate,1622,126,626,173,0.7136,22.4803,6.2767,209.6477,172.2867,239.5379,136.2145,-36.8184,0.2367
eval,milk on pink plate,1622,126,589,150,0.8534,22.4803,15.7346,209.6477,172.2867,234.9207,143.8699,-36.8184,0.714
eval,milk on pink plate,1622,126,587,145,0.9966,22.4803,26.9453,209.6477,172.2867,211.6756,71.3818,-36.8184,0.9103
eval,banana in cardboard box,803,72,495,93,0.9767,13.9776,16.0739,170.0249,183.4337,191.5892,75.0442,-105.2526,0.9108
eval,banana in cardboard box,803,72,500,101,0.9833,13.9776,11.713,170.0249,183.4337,173.5074,83.6782,-105.2526,0.9001
eval,banana in cardboard box,803,72,485,94,0.7282,13.9776,19.2255,170.0249,183.4337,235.151,64.3467,-105.2526,0.6209
eval,banana in cardboard box,803,72,506,95,0.955,13.9776,19.0934,170.0249,183.4337,174.2242,27.8541,-105.2526,0.8171
eval,salt on pink plate,1714,28,637,50,0.6327,13.6257,31.6762,222.2227,191.2867,209.9898,63.5918,138.6638,0.415
eval,salt on pink plate,1714,28,660,33,-0.092,13.6257,0.9513,222.2227,191.2867,222.2278,123.2313,138.6638,0.0
eval,salt on pink plate,1714,28,666,42,0.6573,13.6257,33.2575,222.2227,191.2867,221.666,61.18,138.6638,0.4207
eval,salt on pink plate,1714,28,677,30,0.8392,13.6257,9.8797,222.2227,191.2867,226.9115,171.7356,138.6638,0.706
eval,push milk to the right,11013,63,10004,67,0.8915,31.2833,22.8365,203.4047,182.1002,155.032,116.2262,-12.9327,0.7617
eval,push milk to the right,11013,63,10001,74,0.8461,31.2833,21.9504,203.4047,182.1002,147.149,97.4713,-12.9327,0.7088
eval,push milk to the right,11013,63,10009,69,0.8844,31.2833,9.7871,203.4047,182.1002,170.3305,112.8653,-12.9327,0.4841
eval,push milk to the right,11013,63,10003,80,0.8598,31.2833,19.3755,203.4047,182.1002,193.4489,135.5587,-12.9327,0.6767
eval,salt on pink plate,1677,116,650,169,0.8885,15.593,14.4534,230.3691,176.8871,230.0269,144.5953,-130.7061,0.8554
eval,salt on pink plate,1677,116,655,147,0.8774,15.593,21.7258,230.3691,176.8871,236.94,50.6126,-130.7061,0.7434
eval,salt on pink plate,1677,116,648,151,0.8921,15.593,12.9999,230.3691,176.8871,173.0732,99.7936,-130.7061,0.8146
eval,salt on pink plate,1677,116,643,152,0.9188,15.593,14.6814,230.3691,176.8871,231.6223,139.6441,-130.7061,0.8916
eval,push milk to the right,11029,55,10001,69,0.324,28.3525,17.0524,174.2145,206.181,147.424,89.455,85.9753,0.2513
eval,push milk to the right,11029,55,10005,70,0.3217,28.3525,12.3667,174.2145,206.181,138.9054,116.9324,85.9753,0.2125
eval,push milk to the right,11029,55,10006,69,0.3744,28.3525,15.3151,174.2145,206.181,159.6162,117.2389,85.9753,0.2752
eval,push milk to the right,11029,55,10004,71,0.5363,28.3525,16.2265,174.2145,206.181,152.5831,133.2603,85.9753,0.4057
eval,banana in black bowl (new background),13013,73,12000,79,-0.8001,18.457,33.3124,230.2176,222.0905,217.5841,216.1627,-162.9958,0.0
eval,banana in black bowl (new background),13013,73,12003,86,0.5401,18.457,27.4986,230.2176,222.0905,219.0061,73.244,-162.9958,0.4425
eval,banana in black bowl (new background),13013,73,12004,89,0.761,18.457,15.4309,230.2176,222.0905,212.3777,79.391,-162.9958,0.6958
eval,banana in black bowl (new background),13013,73,12006,83,0.9595,18.457,25.9428,230.2176,222.0905,219.5801,94.4586,-162.9958,0.8093
eval,banana in black bowl,866,113,578,114,0.997,24.1162,28.7577,188.1601,200.6309,205.8536,94.245,17.0113,0.913
eval,banana in black bowl,866,113,544,135,0.9397,24.1162,29.7675,188.1601,200.6309,211.3411,89.0971,17.0113,0.8458
eval,banana in black bowl,866,113,539,108,0.999,24.1162,19.585,188.1601,200.6309,136.1266,106.7295,17.0113,0.9003
eval,banana in black bowl,866,113,572,104,0.9884,24.1162,23.7156,188.1601,200.6309,159.002,80.1047,17.0113,0.9801
eval,milk on pink plate,1626,121,600,141,0.9996,18.7978,22.7146,212.4906,217.5968,214.2888,82.1723,-114.5121,0.9094
eval,milk on pink plate,1626,121,605,155,0.9931,18.7978,31.676,212.4906,217.5968,233.5358,39.058,-114.5121,0.765
eval,milk on pink plate,1626,121,597,139,0.9988,18.7978,21.8451,212.4906,217.5968,230.3238,71.8963,-114.5121,0.9265
eval,milk on pink plate,1626,121,622,149,0.9979,18.7978,26.0352,212.4906,217.5968,179.5928,26.2745,-114.5121,0.8479
eval,banana in black bowl (new background),13008,11,12007,22,0.4944,13.2212,13.9611,223.7428,133.336,227.4057,178.4428,-179.8452,0.4812
eval,banana in black bowl (new background),13008,11,12000,9,0.7775,13.2212,9.4173,223.7428,133.336,235.5399,150.7295,-179.8452,0.618
eval,banana in black bowl (new background),13008,11,12002,22,0.1533,13.2212,12.8574,223.7428,133.336,224.725,164.456,-179.8452,0.1512
eval,banana in black bowl (new background),13008,11,12009,21,0.5583,13.2212,29.4396,223.7428,133.336,223.3137,190.1734,-179.8452,0.3741
eval,banana in black bowl (new background),13032,30,12005,53,0.8211,27.7419,12.5527,224.391,234.9624,211.7707,146.6711,-110.0245,0.5523
eval,banana in black bowl (new background),13032,30,12000,55,0.6651,27.7419,16.4447,224.391,234.9624,150.1906,131.6975,-110.0245,0.512
eval,banana in black bowl (new background),13032,30,12004,41,0.9324,27.7419,39.6856,224.391,234.9624,185.637,58.1271,-110.0245,0.7795
eval,banana in black bowl (new background),13032,30,12009,35,0.9548,27.7419,43.3307,224.391,234.9624,217.9436,64.8094,-110.0245,0.764
eval,banana in black bowl (new background),13018,54,12009,72,0.2533,18.6347,30.5445,222.7087,229.7224,230.3742,163.5287,-172.6643,0.1978
eval,banana in black bowl (new background),13018,54,12002,89,-0.8793,18.6347,35.3158,222.7087,229.7224,208.4372,122.0397,-172.6643,0.0
eval,banana in black bowl (new background),13018,54,12005,72,-0.9951,18.6347,25.7295,222.7087,229.7224,225.8348,141.7178,-172.6643,0.0
eval,banana in black bowl (new background),13018,54,12006,86,-0.2285,18.6347,16.1085,222.7087,229.7224,223.1734,187.6507,-172.6643,0.0
eval,banana in black bowl (new background),13017,31,12005,53,-0.7286,23.2337,18.0949,187.8053,231.3177,229.0696,159.7534,54.2804,0.0
eval,banana in black bowl (new background),13017,31,12002,35,-0.8275,23.2337,24.9247,187.8053,231.3177,199.6268,139.3747,54.2804,0.0
eval,banana in black bowl (new background),13017,31,12008,42,-0.6655,23.2337,14.0598,187.8053,231.3177,182.4677,114.4403,54.2804,0.0
eval,banana in black bowl (new background),13017,31,12001,49,-0.6591,23.2337,12.8926,187.8053,231.3177,196.726,130.0793,54.2804,0.0
eval,banana in black bowl (new background),13021,15,12002,9,0.9644,14.0354,19.2613,227.7565,190.2872,235.0915,167.1993,137.5512,0.8232
eval,banana in black bowl (new background),13021,15,12004,5,0.9609,14.0354,7.0314,227.7565,190.2872,216.6863,166.2069,137.5512,0.4782
eval,banana in black bowl (new background),13021,15,12000,16,0.9541,14.0354,8.7285,227.7565,190.2872,240.0757,182.001,137.5512,0.6568
eval,banana in black bowl (new background),13021,15,12007,30,0.8719,14.0354,13.7291,227.7565,190.2872,225.9563,144.5597,137.5512,0.8624
eval,push milk to the right,11000,61,10007,69,0.9933,22.9821,7.2253,205.8144,208.3894,172.6187,184.1683,57.6596,0.4024
eval,push milk to the right,11000,61,10009,67,0.905,22.9821,7.2826,205.8144,208.3894,145.1164,135.1551,57.6596,0.371
eval,push milk to the right,11000,61,10004,54,0.7515,22.9821,17.2112,205.8144,208.3894,151.9969,114.9268,57.6596,0.6503
eval,push milk to the right,11000,61,10005,60,0.7371,22.9821,16.9367,205.8144,208.3894,142.7433,113.818,57.6596,0.6328
eval,push milk to the right,11045,134,10008,141,0.9964,18.1151,5.7809,219.363,184.9293,220.938,147.7956,-38.1143,0.3254
eval,push milk to the right,11045,134,10009,126,0.8245,18.1151,15.2195,219.363,184.9293,225.0086,102.1962,-38.1143,0.7557
eval,push milk to the right,11045,134,10007,109,0.9131,18.1151,6.7952,219.363,184.9293,216.1657,159.6863,-38.1143,0.38
eval,push milk to the right,11045,134,10000,170,0.9753,18.1151,9.7925,219.363,184.9293,222.1159,147.4596,-38.1143,0.7022
eval,banana in black bowl,865,100,564,152,-0.5871,22.168,30.1079,224.4565,229.4245,183.6634,70.5221,123.8414,0.0
eval,banana in black bowl,865,100,551,113,-0.5936,22.168,30.0821,224.4565,229.4245,207.4936,127.7204,123.8414,0.0
eval,banana in black bowl,865,100,579,120,-0.4634,22.168,18.504,224.4565,229.4245,152.6975,117.3899,123.8414,0.0
eval,banana in black bowl,865,100,562,127,-0.3244,22.168,24.9489,224.4565,229.4245,210.0524,136.6477,123.8414,0.0
eval,banana in cardboard box,801,50,500,63,-0.4244,12.0547,12.0874,198.1464,227.0849,201.2964,43.7214,-170.0562,0.0
eval,banana in cardboard box,801,50,507,60,0.9932,12.0547,3.6848,198.1464,227.0849,220.0092,135.6833,-170.0562,0.2023
eval,banana in cardboard box,801,50,481,62,0.9796,12.0547,19.3115,198.1464,227.0849,210.7346,48.4591,-170.0562,0.7739
eval,banana in cardboard box,801,50,483,60,0.7209,12.0547,15.7887,198.1464,227.0849,198.3376,124.5099,-170.0562,0.6299
eval,push milk to the right,11042,104,10009,119,0.9749,16.5035,12.2236,225.122,209.2237,226.9629,91.3457,144.523,0.839
eval,push milk to the right,11042,104,10001,134,0.9656,16.5035,3.4672,225.122,209.2237,238.2623,131.9715,144.523,0.1534
eval,push milk to the right,11042,104,10000,157,0.9828,16.5035,7.0095,225.122,209.2237,210.9283,160.3976,144.523,0.449
eval,push milk to the right,11042,104,10004,132,0.8492,16.5035,8.3987,225.122,209.2237,225.1891,122.4067,144.523,0.5088
eval,banana in cardboard box,826,116,485,157,0.832,13.0435,39.6778,235.2827,202.6746,146.849,41.5119,27.5339,0.477
eval,banana in cardboard box,826,116,509,142,0.8213,13.0435,36.5131,235.2827,202.6746,173.5277,67.607,27.5339,0.4909
eval,banana in cardboard box,826,116,503,145,0.8556,13.0435,31.3905,235.2827,202.6746,177.0361,107.5084,27.5339,0.5515
eval,banana in cardboard box,826,116,517,118,0.4212,13.0435,17.8924,235.2827,202.6746,233.3762,105.7194,27.5339,0.3596
eval,banana in cardboard box,801,77,501,96,0.957,27.7517,18.4499,178.7214,229.364,208.4342,122.0264,94.2585,0.7803
eval,banana in cardboard box,801,77,494,102,0.7611,27.7517,7.1377,178.7214,229.364,171.727,127.7824,94.2585,0.2755
eval,banana in cardboard box,801,77,516,107,0.8254,27.7517,7.0763,178.7214,229.364,172.1113,131.365,94.2585,0.2949
eval,banana in cardboard box,801,77,495,99,0.9635,27.7517,23.1383,178.7214,229.364,167.8856,165.5018,94.2585,0.8798
eval,milk on pink plate,1661,13,606,10,-0.9807,26.445,11.9503,216.819,227.604,236.7051,172.214,71.3451,0.0
eval,milk on pink plate,1661,13,610,28,0.9731,26.445,7.3139,216.819,227.604,240.5521,135.1688,71.3451,0.3743
eval,milk on pink plate,1661,13,613,15,0.9965,26.445,24.421,216.819,227.604,235.6263,152.7082,71.3451,0.9576
eval,milk on pink plate,1661,13,600,11,0.9977,26.445,26.5418,216.819,227.604,229.2013,170.3167,71.3451,0.9958
eval,banana in black bowl (new background),13028,18,12004,31,-0.9395,22.0919,23.9074,215.0102,188.5206,222.7483,136.7555,34.2107,0.0
eval,banana in black bowl (new background),13028,18,12002,34,-0.7472,22.0919,27.6278,215.0102,188.5206,179.4326,188.4291,34.2107,0.0
eval,banana in black bowl (new background),13028,18,12007,26,-0.9113,22.0919,23.4957,215.0102,188.5206,237.0676,185.3152,34.2107,0.0
eval,banana in black bowl (new background),13028,18,12001,31,-0.6512,22.0919,16.3105,215.0102,188.5206,229.5008,125.0132,34.2107,0.0
eval,milk on pink plate,1647,105,618,153,0.2998,20.6403,17.874,239.9258,199.0905,221.5852,116.0412,-87.604,0.279
eval,milk on pink plate,1647,105,630,144,0.9572,20.6403,25.9985,239.9258,199.0905,222.5175,52.5282,-87.604,0.8529
eval,milk on pink plate,1647,105,606,138,-0.0228,20.6403,8.181,239.9258,199.0905,237.4621,54.0193,-87.604,0.0
eval,milk on pink plate,1647,105,591,136,0.9756,20.6403,10.7134,239.9258,199.0905,191.1962,109.275,-87.604,0.7029
eval,banana in cardboard box,803,42,496,45,0.0317,14.0544,7.6664,235.575,180.1032,235.3635,169.7011,153.7193,0.0179
eval,banana in cardboard box,803,42,529,73,0.9461,14.0544,19.6375,235.575,180.1032,208.8109,68.7087,153.7193,0.8004
eval,banana in cardboard box,803,42,495,51,0.6111,14.0544,22.9654,235.575,180.1032,211.6634,50.7402,153.7193,0.4781
eval,banana in cardboard box,803,42,507,69,0.5018,14.0544,2.038,235.575,180.1032,219.9888,50.4179,153.7193,0.0389
eval,salt on pink plate,1685,117,644,149,0.1096,19.8987,21.8234,241.5023,215.757,235.0366,78.1098,114.5505,0.1046
eval,salt on pink plate,1685,117,650,135,-0.0126,19.8987,4.1276,241.5023,215.757,180.1668,146.3244,114.5505,0.0
eval,salt on pink plate,1685,117,680,148,-0.4314,19.8987,31.8637,241.5023,215.757,229.9975,22.4789,114.5505,0.0
eval,salt on pink plate,1685,117,663,137,-0.3117,19.8987,26.2428,241.5023,215.757,230.4631,42.482,114.5505,0.0
eval,salt on pink plate,1686,155,658,196,0.7137,14.5983,1.6994,224.6294,217.3366,241.1002,109.1474,-101.6665,0.0414
eval,salt on pink plate,1686,155,651,192,0.3386,14.5983,1.9557,224.6294,217.3366,235.4886,149.2501,-101.6665,0.0242
eval,salt on pink plate,1686,155,665,208,0.4445,14.5983,1.6454,224.6294,217.3366,241.0798,165.6955,-101.6665,0.0246
eval,salt on pink plate,1686,155,635,208,-0.0263,14.5983,0.4517,224.6294,217.3366,189.3612,146.8252,-101.6665,0.0
eval,push milk to the right,11013,72,10000,100,0.9948,25.133,9.7902,196.7997,156.4347,153.7794,107.2257,3.329,0.6079
eval,push milk to the right,11013,72,10003,88,0.9813,25.133,18.1352,196.7997,156.4347,172.2064,189.2069,3.329,0.8335
eval,push milk to the right,11013,72,10008,116,0.8596,25.133,6.411,196.7997,156.4347,160.9751,180.7102,3.329,0.2783
eval,push milk to the right,11013,72,10009,80,0.9821,25.133,12.3276,196.7997,156.4347,184.7941,133.4738,3.329,0.6878
eval,banana in cardboard box,822,165,522,180,0.3471,13.4588,13.003,233.8271,84.573,240.5658,86.0432,-6.8965,0.3411
eval,banana in cardboard box,822,165,511,163,0.3215,13.4588,20.8616,233.8271,84.573,230.1296,29.2827,-6.8965,0.2582
eval,banana in cardboard box,822,165,504,181,0.514,13.4588,17.9887,233.8271,84.573,241.9431,47.3401,-6.8965,0.4446
eval,banana in cardboard box,822,165,508,178,0.4497,13.4588,25.8871,233.8271,84.573,226.3325,30.2191,-6.8965,0.3243
eval,salt on pink plate,1710,71,657,98,0.7148,14.4036,22.4257,198.0219,194.3167,224.9492,69.7636,178.2879,0.5729
eval,salt on pink plate,1710,71,631,79,0.5911,14.4036,20.7952,198.0219,194.3167,193.6162,78.0635,178.2879,0.4919
eval,salt on pink plate,1710,71,650,73,0.6136,14.4036,20.6033,198.0219,194.3167,209.1896,78.8536,178.2879,0.5131
eval,salt on pink plate,1710,71,661,82,0.7887,14.4036,12.1859,198.0219,194.3167,197.3203,134.3066,178.2879,0.7254
eval,push milk to the right,11049,84,10007,79,0.9774,22.1177,11.791,186.8653,202.4169,179.912,175.2074,23.518,0.7136
eval,push milk to the right,11049,84,10009,73,0.9592,22.1177,11.1999,186.8653,202.4169,177.0361,103.5709,23.518,0.6825
eval,push milk to the right,11049,84,10004,99,0.9986,22.1177,13.9437,186.8653,202.4169,181.9263,158.2384,23.518,0.7929
eval,push milk to the right,11049,84,10002,96,0.999,22.1177,3.7625,186.8653,202.4169,184.786,134.91,23.518,0.155
eval,push milk to the right,11038,50,10001,66,0.8592,22.0237,23.9838,159.4006,213.8551,148.8963,82.3162,30.9929,0.8234
eval,push milk to the right,11038,50,10005,71,0.8799,22.0237,18.1916,159.4006,213.8551,133.5679,121.2054,30.9929,0.7997
eval,push milk to the right,11038,50,10008,80,0.9977,22.0237,15.7227,159.4006,213.8551,154.9583,182.7804,30.9929,0.843
eval,push milk to the right,11038,50,10009,65,0.8459,22.0237,6.525,159.4006,213.8551,160.3782,124.9512,30.9929,0.3004
eval,milk on pink plate,1655,51,618,52,-0.0776,14.0675,18.215,203.5414,214.2196,230.545,80.1607,-90.3972,0.0
eval,milk on pink plate,1655,51,621,49,0.6938,14.0675,12.7567,203.5414,214.2196,216.6187,71.3142,-90.3972,0.6607
eval,milk on pink plate,1655,51,619,42,-0.4902,14.0675,20.3547,203.5414,214.2196,222.244,51.9609,-90.3972,0.0
eval,milk on pink plate,1655,51,600,75,0.5607,14.0675,21.2096,203.5414,214.2196,218.2989,121.1688,-90.3972,0.4566
eval,push milk to the right,11016,72,10007,77,0.9958,18.0716,9.7215,215.363,188.8521,184.4403,158.2567,23.5248,0.71
eval,push milk to the right,11016,72,10003,103,0.9831,18.0716,12.3584,215.363,188.8521,218.9664,169.8902,23.5248,0.813
eval,push milk to the right,11016,72,10004,84,0.9888,18.0716,8.6092,215.363,188.8521,167.0117,137.7316,23.5248,0.5876
eval,push milk to the right,11016,72,10001,104,0.9497,18.0716,13.0579,215.363,188.8521,170.2288,101.8734,23.5248,0.8073
eval,milk on pink plate,1642,75,594,73,-0.7445,19.3497,5.5151,192.1795,206.1591,203.2445,115.9619,62.2087,0.0
eval,milk on pink plate,1642,75,581,95,0.9971,19.3497,29.608,192.1795,206.1591,148.1408,82.2979,62.2087,0.8061
eval,milk on pink plate,1642,75,615,93,0.7394,19.3497,7.5033,192.1795,206.1591,179.3005,131.4281,62.2087,0.3455
eval,milk on pink plate,1642,75,630,89,0.9537,19.3497,22.6495,192.1795,206.1591,155.5592,169.9176,62.2087,0.8815
eval,salt on pink plate,1681,7,653,12,0.9998,17.0719,15.472,214.2354,229.1413,240.7921,161.1871,103.7407,0.9518
eval,salt on pink plate,1681,7,670,11,0.9815,17.0719,15.3236,214.2354,229.1413,229.5938,174.9908,103.7407,0.9299
eval,salt on pink plate,1681,7,672,22,0.9677,17.0719,13.3925,214.2354,229.1413,233.9075,184.6497,103.7407,0.8571
eval,salt on pink plate,1681,7,654,17,0.9854,17.0719,15.3857,214.2354,229.1413,238.937,207.2608,103.7407,0.9354
eval,push milk to the right,11004,90,10003,107,0.844,25.5417,16.5187,196.969,196.2252,223.4321,164.4082,-7.1277,0.6788
eval,push milk to the right,11004,90,10005,83,0.8984,25.5417,7.821,196.969,196.2252,165.4748,166.9151,-7.1277,0.3888
eval,push milk to the right,11004,90,10007,87,0.8369,25.5417,10.0589,196.969,196.2252,176.2674,172.639,-7.1277,0.5252
eval,push milk to the right,11004,90,10000,136,0.9349,25.5417,9.2412,196.969,196.2252,192.1195,149.3091,-7.1277,0.5197
eval,banana in black bowl,834,49,569,58,-0.4346,16.7703,8.689,197.5175,222.3208,184.6299,72.7753,-17.6045,0.0
eval,banana in black bowl,834,49,538,52,-0.8076,16.7703,9.1183,197.5175,222.3208,154.0437,61.9959,-17.6045,0.0
eval,banana in black bowl,834,49,546,44,-0.6268,16.7703,16.3046,197.5175,222.3208,228.8617,222.0803,-17.6045,0.0
eval,banana in black bowl,834,49,543,43,0.9356,16.7703,4.1299,197.5175,222.3208,235.5191,135.5297,-17.6045,0.1918
eval,salt on pink plate,1689,27,679,48,-0.4382,19.4918,30.3749,224.5623,168.5582,241.0224,33.1718,118.6034,0.0
eval,salt on pink plate,1689,27,653,23,0.8605,19.4918,16.6842,224.5623,168.5582,228.7504,161.8536,118.6034,0.7961
eval,salt on pink plate,1689,27,648,28,0.9962,19.4918,17.4323,224.5623,168.5582,233.4982,167.9736,118.6034,0.9421
eval,salt on pink plate,1689,27,666,41,0.1095,19.4918,27.636,224.5623,168.5582,225.7738,57.7794,118.6034,0.092
eval,banana in black bowl,875,114,550,107,0.9947,17.8783,26.1077,230.2816,223.2776,148.271,125.1566,-6.6965,0.8231
eval,banana in black bowl,875,114,532,136,0.9966,17.8783,34.2207,230.2816,223.2776,173.1169,50.3523,-6.6965,0.7203
eval,banana in black bowl,875,114,537,119,0.9997,17.8783,26.4728,230.2816,223.2776,142.5114,57.9126,-6.6965,0.8216
eval,banana in black bowl,875,114,543,123,0.996,17.8783,24.873,230.2816,223.2776,154.1581,125.0849,-6.6965,0.8444
eval,milk on pink plate,1640,15,623,13,0.972,33.5092,7.6788,225.3559,230.9405,230.3691,159.637,-60.1585,0.3573
eval,milk on pink plate,1640,15,603,20,0.9677,33.5092,10.0519,225.3559,230.9405,234.6807,170.1093,-60.1585,0.53
eval,milk on pink plate,1640,15,593,5,-0.6204,33.5092,12.1892,225.3559,230.9405,213.6136,191.4581,-60.1585,0.0
eval,milk on pink plate,1640,15,612,9,-0.7571,33.5092,15.6068,225.3559,230.9405,231.7758,204.76,-60.1585,0.0
eval,salt on pink plate,1671,100,664,160,0.9229,15.9516,6.9972,200.3122,197.9166,217.1078,89.8439,11.932,0.4277
eval,salt on pink plate,1671,100,635,143,0.8531,15.9516,23.0013,200.3122,197.9166,213.6741,148.3915,11.932,0.7104
eval,salt on pink plate,1671,100,634,127,0.9993,15.9516,11.6524,200.3122,197.9166,196.4896,113.7544,11.932,0.8541
eval,salt on pink plate,1671,100,637,139,-0.6232,15.9516,0.4253,200.3122,197.9166,240.3671,107.2771,11.932,0.0
eval,salt on pink plate,1713,87,674,121,0.0092,12.9685,21.3771,182.5486,219.8297,135.5714,154.7361,-61.2514,0.0072
eval,salt on pink plate,1713,87,658,101,0.0127,12.9685,16.8859,182.5486,219.8297,173.8963,137.029,-61.2514,0.0112
eval,salt on pink plate,1713,87,654,116,0.0498,12.9685,23.3195,182.5486,219.8297,167.6899,149.515,-61.2514,0.0372
eval,salt on pink plate,1713,87,664,118,0.1838,12.9685,31.804,182.5486,219.8297,219.9466,209.7651,-61.2514,0.1173
eval,milk on pink plate,1662,42,610,41,0.5916,36.6453,15.3757,225.273,229.1266,237.2288,101.575,139.3118,0.3832
eval,milk on pink plate,1662,42,621,52,0.2894,36.6453,10.4699,225.273,229.1266,226.7372,75.7051,139.3118,0.1547
eval,milk on pink plate,1662,42,588,54,0.309,36.6453,31.0119,225.273,229.1266,218.6111,27.0503,139.3118,0.2843
eval,milk on pink plate,1662,42,625,51,0.6531,36.6453,29.0092,225.273,229.1266,211.699,88.0015,139.3118,0.5811
eval,salt on pink plate,1718,36,655,39,0.9997,14.0132,31.84,228.1246,194.2323,232.2755,107.4814,137.7015,0.6632
eval,salt on pink plate,1718,36,651,44,0.0784,14.0132,19.2569,228.1246,194.2323,221.5287,54.4479,137.7015,0.0668
eval,salt on pink plate,1718,36,642,24,0.8467,14.0132,8.126,228.1246,194.2323,221.9492,127.635,137.7015,0.5239
eval,salt on pink plate,1718,36,646,59,0.9898,14.0132,22.623,228.1246,194.2323,175.7148,70.5791,137.7015,0.779
eval,push milk to the right,11047,75,10006,88,0.9998,26.858,19.9534,174.5796,210.9624,169.8505,126.3325,10.8764,0.8618
eval,push milk to the right,11047,75,10009,87,0.9962,26.858,26.987,174.5796,210.9624,229.1301,96.7641,10.8764,0.9938
eval,push milk to the right,11047,75,10000,112,0.9601,26.858,7.5008,174.5796,210.9624,147.1002,113.7153,10.8764,0.3806
eval,push milk to the right,11047,75,10004,78,0.9959,26.858,13.1068,174.5796,210.9624,157.0046,136.395,10.8764,0.6957
eval,milk on pink plate,1663,34,605,43,0.9084,24.5261,5.1694,236.8007,219.9568,222.1535,72.5913,133.4405,0.2156
eval,milk on pink plate,1663,34,612,25,0.0717,24.5261,9.9739,236.8007,219.9568,220.9497,151.8226,133.4405,0.0456
eval,milk on pink plate,1663,34,587,41,0.9869,24.5261,29.8363,236.8007,219.9568,235.4708,74.4133,133.4405,0.8948
eval,milk on pink plate,1663,34,592,51,0.8075,24.5261,40.0386,236.8007,219.9568,170.3477,39.9573,133.4405,0.632
eval,push milk to the right,11048,101,10006,94,0.9942,27.4706,25.8982,186.7417,202.0808,189.8892,103.637,2.6634,0.9653
eval,push milk to the right,11048,101,10008,91,0.9953,27.4706,12.1731,186.7417,202.0808,196.0681,187.6634,2.6634,0.6626
eval,push milk to the right,11048,101,10007,73,0.9563,27.4706,10.4488,186.7417,202.0808,164.4535,165.7311,2.6634,0.5898
eval,push milk to the right,11048,101,10000,107,0.9999,27.4706,8.92,186.7417,202.0808,151.1815,107.7209,2.6634,0.5082
eval,milk on pink plate,1630,17,593,13,-0.905,18.7474,15.583,228.2883,211.8516,221.8785,194.5613,-68.7614,0.0
eval,milk on pink plate,1630,17,602,34,-0.7683,18.7474,23.8852,228.2883,211.8516,236.547,143.301,-68.7614,0.0
eval,milk on pink plate,1630,17,625,37,0.8926,18.7474,11.3133,228.2883,211.8516,213.0122,68.1759,-68.7614,0.6934
eval,milk on pink plate,1630,17,605,13,-0.8622,18.7474,15.9197,228.2883,211.8516,226.8612,195.0193,-68.7614,0.0
eval,salt on pink plate,1678,110,664,163,0.9581,14.1502,12.0071,199.727,131.5358,232.5221,110.4637,-34.262,0.8826
eval,salt on pink plate,1678,110,635,125,0.447,14.1502,11.0424,199.727,131.5358,158.3674,171.8262,-34.262,0.3948
eval,salt on pink plate,1678,110,645,140,0.8149,14.1502,9.2176,199.727,131.5358,174.1291,203.3686,-34.262,0.6063
eval,salt on pink plate,1678,110,649,103,0.8075,14.1502,14.1263,199.727,131.5358,195.5694,130.7417,-34.262,0.8069
